PLAYER_ID,PLAYER_NAME,TEAM_ID,TEAM_ABBREVIATION,AGE,GP,MIN,PTS,REB,AST,STL,BLK,TOV,PLUS_MINUS,OFF_RATING,DEF_RATING,TS_PCT,USG_PCT,PIE,E_OFF_RATING,E_DEF_RATING,E_NET_RATING,BOX36,BOX_TOTAL,EFF,OFF_IMP,DEF_IMP,z_box,z_eff,z_off,z_dfn,z_adv,AVAIL,ELIGIBLE,CPI,PS,WPS,norm_name,salary,two_way,salary_imputed,team,payroll,tax,total_expenditure,effective_cost,cost_index,R_raw,R_VALUE,nn
1630639,A.J. Lawson,1610612761,TOR,25.0,24,226.115,101,43,7,12,4,6,-9,107.6,110.7,0.588,0.172,0.091,109.8,110.6,-0.8,26.572319394998118,166.9,0.0012162900559314993,-1.26617904728884,0.7164932085615369,-0.9426138982562837,0.18204231822945527,-0.3957398017823903,0.2486421587439938,-0.21973637298142043,0.3205924912635127,False,-0.2963326851798383,38.348801354744836,26.62429273858891,aj lawson,660121.0,False,False,TOR,191608832,3713832.0,195322664.0,672915.7050669983,0.003418422137575604,68.91712184494311,155.69906861248185,aj lawson
1631260,AJ Green,1610612749,MIL,26.0,78,2269.9333333333334,809,213,152,39,8,75,-148,113.1,116.7,0.627,0.135,0.058,112.1,115.9,-3.8,18.519134188962965,1167.7,0.006219646264829961,-0.3983012829397576,-2.6872322613602266,-0.7866117746010073,0.7312572243367678,-0.1049584192530954,-0.8964367196168491,-1.3065688537785005,1.0,True,-0.6291442869637784,26.462729950362053,26.462729950362053,aj green,2301587.0,False,False,MIL,182444588,0.0,182444588.0,2301587.0,0.01169209738026975,44.54103873992439,100.62808865468553,aj green
1642358,AJ Johnson,1610612742,DAL,21.0,48,453.4333333333333,160,55,47,11,3,30,-53,105.7,112.1,0.413,0.195,0.045,104.9,113.1,-8.3,20.047048445195916,252.5,-0.03274606650635673,-3.693367122818539,0.11454283173448648,-1.3977017788175905,-3.5459817703546275,-1.2089661952371045,0.04613444523505176,-1.7347149825773505,0.4539890533989345,False,-1.5761619675311047,5.7494240495321645,4.33676223906897,aj johnson,3090480.0,False,False,DAL,185068401,0.0,185068401.0,3090480.0,0.01569968596093741,6.584030277570076,14.874785169358626,aj johnson
203932,Aaron Gordon,1610612743,DEN,30.0,36,1004.9583333333334,582,209,96,21,10,38,272,124.7,112.0,0.62,0.213,0.117,123.4,112.0,11.4,31.369658775239433,875.6999999999999,0.008322219662287269,7.301317636496332,0.6282659111352867,0.010664912876671623,0.9620552332841421,2.47478947418619,0.21896079470026522,0.6365558846162795,0.6758692495033655,False,0.7420038189296414,77.09574891088276,65.85065258131972,aaron gordon,22841455.0,False,False,DEN,191600929,11117787.0,202718716.0,24166847.485232078,0.12276795714064276,48.67078684328494,109.95810587078583,aaron gordon
1628988,Aaron Holiday,1610612745,HOU,29.0,57,780.7316666666667,312,58,60,27,5,38,129,114.6,106.3,0.578,0.159,0.063,114.8,106.4,8.4,20.878876438554432,452.8,-0.0004656388436447201,1.0570216165994302,4.011673422764889,-1.170358563035844,-0.0025818388547550865,0.38264573669844837,1.3572043201228743,-1.141897265778943,0.5957164009014947,False,-0.37456858779765867,35.39906691245657,28.95899893321303,aaron holiday,3080921.0,False,False,HOU,199783669,14606591.5,214390260.5,3306173.417857895,0.016795411843069055,42.93929000310528,97.00938288465845,aaron holiday
1630174,Aaron Nesmith,1610612754,IND,26.0,45,1334.95,621,187,86,26,23,63,-201,111.1,118.4,0.554,0.19,0.067,109.9,116.9,-7.0,23.928087194276937,887.3,-0.005116423775424491,-1.8959246756090635,-3.316841690467432,-0.577290705257971,-0.513095242855443,-0.6067353036455758,-1.1082494716317937,-1.0101599953792968,0.778970766168702,False,-0.7815826776482037,21.72299351755489,19.562356041386554,aaron nesmith,11000000.0,False,False,IND,188736250,841250.0,189577500.0,11049030.06179258,0.05612924275293818,19.01485374274325,42.95877335401125,aaron nesmith
1630598,Aaron Wiggins,1610612760,OKC,27.0,65,1413.98,611,199,109,60,28,81,178,112.8,106.7,0.538,0.194,0.082,113.0,106.9,6.1,24.887197838724738,977.5000000000001,-0.008328137960170272,-0.04878460732430918,4.521864405387909,-0.4279994636265224,-0.8656428590498579,0.012146715049693167,1.5288424041265212,-0.516145231380624,0.8016970636207805,True,-0.16054149630186432,43.6227268096663,39.7299951410149,aaron wiggins,9887850.0,False,False,OKC,189104345,1209345.0,190313690.0,9951083.988400688,0.05055165980326789,40.058912903764956,90.50197195956164,aaron wiggins
1642846,Ace Bailey,1610612762,UTA,19.0,72,1987.6433333333332,993,302,131,60,49,107,-448,109.8,120.4,0.533,0.21,0.069,109.5,119.8,-10.3,26.58827120224454,1468.0000000000002,-0.010064994699153389,-2.6894843694237918,-5.672268213353297,0.1017632349376909,-1.0562964065877969,-0.872616507619084,-1.9006603710189063,-0.9442913601794737,0.950512620865311,True,-0.8322825921032875,20.262472706386752,19.81124120532449,ace bailey,9069840.0,False,False,UTA,175673708,0.0,175673708.0,9069840.0,0.04607492678028933,20.634174607584644,46.61717845989807,ace bailey
1642380,Adama Bal,1610612763,MEM,22.0,8,241.315,83,25,19,9,1,6,-166,99.6,130.0,0.573,0.134,0.052,99.1,127.9,-28.8,20.960155812941593,140.5,-0.0010624251889836012,-4.455117780297649,-5.142985275402611,-1.4142072425885686,-0.0680906579227423,-1.4641898205255164,-1.7225993851139434,-1.50417475937797,0.3311927480541148,False,-1.2930362179948636,9.799926648518209,6.850508743538189,adama bal,1272870.0,False,True,MEM,160304096,0.0,160304096.0,1272870.0,0.006466199188830991,14.18677535561619,32.05107309114985,adama bal
1641737,Adem Bona,1610612755,PHI,23.0,71,1234.1616666666666,344,307,32,30,82,56,-8,113.1,112.9,0.638,0.108,0.069,112.6,111.6,1.0,22.031797562988103,755.3,0.006163717011863969,-0.13239698929520066,0.5841787183817995,-0.8353105035328776,0.7251179094181659,-0.015867511175238717,0.20412901297334415,-0.9442913601794737,0.7489877006717638,True,-0.3551081222546208,36.1254296006195,32.044862383897176,adem bona,2049320.7000000002,False,True,PHI,194666722,7043402.5,201710124.5,2123468.918007605,0.010787254782600422,55.478872659371774,125.33908221195537,adem bona
1642876,Adou Thiero,1610612747,LAL,22.0,25,148.90333333333334,47,28,10,7,2,9,-33,109.2,122.4,0.578,0.143,0.054,112.7,124.1,-11.4,21.130487340780373,87.4,-0.0004187821046616036,-0.3868932107646266,-2.404642475806054,-1.443107025432782,0.002561592559410181,-0.1011361586360527,-0.8013680668896829,-1.4383061241781467,0.2601602070519881,False,-0.9272599885565882,17.68957815529984,11.800223927410222,adou thiero,1272870.0,False,False,LAL,197146448,28645956.0,225792404.0,1457821.7370646212,0.007405756859433753,23.303920277167798,52.648726253224915,adou thiero
1642349,Ajay Mitchell,1610612760,OKC,24.0,57,1472.7983333333334,774,190,206,71,18,81,502,118.2,102.5,0.585,0.21,0.116,118.4,102.6,15.8,31.14560830346766,1274.2,0.0008550053008465974,3.982086770457145,7.749852993907257,0.31216175308601457,0.142384343750432,1.362685235768846,2.6148000070433914,0.6036215670163679,0.8182015570009555,False,0.8771073463608144,80.97858325842566,74.35378209973304,ajay mitchell,3000000.0,False,False,OKC,189104345,1209345.0,190313690.0,3019185.360336379,0.015337508094257466,113.80908377981255,257.1199706224667,ajay mitchell
201143,Al Horford,1610612744,GSW,40.0,45,969.185,372,219,116,30,51,42,-9,112.7,113.5,0.554,0.163,0.104,112.7,114.0,-1.3,29.600540660451824,796.9,-0.004389353028390485,-0.18869049046081104,-0.5667606771855301,-0.19449754382309414,-0.4332851962800125,-0.03472857982887298,-0.18306919198877267,0.20840975581742932,0.6637308463252528,False,-0.08376390442519348,46.662207361016925,39.601229920968805,al horford,5685000.0,False,False,GSW,205124954,67979689.5,273104643.5,7569044.467878345,0.03845086238062069,43.941976663115,99.27467451167855,al horford
1630828,Alex Antetokounmpo,1610612749,MIL,24.0,6,20.63833333333333,19,6,1,0,1,1,5,102.2,89.4,0.651,0.314,0.196,102.4,98.5,3.9,43.95703787450538,25.2,0.02200243649745636,-0.4228063518244034,0.7167328339435193,0.33907013715286927,2.46372305203599,-0.11316881258492273,0.24872277334292428,3.23836697500929,0.09685587543386619,False,1.446169178710103,92.593512189579,54.962133261446574,alex antetokounmpo,2291166.0,True,True,MIL,182444588,0.0,182444588.0,2291166.0,0.011639158539895784,92.65717838773112,209.3331234535427,alex antetokounmpo
1627936,Alex Caruso,1610612760,OKC,32.0,56,1020.3466666666668,348,155,110,72,17,48,382,116.9,99.3,0.54,0.152,0.093,117.8,99.4,18.4,25.95706034550349,735.7,-0.006221139020339595,2.9891787265462706,9.11448308905402,-0.5359850255076442,-0.634359061416333,1.0300126111286645,3.0738878837057895,-0.15386773778159732,0.6810241841476259,False,0.34027463730132795,63.3175142356759,54.22897414319484,alex caruso,18102100.0,False,False,OKC,189104345,1209345.0,190313690.0,18217865.103781722,0.09254703509101936,44.24788888530684,99.96579809312479,alex caruso
1631457,Alex Morales,1610612753,ORL,28.0,4,23.58333333333333,8,3,4,0,0,4,8,120.4,104.1,0.508,0.203,-0.006,113.0,113.5,-0.5,15.41766784452297,10.1,-0.01480449487584828,0.13395383992186355,0.14417320708513598,-1.9635856686517603,-1.5765480208761493,0.07337300809955832,0.056102674832814343,-3.4143651801728385,0.10353596944877161,False,-1.7322668219063582,4.161303318454451,2.4825968831109053,alex morales,2851228.8000000003,True,True,ORL,189903062,2008062.0,191911124.0,2881378.099049141,0.014637445086133651,3.8626148218250815,8.726503865324458,alex morales
1642259,Alex Sarr,1610612764,WAS,21.0,48,1304.6616666666666,783,355,130,39,95,82,-351,108.0,120.4,0.544,0.252,0.121,107.5,118.9,-11.4,37.92707432450558,1374.5,-0.009305993638984064,-3.821485161506147,-4.7418710472866685,0.9368484145263114,-0.972981391907277,-1.2518919872632033,-1.58765682453307,0.7682931550159253,0.7700831320727849,False,-0.10717948041917713,45.732329695070476,41.000744392143055,alex sarr,11808240.0,False,False,WAS,187128348,0.0,187128348.0,11808240.0,0.0599860409228921,38.9369757147223,87.9672669298207,alex sarr
1642918,Alijah Martin,1610612761,TOR,24.0,23,145.615,51,21,12,8,4,8,-14,101.3,107.1,0.437,0.185,0.062,102.0,109.9,-7.9,23.956323180990967,96.89999999999999,-0.026626781044492277,-2.540993854909615,0.9384571665665375,-1.208691211125033,-2.8742720918782987,-0.822864942506337,0.3233151141027412,-1.1748315833788545,0.25727152264414416,False,-1.1606955658371987,12.28828628686105,8.181199213442133,alijah martin,2291166.0,True,True,TOR,191608832,3713832.0,195322664.0,2335574.211872572,0.011864752939628562,13.699807588315714,30.95090486323731,alijah martin
1631214,Alondes Williams,1610612764,WAS,27.0,4,100.78333333333332,44,25,12,3,3,5,35,122.5,106.9,0.745,0.141,0.133,125.0,107.1,17.8,29.969240945923598,83.89999999999999,0.02313407498771129,1.847627925130057,0.9932414280218672,-0.7365207444277924,2.5879422163776016,0.6475374125479162,0.34174559600072396,1.163504966214864,0.21403412358922128,False,0.7015050874964472,75.85060696065571,49.02341201140114,alondes williams,136717.0,False,False,WAS,187128348,0.0,187128348.0,136717.0,0.002,153.08445086194232,345.8517387287931,alondes williams
1630578,Alperen Sengun,1610612745,HOU,23.0,72,2397.695,1466,640,445,85,77,227,205,117.1,113.7,0.569,0.259,0.142,115.5,113.7,1.9,38.43991833823734,2560.2,-0.0030894934622892004,2.6097450229916257,-0.628158800449986,1.9285891502740662,-0.29060052228471817,0.9028838132378917,-0.20372470452713842,1.459913824614067,1.0,True,0.9814052229166419,83.68035242123257,83.68035242123257,alperen sengun,33944954.0,False,False,HOU,199783669,14606591.5,214390260.5,36426738.81777853,0.18504839378355833,53.574938734188486,121.03767305680074,alperen sengun
1642873,Amari Williams,1610612738,BOS,24.0,22,145.72333333333333,30,40,10,3,10,11,-58,89.0,106.4,0.573,0.103,0.079,90.8,109.5,-18.8,20.55401788777821,83.19999999999999,-0.0008166402572038128,-5.169309613727144,1.0563485634692151,-1.4927412206667283,-0.04111101813816102,-1.7034789200354201,0.36297605319040915,-0.6149481841803586,0.25736720612362174,False,-0.7649118431682654,22.216202058260357,14.791885966528744,amari williams,837589.0,False,False,BOS,187492509,0.0,187492509.0,837589.0,0.004254965010074683,35.46483935403354,80.12294054208952,amari williams
1641708,Amen Thompson,1610612745,HOU,23.0,79,2953.15,1443,614,420,119,48,190,368,117.0,110.4,0.594,0.195,0.128,116.3,110.0,6.4,31.11714609823409,2552.6000000000004,0.0025489334936432705,3.0735752864359895,2.3781950255602586,1.3347755714674083,0.3283256548457249,1.0582895752053452,0.8076706907433173,0.9988333782153062,1.0,True,0.9624867944506021,83.20974332557196,83.20974332557196,amen thompson,9690212.0,False,False,HOU,199783669,14606591.5,214390260.5,10398683.162537303,0.052825470496208726,82.61654823334258,186.6491122605331,amen thompson
1629599,Amir Coffey,1610612756,PHX,29.0,46,490.50166666666667,149,57,27,9,5,9,-32,107.6,109.8,0.594,0.117,0.068,108.2,109.4,-1.1,17.900856605991827,243.9,0.0015293600961859624,-2.488919335570351,1.6742143028364527,-1.5768483027428923,0.2164077972368399,-0.8054174385489375,0.5708380015362291,-0.9772256777793853,0.4721814302048557,False,-0.690105524985919,24.506391448613087,18.685673630251976,amir coffey,2874436.0,False,False,PHX,188101058,618174.0,188719232.0,2883882.5263447054,0.014650167615336999,29.06376650133759,65.66149678754985,amir coffey
1643158,Andersson Garcia,1610612762,UTA,25.0,5,168.75,26,42,14,8,4,7,-37,105.8,115.6,0.394,0.094,0.052,105.7,116.2,-10.4,19.370666666666665,90.8,-0.017571283341525804,-1.8284388442196475,-0.7618418472596828,-1.5816232212202657,-1.880256452567129,-0.5841242584515891,-0.2486982591364725,-1.50417475937797,0.27695585470349865,False,-1.2536200786417362,10.499006480588047,7.0829461553394015,andersson garcia,73153.0,False,False,UTA,175673708,0.0,175673708.0,73153.0,0.002,22.11777757171757,49.96896671689945,andersson garcia
203083,Andre Drummond,1610612755,PHI,32.0,63,1230.7483333333332,403,532,80,38,49,61,-86,110.3,113.6,0.539,0.143,0.113,109.8,112.7,-2.9,28.770788504013144,983.6,-0.005995782104661593,-2.1233925494956143,-0.08472920168643305,-0.11141477246542544,-0.609621790649042,-0.6829481363356019,-0.020904509150289977,0.5048186142166333,0.7479512421315045,False,-0.0734292742716065,47.07322614839738,41.73408946759253,andre drummond,5000000.0,False,False,PHI,194666722,7043402.5,201710124.5,5180909.259364834,0.02631909876916878,52.8791094287987,119.46564027507469,andre drummond
1641748,Andre Jackson Jr.,1610612749,MIL,24.0,48,408.10833333333335,113,72,43,19,4,31,-71,103.2,110.6,0.425,0.17,0.044,103.3,112.8,-9.5,20.28873052498315,229.99999999999997,-0.02650785285169561,-4.370927960212592,0.458774530257145,-1.3963428785915246,-2.861217427466405,-1.4359821243673063,0.16194062605774714,-1.7676493001772622,0.43070150670596435,False,-1.4996693485674544,6.685003706853519,4.972410564763981,andre jackson,2291166.0,False,True,MIL,182444588,0.0,182444588.0,2291166.0,0.011639158539895784,8.382671948425912,18.938315761218373,andre jackson
1629614,Andrew Nembhard,1610612754,IND,26.0,57,1785.5933333333332,966,160,437,51,8,137,-393,109.3,119.3,0.564,0.233,0.111,108.9,118.2,-9.2,32.78641273302245,1626.2,-0.003944351261441637,-3.0671697233193504,-4.452395763621682,0.7260513283942898,-0.3844376640539976,-0.9991595230968289,-1.4902717574759703,0.4389499790168102,0.9009069504301392,False,-0.11788251589040408,45.30803734713906,43.28766713130015,andrew nembhard,18102000.0,False,False,IND,188736250,841250.0,189577500.0,18182685.652597208,0.09236832293760791,35.34428132158169,79.85057319905479,andrew nembhard
203952,Andrew Wiggins,1610612748,MIA,31.0,68,2062.5983333333334,1045,329,182,76,69,103,9,113.7,113.9,0.586,0.194,0.092,112.9,112.8,0.1,29.515974591918447,1691.1,0.000983862039829714,0.1883147066549779,-0.2407823325889488,0.5155988061523604,0.15652885772208217,0.09158654995242659,-0.07340379138607436,-0.18680205538150887,0.9682689176926506,True,0.09906582736690267,53.9456997803339,53.17540983239809,andrew wiggins,28223215.0,False,False,MIA,157325624,0.0,157325624.0,28223215.0,0.1433743665411257,37.22492753286255,84.09937024175238,andrew wiggins
1629014,Anfernee Simons,1610612741,CHI,27.0,55,1371.9333333333334,785,135,134,27,8,68,98,116.9,114.0,0.576,0.227,0.096,114.7,113.4,1.3,27.48151027746732,1047.3,-0.0011187799843229657,1.9011074859609276,-0.5124053181948323,-0.1638228163125323,-0.07427668432956892,0.6654556739370917,-0.16478300114994457,-0.055064784981862645,0.7896873182507496,False,0.006484258695944871,50.258682682340805,45.50216543109234,anfernee simons,27678571.0,False,False,CHI,177919585,0.0,177919585.0,27678571.0,0.14060756663932766,32.07133713645944,72.45626612989555,anfernee simons
1641710,Anthony Black,1610612753,ORL,22.0,64,1910.05,959,244,236,91,45,132,-14,113.3,113.1,0.549,0.219,0.09,112.4,111.7,0.6,29.507918640873275,1565.6,-0.006992351614831388,-0.17914107730953618,0.5395969320085685,0.41433841053313947,-0.7190145276650249,-0.031529060642488754,0.18913084041603875,-0.25267069058133196,0.9317749435644561,False,-0.05642851672483593,47.75002200401253,46.28403542830253,anthony black,7970028.0,False,False,ORL,189903062,2008062.0,191911124.0,8054304.210173672,0.04091598933938504,50.252386564276605,113.53129054367757,anthony black
203076,Anthony Davis,1610612764,WAS,33.0,20,625.63,407,221,56,22,33,41,-50,110.0,114.6,0.551,0.272,0.151,108.7,113.0,-4.3,40.1125265732142,697.1,-0.008140564562712957,-2.0931786995884036,-0.38859114926637106,0.5691771248942858,-0.8450530586095991,-0.6728250229105903,-0.12312952735053115,1.756322683013271,0.5332703561302398,False,0.4230399447969445,66.38669412532411,52.44360697726266,anthony davis,54126450.0,False,False,WAS,187128348,0.0,187128348.0,54126450.0,0.27496319897892263,29.23038249267268,66.03791927839596,anthony davis
1630162,Anthony Edwards,1610612750,MIN,24.0,61,2136.593333333333,1757,302,226,83,49,174,162,117.8,114.3,0.617,0.309,0.145,116.5,112.8,3.7,39.12059384253439,2321.8,0.011146079228388573,3.2689689836644935,-0.37207824398409467,1.7920935020656654,1.2720283196892797,1.123755994269818,-0.11757426761345767,1.5587167774138018,0.9854840373536182,False,1.257369915692403,89.56901411477718,88.98393290635367,anthony edwards,45550512.0,False,False,MIN,196036611,8755763.75,204792374.75,47584976.47951266,0.2417324128248498,51.883878155779904,117.21719202136383,anthony edwards
1630264,Anthony Gill,1610612764,WAS,33.0,55,950.9466666666668,321,158,69,31,21,36,-293,107.0,121.4,0.682,0.116,0.08,107.2,121.3,-14.1,22.25992344470773,588.0000000000001,0.011724288642372417,-3.84458433728208,-5.50478170762916,-0.9511263288475058,1.335497962015908,-1.2596313378299857,-1.844314681035989,-0.5820138665804471,0.6574560706606069,False,-0.6776529507135207,24.899588220307106,21.06144696574452,anthony gill,3627679.5,False,True,WAS,187128348,0.0,187128348.0,3627679.5,0.018428667688168327,30.23105968335687,68.2986710683768,anthony gill
1641810,Antonio Reeves,1610612766,CHA,25.0,10,67.67666666666666,27,8,3,1,0,1,29,115.0,95.4,0.675,0.133,0.099,113.8,100.1,13.7,20.00098507609713,37.6,0.012511503357202856,0.15426247848910418,1.7549743501472153,-1.5736849458251738,1.4219099698043922,0.08017739259061517,0.5980072386583706,0.043738167817872015,0.1753913373348901,False,-0.06528559595292521,47.39733053206269,29.809418327289514,antonio reeves,2380266.9,True,True,CHA,185779105,0.0,185779105.0,2380266.9,0.012091792483113954,49.58722514817648,112.02854332801815,antonio reeves
1630574,Ariel Hukporti,1610612752,NYK,24.0,54,497.9616666666666,117,159,29,9,26,32,35,106.8,103.8,0.619,0.104,0.084,109.9,104.9,5.0,21.39200808629848,295.9,0.003959431196609746,-2.158599753476345,4.2317634351438445,-1.254962303083158,0.48315499962065217,-0.6947442669303132,1.4312468440397963,-0.45027659618080085,0.4757585649478232,False,-0.26587491811550945,39.51677712492682,30.194427748052917,ariel hukporti,1955377.0,False,False,NYK,207045051,42640242.25,249685293.25,2358080.4143891623,0.011979084794772011,50.392577676461315,113.84801336974128,ariel hukporti
1642854,Asa Newell,1610612737,ATL,20.0,44,499.90833333333336,227,96,26,16,15,23,-44,110.2,114.0,0.624,0.16,0.074,111.1,115.9,-4.8,26.184000400073344,363.59999999999997,0.006891432610168842,-1.1229147571152345,-1.0994747085004233,-0.816084968711126,0.8049987408658692,-0.34773927673724936,-0.36228446385943913,-0.7796197721799164,0.47668759225100527,False,-0.4236609237913793,33.59065585271554,25.68037270624695,asa newell,3237480.0,False,False,ATL,186963786,0.0,186963786.0,3237480.0,0.016446448223193695,38.35872154443865,86.66086246422192,asa newell
1641709,Ausar Thompson,1610612765,DET,23.0,73,1895.61,721,418,228,146,69,110,397,118.8,107.2,0.545,0.168,0.101,118.0,106.1,11.9,31.107664551252633,1638.0,-0.0060359957593227095,4.220685586589805,5.064895090093343,0.6007762668732294,-0.6140360153507847,1.4426274770324454,1.7115283971223993,0.10960680301769513,0.9282461468225489,True,0.564094086444225,71.36549488125962,69.0611577225189,ausar thompson,8775162.0,False,False,DET,185095988,0.0,185095988.0,8775162.0,0.044577958005342685,72.76622402195649,164.3950444151805,ausar thompson
1630559,Austin Reaves,1610612747,LAL,28.0,51,1761.65,1187,240,280,56,20,151,182,117.3,112.3,0.641,0.258,0.137,116.5,111.5,5.0,34.71563590951665,1698.8000000000002,0.015498435083897262,2.9863611535434043,0.873054450510531,0.9390931427489666,1.7497833730427728,1.0290685867431968,0.3013123793331577,1.2952422366145102,0.8948463555270257,False,1.0853706075394638,86.11212275137474,82.03737115809972,austin reaves,13937574.0,False,False,LAL,197146448,28645956.0,225792404.0,15962744.301575731,0.08109098671063465,70.10667579138784,158.38653489905224,austin reaves
1630245,Ayo Dosunmu,1610612750,MIN,26.0,69,1881.0433333333333,1022,237,249,58,18,96,-67,111.7,113.2,0.63,0.197,0.114,111.0,112.5,-1.5,29.96485992702631,1565.6999999999998,0.009667076401270389,-1.347781666844722,0.12707198106411885,0.45109237215714815,1.1096792154253245,-0.4230806595704316,0.050349492655289416,0.5377529318165448,0.9246727512853923,True,0.38464117986077784,64.97483600276533,62.77236696846831,ayo dosunmu,7518518.0,False,False,MIN,196036611,8755763.75,204792374.75,7854324.495645463,0.039900089311994215,68.7568062734199,155.33688016783958,ayo dosunmu
1628389,Bam Adebayo,1610612748,MIA,28.0,73,2364.685,1468,732,232,86,49,120,331,117.1,111.0,0.551,0.248,0.138,116.3,110.3,6.0,36.9091020579908,2424.3999999999996,-0.007422279454238284,2.9996950916423706,1.9487881425158684,1.6968555155495282,-0.7662074054243245,1.0335361063804644,0.6632099355084957,1.3281765542144217,1.0,True,0.962247640621404,83.20373883255812,83.20373883255812,bam adebayo,37096620.0,False,False,MIA,157325624,0.0,157325624.0,37096620.0,0.18845140049837888,52.93112289220094,119.58315022891836,bam adebayo
1631248,Baylor Scheierman,1610612738,BOS,25.0,77,1429.3033333333333,427,269,116,42,6,46,199,116.3,109.0,0.616,0.117,0.085,115.4,109.5,5.9,20.595488244855883,817.6999999999999,0.004103360096185965,2.055061406203161,2.69728325618139,-0.9005613759645482,0.4989539741022802,0.7170377464509752,0.9150181241502159,-0.4173422785808893,0.806029362575169,True,-0.03069155085988312,48.775776471343775,44.51829566747684,baylor scheierman,2619000.0,False,False,BOS,187492509,0.0,187492509.0,2619000.0,0.013304560305096646,71.61869276709065,161.8025167122925,baylor scheierman
1642879,Ben Saraf,1610612751,BKN,20.0,44,916.3183333333334,332,92,145,38,8,99,-237,103.6,116.0,0.486,0.202,0.06,102.4,115.6,-13.3,22.01680274868086,560.4,-0.01917556632966184,-6.538322151475109,-1.8239118333977293,-0.9927660532604534,-2.056357472344946,-2.162164894925972,-0.6059990811959038,-1.2407002185786777,0.6453745682418338,False,-1.34407979615874,8.946129231749566,7.518493008131474,ben saraf,2884560.0,False,False,BKN,152025523,0.0,152025523.0,2884560.0,0.014653609191931875,11.693330720380606,26.41782844961588,ben saraf
1641767,Ben Sheppard,1610612754,IND,24.0,65,1390.4766666666667,459,195,114,39,6,41,-268,107.1,116.0,0.561,0.131,0.066,107.3,115.7,-8.3,20.595814864446968,795.5000000000001,-0.0026106395504242536,-4.241013841436419,-2.117662909954236,-0.9183329867108532,-0.23803706382531603,-1.392454557906212,-0.7048226074271032,-1.0430943129792083,0.7950061939914987,True,-0.8928086749452705,18.597981996700923,16.882369995589332,ben sheppard,2790720.0,False,False,IND,188736250,841250.0,189577500.0,2803159.0158223445,0.014240090939589058,26.521127996303306,59.91711227969449,ben sheppard
1631097,Bennedict Mathurin,1610612746,LAC,24.0,54,1620.015,949,293,129,43,13,118,-146,111.4,115.3,0.575,0.246,0.105,111.0,114.3,-3.3,28.668623438671855,1290.0999999999997,-0.0014584223618654166,-1.3953697357902801,-1.3442598503654575,0.12610775378310907,-0.1115589901866427,-0.4390249838155253,-0.44463490550438645,0.24134407341734088,0.8581203030726254,False,-0.04535267145500366,48.19131024237373,45.11449442109925,bennedict mathurin,9187573.0,False,False,LAC,191938984,12131952.0,204070936.0,9768295.020663066,0.04962308903413022,45.78411362944631,103.43647062614374,bennedict mathurin
1643016,Bez Mbeng,1610612762,UTA,23.0,15,492.185,122,57,62,34,5,22,-149,107.2,120.4,0.55,0.106,0.06,107.0,119.5,-12.4,22.140455316598434,302.7,-0.0032784258957631375,-2.9297581026096897,-3.4323259743975205,-1.189440860564527,-0.3113395031564917,-0.9531199277910151,-1.1471006115017817,-1.2407002185786777,0.4729909666636928,False,-1.0313042870821283,15.119907428545021,11.53415991942164,bez mbeng,219459.0,False,False,UTA,175673708,0.0,175673708.0,219459.0,0.002,36.01749582440011,81.37151412431682,bez mbeng
1641731,Bilal Coulibaly,1610612764,WAS,21.0,56,1467.605,657,243,145,75,54,81,-414,108.5,121.2,0.531,0.193,0.082,107.2,119.9,-12.8,29.183056748920855,1189.6999999999998,-0.00963620941398383,-3.9278513279378737,-5.578578748811423,0.08690475061772318,-1.0092289462067494,-1.2875298411176064,-1.8691414286365458,-0.516145231380624,0.816757725288339,False,-0.7580024141538917,22.42247687470908,20.573541324472995,bilal coulibaly,7275682.0,False,False,WAS,187128348,0.0,187128348.0,7275682.0,0.036960576529097434,23.14667105359842,52.29346536892864,bilal coulibaly
202687,Bismack Biyombo,1610612759,SAS,33.0,25,141.35333333333332,23,26,5,4,2,8,-100,94.2,127.1,0.636,0.082,0.024,96.3,124.6,-28.2,12.683110880535772,49.8,0.004515859212711532,-3.8627124830159847,-2.7900583055494272,-2.1512316751579026,0.5442337131600388,-1.265705150866492,-0.9310293835631452,-2.426335652175492,0.2534788258445173,False,-1.5135837376325632,6.506572413440489,4.320790078426319,bismack biyombo,3634153.0,False,False,SAS,188455363,560363.0,189015726.0,3644958.9799685245,0.018516447712330963,6.191644684911172,13.988299058528233,bismack biyombo
1642396,Blake Hinson,1610612762,UTA,26.0,14,285.43333333333334,167,33,16,5,2,5,45,114.5,107.8,0.684,0.175,0.101,114.0,107.8,6.1,27.810346841060376,220.5,0.018037504417372178,0.4411653312920691,1.8682294181004764,-0.8002793473980971,2.0284952351133314,0.1763038422090304,0.636108427290244,0.10960680301769513,0.3601977571313073,False,0.2589483297476751,60.216244609122185,42.8793248480014,blake hinson,2456639.1,True,True,UTA,175673708,0.0,175673708.0,2456639.1,0.012479764434443815,70.54459545651515,159.37589258205034,blake hinson
1631104,Blake Wesley,1610612757,POR,23.0,31,360.8183333333333,148,39,62,16,5,31,-78,104.4,113.0,0.511,0.189,0.075,104.1,114.6,-10.5,26.330147673575347,263.90000000000003,-0.013216495229238054,-3.6743481958893462,-0.4271846448577646,-0.8842851615046015,-1.4022344120908388,-1.2025939270515702,-0.13611312342322876,-0.7466854545800048,0.40497942334559833,False,-0.8562181461349975,19.593856359674213,14.347419890166623,blake wesley,5726328.0,False,False,POR,189204726,1309726.0,190514452.0,5765967.182512429,0.029291202022506607,17.51071320016819,39.560586150719125,blake wesley
1626171,Bobby Portis,1610612749,MIL,31.0,67,1619.3133333333333,915,428,105,41,12,66,-266,110.2,118.4,0.587,0.225,0.122,110.5,117.1,-6.6,30.755258401709366,1383.3999999999999,0.0013660771080499263,-1.9912052813813685,-3.575220107001856,0.36837859839874976,0.19848433801189735,-0.6386589539714708,-1.195172952979627,0.8012274726158368,0.8579344468847927,True,0.08716075604355836,53.472813363095575,50.054323199921086,bobby portis,13445754.0,False,False,MIL,182444588,0.0,182444588.0,13445754.0,0.06830463724341139,45.42260857857853,102.61975051056115,bobby portis
1641752,Bobi Klintman,1610612765,DET,23.0,12,71.38333333333334,22,19,6,3,0,6,-5,92.5,96.8,0.388,0.18,0.039,98.4,95.5,2.8,21.13098295587205,41.9,-0.03472713831356005,-2.1170804685270252,2.113933907849788,-1.4795447719378914,-3.7634426348539307,-0.6808332813340341,0.7187681552902322,-1.9323208881768197,0.18013042412921174,False,-1.5084086235721785,6.572498864006793,4.147632528786774,bobi klintman,1955377.0,False,False,DET,185095988,0.0,185095988.0,1955377.0,0.009933345252271464,7.391028563195185,16.697973342050997,bobi klintman
203992,Bogdan Bogdanović,1610612746,LAC,33.0,23,452.06,171,59,51,10,3,27,-30,109.1,113.5,0.525,0.185,0.069,108.9,112.5,-3.5,21.81214882980135,273.9,-0.010346781044492272,-1.9021578175986003,0.019396033804019573,-1.2388795821572165,-1.0872278963191047,-0.6088237102388456,0.014125227800618326,-0.9442913601794737,0.45330102380407017,False,-0.8452962604067462,19.897272423517503,15.002254115154667,bogdan bogdanovic,16020000.0,False,False,LAC,191938984,12131952.0,204070936.0,17032581.534973633,0.08652577632055451,12.532670894128403,28.314084123142088,bogdan bogdanovic
1630538,Bones Hyland,1610612750,MIN,25.0,71,1176.9183333333333,604,127,188,44,17,70,124,113.8,108.6,0.599,0.197,0.101,113.2,108.4,4.8,30.24882780028634,988.8999999999999,0.003560076401270382,0.31860778586298333,3.130775564524198,0.011460668355795262,0.4393181034916632,0.13524108664230047,1.0608532952301692,0.10960680301769513,0.7314115659380009,True,0.2810590807988773,61.06674573059729,53.68592600652776,bones hyland,2380266.9,False,True,MIN,196036611,8755763.75,204792374.75,2486578.953304905,0.01263185934999206,87.94981786912605,198.69815163886062,bones hyland
203078,Bradley Beal,1610612746,LAC,33.0,6,120.91666666666669,49,5,10,3,0,9,-23,119.1,128.5,0.476,0.224,0.018,116.7,126.0,-9.3,18.012405237767055,60.49999999999999,-0.023503994345763626,0.9102030071180609,-2.7378644660174705,-1.7149279690704549,-2.531485983528637,0.3334543413202747,-0.9134703695484302,-2.6239415577749616,0.23444001623468896,False,-1.682639761363621,4.62224247767743,3.029870733400901,bradley beal,24737010.0,False,False,LAC,191938984,12131952.0,204070936.0,26300570.5216266,0.13360730300245446,2.174060249469788,4.911684453559399,bradley beal
1642382,Branden Carlson,1610612760,OKC,27.0,42,488.2033333333333,242,124,29,8,27,16,-24,112.6,114.6,0.613,0.185,0.109,115.1,115.6,-0.5,30.86746642450892,418.6,0.005933218955507721,0.5503333200571902,-1.1160912166312706,-0.3960995178090118,0.699816299240088,0.2128804432063757,-0.3678745775924312,0.3730813438169871,0.47107388598881816,False,0.09462284842094801,53.76927995772134,40.97129062217375,branden carlson,2673027.0,True,True,OKC,189104345,1209345.0,190313690.0,2690121.328727957,0.01366585774955625,65.2972326097476,147.52093569990367,branden carlson
1641764,Brandin Podziemski,1610612744,GSW,23.0,82,2332.673333333333,1133,419,304,88,15,131,15,110.3,110.4,0.583,0.196,0.114,109.8,111.1,-1.2,29.200659615148286,1892.1,0.00040600494745682395,-2.458965216328738,1.7464943067620808,0.6514343141123368,0.09309788949188032,-0.7953813475654841,0.5951543885523001,0.5377529318165448,1.0,True,0.30811509764485207,62.10026232663157,62.10026232663157,brandin podziemski,3687960.0,False,False,GSW,205124954,67979689.5,273104643.5,4910172.952639687,0.024943754164509037,80.1760844799064,181.1355631856392,brandin podziemski
1629634,Brandon Clarke,1610612763,MEM,29.0,2,20.438333333333333,8,6,1,2,0,0,-12,87.8,110.0,0.372,0.193,0.023,91.6,115.4,-23.9,31.70512925059121,18.0,-0.04032320941398384,-0.8995516995340483,-0.011748074575926543,-0.6500318333671404,-4.377719439396245,-0.27290175772540914,0.003647749224158119,-2.459269969775404,0.09638543206912295,False,-1.5973349664590306,5.5095530233726775,3.2692224547544564,brandon clarke,12500000.0,False,False,MEM,160304096,0.0,160304096.0,12500000.0,0.0635001923687316,3.0434155363611084,6.875750927009316,brandon clarke
1627742,Brandon Ingram,1610612761,TOR,28.0,77,2603.863333333333,1655,430,284,58,55,187,43,114.6,113.7,0.573,0.264,0.121,112.8,112.1,0.8,32.20537688229925,2329.3999999999996,-0.0020931361932214235,0.4479484573462429,0.16849430117626346,1.2431759260264885,-0.18123108282582506,0.1785765202898918,0.06428475984186677,0.7682931550159253,1.0,True,0.5505264576072898,70.9020832468574,70.9020832468574,brandon ingram,38095238.0,False,False,TOR,191608832,3713832.0,195322664.0,38833613.74424553,0.19727535545060884,44.388610261965525,100.28371890428285,brandon ingram
1641706,Brandon Miller,1610612766,CHA,23.0,65,1968.3116666666667,1311,319,217,66,44,163,372,119.8,111.3,0.574,0.272,0.113,116.5,110.4,6.1,33.70990535882275,1843.1000000000001,-0.0018845645627129813,3.854759918765087,1.7390796065292968,0.9740597676722813,-0.15833632105319434,1.3200245299770714,0.5926599404245158,0.5048186142166333,0.9458790203890354,True,0.6581127485853193,74.47671577315501,72.66287700602227,brandon miller,11968400.0,False,False,CHA,185779105,0.0,185779105.0,11968400.0,0.06079965618767419,68.68078344149555,155.1651277236424,brandon miller
1630314,Brandon Williams,1610612742,DAL,26.0,66,1462.645,859,191,256,62,20,125,-143,111.2,115.6,0.572,0.242,0.115,110.5,116.2,-5.7,33.28900724372627,1352.5,-0.002160708177119638,-1.6440297029903839,-2.2499974014528554,0.5469628777719167,-0.1886484121629088,-0.5223382014278758,-0.7493424820270881,0.5706872494164564,0.8153763771189575,True,0.08889752992523514,53.54183266921887,49.09354346383209,brandon williams,2456639.1,False,True,DAL,185068401,0.0,185068401.0,2456639.1,0.012479764434443815,80.76815984065807,182.47319278695718,brandon williams
1641729,Brice Sensabaugh,1610612762,UTA,22.0,75,1761.8666666666666,1116,231,143,54,12,124,-379,111.4,120.8,0.59,0.244,0.09,111.3,120.8,-9.5,29.568412289995464,1447.1000000000001,0.002213434730507476,-1.2821688302122825,-6.121835748375142,0.3241916851641896,0.29149819063939136,-0.40109715897693615,-2.0519035583145304,-0.25267069058133196,0.894901382750348,True,-0.3189786648811635,37.487134566394516,35.71420386298365,brice sensabaugh,2693460.0,False,False,UTA,175673708,0.0,175673708.0,2693460.0,0.013682818250998706,56.89414461954966,128.53649557069718,brice sensabaugh
1642355,Bronny James,1610612747,LAL,21.0,42,375.4916666666667,122,23,51,19,4,25,-40,106.2,114.2,0.517,0.163,0.058,110.0,114.6,-4.6,21.50460507334828,224.3,-0.01042035302839049,-1.9326040603432224,-0.6429743858696406,-1.3033273410362192,-1.095303841453078,-0.6190246865995475,-0.20870895313488155,-1.3065688537785005,0.41313197685852193,False,-1.006258113570731,15.714571189470373,11.564500491654147,bronny james,1955377.0,False,False,LAL,197146448,28645956.0,225792404.0,2239499.0020632176,0.011376689395247741,19.65211776321562,44.39849416346456,bronny james
201572,Brook Lopez,1610612746,LAC,38.0,75,1635.2733333333333,634,273,97,45,87,61,42,113.9,112.7,0.552,0.171,0.076,114.1,111.8,2.3,25.283846533301265,1148.5,-0.004946781397882043,0.7918493053816057,0.5980037718580785,-0.2590733592433839,-0.4944737179102284,0.2938000784366094,0.20878002753600222,-0.7137511369800933,0.8621519939117815,True,-0.2776777226955165,39.06298815209238,36.63984838921624,brook lopez,8750000.0,False,False,LAC,191938984,12131952.0,204070936.0,9303064.19669284,0.047259709288692386,37.824208281939654,85.45327841392806,brook lopez
1642964,Brooks Barnhizer,1610612760,OKC,24.0,40,347.88166666666666,68,78,22,11,5,10,-103,100.1,114.6,0.451,0.103,0.062,102.7,114.4,-11.7,17.9647293859502,173.59999999999997,-0.013382640257203806,-4.647016480514158,-0.631506075251104,-1.6280816968425564,-1.4204720354229776,-1.528485245119534,-0.2048507923120378,-1.1748315833788545,0.39765315326680145,False,-1.232541110152478,10.887350989032557,7.936268297147957,brooks barnhizer,2291166.0,True,True,OKC,189104345,1209345.0,190313690.0,2305818.2817668202,0.0117135923567625,13.349433880616777,30.159332921539498,brooks barnhizer
1628971,Bruce Brown,1610612743,DEN,29.0,82,1997.7883333333332,649,318,174,85,20,91,-76,114.2,115.2,0.562,0.142,0.069,114.4,114.6,-0.2,21.890607363309257,1214.8,-0.0026878535584751446,1.0669354324656564,-1.5189844988074184,-0.4782594216756921,-0.24651279139922308,0.3859673485683921,-0.5034156462626921,-0.9442913601794737,0.9529352580635297,True,-0.4574464268367936,32.36751003326372,31.68199420518497,bruce brown,3080921.0,False,False,DEN,191600929,11117787.0,202718716.0,3259693.7419725973,0.01655929437427284,47.21020815635064,106.65833456427995,bruce brown
1631121,Bryce McGowens,1610612740,NOP,23.0,42,879.9333333333333,340,88,62,27,8,17,-70,115.3,118.9,0.61,0.136,0.067,114.3,118.0,-3.7,22.092582771422084,540.0000000000001,0.003953717718643514,1.092932919250885,-3.455595650517953,-1.0030387592211831,0.48252783514669584,0.3946777746908606,-1.1549289792321609,-1.0101599953792968,0.6324315749309936,False,-0.5954661938282755,27.576594505879815,23.015266070798027,bryce mcgowens,1106635.0,False,False,NOP,190898076,3003076.0,193901152.0,1124043.8135349252,0.005710159871228034,49.782551389216906,112.4698286427763,bryce mcgowens
1642267,Bub Carrington,1610612764,WAS,20.0,82,2270.65,878,276,381,52,17,191,-746,107.3,122.6,0.556,0.174,0.072,106.8,121.8,-15.0,23.55343183669874,1485.6,-0.004337567036441376,-4.90577710129694,-7.522653266700768,-0.12770088382801228,-0.427600684220803,-1.6151826743500075,-2.523165581896414,-0.8454884073797395,1.0,True,-0.9704640842410087,16.5907609471276,16.5907609471276,bub carrington,4677600.0,False,False,WAS,187128348,0.0,187128348.0,4677600.0,0.023762279985918316,21.786803281456525,49.22122236326459,bub carrington
1631205,Buddy Boeheim,1610612760,OKC,26.0,4,15.003333333333334,6,0,0,0,0,0,6,84.4,72.4,0.5,0.158,0.028,88.5,75.3,13.1,14.39680071095312,6.0,-0.01278671029745827,-0.7611166621834382,1.1303656367241073,-2.048806743644769,-1.3550572212016578,-0.22651926792686455,0.387876823822834,-2.2945983817758466,0.08258145657287094,False,-1.3796361502397994,8.384935052603515,4.9233123463927475,buddy boeheim,212331.0,False,False,OKC,189104345,1209345.0,190313690.0,213688.88224852792,0.002,15.373931271737556,34.73312169517839,buddy boeheim
1627741,Buddy Hield,1610612737,ATL,33.0,51,819.2716666666666,390,116,71,39,9,48,-86,110.2,115.0,0.568,0.192,0.085,110.2,115.7,-5.5,26.681259574052564,607.2,-0.0024822808677973994,-1.7301363618647532,-1.5395602307971352,-0.5808802389128095,-0.22394722115099516,-0.5511881320759393,-0.510337719243149,-0.4173422785808893,0.6102427485199738,False,-0.46324370417298166,32.159484642742,26.519008088225846,buddy hield,9219512.0,False,False,ATL,186963786,0.0,186963786.0,9219512.0,0.046835262843666355,27.46279806613855,62.044553892004885,buddy hield
1643047,CJ Huntley,1610612756,PHX,24.0,4,40.4,12,5,2,1,0,0,15,122.4,104.7,0.545,0.107,0.061,119.1,106.9,12.2,18.26732673267327,20.5,-0.0038443544419495827,0.5557590100753423,0.5173987761237107,-1.726536299565126,-0.37346108322797456,0.21469831400507852,0.18166295275384828,-1.207765900978766,0.13551249523064787,False,-0.7905288176552685,21.460949966735132,13.11222457770989,cj huntley,2291166.0,True,True,PHX,188101058,618174.0,188719232.0,2298695.6719005373,0.011677409389028389,22.079698880280187,49.882938504576224,cj huntley
203468,CJ McCollum,1610612737,ATL,34.0,76,2263.3716666666664,1424,252,293,64,35,135,92,113.6,112.0,0.566,0.247,0.105,112.6,111.7,0.9,32.32628607910176,2032.4,-0.003687350908051863,0.011437851738330155,0.9180443748322736,1.0147739771681459,-0.3562269152958983,0.03232417623707823,0.3164478573660157,0.24134407341734088,1.0,True,0.3249784840633181,62.74013220676742,62.74013220676742,cj mccollum,30666666.0,False,False,ATL,186963786,0.0,186963786.0,30666666.0,0.15578713522461127,42.662609606066304,96.38430048178007,cj mccollum
1630595,Cade Cunningham,1610612765,DET,24.0,64,2171.6716666666666,1531,355,634,92,54,236,518,120.4,109.0,0.564,0.296,0.159,117.9,107.6,10.3,43.88121899949578,2647.1,-0.005010849671187659,4.80717352995836,3.8861190888918613,2.434972236555765,-0.5015064473899766,1.6391295445066338,1.3149654212824302,2.019797223812563,0.993540882323664,False,1.5825705040425733,94.32403045937502,94.04986795377549,cade cunningham,46394100.0,False,False,DET,185095988,0.0,185095988.0,46394100.0,0.23568274198193367,55.32628515591101,124.99435318766156,cade cunningham
1631216,Caleb Houstan,1610612737,ATL,23.0,18,75.46666666666667,42,11,4,2,1,4,1,97.6,98.2,0.769,0.168,0.103,103.3,101.8,1.5,26.761484098939928,56.1,0.03159600424067729,-1.569225219541674,1.6498518350861486,-1.0162604543721407,3.516802262737886,-0.4972750508205784,0.5626419976304671,0.17547543821751777,0.18521077264303581,False,0.3359028993043864,63.152795468083724,39.99749762689118,caleb houstan,1117089.0,False,False,ATL,186963786,0.0,186963786.0,1117089.0,0.005674829311439521,86.70365080975058,195.88278376965596,caleb houstan
1631126,Caleb Love,1610612757,POR,24.0,49,1012.6083333333332,509,114,123,27,4,62,-127,108.2,114.5,0.497,0.228,0.079,107.7,114.3,-6.6,26.36517903434201,741.6,-0.0191357085305094,-3.404821814152243,-0.9634326930790269,-0.4984996495299583,-2.051982309653108,-1.1122894427922987,-0.31651730672374284,-0.6149481841803586,0.6784368173614365,False,-0.8312277265119695,20.292249717992767,17.355891536996356,caleb love,2291166.0,True,True,POR,189204726,1309726.0,190514452.0,2307026.067261301,0.011719727925661675,29.188638407179557,65.94361012767457,caleb love
1628997,Caleb Martin,1610612742,DAL,30.0,58,856.2116666666667,227,143,81,40,15,40,-196,102.9,112.1,0.526,0.122,0.063,104.3,113.5,-9.1,21.127953173572735,502.5,-0.006701282634746255,-5.837262420994579,0.0005359804042153758,-1.1105231564317843,-0.6870640896202785,-1.9272756904334054,0.0077803421793435305,-1.141897265778943,0.6238486364592947,False,-1.0111838845227803,15.596421373694259,12.956444548962535,caleb martin,9594044.0,False,False,DAL,185068401,0.0,185068401.0,9594044.0,0.04873789116752602,13.231848760731065,29.893682047579855,caleb martin
1642353,Cam Christie,1610612746,LAC,20.0,55,479.75,156,78,31,16,3,22,-12,107.2,107.8,0.484,0.168,0.071,108.7,109.1,-0.4,19.840333507034913,264.4,-0.01628399575932272,-2.3925241057351436,2.1353583016890907,-1.4047523010575989,-1.7389517964374328,-0.7731203347952383,0.725975734480699,-0.878422724979651,0.466977710194161,False,-0.8826293522710909,18.87182821125446,14.345230922561084,cam christie,1955377.0,False,False,LAC,191938984,12131952.0,204070936.0,2078971.172541332,0.010561205550833766,25.020493118871975,56.52684515174988,cam christie
1642285,Cam Spencer,1610612763,MEM,26.0,72,1714.4516666666666,798,183,400,52,11,93,-89,112.4,116.0,0.649,0.166,0.12,111.3,115.4,-4.1,31.335266572111006,1492.3,0.011299861333050177,-0.964693668487584,-2.0897109843925605,0.502235199559604,1.288908873590778,-0.29472749467950227,-0.6954190407020451,0.7353588374160137,0.8827775552885405,True,0.39098080184608974,65.20942867266119,61.7696247814001,cam spencer,2537989.0,False,False,MEM,160304096,0.0,160304096.0,2537989.0,0.01289302317837798,100.47056405843236,226.9852952081233,cam spencer
1630560,Cam Thomas,1610612749,MIL,24.0,42,880.5266666666666,567,71,108,9,4,74,-213,111.7,123.8,0.53,0.295,0.089,110.2,123.2,-12.9,28.29624694311738,692.1,-0.015023921125001189,-1.3942957624704124,-6.696562027737606,-0.3831978157866251,-1.6006342865335224,-0.43866515036941217,-2.2452525605041807,-0.2856050081812435,0.6326447612518371,False,-0.8241637560120966,20.492325892212754,17.104742420425215,cam thomas,6898538.0,False,False,MIL,182444588,0.0,182444588.0,6898538.0,0.0350446792050404,19.60590310119159,44.29408498849101,cam thomas
1641715,Cam Whitmore,1610612764,WAS,21.0,21,353.9833333333333,193,58,15,15,8,18,-152,104.4,124.0,0.528,0.225,0.082,105.8,123.4,-17.5,28.31319741984087,278.40000000000003,-0.011908922891950061,-3.21079736682401,-4.434888826980375,-0.7135022564068164,-1.2587031126053183,-1.0472817892307393,-1.4843820864229098,-0.516145231380624,0.401125311033242,False,-0.9017741817547364,18.35884187009703,13.411251298462115,cam whitmore,1272870.0,False,True,WAS,187128348,0.0,187128348.0,1272870.0,0.006466199188830991,27.77347150873501,62.746434126698,cam whitmore
1629661,Cameron Johnson,1610612743,DEN,30.0,54,1647.0316666666668,660,206,132,40,21,47,343,124.2,114.7,0.629,0.144,0.075,123.5,114.3,9.2,23.020322418411304,1053.2,0.006922289349151957,8.280269801636244,-1.1653716535059897,-0.5171446123673087,0.80838586348833,2.8027861987283025,-0.3844534667773256,-0.7466854545800048,0.8652460676453593,False,0.13071599985006743,55.20000125508348,51.85271349928686,cameron johnson,21057065.0,False,False,DEN,191600929,11117787.0,202718716.0,22278916.92283256,0.1131772408293486,39.43154983249438,89.084619591039,cameron johnson
1626166,Cameron Payne,1610612755,PHI,31.0,22,374.3366666666666,163,44,58,24,7,11,-64,105.5,113.6,0.514,0.183,0.096,105.5,113.9,-8.3,31.389925290068664,326.40000000000003,-0.012247923952119384,-3.205055503662112,-0.35927235955169085,-0.42808442406249264,-1.2959150215035984,-1.0453579850072687,-0.11326612116867033,-0.055064784981862645,0.4124960973185447,False,-0.49172141066211267,31.145815012568857,22.91158547013337,cameron payne,1127841.0,False,False,PHI,194666722,7043402.5,201710124.5,1168648.3759982588,0.005936751734983617,48.8878656116727,110.4485349709674,cameron payne
1627747,Caris LeVert,1610612765,DET,31.0,60,1154.415,443,117,159,51,41,82,-7,108.6,107.7,0.518,0.178,0.081,107.1,106.8,0.3,25.78656722235938,826.9000000000001,-0.01120128122118716,-3.688481172508699,4.033751368461591,-0.47655329629772214,-1.18102578212174,-1.2073291635669472,1.3646317667598888,-0.5490795489805355,0.7243853193633143,False,-0.43742066560791093,33.09031498209746,28.986235513916306,caris levert,14104000.0,False,False,DET,185095988,0.0,185095988.0,14104000.0,0.07164853705348724,25.867669078272968,58.440803603560916,caris levert
1642868,Carter Bryant,1610612759,SAS,20.0,71,817.865,298,178,47,16,23,33,-4,109.1,108.4,0.526,0.158,0.071,110.2,108.1,2.1,23.038521027308903,523.4,-0.008678710297458266,-2.0020726390949717,2.9297516418526164,-0.9404266933350718,-0.9041249389315611,-0.6423000488700963,0.9932249715211593,-0.878422724979651,0.6097186385389725,True,-0.581613493269738,28.04135260472926,23.11654483242715,carter bryant,4900320.0,False,False,SAS,188455363,560363.0,189015726.0,4914890.8669281015,0.02496772124170052,29.83515845930188,67.40424236622366,carter bryant
1641717,Cason Wallace,1610612760,OKC,22.0,77,2046.07,660,238,200,150,28,73,532,116.2,103.8,0.538,0.141,0.076,116.0,103.1,12.9,24.46367915076219,1390.3999999999999,-0.006052925012288703,2.4863684458182846,7.6832790393266945,-0.1309672691964456,-0.6158943275896073,0.8615466420878698,2.5924032450504484,-0.7137511369800933,0.9643815729169747,True,0.1788411755391673,57.09687934743041,56.181713882263274,cason wallace,5820487.0,False,False,OKC,189104345,1209345.0,190313690.0,5857709.71347607,0.029757255491673452,68.19075866709005,154.05805303843374,cason wallace
1642907,Cedric Coward,1610612763,MEM,22.0,62,1597.9466666666667,843,364,171,40,27,105,23,113.8,113.5,0.585,0.207,0.11,113.4,113.6,-0.2,30.01301670477112,1332.1999999999998,0.0008427909394059317,0.4371725947427915,-0.47158983171674373,0.267759557673957,0.141043581851476,0.17496608071591857,-0.15105188449876644,0.40601566141689865,0.8522554745728501,False,0.21348825455385306,58.452692526625206,54.5664631338468,cedric coward,5715120.0,False,False,MEM,160304096,0.0,160304096.0,5715120.0,0.029032897552830828,66.80396128094308,150.92497005996702,cedric coward
1643052,Chaney Johnson,1610612751,BKN,24.0,17,347.5833333333333,139,79,36,15,9,20,-78,107.0,116.0,0.635,0.16,0.099,107.0,116.4,-9.4,27.726300647326788,267.70000000000005,0.008651432610168843,-2.4547983222404155,-1.3529406078518633,-0.7691844159748127,0.9981927079533497,-0.7939852348021108,-0.447555279704273,0.043738167817872015,0.39748260872951946,False,-0.21567682463129675,41.461983366521885,30.220278641818318,chaney johnson,2291166.0,True,True,BKN,152025523,0.0,152025523.0,2291166.0,0.011639158539895784,50.946453182996464,115.09934102513607,chaney johnson
1629646,Charles Bassey,1610612744,GSW,25.0,13,152.70333333333335,76,57,7,4,11,6,-44,107.2,120.1,0.681,0.161,0.136,111.7,122.4,-10.7,34.91475846412433,148.1,0.016111504063982405,-0.7219940075440187,-1.9977787130210838,-0.2881275468514397,1.8170795255205705,-0.21341127038207347,-0.6644912519842214,1.2623079190145985,0.26345892670510535,False,0.4475370394646609,67.275632466888,44.977562522198454,charles bassey,2380266.9,False,True,GSW,205124954,67979689.5,273104643.5,3169102.2007948877,0.016099087950931686,67.68672709017711,152.91933387872783,charles bassey
1642404,Chaz Lanier,1610612765,DET,24.0,34,262.005,80,23,17,7,0,3,6,107.7,105.7,0.436,0.147,0.045,107.5,108.3,-0.9,18.013396690902844,131.1,-0.021304496289407376,-1.8587913598134385,1.9532822433863568,-1.6582481053858003,-2.2900486226714403,-0.5942938316451414,0.6647218376961118,-1.7347149825773505,0.345098800082211,False,-1.2679196136127258,10.241332952078274,7.22315539449513,chaz lanier,1372870.0,False,False,DET,185095988,0.0,185095988.0,1372870.0,0.006974200727780844,14.567732144749868,32.911738999154075,chaz lanier
1631096,Chet Holmgren,1610612760,OKC,24.0,69,1997.2683333333332,1181,614,115,43,131,107,678,118.4,102.3,0.653,0.214,0.154,118.0,101.6,16.4,35.663510411303434,1978.5999999999997,0.01542329111610083,4.138039743713659,8.846259372299722,1.2394856253691682,1.7415348723374966,1.4149370885480155,2.98365225352794,1.8551256358130057,0.9528112312647465,True,1.7874277292482117,96.30658083972766,94.26151580280965,chet holmgren,13731368.0,False,False,OKC,189104345,1209345.0,190313690.0,13819181.747663809,0.07020165594840931,84.72291482598757,191.4078617244058,chet holmgren
1628449,Chris Boucher,1610612738,BOS,33.0,9,94.15,21,18,3,5,7,1,5,114.3,109.9,0.392,0.128,0.04,114.2,106.9,7.3,23.47742963356346,61.4,-0.024182853911864925,0.19870531892052812,0.7670890028776607,-1.2755873615933633,-2.6060039225459075,0.09506791187229166,0.2656635595347617,-1.899386570576908,0.2068706227221607,False,-1.2255036792422414,11.019275234375703,7.086405327263621,chris boucher,3287409.0,False,False,BOS,187492509,0.0,187492509.0,3287409.0,0.016700088311575968,10.528402148890313,23.785996348600527,chris boucher
1641753,Chris Livingston,1610612739,CLE,22.0,3,17.426666666666666,9,3,1,1,0,0,8,113.9,86.8,0.605,0.189,0.104,113.3,93.9,19.4,30.3672532517215,14.7,0.0045495047707619415,0.018657244993721532,0.7369358520680982,-0.7600544573292167,0.5479269624978972,0.034743025109649404,0.2555194581925189,0.20840975581742932,0.08900119168422477,False,-0.0017622707170655977,49.92969560653445,29.461043667829426,chris livingston,2823885.0,False,False,CLE,211858381,66115250.25,277973631.25,3705142.8599485345,0.018822182748829144,41.97606050870551,94.83323374895392,chris livingston
1643024,Chris Mañon,1610612747,LAL,24.0,9,46.085,7,10,3,5,2,1,-1,105.2,108.4,0.451,0.081,0.086,107.8,104.3,3.5,24.841054573071503,31.800000000000004,-0.010524212241102024,-0.5254252402395153,0.5908130145379628,-1.1898742014653043,-1.1067043944771255,-0.14755114552710352,0.20636091812208335,-0.3844079609809782,0.14473329704227453,False,-0.5699751319429415,28.434728246886486,17.49105392214041,chris manon,2291166.0,True,True,LAL,197146448,28645956.0,225792404.0,2624079.126716318,0.013330362346980755,28.119612975283577,63.52844449664679,chris manon
101108,Chris Paul,1610612746,LAC,41.0,16,227.535,47,28,53,11,0,16,-84,99.4,116.6,0.413,0.135,0.064,100.4,116.2,-15.8,22.561803678554945,142.6,-0.022670353735170044,-4.061354531696876,-1.0693320985517978,-1.283976515832003,-2.4399778376844306,-1.3322599261086057,-0.3521439086660634,-1.1089629481790315,0.32159757461772004,False,-1.272340264280575,10.162612419643002,7.060159008475351,chris paul,3634153.0,False,False,LAC,191938984,12131952.0,204070936.0,3863858.132526157,0.01962845877607192,9.912708990273691,22.395008901919752,chris paul
1642959,Chris Youngblood,1610612757,POR,24.0,34,185.09166666666667,71,28,12,4,3,2,9,106.6,104.3,0.527,0.162,0.059,110.2,107.3,2.9,23.22308765926793,119.39999999999999,-0.008736424482204044,-1.1417507718751696,1.8481966719624912,-1.249501850249899,-0.9104601845612523,-0.35405026042438653,0.6293690252201062,-1.2736345361785892,0.29005615966149684,False,-0.7897370363808813,21.484067850981436,14.620451114683007,chris youngblood,636435.0,False,False,POR,189204726,1309726.0,190514452.0,640840.5742392503,0.0032554799793504657,38.49759127532985,86.97459999677405,chris youngblood
1631128,Christian Braun,1610612743,DEN,25.0,44,1399.138333333333,526,211,120,30,12,43,291,124.2,114.1,0.607,0.142,0.076,122.8,113.5,9.3,22.423801315809854,871.5,0.0037021464415248444,7.642735264831812,-0.5887527057040488,-0.7106905687997129,0.45491303228770735,2.589181032612305,-0.19046773443040027,-0.7137511369800933,0.7974785073573892,False,0.03624596627648566,51.445688286906645,46.75720237505578,christian braun,4921797.0,False,False,DEN,191600929,11117787.0,202718716.0,5207387.946707983,0.026453610908365694,59.13802629319591,133.60592211246987,christian braun
1631132,Christian Koloko,1610612737,ATL,26.0,27,356.6683333333333,73,81,18,14,23,16,-13,106.9,108.2,0.453,0.109,0.046,107.0,108.6,-1.6,21.125508759304864,209.29999999999998,-0.013944211534322475,-2.5089009668231523,1.8738994314083788,-1.3457789061537455,-1.482115321121238,-0.8121122596395987,0.638015929095627,-1.701780664977439,0.40264372551546074,False,-1.0954106737814495,13.666837999451948,9.99305085535059,christian koloko,389251.0,False,False,ATL,186963786,0.0,186963786.0,389251.0,0.002,31.20510466042295,70.49925477901218,christian koloko
1642935,Chucky Hepburn,1610612761,TOR,23.0,2,13.233333333333333,0,1,2,1,0,1,-16,73.1,120.7,0.0,0.219,-0.1,72.2,133.6,-61.4,11.697732997481111,4.300000000000001,-0.1272233516148314,-1.0423547484324902,-0.3996338869037596,-2.2667949460067023,-13.916687173628008,-0.3207477444459368,-0.12684451721666293,-6.510191034564521,0.0775574078676661,False,-4.674397962164623,0.00014740858374454166,8.621940350319961e-05,chucky hepburn,2049320.7000000002,True,True,TOR,191608832,3713832.0,195322664.0,2089041.378397134,0.010612362351556659,0.00015012700955034368,0.00033917022265027785,chucky hepburn
203991,Clint Capela,1610612745,HOU,32.0,75,925.6616666666666,282,345,50,36,63,41,162,113.1,105.1,0.54,0.133,0.11,112.6,104.4,8.2,28.82997207402993,741.3000000000001,-0.005443496642797146,-0.12079012901254466,5.363650724216637,-0.30091757793288115,-0.5489978023863524,-0.01197864684611697,1.8120355530164223,0.40601566141689865,0.6486565370288833,True,0.23423416950944226,59.25984053337636,49.89058961872569,clint capela,6700000.0,False,False,HOU,199783669,14606591.5,214390260.5,7189850.664670694,0.03652455202472334,56.364020825782944,127.33882830414332,clint capela
1629632,Coby White,1610612766,CHA,26.0,50,1249.7883333333334,868,170,200,25,5,128,94,117.2,114.0,0.595,0.283,0.112,117.8,113.3,4.4,33.206262927189,1152.8,0.003982221429236131,3.266959471987894,-0.4565143556067899,0.3802216215248032,0.48565666749107145,1.1230827098425247,-0.1459802036516215,0.47188429661672177,0.7537145388412022,False,0.4560345704185136,67.58174405322977,60.09176360320028,coby white,12888889.0,False,False,CHA,185779105,0.0,185779105.0,12888889.0,0.0654757544735383,55.34454425371931,125.03560454068314,coby white
1628998,Cody Martin,1610612754,IND,30.0,4,55.18,7,14,2,4,2,4,-28,79.0,99.2,0.277,0.119,0.045,77.7,98.2,-20.5,17.484595868068137,26.799999999999997,-0.03616749699618692,-3.455437577827431,1.4253540229794368,-1.7843070026724526,-3.921549798448011,-1.129248192450191,0.4871166048943938,-1.7347149825773505,0.158372403473011,False,-1.6510434533418896,4.936485118305584,3.0668781708707344,cody martin,165197.0,False,False,IND,188736250,841250.0,189577500.0,165933.32901072263,0.002,9.576880543097186,21.636297930840588,cody martin
1642262,Cody Williams,1610612762,UTA,21.0,67,1630.5416666666667,588,198,137,51,26,73,-393,110.9,121.4,0.524,0.159,0.057,110.7,121.3,-10.7,21.645812996703544,980.3999999999999,-0.00905163884364471,-1.6883183869231915,-6.428020594037634,-0.6858258256117549,-0.94506104420311,-0.537177070763402,-2.1549100442196214,-1.339503171378412,0.860903771062889,True,-1.1188796316943823,13.159574674622048,12.335873429376742,cody williams,5742480.0,False,False,UTA,175673708,0.0,175673708.0,5742480.0,0.029171886773887507,15.077188598730062,34.062714159750605,cody williams
1641732,Colby Jones,1610612765,DET,24.0,1,6.816666666666666,2,4,2,0,0,0,12,133.3,53.3,0.333,0.158,0.256,137.7,50.4,87.4,40.136919315403425,7.6,-0.039172710297458266,0.30873003102202384,0.8255702992880696,0.018360079250339667,-4.251429957321122,0.13193155697472814,0.28533779527747516,5.214426031003981,0.05566403550305034,False,0.9937937383534412,83.98383523954158,48.29480501565315,colby jones,85300.0,False,False,DET,185095988,0.0,185095988.0,85300.0,0.002,150.80924403194217,340.71154170883045,colby jones
1630175,Cole Anthony,1610612749,MIL,26.0,35,526.635,234,87,121,20,11,65,-111,103.4,113.1,0.483,0.244,0.082,105.2,113.5,-8.3,30.029906861488502,439.29999999999995,-0.023894565269492518,-4.363357924915818,-0.20475329566555925,-0.44672619914715817,-2.574358680224209,-1.4334457933080098,-0.061282928656917604,-0.516145231380624,0.4892642899850197,False,-0.8768882295293472,19.027367501189946,14.654287278493651,cole anthony,6367947.0,False,False,MIL,182444588,0.0,182444588.0,6367947.0,0.03234926875951098,17.274289022929484,39.02645147985518,cole anthony
1630658,Colin Castleton,1610612753,ORL,26.0,4,21.383333333333333,5,8,1,1,0,2,6,116.3,102.3,0.46,0.14,0.098,107.9,109.9,-1.9,19.1925175370226,11.399999999999999,-0.016929996466102264,-0.07078935662999714,0.2493919776169324,-1.6595766310548052,-1.8098628414851923,0.0047740507320199466,0.0915002980570592,0.010803850217960459,0.09858852351920568,False,-0.6686912766027303,25.184621666326855,14.968853515942605,colin castleton,2456639.1,True,True,ORL,189903062,2008062.0,191911124.0,2482615.951412876,0.012611727239391942,24.53609720662962,55.43248731502077,colin castleton
1631221,Collin Gillespie,1610612756,PHX,27.0,80,2281.8016666666667,1012,327,371,99,16,125,200,113.7,110.0,0.575,0.181,0.108,113.5,110.2,3.3,28.952384847938145,1835.1000000000001,-0.0010730668597465057,0.4872056069069571,2.3138306268332935,0.585810834936022,-0.06925878666769933,0.19172958019342018,0.7860172659439497,0.34014702621707554,1.0,True,0.3847700255195788,64.9796095630504,64.9796095630504,collin gillespie,2378870.0,False,False,PHX,188101058,618174.0,188719232.0,2386687.901712068,0.012124411270627257,107.99009198126686,243.9735771132358,collin gillespie
1642867,Collin Murray-Boyles,1610612761,TOR,21.0,57,1245.6,484,285,106,52,53,59,47,111.7,109.1,0.621,0.15,0.098,111.1,108.6,2.5,28.02601156069364,969.6999999999999,0.006010718072033288,-1.1745541468606648,2.9547671196724767,-0.18233373747972156,0.7083233229715364,-0.3650409910569005,1.0016406606055919,0.010803850217960459,0.7524505420170937,False,0.15939616957349192,56.33216217160577,50.056913875941994,collin murray boyles,6332520.0,False,False,TOR,191608832,3713832.0,195322664.0,6455259.203465528,0.03279281609680689,58.72588435488534,132.6748020335514,collin murray boyles
1629012,Collin Sexton,1610612741,CHI,27.0,68,1613.2033333333334,1050,155,223,76,10,141,-118,110.5,113.6,0.615,0.248,0.113,108.5,114.0,-5.4,32.59229566018749,1460.5,0.008449720545761702,-2.8138913714665468,-0.6864050452370871,0.5776293020343265,0.976050915946406,-0.9142989213602045,-0.2233198643715303,0.5048186142166333,0.8563143362248716,True,0.27161772930577227,60.704201710461646,56.77915612794351,collin sexton,19175000.0,False,False,CHI,177919585,0.0,177919585.0,19175000.0,0.09740929509363427,45.50580881083722,102.80771829453458,collin sexton
1642843,Cooper Flagg,1610612742,DAL,19.0,70,2343.858333333333,1473,466,316,84,64,161,-266,109.5,114.7,0.548,0.264,0.128,108.9,113.7,-4.8,35.77178654853287,2329.0,-0.0086931361932214,-3.169835171837959,-0.9553520145894477,1.5290928149292762,-0.9057084594038738,-1.0335574559446896,-0.3137988106690494,0.9988333782153062,1.0,True,0.34396350829426897,63.45631351688271,63.45631351688271,cooper flagg,13825920.0,False,False,DAL,185068401,0.0,185068401.0,13825920.0,0.07023588637397549,57.025251458852544,128.83269500882975,cooper flagg
1630557,Corey Kispert,1610612737,ATL,27.0,58,1079.6066666666666,532,132,92,16,9,45,-151,108.9,115.9,0.609,0.179,0.088,108.7,115.6,-6.9,24.789028102827572,743.4,0.005024790232626389,-2.8746801182541297,-1.8994538557289835,-0.6235573650758577,0.6000987147005097,-0.9346661165566087,-0.6314128741015257,-0.31853932578115507,0.7005214507995475,False,-0.39634818039695463,34.592409422768256,29.930551358492842,corey kispert,13975000.0,False,False,ATL,186963786,0.0,186963786.0,13975000.0,0.07099321506824194,26.796425542750494,60.539070516278535,corey kispert
1642504,Cormac Ryan,1610612749,MIL,27.0,11,270.67833333333334,157,28,19,11,3,17,-18,116.0,119.0,0.692,0.206,0.104,113.6,119.9,-6.3,27.876630933395724,209.59999999999997,0.022880719485592373,0.552809247254418,-2.3177597233770633,-0.8036980037807067,2.560131560390219,0.21370999958289122,-0.7721390337084085,0.20840975581742932,0.35076431697167554,False,0.16185380473975736,56.42895092343508,39.942891100528406,cormac ryan,2673027.0,True,True,MIL,182444588,0.0,182444588.0,2673027.0,0.013579018296545082,63.800430618871914,144.1393279130754,cormac ryan
1641854,Craig Porter Jr.,1610612739,CLE,26.0,64,1147.6616666666666,289,220,205,57,38,59,103,116.2,111.6,0.524,0.119,0.092,116.0,110.7,5.3,26.62526848069335,848.8,-0.006774496996186921,2.155068979686346,1.310085871292949,-0.3916824001597332,-0.6951007787876075,0.7505451615218649,0.4483381760785925,-0.18680205538150887,0.7222633826654885,False,-0.07839383283245846,46.87573895609984,41.0171398283746,craig porter,2456639.1,False,True,CLE,211858381,66115250.25,277973631.25,3223289.482693309,0.01637436017689076,61.36149031763813,138.62922065470894,craig porter
1642938,Curtis Jones,1610612743,DEN,24.0,10,87.71666666666667,29,11,10,4,0,2,26,117.9,104.4,0.52,0.142,0.075,120.2,105.6,14.5,23.27037811134334,56.7,-0.008651853558475149,0.9393737227744786,1.1672610997072106,-1.2959731814018465,-0.9011768935070263,0.34322795389151495,0.4002891689848153,-0.7466854545800048,0.19967777072376414,False,-0.5716478973190675,28.378026963093607,18.157822352389715,curtis jones,2291166.0,True,True,DEN,191600929,11117787.0,202718716.0,2424112.618278881,0.012314529406734288,30.012734766345435,67.80542664197637,curtis jones
1626156,D'Angelo Russell,1610612764,WAS,30.0,26,494.775,264,61,104,12,2,49,-41,107.9,111.3,0.511,0.261,0.098,107.4,110.3,-2.9,30.130059117780803,414.0999999999999,-0.018251350554662076,-2.6788727850768037,1.1145395209362885,-0.4588909848986052,-1.9549069541534492,-0.869061109273837,0.3825526133142994,0.010803850217960459,0.4742338318516797,False,-0.47769390867621125,31.643404021386377,24.15673994561432,d angelo russell,5685000.0,False,False,WAS,187128348,0.0,187128348.0,5685000.0,0.028879887489299132,29.629064848994876,66.93863117537937,d angelo russell
1629610,DaQuan Jeffries,1610612758,SAC,28.0,3,59.903333333333336,31,5,1,2,0,0,1,121.5,120.7,0.731,0.141,0.078,121.4,121.7,-0.3,24.21901953146736,40.3,0.02116007498771129,0.9044787342626767,-0.8943347545597277,-1.232983820659882,2.3712576192010753,0.3315364307074686,-0.29327142786661387,-0.6478825017802702,0.16501147802134214,False,-0.14118231239276202,44.38629593877576,27.708374499864206,daquan jeffries,165197.0,False,False,SAC,193326868,5431868.0,198758736.0,169838.50848394234,0.002,86.52439968075419,195.47781569952573,daquan jeffries
1641747,DaRon Holmes II,1610612743,DEN,23.0,25,209.51,93,35,16,1,6,12,-16,107.9,110.9,0.692,0.171,0.095,108.3,113.1,-4.8,23.592191303517733,137.3,0.01899321860211794,-1.4309775489820593,0.2128582668229954,-1.205527348786378,2.1334033116774287,-0.450955338035991,0.0792096533067814,-0.08799910258177421,0.3085965297630843,False,-0.06353292392889391,47.46710713438324,32.698591966714226,daron holmes,3218760.0,False,False,DEN,191600929,11117787.0,202718716.0,3405530.9528909433,0.01730014965009958,47.98435322624013,108.40730003361466,daron holmes
1631342,Daeqwon Plowden,1610612758,SAC,27.0,32,844.3683333333333,344,97,41,23,7,26,-205,111.2,122.1,0.572,0.157,0.057,111.4,121.9,-10.5,21.21112231826158,497.5,-0.0014017817512718314,-1.0464003917036246,-5.677292967942521,-1.107856577611332,-0.10534159003957913,-0.3221032322714408,-1.902350795349515,-1.339503171378412,0.619518997189584,False,-1.0282844384654368,15.190802446621854,12.589887159848333,daeqwon plowden,2673027.0,True,True,SAC,193326868,5431868.0,198758736.0,2748130.5278988536,0.01396054537407689,19.91562992257514,44.99382659584111,daeqwon plowden
1630625,Dalano Banton,1610612738,BOS,26.0,6,61.65,12,5,11,2,5,8,-9,110.0,114.3,0.436,0.152,0.051,110.2,115.2,-4.9,19.912408759124084,34.099999999999994,-0.0220291390203396,-0.314592866773964,-0.2084619614522596,-1.5835999830975496,-2.3695921476202484,-0.07691201688872218,-0.06253059533767011,-1.5371090769778815,0.1673999022482608,False,-1.233387932844748,10.87155324779313,6.798307914221521,dalano banton,311219.0,False,False,BOS,187492509,0.0,187492509.0,311219.0,0.002,21.22894329747925,47.96089288930805,dalano banton
1631207,Dalen Terry,1610612755,PHI,23.0,48,551.0266666666666,176,86,66,29,15,26,-45,106.8,109.7,0.523,0.139,0.076,106.6,109.6,-3.0,25.218380235681273,386.0,-0.008052067919915817,-3.30609468569568,1.7305515320601297,-0.8756268087367038,-0.8353388441232905,-1.079211039260117,0.5897909317356463,-0.7137511369800933,0.5004664490919113,False,-0.6317458860253682,26.377646949652306,20.448213109240427,dalen terry,5697604.0,False,False,PHI,194666722,7043402.5,201710124.5,5903753.8639588235,0.029991160484722224,24.751171668066547,55.91838824111287,dalen terry
1642261,Dalton Knecht,1610612747,LAL,25.0,54,552.9283333333333,228,75,21,11,11,23,-82,105.2,113.7,0.568,0.171,0.069,108.2,113.9,-5.7,21.08844726712624,323.9,-0.002210781397882059,-3.143469961913403,-0.4616719820708386,-1.2568781770268316,-0.19414491452878344,-1.0247238246345391,-0.1477153286429425,-0.9442913601794737,0.5013292935846264,False,-0.8024945624814899,21.11334662555101,16.375473261100737,dalton knecht,4010160.0,False,False,LAL,197146448,28645956.0,225792404.0,4592847.986917015,0.02333173845516577,21.6421508512751,48.894420430031616,dalton knecht
1629655,Daniel Gafford,1610612742,DAL,27.0,55,1194.4383333333333,524,378,58,42,69,63,-188,105.9,113.0,0.677,0.151,0.114,106.9,113.7,-6.8,30.501365355822745,1011.9999999999998,0.014506789525846851,-4.572116425971931,-0.337761687546535,0.050248516161297024,1.6409311348016153,-1.5033900735343475,-0.10602951633960402,0.5377529318165448,0.7368354735974071,False,0.17861474032443725,57.08798902421025,50.32739890653553,daniel gafford,14386320.0,False,False,DAL,185068401,0.0,185068401.0,14386320.0,0.07308272699825047,44.60231177178772,100.76651802806603,daniel gafford
1642450,Daniss Jenkins,1610612765,DET,24.0,72,1455.3,671,166,278,64,15,115,209,113.2,106.6,0.525,0.209,0.1,111.6,106.2,5.4,29.343228200371062,1186.2,-0.011689066152966946,-0.5552627966388678,4.898025629979661,0.0969540370063648,-1.2345695923808497,-0.15754818227294848,1.655390293180648,0.07667248541778357,0.8133265027035576,True,0.08673113265595374,53.45573853138209,48.96529218338431,daniss jenkins,4169843.0,False,False,DET,185095988,0.0,185095988.0,4169843.0,0.021182866611792712,66.9393882015173,151.2309295201706,daniss jenkins
1642874,Danny Wolf,1610612751,BKN,22.0,57,1187.1616666666666,508,281,127,30,32,73,-231,102.9,111.9,0.521,0.201,0.096,102.7,112.3,-9.6,27.60432796993389,910.3,-0.01204563778347539,-7.181418507943378,0.5635128058525142,-0.26379897795619467,-1.273710210476746,-2.3776335419118158,0.1971766015205247,-0.055064784981862645,0.7345875981759693,False,-0.6005942526138132,27.40551334683724,24.132319942565168,danny wolf,2801280.0,False,False,BKN,152025523,0.0,152025523.0,2801280.0,0.014230545510294438,37.91923585872917,85.66796679328199,danny wolf
203967,Dario Saric,1610612758,SAC,32.0,5,41.248333333333335,5,6,2,0,0,2,0,104.7,104.7,0.363,0.1,0.015,106.6,105.6,1.0,8.029415329912318,9.2,-0.021792854618644476,-0.5445966903725363,0.5868788242580284,-2.557283233304222,-2.343655374367764,-0.15397451642536866,0.20503738065326718,-2.7227445105746964,0.13692787307280582,False,-1.800033038019444,3.5927710833617135,2.197401822145933,dario saric,5426400.0,False,False,SAC,193326868,5431868.0,198758736.0,5578864.521978394,0.028340717627577592,2.7130245875028574,6.129324471026977,dario saric
1641727,Dariq Whitehead,1610612763,MEM,21.0,6,182.81666666666663,98,24,9,4,0,10,-99,102.5,126.5,0.51,0.231,0.062,102.7,124.7,-22.0,24.063451545263927,122.19999999999999,-0.016384494169068734,-2.775392187227604,-3.3411556929831194,-1.1798100559049303,-1.7499834364742601,-0.9013998168098696,-1.116429170898129,-1.1748315833788545,0.28826807809482624,False,-1.2125738526172278,11.264639539559813,7.656807942482851,dariq whitehead,3394530.0,False,False,MEM,160304096,0.0,160304096.0,3394530.0,0.01724426464011444,11.248902704764953,25.41376695888303,dariq whitehead
1642468,Darius Brown II,1610612739,CLE,26.0,1,2.6666666666666665,0,1,0,0,0,0,-4,100.0,180.0,0.0,0.167,0.0,128.9,180.0,-51.1,9.450000000000001,0.7,-0.09701506721313628,0.02309795533323465,-0.35575146432002874,-2.450082573842285,-10.60074495631532,0.03623087967279083,-0.11208162412320492,-3.216759274573369,0.034815531191139566,False,-3.1790377809474424,0.07388241488606692,0.04179284317131097,darius brown,167291.0,False,False,CLE,211858381,66115250.25,277973631.25,219497.9803298117,0.002,0.1305056948168255,0.29484131936504415,darius brown
1629636,Darius Garland,1610612746,LAC,26.0,45,1344.2766666666666,845,107,301,43,8,130,84,117.9,115.2,0.582,0.266,0.112,117.5,113.8,3.7,34.00817788004949,1269.8999999999999,0.00028500671440568937,3.40681072406538,-1.034406411444097,0.5384622787973841,0.07981599821135521,1.1699397006516445,-0.34039423408958025,0.47188429661672177,0.7816871807090408,False,0.4125850784003755,66.0044682234593,59.52013852881053,darius garland,39446090.0,False,False,LAC,191938984,12131952.0,204070936.0,41939372.294688396,0.21305265668292525,36.272838632648565,81.94839018003239,darius garland
1642357,David Jones Garcia,1610612759,SAS,24.0,11,67.975,32,13,18,6,1,5,38,123.1,100.0,0.579,0.18,0.133,124.1,103.6,20.6,39.45568223611622,74.5,-0.0003471383135600603,1.2822426028379652,1.2902472980703033,0.017318449128788438,0.010425881320827156,0.45810575243254287,0.44166409752119673,1.163504966214864,0.17577749364673304,False,0.48991046183784126,68.79013701782853,43.275866402479856,david jones garcia,2291166.0,False,True,SAS,188455363,560363.0,189015726.0,2297978.672416534,0.01167376702061539,72.88026754495888,164.65269403602085,david jones garcia
1631223,David Roddy,1610612743,DEN,25.0,5,73.01666666666667,40,20,4,4,1,2,5,113.8,110.7,0.605,0.191,0.128,114.6,109.9,4.6,33.32937685459941,67.60000000000001,0.004597647678389051,0.1648834771053433,0.3467042657988528,-0.4799063353674034,0.5532115757431287,0.08373594517525025,0.12423802816683852,0.9988333782153062,0.18217956509826766,False,0.2938512619855236,61.55642190280292,38.90247702360776,david roddy,2380266.9,True,True,DEN,191600929,11117787.0,202718716.0,2518383.664545282,0.01279342777255173,63.44828340784361,143.34374923387648,david roddy
1630558,Davion Mitchell,1610612748,MIA,27.0,70,2000.255,654,187,453,68,11,108,202,117.2,113.0,0.582,0.137,0.083,115.6,111.4,4.3,25.90769676866199,1439.4999999999998,0.0001467891724570656,2.603238038359061,0.7206975559844773,0.024292242994633756,0.06464395545559677,0.9007036560023008,0.25005658228485905,-0.4832109137807124,0.9535233705483145,True,0.043420415675858276,51.73167981544257,50.64973846427957,davion mitchell,11600000.0,False,False,MIA,157325624,0.0,157325624.0,11600000.0,0.058928178518182925,48.40076161639121,109.34805897382138,davion mitchell
1630549,Day'Ron Sharpe,1610612751,BKN,24.0,62,1159.915,540,413,145,67,26,106,-114,107.3,111.7,0.638,0.19,0.141,106.6,112.6,-6.0,33.61591151075725,1083.1,0.010843576224575501,-4.266773945547962,0.4897390767717588,0.3572209763056766,1.2388227768696622,-1.4010854492544553,0.17235769656041644,1.4269795070141555,0.7261088698735824,False,0.5189133498070092,69.80894160604194,61.20491914680838,day ron sharpe,6250000.0,False,False,BKN,152025523,0.0,152025523.0,6250000.0,0.0317500961843658,72.62123113193609,164.06747330763483,day ron sharpe
1628368,De'Aaron Fox,1610612759,SAS,28.0,72,2231.065,1336,270,445,89,19,164,452,118.8,108.9,0.578,0.242,0.117,119.0,109.7,9.3,34.72745079143817,2152.2000000000003,-0.0007087081771196368,4.8475816893336034,2.908933152419814,1.3035339131566763,-0.02926338931573739,1.6526682488395075,0.9862212302560247,0.6365558846162795,1.0,True,0.9082941571410224,81.81385856581116,81.81385856581116,de aaron fox,37096620.0,False,False,SAS,188455363,560363.0,189015726.0,37206925.023651995,0.18901175171607001,51.99287556984139,117.46344136254677,de aaron fox
1629631,De'Andre Hunter,1610612758,SAC,28.0,45,1175.486666666667,615,185,90,30,6,75,-21,114.1,115.0,0.545,0.218,0.077,112.8,114.4,-1.6,25.832704752074314,843.5,-0.007832423068644944,0.2343026173284309,-1.19208908879064,-0.45954204654342723,-0.8112285826645634,0.10699474312729129,-0.3934417271698798,-0.6808168193801817,0.7309665664119812,False,-0.48378189245598413,31.42703336104239,27.622318149369487,de andre hunter,23303571.0,False,False,SAC,193326868,5431868.0,198758736.0,23958326.973187484,0.12170866973043011,20.477910334884793,46.264142798143155,de andre hunter
1629001,De'Anthony Melton,1610612744,GSW,28.0,49,1125.256666666667,602,158,125,77,20,91,95,114.3,110.4,0.518,0.244,0.09,114.5,111.2,3.3,31.0201228164241,969.6,-0.015354565269492512,0.992814388555869,1.4268417391741195,0.05789138840352473,-1.6369288626520022,0.3611331835419756,0.4876171013082734,-0.25267069058133196,0.7151785113035088,False,-0.17955514674378142,42.87509099931417,37.379804738424184,de anthony melton,3080921.0,False,False,GSW,205124954,67979689.5,273104643.5,4101957.440812703,0.02083800692639653,51.39553728867297,116.11392165634436,de anthony melton
201599,DeAndre Jordan,1610612740,NOP,37.0,12,198.8,53,76,11,4,10,9,-1,110.0,112.3,0.671,0.098,0.119,109.6,109.8,-0.2,24.953722334004027,137.8,0.00882700247372842,-0.9177673746900868,0.6090451865542488,-1.0958509590872652,1.017464888886351,-0.27900489738765183,0.21249457233919933,0.7024245198161022,0.30060544965724817,False,0.07940780074869902,53.16458679317123,36.432226769705544,deandre jordan,3571495.0,False,False,NOP,190898076,3003076.0,193901152.0,3627679.2798175714,0.0184286665696382,52.29388308699545,118.14348412712548,deandre jordan
1630610,DeJon Jarreau,1610612763,MEM,28.0,11,230.7333333333333,88,51,36,10,8,26,-112,99.2,122.2,0.473,0.211,0.073,98.7,122.6,-24.0,27.413464316671487,175.7,-0.022772923245339843,-4.447748251759027,-2.9994126170231024,-0.8680491955533576,-2.4512368209639326,-1.4617206690100875,-1.0014602106908668,-0.8125540897798279,0.3238499465474525,False,-1.1979411809220208,11.546995816243788,8.033619988977478,dejon jarreau,2851228.8000000003,False,True,MEM,160304096,0.0,160304096.0,2851228.8000000003,0.014484286182981422,12.545424036073793,28.34289630028506,dejon jarreau
201942,DeMar DeRozan,1610612758,SAC,36.0,77,2405.515,1419,226,316,80,23,96,-588,110.6,122.3,0.594,0.222,0.111,110.3,121.1,-10.8,31.535533970896044,2107.2,0.002901862746609262,-2.12445528334365,-7.1524694851963,1.0112762069044436,0.367066451710339,-0.6833042040104367,-2.398628619953283,0.4389499790168102,1.0,True,-0.02272591040685315,49.09344538273858,49.09344538273858,demar derozan,24570000.0,False,False,SAC,193326868,5431868.0,198758736.0,25260338.58635728,0.1283229087626385,35.72770238493442,80.71680644925847,demar derozan
1629731,Dean Wade,1610612739,CLE,29.0,59,1317.6833333333334,342,247,88,44,23,16,151,117.2,110.9,0.58,0.097,0.074,116.9,109.7,7.1,20.722733079520875,758.4999999999999,-9.006898008514353e-05,2.924320093197964,2.001407293769619,-0.9378096603279205,0.03864420197455078,1.0082818054222569,0.6809120325872384,-0.7796197721799164,0.7739166426023992,False,-0.20916264073834806,41.71606378622584,37.47197529503475,dean wade,6623456.0,False,False,CLE,211858381,66115250.25,277973631.25,8690456.837506939,0.04414765447630796,39.616577995678,89.50263926312547,dean wade
1629028,Deandre Ayton,1610612747,LAL,27.0,72,1958.385,897,575,59,41,70,83,-8,115.6,115.5,0.676,0.164,0.117,114.8,113.8,1.0,27.5020488821146,1496.1,0.015591718425423071,1.699947007738679,-1.2261099375295226,0.19763027642647135,1.7600230200953566,0.5980571019600915,-0.40488699667209355,0.6365558846162795,0.9434908584612783,True,0.533353303299005,70.31054820437141,68.52261328030575,deandre ayton,33654814.0,False,False,LAL,197146448,28645956.0,225792404.0,38544956.99173264,0.19580897470556072,43.01110045307474,97.17161862343531,deandre ayton
1627749,Dejounte Murray,1610612740,NOP,29.0,14,389.4166666666667,234,75,89,23,3,47,20,116.2,114.9,0.58,0.267,0.138,115.4,113.9,1.5,37.154033811256156,401.90000000000003,-0.0002479218317807559,1.1970220635070505,-0.5950822389836663,0.095067573892336,0.021316805022762682,0.4295527150527672,-0.19259711147106348,1.3281765542144217,0.4207226827229259,False,0.4609607210280804,67.7586606969649,50.09568586109349,dejounte murray,30801103.0,False,False,NOP,190898076,3003076.0,193901152.0,31285644.568626538,0.15893155587900384,33.82710442573475,76.42293398139822,dejounte murray
1630166,Deni Avdija,1610612757,POR,25.0,66,2199.385,1598,454,442,51,41,253,16,115.7,115.4,0.6,0.285,0.149,114.0,114.7,-0.8,38.86795626959354,2374.6,0.005435364336863243,1.3801959662943644,-1.661444431096695,1.8141469475698222,0.6451671465078429,0.4909249069486271,-0.5513419143823463,1.690454047813448,0.9998602175031541,True,1.0483854720976087,85.27694778795353,85.27158368684519,deni avdija,14375000.0,False,False,POR,189204726,1309726.0,190514452.0,14474507.61615754,0.07353072144549395,75.4098859309921,170.36766320633137,deni avdija
203471,Dennis Schröder,1610612739,CLE,32.0,70,1696.2983333333334,756,190,341,55,11,124,-235,110.8,117.0,0.526,0.21,0.094,110.5,115.4,-4.9,28.3492585325498,1335.8000000000002,-0.01153499469915339,-1.827393791684233,-2.393611394920465,0.13711361254064766,-1.2176572768256357,-0.5837741148789035,-0.7976569985796207,-0.12093342018168575,0.8780915083120306,True,-0.3918648814619678,34.75790262359597,32.851125056210016,dennis schroder,14104000.0,False,False,CLE,211858381,66115250.25,277973631.25,18505475.57592258,0.09400810071567584,26.658176830834652,60.22673600337473,dennis schroder
1641726,Dereck Lively II,1610612742,DAL,22.0,7,115.27333333333333,30,37,13,4,11,10,14,108.6,102.3,0.67,0.113,0.094,107.0,101.5,5.5,28.388178821352145,90.89999999999999,0.010065074280931749,-1.0015960217331925,2.083524933508027,-0.8578037690160351,1.1533671638708836,-0.3070915829602874,0.7085379899789952,-0.12093342018168575,0.22890384377936884,False,-0.017508932675075813,49.301530334763804,32.19423109314476,dereck lively,5253191.0,False,False,DAL,185068401,0.0,185068401.0,5253191.0,0.026686291123975164,40.594315687222796,91.71156563505599,dereck lively
1642852,Derik Queen,1610612740,NOP,21.0,81,2023.38,948,572,298,84,74,190,-304,112.7,119.4,0.546,0.214,0.109,111.8,118.6,-6.8,32.602081665332264,1832.4,-0.007474708883899165,-0.6623590372765041,-4.79440060537832,0.8765683741158445,-0.7719625471904152,-0.19343064659631834,-1.6053287807445569,0.3730813438169871,0.9590193855278327,True,-0.05454179950563631,47.82517534714601,46.94321806431167,derik queen,5157960.0,False,False,NOP,190898076,3003076.0,193901152.0,5239101.445788903,0.026614715971751617,59.24725859050985,133.85270210703274,derik queen
1627884,Derrick Jones Jr.,1610612746,LAC,29.0,50,1349.5083333333334,504,173,69,45,50,40,130,117.9,113.8,0.6,0.144,0.072,117.2,111.8,5.4,23.067067635743882,864.7,0.002746289349151954,3.2790566776789696,0.24870314168954424,-0.6645140453972256,0.34998926885348974,1.1271358638004791,0.0912685603690234,-0.8454884073797395,0.7832067918422815,False,-0.18451597960977933,42.68043462299407,38.51666186662598,derrick jones,10000000.0,False,False,LAC,191938984,12131952.0,204070936.0,10632073.36764896,0.05401109632993416,37.94614290480205,85.72875578011877,derrick jones
1628401,Derrick White,1610612738,BOS,31.0,77,2624.9566666666665,1267,339,414,88,98,134,598,119.3,108.0,0.529,0.216,0.109,117.5,107.1,10.5,31.35000323814869,2285.8999999999996,-0.011216565976272058,4.396518634880595,4.603900979221107,1.139650113035792,-1.1827035789801559,1.50154012461558,1.5564410893846612,0.3730813438169871,1.0,True,0.678128576657057,75.11549133898299,75.11549133898299,derrick white,28100000.0,False,False,BOS,187492509,0.0,187492509.0,28100000.0,0.14274843244490865,52.664453885878245,118.98068577885506,derrick white
1630217,Desmond Bane,1610612753,ORL,28.0,82,2756.045,1647,338,338,86,37,164,135,113.6,111.5,0.607,0.224,0.111,112.4,110.8,1.6,31.223873340239358,2390.3999999999996,0.005840005654236375,-0.08975256430623343,1.5750960183790697,1.2133050649145538,0.6895843404571722,-0.0015795487860202446,0.5374926994563525,0.4389499790168102,1.0,True,0.6188358836028072,73.19877598471498,73.19877598471498,desmond bane,36725670.0,False,False,ORL,189903062,2008062.0,191911124.0,37114012.46048934,0.18853975446532598,46.55869890708851,105.18643062245894,desmond bane
1626164,Devin Booker,1610612756,PHX,29.0,64,2146.43,1668,248,386,51,18,201,201,115.9,112.0,0.585,0.307,0.142,114.2,110.5,3.7,37.71695326658685,2248.7999999999997,0.0012499363207614544,1.5361307097202463,1.493050436571989,1.6209139017864653,0.18573564515000923,0.5431706518453598,0.5098909837421077,1.459913824614067,0.9877499683624393,False,1.029022214941458,84.82653820314097,84.35893070362901,devin booker,53142264.0,False,False,PHX,188101058,618174.0,188719232.0,53316910.36432792,0.27085072517129943,47.267606311736564,106.78800973199473,devin booker
1642269,Devin Carter,1610612758,SAC,24.0,38,699.8683333333333,339,125,101,34,9,54,-113,111.0,118.3,0.508,0.226,0.094,110.5,118.1,-7.6,30.096518154605274,585.1,-0.01648185143813651,-1.333416137978554,-3.055931883200724,-0.32449160458388415,-1.7606702756992638,-0.4182675067094388,-1.0204743816316084,-0.12093342018168575,0.5640230223111196,False,-0.5973147518065236,27.51486286442445,22.11673182550435,devin carter,4923720.0,False,False,SAC,193326868,5431868.0,198758736.0,5062060.818250674,0.025715346859290937,28.251509735139848,63.826428540565956,devin carter
1630170,Devin Vassell,1610612759,SAS,25.0,67,2044.2316666666663,932,269,167,57,25,60,492,121.3,109.9,0.574,0.176,0.087,119.9,108.3,11.6,25.45601892805692,1445.5,-0.001219424128814282,6.005158756097715,3.2145901950588454,-0.007148884775896869,-0.08532432156729788,2.040513028006455,1.0890501530469805,-0.3514736433810666,0.9639482414119609,True,0.3494065147146265,63.660792843315306,62.628005252515635,devin vassell,27500000.0,False,False,SAS,188455363,560363.0,189015726.0,27581769.93349879,0.14011581573178164,44.19632086832557,99.84929450157551,devin vassell
1628415,Dillon Brooks,1610612756,PHX,30.0,56,1701.5833333333333,1131,203,99,57,9,98,-49,113.7,114.8,0.54,0.279,0.088,112.5,112.6,-0.1,29.99817816739311,1417.8999999999999,-0.011419064386018073,-0.00466471988165818,-0.41670482477385484,0.3352746451017595,-1.2049316875640985,0.026929029327825416,-0.13258750987620477,-0.31853932578115507,0.8794583388068873,False,-0.20833166167577832,41.74850057578304,39.483905450506114,dillon brooks,22124110.0,False,False,PHX,188101058,618174.0,188719232.0,22196818.520199496,0.11276017968051939,30.064475523834474,67.92232049265797,dillon brooks
1641794,Dillon Jones,1610612752,NYK,24.0,7,39.388333333333335,9,7,4,3,0,0,8,114.0,109.8,0.418,0.111,0.053,121.9,112.5,9.4,23.85477933398214,26.1,-0.01808506862669537,0.4201779328022114,0.11105858748062652,-1.273601681085433,-1.9366543034041066,0.16927204003680726,0.04496227828521932,-1.4712404417780582,0.1338050368214436,False,-1.0181355505670877,15.43067713151151,9.415988467124098,dillon jones,2753280.0,False,False,NYK,207045051,42640242.25,249685293.25,3320308.893542981,0.01686722027708717,13.94083321786159,31.49543523576887,dillon jones
1627734,Domantas Sabonis,1610612758,SAC,30.0,19,563.5883333333334,301,216,78,18,4,51,-177,110.0,123.9,0.59,0.223,0.131,108.8,123.2,-14.4,34.33995853947769,537.6,0.0020229342004228165,-1.9638033438263773,-5.58462553075628,-0.02199694933428581,0.2705870809011395,-0.6294779683378571,-1.8711756826762138,1.0976363310150408,0.5061388299187439,False,-0.010718323545999053,49.57240894338227,38.55555939534589,domantas sabonis,42336000.0,False,False,SAC,193326868,5431868.0,198758736.0,43525506.48726177,0.22111024279100783,23.193268277677575,52.39873883646223,domantas sabonis
1631230,Dominick Barlow,1610612755,PHI,23.0,71,1688.5183333333334,545,340,87,63,53,56,27,112.7,111.9,0.597,0.125,0.078,112.4,110.4,2.0,22.834220534571234,1071.0,0.0020089317266944046,-0.35956260367384024,1.4974327734629083,-0.517810692547613,0.2690500391689633,-0.09197907218715132,0.5113652863719754,-0.6478825017802702,0.8760755294683977,True,-0.22055198566791617,41.27206451194018,38.97048607786544,dominick barlow,3765668.0,False,False,PHI,194666722,7043402.5,201710124.5,3901916.8417787715,0.019821797604779652,54.52853177695236,123.19205131025899,dominick barlow
1642270,Donovan Clingan,1610612757,POR,22.0,77,2093.6366666666668,934,892,162,44,130,95,14,113.9,113.8,0.604,0.163,0.139,112.2,113.1,-0.9,34.544675851110746,2009.0,0.0037606469716095045,-0.0855939636694668,-0.35449170600812585,1.1740605346557884,0.4613345944943982,-0.00018621473343836435,-0.11165781713655254,1.3611108718143332,0.9755270525736487,True,0.7542719796019082,77.46570379985913,76.61258745646147,donovan clingan,7178400.0,False,False,POR,189204726,1309726.0,190514452.0,7228090.815431324,0.03671881257908409,86.39272139165108,195.18032522950924,donovan clingan
1628378,Donovan Mitchell,1610612739,CLE,29.0,70,2342.063333333333,1952,316,398,104,20,198,370,119.3,112.1,0.613,0.311,0.152,119.2,112.0,7.2,41.840029945105385,2722.0,0.009974222136015683,5.153713838720642,0.7423639473662984,2.331195433175126,1.1433943875670531,1.7552374507388,0.2573455741148003,1.7892570006131825,1.0,True,1.5929725703408342,94.44168276966467,94.44168276966467,donovan mitchell,46394100.0,False,False,CLE,211858381,66115250.25,277973631.25,60872439.33755741,0.30923292863110724,50.51865209434271,114.1328434513596,donovan mitchell
1628978,Donte DiVincenzo,1610612750,MIN,29.0,82,2494.036666666667,1000,336,313,104,34,118,337,116.3,110.0,0.567,0.164,0.084,115.5,108.5,6.9,26.054147827284012,1805.0,-0.0022842815745769455,2.3606963982871094,3.1994324862849157,0.3290690531345647,-0.20221297743634928,0.8194403764044643,1.0839508075460724,-0.45027659618080085,1.0,True,0.2023610154065291,58.01827484584388,58.01827484584388,donte divincenzo,11990000.0,False,False,MIN,196036611,8755763.75,204792374.75,12525520.415431485,0.06362983647186994,53.97238044641553,121.93558206351649,donte divincenzo
1627827,Dorian Finney-Smith,1610612745,HOU,33.0,37,620.3116666666666,123,93,36,16,6,22,15,109.4,107.6,0.452,0.104,0.034,109.4,108.2,1.2,14.793208790204925,254.89999999999998,-0.013408568803390251,-1.9855721172030996,2.7578742786001498,-1.8174472225852767,-1.423318193774438,-0.6367715692094011,0.9354021124016553,-2.096992476176377,0.5309989157096731,False,-1.2521626960865597,10.525529296630564,8.304111202848363,dorian finney smith,12700000.0,False,False,HOU,199783669,14606591.5,214390260.5,13628522.901689226,0.0692331060767144,7.500174451577374,16.944558119665814,dorian finney smith
203926,Doug McDermott,1610612758,SAC,34.0,29,439.1983333333333,164,37,22,6,4,13,-102,104.2,115.3,0.574,0.146,0.055,105.4,115.7,-10.3,18.336135155339843,223.7,-0.0010115677432209385,-3.7719288750868065,-1.2154438071816709,-1.558107565108633,-0.06250807172795526,-1.2352882141629198,-0.4012987047598644,-1.4053718065782352,0.4468060049513727,False,-1.0660026818482398,14.321121479348935,10.756060197216952,doug mcdermott,3634153.0,False,False,SAC,193326868,5431868.0,198758736.0,3736261.101124382,0.018980263892896577,15.280426714601239,34.52187415512728,doug mcdermott
1642962,Drake Powell,1610612751,BKN,20.0,63,1319.513333333333,408,111,91,36,14,60,-447,100.3,116.3,0.521,0.149,0.053,99.8,115.3,-15.5,17.360036781237532,636.3000000000001,-0.008929353381780263,-9.417489044733745,-2.0009397560214084,-1.3056655448314376,-0.9316378547174751,-3.126826237969179,-0.6655546878004318,-1.4712404417780582,0.7744538642674512,False,-1.47639133581434,6.991943364385518,6.2822907511914226,drake powell,3372240.0,False,False,BKN,152025523,0.0,152025523.0,3372240.0,0.017131031097082517,9.250854501441221,20.899732768652626,drake powell
203110,Draymond Green,1610612744,GSW,36.0,68,1868.888333333333,570,375,376,61,42,181,-134,109.4,113.6,0.54,0.158,0.084,110.0,112.5,-2.6,25.498152645110785,1323.7000000000003,-0.006466710297458263,-2.545117840268214,0.0006697828307067324,-0.10141478821666103,-0.6613152484784321,-0.8242466787523433,0.007825355895579643,-0.45027659618080085,0.9216803659456443,True,-0.3820971616086849,35.11946485466998,33.88172021864882,draymond green,25892857.0,False,False,GSW,205124954,67979689.5,273104643.5,34473911.351524204,0.17512800020195096,22.114597553089755,49.96178234928127,draymond green
1629234,Drew Eubanks,1610612758,SAC,29.0,42,552.27,219,127,19,15,26,30,-157,106.4,117.8,0.605,0.161,0.082,105.7,117.2,-11.4,24.60752892606877,377.5,0.003875504063982394,-3.67702508028318,-2.361319942794335,-0.9314677944418599,0.4739423770646549,-1.203490813890806,-0.7867935314439819,-0.516145231380624,0.5010307557244547,False,-0.6151618132651722,26.922393182611888,20.87734240142426,drew eubanks,3080921.0,False,False,SAC,193326868,5431868.0,198758736.0,3167485.0475302585,0.01609087278746019,31.423922710335237,70.99361330204505,drew eubanks
1641809,Drew Peterson,1610612766,CHA,26.0,6,64.26833333333333,5,9,2,3,1,0,-10,103.1,110.7,0.148,0.108,0.0,101.4,110.1,-8.7,12.715437877648403,22.700000000000003,-0.04675628298813603,-1.2421620677469754,0.2962282641857389,-2.1703633065244934,-5.083873419144028,-0.38769294218736544,0.1072569279511936,-3.216759274573369,0.17091775445482188,False,-2.312265024010164,1.0381541443529037,0.6508323182029414,drew peterson,209114.0,False,False,CHA,185779105,0.0,185779105.0,209114.0,0.002,2.032341364002391,4.591510048689185,drew peterson
1631166,Drew Timme,1610612747,LAL,25.0,27,235.08166666666668,92,33,23,6,0,13,-23,108.1,115.0,0.658,0.155,0.084,111.3,115.1,-3.9,21.791575977142692,142.29999999999998,0.01194607534110107,-0.9485484150540833,-0.6777118479581052,-1.3460349689914504,1.359843332569672,-0.28931804728088123,-0.22039530518555844,-0.45027659618080085,0.32688729407901895,False,-0.344072224086618,36.539598550807014,25.471727926596987,drew timme,2380266.9,True,True,LAL,197146448,28645956.0,225792404.0,2726126.6483108415,0.013848765327141117,40.40662545754524,91.2875317641377,drew timme
1630696,Dru Smith,1610612748,MIA,28.0,70,1141.3083333333334,395,173,180,100,21,55,-83,107.1,110.3,0.532,0.142,0.091,108.7,109.6,-0.9,30.06339215958293,953.0999999999999,-0.006947853558475148,-3.42539251193832,2.128407181067265,-0.03212326485749786,-0.7141300071905111,-1.119181629903826,0.7236372434727346,-0.21973637298142043,0.7202614213960894,True,-0.24040288715204097,40.50089701020949,35.40254849739077,dru smith,2851228.8000000003,False,True,MIA,157325624,0.0,157325624.0,2851228.8000000003,0.014484286182981422,55.28516203987943,124.9014469447258,dru smith
1629130,Duncan Robinson,1610612765,DET,32.0,77,2113.1583333333333,939,205,159,44,22,54,536,120.8,109.5,0.629,0.152,0.078,118.6,108.8,9.8,23.344582950480913,1370.3,0.0073068609796604,5.2514136607095105,3.1221166672595646,-0.23689940233744655,0.8506000219697087,1.7879716564965618,1.0579402752303937,-0.6478825017802702,0.9800645464210584,True,0.30088719193605706,61.82497413138572,61.27034512556875,duncan robinson,16834692.0,False,False,DET,185095988,0.0,185095988.0,16834692.0,0.08552049443746776,51.394163286519806,116.11081748063603,duncan robinson
1641871,Duop Reath,1610612757,POR,30.0,32,258.17,94,38,10,5,8,7,-39,103.0,109.4,0.613,0.13,0.067,102.7,110.9,-8.2,21.167447805709415,151.79999999999998,0.004169288995762183,-3.4617109148345957,0.8992547582335192,-1.388510877507621,0.5061909432243493,-1.131350066334912,0.3101266680427691,-1.0101599953792968,0.3425638626592128,False,-0.6974305862508633,24.276668283428275,17.094506722735968,duop reath,2221677.0,False,False,POR,189204726,1309726.0,190514452.0,2237056.0457142284,0.011364279139399004,29.06062533542892,65.6544001968443,duop reath
203939,Dwight Powell,1610612742,DAL,34.0,63,904.4116666666666,210,257,68,34,21,41,-9,110.4,110.9,0.699,0.084,0.073,110.3,112.6,-2.3,21.673758447019885,544.5,0.009918002120338639,-1.7039913301607352,0.6574053359270129,-1.0330456422728238,1.1372231558293437,-0.5424282712090481,0.22876385906354857,-0.8125540897798279,0.6411678501930771,False,-0.3784938259495777,35.253188971385335,29.56069905761698,dwight powell,4000000.0,False,False,DAL,185068401,0.0,185068401.0,4000000.0,0.020320061557994113,41.00426086732591,92.63772274979793,dwight powell
1642928,Dylan Cardwell,1610612758,SAC,24.0,44,906.5383333333332,238,332,62,30,67,39,-66,108.6,111.1,0.591,0.108,0.089,108.0,112.3,-4.3,27.901302206378478,702.5999999999999,0.0010877170118639649,-3.0589020841729315,0.7224065908807461,-0.4064779166913256,0.16792894524995503,-0.9963894607216831,0.25063153457739634,-0.2856050081812435,0.6419212403308359,False,-0.2739753287613542,39.20517906455543,32.88783521313586,dylan cardwell,1218461.0,False,False,SAC,193326868,5431868.0,198758736.0,1252695.8654567145,0.006363714274881287,68.489594819274,154.73319020779297,dylan cardwell
1642844,Dylan Harper,1610612759,SAS,20.0,69,1557.9566666666667,813,234,266,54,24,99,303,116.9,107.4,0.574,0.211,0.113,116.3,106.8,9.5,31.82784287966931,1377.3999999999999,-0.0014619232453398493,2.690495334854087,4.467182010948755,0.44965326296843044,-0.11194327971319762,0.929939106376608,1.5104461922569692,0.5048186142166333,0.8415236902263187,True,0.6131252028451546,73.01032215658249,67.80363926273921,dylan harper,12370200.0,False,False,SAS,188455363,560363.0,189015726.0,12406982.197504245,0.06302766050055583,63.28563375933467,142.9762875914712,dylan harper
1630700,Dyson Daniels,1610612737,ATL,23.0,76,2519.54,901,520,449,149,31,135,306,116.8,110.6,0.542,0.157,0.106,115.7,109.5,6.2,29.92546258444002,2094.4,-0.006111781751271818,2.6317054646357305,2.5039439875514677,0.8717911832248981,-0.6223549905975507,0.9102416323277909,0.849975066235517,0.27427839101725243,1.0,True,0.47091056930626385,68.11476999947004,68.11476999947004,dyson daniels,7707709.0,False,False,ATL,186963786,0.0,186963786.0,7707709.0,0.039155280337776315,75.10221064706586,169.6725564772637,dyson daniels
1630604,E.J. Liddell,1610612751,BKN,25.0,26,349.19,147,69,24,6,10,15,-47,108.1,114.6,0.6,0.168,0.087,108.3,114.9,-6.6,24.856381912425903,241.10000000000002,0.0032040042406772805,-1.9598110060173826,-0.7562655544509361,-1.0208474283670124,0.4002323118584861,-0.6281403404421889,-0.24682228671411433,-0.3514736433810666,0.3984002099305763,False,-0.4318634974007457,33.292031311968216,24.27921574024908,ej liddell,706898.0,False,False,BKN,152025523,0.0,152025523.0,706898.0,0.0035910527188057306,61.77248538483554,139.55774969733113,ej liddell
1642856,Egor Dëmin,1610612751,BKN,20.0,52,1308.2083333333333,536,165,173,42,17,86,-161,109.5,115.4,0.561,0.182,0.081,107.6,115.3,-7.7,24.75844188935249,899.7,-0.0036269954059329323,-3.346858862867446,-1.735745436568079,-0.5007058848854788,-0.34960173410844764,-1.0928690269198946,-0.5763382052871503,-0.5490795489805355,0.7711291406211748,False,-0.5927216808628543,27.668371465322,24.818753685625634,egor demin,6889200.0,False,False,BKN,152025523,0.0,152025523.0,6889200.0,0.03499724202133326,28.46139456462962,64.30060493668667,egor demin
1641989,Elijah Harkless,1610612762,UTA,26.0,26,544.8133333333334,178,53,75,31,6,26,-33,113.5,116.0,0.471,0.162,0.055,113.4,115.3,-1.9,24.0456670174494,363.90000000000003,-0.01780842448220405,0.23671784071464474,-1.3761737344464788,-0.9874656142724925,-1.9062872694576294,0.10780396076623736,-0.4553713514694231,-1.4053718065782352,0.4976368397158959,False,-1.006556144565716,15.707405916127836,12.156535981976791,elijah harkless,2456639.1,True,True,UTA,175673708,0.0,175673708.0,2456639.1,0.012479764434443815,19.999799811239203,45.18398504876804,elijah harkless
1641801,Emanuel Miller,1610612759,SAS,26.0,5,33.05,15,3,4,2,0,0,-19,88.9,116.9,0.54,0.169,0.093,90.2,122.6,-32.4,29.518910741301063,27.1,-0.006916924305509155,-1.4450135458598594,-0.4575198224443388,-0.8182007123420599,-0.7107349247589473,-0.455658081607679,-0.14631846208307955,-0.15386773778159732,0.1225672357227953,False,-0.4476172196874501,32.72147367495,19.801571780924174,emanuel miller,636434.0,False,False,SAS,188455363,560363.0,189015726.0,638326.4060311406,0.0032427079661614803,52.21195624695346,117.958393218692,emanuel miller
1642402,Enrique Freeman,1610612750,MIN,25.0,4,37.208333333333336,13,10,2,2,3,2,28,127.8,103.6,0.666,0.113,0.091,132.4,99.4,33.1,29.41276595744681,30.400000000000002,0.00961307428093175,1.217214796418293,0.8215107527555577,-0.8240741965632876,1.103751440505235,0.43631826549566827,0.28397208554818576,-0.21973637298142043,0.13004952436621514,False,0.00166680769711533,50.066495975577396,30.466578581305658,enrique freeman,2380266.9,True,True,MIN,196036611,8755763.75,204792374.75,2486578.953304905,0.01263185934999206,49.91121950649489,112.76051846678517,enrique freeman
201569,Eric Gordon,1610612755,PHI,37.0,6,73.75,33,2,3,4,1,3,-31,102.6,120.1,0.754,0.137,0.083,102.8,119.3,-16.5,22.06372881355932,45.19999999999999,0.023710789172457072,-1.3195993240989785,-0.8585401098806079,-1.4020376125955323,2.6512477284382037,-0.4136382001329923,-0.28122941920795624,-0.4832109137807124,0.18309212782838938,False,-0.2020156609185085,41.99522404737117,26.557420944312554,eric gordon,3634153.0,False,False,PHI,194666722,7043402.5,201710124.5,3765643.3855296983,0.019129526349854205,37.62508293086927,85.00341006671896,eric gordon
1630679,Ethan Thompson,1610612754,IND,27.0,32,653.2316666666667,223,69,57,20,9,25,1,109.8,109.9,0.515,0.154,0.051,110.6,110.7,-0.1,20.83732417544567,378.1,-0.010152996112712488,-1.5327952555875985,1.4505564604349825,-1.2335807949444513,-1.065956260107563,-0.48506923599364427,0.49559519080520725,-1.5371090769778815,0.5449068588745097,False,-0.9278424676238772,17.67446457072249,14.054877151081909,ethan thompson,2673027.0,True,True,IND,188736250,841250.0,189577500.0,2684941.4253621125,0.013639543760741646,22.414814708808816,50.640039512024,ethan thompson
1630596,Evan Mobley,1610612739,CLE,25.0,65,2074.2883333333334,1180,586,234,48,113,122,224,117.0,111.3,0.596,0.221,0.135,116.8,111.0,5.8,36.074830484029455,2078.5999999999995,0.003330791292795707,3.137645925194886,1.467188324671124,1.3526682725299994,0.41414963775285313,1.0797563642891974,0.5011904706281151,1.229373601414687,0.9710089254653292,True,1.006243619457431,84.28508028766481,83.18549851751364,evan mobley,46394100.0,False,False,CLE,211858381,66115250.25,277973631.25,60872439.33755741,0.30923292863110724,44.497505080993534,100.52973646052284,evan mobley
1630532,Franz Wagner,1610612753,ORL,24.0,34,1019.0033333333332,699,177,113,32,11,58,80,114.2,110.6,0.588,0.256,0.134,113.7,110.0,3.7,35.05660760023684,992.3,0.0018102921762701385,0.6131210731747216,1.8118288805877063,0.40005553921863524,0.24724551486956695,0.2339174030265379,0.6171341989616721,1.1964392838147755,0.6805757366622273,False,0.623690237477758,73.35844821656065,62.81383749003098,franz wagner,38661700.0,False,False,ORL,189903062,2008062.0,191911124.0,39070514.317198314,0.19847881400699002,39.241302706548964,88.65480912416331,franz wagner
1641713,GG Jackson,1610612763,MEM,21.0,55,1177.765,686,235,81,31,44,85,-85,114.0,117.5,0.591,0.23,0.108,113.4,116.8,-3.4,30.599992358407658,1001.0999999999999,0.0023164343771177034,0.45907298932471513,-2.905619801440974,0.0494256793611286,0.30280438969464046,0.1823037811111408,-0.9699064990257608,0.34014702621707554,0.7316746047750511,False,0.04168077847240785,51.66234113998173,45.42429799289744,gg jackson,2221677.0,False,False,MEM,160304096,0.0,160304096.0,2221677.0,0.011286153350494921,77.40788246486372,174.88158066380575,gg jackson
1629216,Gabe Vincent,1610612737,ATL,30.0,53,879.0783333333334,231,54,76,27,3,27,39,117.3,116.0,0.511,0.119,0.033,117.7,115.8,2.0,16.4954583114512,402.8,-0.008321496996186922,2.90287469287249,-1.8735295315921914,-1.5622538583047738,-0.8649138850855236,1.0010965502956752,-0.6226914315917974,-2.129926793776289,0.6321242445959976,False,-1.1025178176663268,13.511830834332633,11.27502709555059,gabe vincent,11500000.0,False,False,ATL,186963786,0.0,186963786.0,11500000.0,0.058420176979233074,10.807086678528696,24.415606531669827,gabe vincent
202066,Garrett Temple,1610612761,TOR,40.0,22,72.93666666666667,17,9,9,4,2,7,-1,92.4,94.2,0.448,0.152,0.051,98.9,95.9,3.1,19.20021936840181,38.900000000000006,-0.0202051390203396,-2.124185576172662,2.255920645311207,-1.6369116320976829,-2.1693729453659505,-0.6832138389529601,0.7665352315457018,-1.5371090769778815,0.1820797361131389,False,-1.1832683640337665,11.835140326710858,7.47904983208824,garrett temple,3634153.0,False,False,TOR,191608832,3713832.0,195322664.0,3704591.4738606205,0.018819381699016986,10.656696529007197,24.0758418174429,garrett temple
1629726,Garrison Mathews,1610612754,IND,29.0,15,196.1,78,17,10,6,3,3,-2,107.3,108.0,0.628,0.134,0.072,108.6,109.8,-1.2,21.827638959714434,118.9,0.006307574811016406,-1.3820910010060083,1.0876490218787345,-1.3619004485837953,0.7409090792560825,-0.43457595998126874,0.3735061309315428,-0.8454884073797395,0.2985571363011838,False,-0.4921457468289172,31.130815720081223,21.30439588249297,garrison mathews,462553.0,False,False,IND,188736250,841250.0,189577500.0,464614.727470213,0.002360249965736347,62.78009493308504,141.8341632211063,garrison mathews
203914,Gary Harris,1610612749,MIL,31.0,48,660.7683333333333,128,61,51,27,9,19,-132,105.9,115.5,0.593,0.082,0.048,106.1,116.6,-10.6,15.957786516202098,292.9,0.0009898592127115292,-3.9654214213342063,-1.8325043818032525,-1.69351427513875,0.1571871631881886,-1.3001176549184748,-0.6088897801601431,-1.635912029777616,0.5480412780295316,False,-1.1769252185015366,11.961267773572464,9.528568090331802,gary harris,3634153.0,False,False,MIL,182444588,0.0,182444588.0,3634153.0,0.018461553167792244,13.668529795404213,30.880241389572063,gary harris
1627780,Gary Payton II,1610612744,GSW,33.0,73,1142.28,547,265,123,67,21,62,-109,111.2,113.5,0.632,0.177,0.114,113.6,113.1,0.5,31.745981720768995,1007.3000000000002,0.009039647324999282,-0.24068328129070202,-0.22198396866942674,0.14637255584382045,1.040806765248706,-0.052148700749255365,-0.0670796592954566,0.5377529318165448,0.7205679578070217,True,0.3361557792865177,63.162330127415686,55.220019623688806,gary payton,3627679.5,False,True,GSW,205124954,67979689.5,273104643.5,4829915.118858519,0.02453604313377289,71.70559053561345,161.99883805104406,gary payton
1629018,Gary Trent Jr.,1610612749,MIL,27.0,65,1377.381666666667,529,67,79,34,3,41,-348,107.9,120.4,0.533,0.167,0.047,107.1,119.3,-12.2,18.554334371131695,709.9,-0.008004067213136267,-4.0836422764817675,-4.9883442115590295,-1.150806645366541,-0.8300698401654814,-1.339727407715156,-1.670575149464114,-1.6688463473775275,0.7912537998376854,True,-1.3644114251566064,8.621905702842753,7.8120001787109565,gary trent,3697105.0,False,False,MIL,182444588,0.0,182444588.0,3697105.0,0.018781350296591958,11.138992318692933,25.165455011370856,gary trent
203507,Giannis Antetokounmpo,1610612749,MIL,31.0,36,1039.23,993,352,196,34,24,115,96,119.4,114.9,0.658,0.358,0.213,118.8,114.1,4.6,51.11630726595653,1475.6000000000001,0.027591580465252792,4.087408386531237,-0.9986669432181645,2.0764593753328042,3.0772394700823837,1.3979731143046137,-0.32837078785368146,3.7982503742077856,0.6872970774907112,False,2.2806162255755345,98.87144168425444,84.95861673893656,giannis antetokounmpo,54126450.0,False,False,MIL,182444588,0.0,182444588.0,54126450.0,0.27496319897892263,47.35320483208153,106.98139578085359,giannis antetokounmpo
1629048,Goga Bitadze,1610612753,ORL,26.0,64,972.0066666666668,375,320,84,37,61,43,17,112.6,111.0,0.7,0.128,0.122,112.5,111.1,1.5,31.84422603411499,859.8,0.015241146088135068,-0.29452950949285805,1.2419765377073988,0.03600626159977682,1.7215409402136523,-0.07018981359232275,0.42542488298335385,0.8012274726158368,0.6646963307565434,False,0.5608862086253977,71.25624438465825,60.504628295250285,goga bitadze,8333333.0,False,False,ORL,189903062,2008062.0,191911124.0,8421450.848940454,0.04278109991452295,64.67530128049715,146.11585484172326,goga bitadze
1641711,Gradey Dick,1610612761,TOR,22.0,76,1066.6883333333333,455,147,51,45,7,42,123,110.8,106.7,0.538,0.176,0.07,111.1,106.4,4.7,23.0676564382286,683.5,-0.007555424128814267,-1.365820203613176,4.371670195484976,-0.809735522370933,-0.7808226030822256,-0.4291244492327587,1.4783141758860994,-0.9113570425795622,0.6963176956916529,True,-0.4355859248309346,33.15685923486213,28.62574109763044,gradey dick,4990379.0,False,False,TOR,191608832,3713832.0,195322664.0,5087104.33895686,0.025842568329885587,36.50289404491323,82.4681363978077,gradey dick
1641761,Grant Nelson,1610612751,BKN,24.0,4,35.01,17,6,5,1,5,4,-7,112.7,122.5,0.634,0.222,0.1,111.2,123.7,-12.5,35.7840616966581,34.8,0.01178186274660927,-0.07761182042051783,-0.67264738483698,-0.30919091516257646,1.3418178311062636,0.002488192590750979,-0.21869152213916274,0.07667248541778357,0.12614926223976247,False,0.11454619206836873,54.55975843184038,33.10507011088256,grant nelson,73153.0,False,False,BKN,152025523,0.0,152025523.0,73153.0,0.002,103.37655562391181,233.550574895207,grant nelson
1629684,Grant Williams,1610612766,CHA,27.0,36,711.4533333333334,252,142,56,17,18,31,203,119.2,106.3,0.609,0.132,0.089,116.9,107.0,9.9,23.266178151764457,459.79999999999995,0.003705431903389293,2.838854885493059,3.653334072497171,-0.9731434536937316,0.4552736751350411,0.9796467922032875,1.2366520532308731,-0.2856050081812435,0.5686720309527089,False,0.07176851220757435,52.86069341009764,42.60056042114361,grant williams,13645500.0,False,False,CHA,185779105,0.0,185779105.0,13645500.0,0.06931934999740216,38.459557952630114,86.88867428249493,grant williams
1628960,Grayson Allen,1610612756,PHX,30.0,51,1467.2783333333334,841,155,195,69,13,83,18,113.9,113.8,0.568,0.231,0.105,113.6,113.4,0.2,31.50567888164822,1284.1,-0.0029864941690687465,0.5474214339082133,-0.4617886893078939,0.34899763628759506,-0.27929436202081703,0.2119048193167575,-0.1477545912078247,0.24134407341734088,0.8166668212739495,False,0.1273810110103184,55.06805775890865,50.52494682506394,grayson allen,16875000.0,False,False,PHX,188101058,618174.0,188719232.0,16930457.881847743,0.0860069865910432,42.29676024143269,95.55776559754503,grayson allen
1627824,Guerschon Yabusele,1610612741,CHI,30.0,67,1007.0566666666666,373,234,63,26,16,41,-166,107.4,115.3,0.543,0.155,0.077,107.6,115.5,-7.9,23.479115706828818,656.8000000000001,-0.005878924658898928,-3.6525550308638155,-1.6566368219202545,-0.798117578606939,-0.5967944306884743,-1.195292153787952,-0.5497245419555735,-0.6808168193801817,0.6765744824504027,True,-0.7550461094305893,22.511065822037658,19.23477192069915,guerschon yabusele,5500000.0,False,False,CHI,177919585,0.0,177919585.0,5500000.0,0.027940084642241906,23.86686542330363,53.92054423672211,guerschon yabusele
1630611,Gui Santos,1610612744,GSW,24.0,68,1395.3633333333332,625,266,159,61,22,102,35,111.7,110.7,0.609,0.181,0.097,111.7,111.8,0.0,27.585073421737235,1069.2,0.0050809331402535,-0.9467771368357351,1.1638183863747573,-0.13795359620064518,0.6062614823415935,-0.28872458268214063,0.399130973837739,-0.022130467381951093,0.7964019466362827,True,0.06637264175983217,52.64594245630994,47.8225673255886,gui santos,2221677.0,False,False,GSW,205124954,67979689.5,273104643.5,2957954.618515841,0.015026454983498722,73.72608023452747,166.56357255881733,gui santos
203084,Harrison Barnes,1610612759,SAS,34.0,77,1986.475,765,213,148,50,12,61,329,118.4,110.6,0.608,0.144,0.075,117.2,110.0,7.2,21.201575655369435,1169.8999999999999,0.0038982893491519553,3.7500651684335087,2.1577409662084617,-0.5695571314019553,0.4764435018562043,1.2849466820409527,0.7335056944052158,-0.7466854545800048,0.9502332249601577,True,0.007839462520865759,50.312746102101094,49.18598969949611,harrison barnes,19000000.0,False,False,SAS,188455363,560363.0,189015726.0,19056495.590417344,0.09680729086923096,39.50587048334613,89.2525264305371,harrison barnes
1631127,Harrison Ingram,1610612759,SAS,23.0,7,26.116666666666667,11,3,1,0,0,1,-6,105.3,117.9,0.917,0.104,0.086,104.9,127.1,-22.2,18.057434588385448,13.1,0.03495143119660975,-0.3934519435691328,-0.5201897441986225,-1.7493147060727958,3.885125129152011,-0.1033336540333048,-0.1674018321561091,-0.3844079609809782,0.10895509222249376,False,-0.010492618368102835,49.58141277082844,29.700743354390863,harrison ingram,2049320.7000000002,True,True,SAS,188455363,560363.0,189015726.0,2055414.256994789,0.010441536057328211,52.010116440504625,117.50239231453769,harrison ingram
1643060,Hayden Gray,1610612762,UTA,23.0,1,24.75,6,0,1,1,1,1,-18,103.8,132.7,0.773,0.079,0.05,103.5,128.1,-24.6,14.836363636363638,10.200000000000001,0.015173644851270868,-0.4417520278936836,-0.801770343691384,-2.0101605715214257,1.7141313767289328,-0.11951653815951367,-0.26213097523319645,-1.5700433945777927,0.10606601717798213,False,-0.7736805817532608,21.955985298029105,13.123744675117136,hayden gray,14631.0,False,False,UTA,175673708,0.0,175673708.0,14631.0,0.002,40.9812610834883,92.58576113523918,hayden gray
1629312,Haywood Highsmith,1610612756,PHX,29.0,7,90.79,38,13,7,4,0,0,10,117.8,116.1,0.729,0.121,0.107,117.3,112.6,4.6,26.051327238682674,65.7,0.017916645911440182,0.6936861562429527,-0.16276565530646006,-1.0655607955042492,2.0152286815807927,0.26091063548449595,-0.04715747683881875,0.307212708617164,0.20314571572686888,False,0.16012088974305733,56.360707707585846,36.15063557693089,haywood highsmith,6443984.0,False,False,PHX,188101058,618174.0,188719232.0,6465161.463899304,0.0328431197322013,42.38853824913431,95.76511247936057,haywood highsmith
1630529,Herbert Jones,1610612740,NOP,27.0,56,1588.381666666667,496,190,155,88,27,73,-49,113.5,114.4,0.491,0.153,0.053,112.4,113.6,-1.2,22.469662518139526,991.3999999999999,-0.013759067566526046,-0.11107164318402125,-0.7447228448518116,-0.6108854913322996,-1.4617921974729944,-0.008722480066191585,-0.2429390966396474,-1.4712404417780582,0.8497009277779252,False,-0.8511115714933174,19.73536890424818,18.400575467927183,herbert jones,13937574.0,False,False,NOP,190898076,3003076.0,193901152.0,14156830.237960324,0.07191691547535656,16.399423516717956,37.049936198430714,herbert jones
1642864,Hugo González,1610612738,BOS,20.0,74,1083.93,289,246,40,42,21,38,246,118.0,106.2,0.561,0.114,0.067,117.9,106.5,11.4,19.874346129362593,598.4,-0.0022718542652546943,3.3901440262767597,4.489782395814813,-1.1342533925826424,-0.20084884039760556,1.1643555439601687,1.5180493975041724,-1.0101599953792968,0.70192268416504,True,-0.21437793159943921,41.51261748295142,35.944331166280705,hugo gonzalez,2783880.0,False,False,BOS,187492509,0.0,187492509.0,2783880.0,0.014142153242517164,56.60281271059265,127.8783121517239,hugo gonzalez
1630621,Hunter Dickinson,1610612740,NOP,25.0,5,42.47833333333333,12,5,2,1,2,3,-37,100.0,135.7,0.403,0.162,0.01,96.9,136.7,-39.8,17.20406481735787,20.3,-0.028824424482204045,-1.1625069656899305,-1.8291196949708632,-1.8120333054530082,-3.1155058725460854,-0.3610045977532486,-0.6077511062465493,-2.887416098574254,0.1389544289806314,False,-1.9318723924174108,2.6687629036545735,1.6346959884229213,hunter dickinson,2380266.9,True,True,NOP,190898076,3003076.0,193901152.0,2417711.6063624904,0.01228201216769066,2.7044609072597785,6.109977217368556,hunter dickinson
1642282,Hunter Sallis,1610612755,PHI,23.0,7,25.67333333333333,7,1,4,0,1,5,-13,89.5,112.3,0.595,0.169,0.024,89.0,115.4,-26.3,11.638535445338878,8.3,0.002378075694490835,-1.1616849805482234,-0.05954205520129313,-2.2683392852364763,0.30957071392180735,-0.3607291926377559,-0.012431067416759922,-2.426335652175492,0.10802637163997024,False,-1.304523948881673,9.602749971740337,5.748320091203007,hunter sallis,209114.0,False,False,PHI,194666722,7043402.5,201710124.5,216680.1317725636,0.002,17.950166837343556,40.553409416910014,hunter sallis
1641816,Hunter Tyson,1610612743,DEN,26.0,21,161.9,46,36,17,2,1,5,-24,100.0,107.5,0.398,0.166,0.065,101.0,107.3,-6.3,20.99073502161828,94.4,-0.030366138666949826,-3.0296104161460122,1.360177442456136,-1.448711522999914,-3.2847387586063572,-0.9865753232067707,0.46518994647833417,-1.07602863057912,0.27127644403985596,False,-1.2559050902239337,10.457519141468435,7.028230900586968,hunter tyson,2221677.0,False,False,DEN,191600929,11117787.0,202718716.0,2350591.4671568843,0.011941040827580896,11.742736112851128,26.529446192582586,hunter tyson
1630193,Immanuel Quickley,1610612761,TOR,27.0,70,2231.3083333333334,1150,282,415,92,5,102,117,115.0,112.1,0.577,0.206,0.118,114.0,111.3,2.7,32.23579588955658,1998.0000000000002,-0.0008092805144076249,1.1551207575469964,1.079051123788972,0.9799326854856029,-0.04030314432705929,0.4155137337844941,0.3706136322303733,0.6694902022161906,1.0,True,0.5577038652894291,71.1476691090158,71.1476691090158,immanuel quickley,32500000.0,False,False,TOR,191608832,3713832.0,195322664.0,33129926.808384284,0.16830053803955203,47.08892700751405,106.38433354089719,immanuel quickley
1642403,Isaac Jones,1610612765,DET,25.0,7,35.68333333333333,9,5,1,0,1,1,-26,88.9,126.8,0.514,0.119,0.036,86.8,125.9,-39.1,14.62867818776273,14.5,-0.007964496996186923,-1.6883688072414103,-0.8872251125690149,-2.023381935359381,-0.8257262451706199,-0.5371939640292991,-0.2908796072135635,-2.031123840976554,0.12735657411259524,False,-1.3632526085948338,8.640145613651502,5.247250792843206,isaac jones,2158057.0,False,False,DET,185095988,0.0,185095988.0,2158057.0,0.010962962771415025,9.033272001741102,20.4081656276756,isaac jones
1630171,Isaac Okoro,1610612741,CHI,25.0,63,1694.89,584,173,100,46,29,46,-335,112.1,120.6,0.574,0.137,0.05,111.2,118.3,-7.1,19.96377346022456,939.9000000000001,-0.0009492108275429355,-1.101181914569919,-4.848748811839722,-0.8532941592506971,-0.055663196776152474,-0.3404577144467833,-1.6236125653346154,-1.5700433945777927,0.877726919636481,False,-0.9872965796696447,16.174863346747763,15.284875682108142,isaac okoro,11000000.0,False,False,CHI,177919585,0.0,177919585.0,11000000.0,0.05588016928448381,14.88023382347034,33.61774962487472,isaac okoro
1642268,Isaiah Collier,1610612762,UTA,21.0,59,1516.92,688,150,423,66,20,148,-443,109.4,122.6,0.567,0.204,0.102,109.2,122.7,-13.4,32.351870896289846,1363.1999999999998,-0.002841423422034737,-2.7872990742463633,-7.30974682774711,0.4803271943712457,-0.26337004774363254,-0.9053892047296438,-2.4515397505926746,0.1425411206176062,0.8303668411666563,False,-0.3802007156817994,35.18982140133103,32.50360914794099,isaiah collier,2638200.0,False,False,UTA,175673708,0.0,175673708.0,2638200.0,0.013402096600575017,52.15658779014446,117.83330359038355,isaiah collier
1642384,Isaiah Crawford,1610612745,HOU,24.0,14,92.1,28,16,5,2,3,4,-9,97.3,103.2,0.526,0.138,0.087,95.7,103.8,-8.2,19.93485342019544,51.0,-0.007580139373729372,-2.589258338376985,1.459172759094122,-1.5682497954269126,-0.7835355782030708,-0.8390358986089285,0.498493879812713,-0.3514736433810666,0.2046060516300443,False,-0.6661161814209412,25.266842122367272,16.223150129019764,isaiah crawford,2291166.0,True,True,HOU,199783669,14606591.5,214390260.5,2458677.8191001336,0.012490121158847357,26.682400811842246,60.281463350948165,isaiah crawford
1628392,Isaiah Hartenstein,1610612760,OKC,28.0,47,1137.425,432,443,166,48,36,82,365,118.8,103.2,0.631,0.153,0.143,118.0,102.7,15.3,32.830999846143705,1037.3,0.007660932433473956,3.7051985054365724,6.974800461796215,0.2575064741976466,0.8894661974212271,1.2699141615275253,2.354057390759228,1.4928481422139785,0.7190350225380984,False,1.1892467236698023,88.28287033820195,77.12089273452175,isaiah hartenstein,28500000.0,False,False,OKC,189104345,1209345.0,190313690.0,28682260.9231956,0.1457063268954459,53.68372575354009,121.28344706965464,isaiah hartenstein
1630543,Isaiah Jackson,1610612746,LAC,24.0,55,908.3116666666666,370,290,52,36,49,58,-50,111.8,114.7,0.653,0.152,0.104,112.4,114.3,-1.9,29.400481112393507,741.8,0.010954860979660403,-0.5327638949096444,-0.9797991676724402,-0.2547280656189337,1.2510384264783048,-0.15000995279068827,-0.32202330435362153,0.20840975581742932,0.642548783668555,False,0.1156916857405946,54.6051552089002,45.82174959257527,isaiah jackson,7600000.0,False,False,LAC,191938984,12131952.0,204070936.0,8080375.75941321,0.04104843321074996,49.69422331885881,112.27027593484351,isaiah jackson
1630198,Isaiah Joe,1610612760,OKC,26.0,71,1507.445,785,181,94,50,11,45,356,116.9,105.2,0.657,0.178,0.099,116.0,105.4,10.6,26.563357203745408,1112.3,0.01354071877881284,2.5336016861097264,5.722702581707481,-0.18540239738259004,1.5348862256501006,0.8773720814267666,1.9328275210767736,0.043738167817872015,0.8277694562662196,True,0.6185337252227603,73.18882131016372,67.51641358989592,isaiah joe,12362338.0,False,False,OKC,189104345,1209345.0,190313690.0,12441396.636376705,0.06320248637964888,62.956482047093964,142.23266084595232,isaiah joe
1630587,Isaiah Livers,1610612756,PHX,27.0,36,347.36,65,61,21,13,8,12,11,109.4,108.3,0.469,0.094,0.05,110.9,108.1,2.8,17.090050667894975,164.89999999999998,-0.010521283341525809,-1.1010919365817053,1.9516244573620738,-1.7052576284414118,-1.1063828912223925,-0.34042756743197916,0.664164126512286,-1.5700433945777927,0.39735489060902357,False,-1.0147243753050037,15.51186157268331,11.305195191235972,isaiah livers,2673027.0,True,True,PHX,188101058,618174.0,188719232.0,2681811.6172172935,0.013623644287199787,18.036964730116505,40.74950511418363,isaiah livers
1641815,Isaiah Stevens,1610612758,SAC,25.0,3,42.78333333333333,10,3,10,5,0,2,-9,110.2,123.3,0.571,0.107,0.093,117.2,125.6,-8.4,28.861706271912745,34.300000000000004,-0.001062354441949592,0.11145168660508847,-0.9253047772113894,-0.8651752204373067,-0.06808289207037872,0.06583368917686938,-0.3036903406473764,-0.15386773778159732,0.1394523922239045,False,-0.3083450579749388,37.89098919051167,23.217839143637548,isaiah stevens,2380266.9,True,True,SAC,193326868,5431868.0,198758736.0,2447144.8034146936,0.012431533261677993,38.2495384300668,86.41419358483728,isaiah stevens
1630191,Isaiah Stewart,1610612765,DET,25.0,58,1317.135,581,290,66,16,93,67,39,112.8,111.0,0.632,0.164,0.095,112.1,110.0,2.1,27.435912036351624,1003.8,0.008375718425423064,-0.43927966964874127,1.841712979814461,-0.20235661614309206,0.9679277550366863,-0.11868817755609248,0.6271877861636337,-0.08799910258177421,0.7737555991866729,False,0.14447521973632887,55.743738853507566,50.06846989530469,isaiah stewart,15000000.0,False,False,DET,185095988,0.0,185095988.0,15000000.0,0.07620023084247793,43.728810449707964,98.79308474126128,isaiah stewart
1627826,Ivica Zubac,1610612754,IND,29.0,48,1446.6983333333333,677,509,105,18,40,86,-46,115.6,117.9,0.622,0.186,0.13,113.0,115.9,-2.9,29.350970428066663,1179.4999999999998,0.007639290409321278,0.783258903357059,-2.7936313647157482,0.0922040071847762,0.8870905675906255,0.29092187475425835,-0.9322314295620494,1.0647020134151293,0.8109193249116409,False,0.3793287577381579,64.77781264971176,59.26610800376213,ivica zubac,18102000.0,False,False,IND,188736250,841250.0,189577500.0,18182685.652597208,0.09236832293760791,48.39064179103288,109.32519604309195,ivica zubac
1631120,JD Davison,1610612745,HOU,23.0,28,218.41666666666663,69,34,35,6,6,7,16,108.7,106.1,0.477,0.153,0.09,109.4,105.6,3.8,25.910110644792066,157.2,-0.015901067566526046,-1.1753716314806961,2.170997003276083,-1.0035388411787083,-1.6969180369624164,-0.3653148882781151,0.7379652808762864,-0.25267069058133196,0.3150877703597888,False,-0.5253260641237135,29.967827073816316,20.731428007446397,jd davison,625726.0,False,False,HOU,199783669,14606591.5,214390260.5,671474.1040301096,0.0034110987821226926,53.70370624181292,121.32858742565357,jd davison
1629630,Ja Morant,1610612763,MEM,26.0,20,568.5,389,65,161,20,6,71,-50,109.5,113.9,0.521,0.305,0.128,108.1,113.2,-5.1,39.03957783641161,616.5,-0.018278206586865638,-2.3016856678437794,-0.28685761097706897,0.41844567355223755,-1.9578549219952872,-0.7426850273799559,-0.08890440345454562,0.9988333782153062,0.5083395429327635,False,-0.014155221071817159,49.43530724060665,38.49788365167748,ja morant,39446090.0,False,False,MEM,160304096,0.0,160304096.0,39446090.0,0.200386744255544,23.970150115423014,54.1538872715792,ja morant
1642266,Ja'Kobe Walter,1610612761,TOR,21.0,72,1473.575,541,185,86,73,14,37,1,111.6,110.7,0.61,0.136,0.069,110.9,109.8,1.2,22.664065283409396,927.7,0.003953717718643514,-1.3484811286942335,2.0763282516903,-0.6463513939168481,0.48252783514669584,-0.42331501340686156,0.7061168874498444,-0.9442913601794737,0.8184172641029869,True,-0.3300758001546023,37.06713440678491,34.03829615193407,ja kobe walter,3638160.0,False,False,TOR,191608832,3713832.0,195322664.0,3708676.1389905037,0.01884013186073774,48.481548046400114,109.53057344297194,ja kobe walter
1631095,Jabari Smith Jr.,1610612745,HOU,23.0,77,2705.365,1215,529,143,56,71,105,265,117.0,112.0,0.569,0.179,0.093,115.1,110.9,4.2,25.332330387951348,1903.6999999999998,-0.0021352097673736172,2.4256592265851618,1.3511349843390306,0.3502646531825357,-0.18584946958719528,0.8412060925012336,0.46214788921200656,-0.15386773778159732,1.0,True,0.2090315187800615,58.27881831761532,58.27881831761532,jabari smith,12350392.0,False,False,HOU,199783669,14606591.5,214390260.5,13253354.34778263,0.06732724404921299,53.15351490195024,120.08558312016315,jabari smith
1631133,Jabari Walker,1610612755,PHI,23.0,64,761.6683333333333,276,192,34,23,13,27,4,112.8,112.8,0.568,0.142,0.073,111.9,112.5,-0.6,23.481086474646666,496.8,-0.00183585355847516,-0.4383070997681476,0.19369631312542987,-0.926232018820559,-0.1529893482409672,-0.11836231920817468,0.07276320260412966,-0.8125540897798279,0.5883985713679791,False,-0.50511250136584,30.67399106708566,24.99253472180942,jabari walker,1117089.0,False,False,PHI,194666722,7043402.5,201710124.5,1157507.3487269208,0.005880155144990397,53.50720599649569,120.88464977476254,jabari walker
1631210,Jacob Toppin,1610612737,ATL,26.0,5,16.866666666666667,8,1,1,0,1,0,13,102.7,71.4,0.667,0.14,0.181,115.3,72.9,42.4,25.82608695652174,12.1,0.012050003533897744,-0.0889574308242453,1.326213696742638,-1.1266097498402377,1.3712514574893435,-0.001313140286245796,0.4537638875349144,2.7443522110106167,0.08755950357709132,False,0.8152085565538272,79.25235295698995,46.71147763334819,jacob toppin,180160.0,False,False,ATL,186963786,0.0,186963786.0,180160.0,0.002,145.8650185504832,329.5414393907844,jacob toppin
1630702,Jaden Hardy,1610612764,WAS,23.0,57,898.0966666666667,523,86,58,16,6,62,-84,112.0,116.4,0.566,0.239,0.066,111.9,117.2,-5.3,25.044965463999798,624.8000000000002,-0.0035679225385603047,-0.671942753339378,-2.53039613696948,-0.6980980838235664,-0.34311734683858947,-0.19664165893124178,-0.8436740232740252,-1.0430943129792083,0.6389254710650981,False,-0.6949677692062326,24.353775024522918,20.39668749437813,jaden hardy,6000000.0,False,False,WAS,187128348,0.0,187128348.0,6000000.0,0.03048009233699117,24.549462561920688,55.462682617940935,jaden hardy
1631093,Jaden Ivey,1610612741,CHI,24.0,37,670.255,316,91,68,23,14,41,26,110.3,108.2,0.571,0.192,0.091,108.7,107.5,1.3,26.645978023289643,496.1,-0.001906280867797399,-2.0882401444310434,2.9558385396266376,-0.6727812071737359,-0.1607201046496379,-0.6711703660506678,1.0020011069371795,-0.21973637298142043,0.5519613787543144,False,-0.20859961825232903,41.738040430488795,33.322926090901,jaden ivey,10107163.0,False,False,CHI,177919585,0.0,177919585.0,10107163.0,0.051344543584170114,33.4162852964299,75.49480242150995,jaden ivey
1630183,Jaden McDaniels,1610612750,MIN,25.0,73,2316.4133333333334,1084,310,199,81,73,131,120,115.5,112.4,0.611,0.182,0.088,115.0,110.7,4.3,26.73719716112841,1720.4,0.005473004594067055,1.8209177653973998,1.2837502705233672,0.31606597577499845,0.6492988911734097,0.638588206226833,0.43947837217940056,-0.31853932578115507,1.0,True,0.24255951664634964,59.582667713724504,59.582667713724504,jaden mcdaniels,24393104.0,False,False,MIN,196036611,8755763.75,204792374.75,25482595.67537476,0.12945197819527243,43.228478150704454,97.66272307109666,jaden mcdaniels
1630256,Jae'Sean Tate,1610612745,HOU,30.0,46,404.72333333333336,129,73,25,10,3,16,-37,107.8,111.1,0.567,0.131,0.067,109.9,110.3,-0.4,19.63118838383422,220.7,-0.0018246395504242677,-1.7562917671034841,1.0382198612448081,-1.4565726011704936,-0.1517583944328406,-0.5599514685829373,0.35687720820637503,-1.0101599953792968,0.4289115893924429,False,-0.7204160471278228,23.563443633184345,17.507879325372144,jae sean tate,2667947.0,False,False,HOU,199783669,14606591.5,214390260.5,2863006.046456147,0.014544114776224566,27.301155987740593,61.67936857402582,jae sean tate
1642942,Jahmai Mashack,1610612763,MEM,23.0,31,673.1516666666666,192,81,69,37,14,49,-210,106.2,120.7,0.456,0.156,0.041,105.7,118.7,-13.0,20.648541314364515,386.0999999999999,-0.019488853205085376,-4.065950454959792,-3.7636254283203163,-1.24231874602811,-2.090746753196943,-1.3337997845717284,-1.2585561358828932,-1.8664522529769965,0.5531528091793716,False,-1.5729807634478612,5.786163625992409,4.6226746931359655,jahmai mashack,2049320.7000000002,True,True,MEM,160304096,0.0,160304096.0,2049320.7000000002,0.010410580694017898,8.103360173306443,18.30728849144287,jahmai mashack
1642443,Jahmir Young,1610612748,MIA,25.0,14,58.195,25,4,9,1,0,3,1,113.5,107.9,0.483,0.178,0.048,113.4,114.2,-0.8,23.754618094338007,38.400000000000006,-0.017431281221187166,0.04732838658786955,0.13145066892283608,-1.271779595728435,-1.8648885178916288,0.0443492560028817,0.05182256768036404,-1.635912029777616,0.16264154674397538,False,-1.0740260119966512,14.14055116476886,8.812231641585523,jahmir young,656323.0,False,False,MIA,157325624,0.0,157325624.0,656323.0,0.0033341309404818424,23.01071009812486,51.98629940540329,jahmir young
1643141,Jahmyl Telfort,1610612746,LAC,25.0,8,32.03333333333333,1,3,1,1,0,1,-7,94.0,102.9,0.087,0.093,-0.064,102.3,104.4,-2.1,5.956295525494278,5.300000000000001,-0.04593535479533936,-0.8432930291534081,0.5503637532500015,-2.726797038315276,-4.993760706496105,-0.2540523590836409,0.19275300668637993,-5.324555600967707,0.12066733634503606,False,-3.0373249487031355,0.11934399738350067,0.07211961358379156,jahmyl telfort,144771.0,False,False,LAC,191938984,12131952.0,204070936.0,153921.58935079075,0.002,0.2252065082553331,0.5087914678113835,jahmyl telfort
1631170,Jaime Jaquez Jr.,1610612748,MIA,25.0,75,2121.21,1152,375,352,51,21,152,144,114.7,111.9,0.57,0.216,0.113,114.3,111.0,3.3,31.375111375111373,1848.7,-0.0023605659762720743,1.1928034790838602,1.2792995050723486,0.7911603605915334,-0.21058666277179067,0.4281392835059734,0.4379810488624831,0.5048186142166333,0.9819299178843487,True,0.4475657248523732,67.27666778952852,66.72960507938764,jaime jaquez,3861600.0,False,False,MIA,157325624,0.0,157325624.0,3861600.0,0.019616987428087516,93.7098600365596,211.71136485249153,jaime jaquez
1631222,Jake LaRavia,1610612747,LAL,24.0,82,2061.47,674,326,145,104,38,87,-5,116.1,116.1,0.571,0.138,0.067,116.0,115.3,0.7,22.496179910452256,1288.2,-0.0013701393737293806,2.4578294351998657,-2.156179639861523,-0.37081152727538896,-0.10186822842281443,0.8519846815163069,-0.7177803780434795,-1.0101599953792968,0.9680040383086314,True,-0.39090046917513427,34.79354035788096,34.292576604901924,jake laravia,6000000.0,False,False,LAL,197146448,28645956.0,225792404.0,6871817.5637635635,0.034908938977745184,39.360475352563654,88.92404657186636,jake laravia
1627751,Jakob Poeltl,1610612761,TOR,30.0,46,1149.06,493,323,93,40,32,57,48,114.7,112.6,0.698,0.15,0.115,114.1,111.9,2.2,28.870555062398832,921.5,0.01756071807203328,0.9434384077331568,0.5301572556417852,-0.15319338536177016,1.9761587319831255,0.3445898216111205,0.18595515127139864,0.5706872494164564,0.7227032586061861,False,0.5089133842143411,69.45935310046886,60.791969577131816,jakob poeltl,19500000.0,False,False,TOR,191608832,3713832.0,195322664.0,19877956.08503057,0.10098032282373122,48.11177662795527,108.69517776900702,jakob poeltl
1628973,Jalen Brunson,1610612752,NYK,29.0,74,2589.806666666667,1927,247,503,57,8,175,353,120.2,114.1,0.58,0.296,0.135,118.6,112.8,5.7,37.5387094532153,2700.5,-0.00027484967118765447,5.241932881408853,-0.3177958870581224,1.968737796396685,0.01836095495451648,1.7847951329978085,-0.09931263607682143,1.229373601414687,1.0,True,1.116573047304903,86.79115394296484,86.79115394296484,jalen brunson,34944001.0,False,False,NYK,207045051,42640242.25,249685293.25,42140602.225808784,0.21407490782984456,52.80383788688915,119.29558516170663,jalen brunson
1631105,Jalen Duren,1610612765,DET,22.0,70,1975.8533333333328,1365,737,138,57,59,130,480,120.0,108.2,0.688,0.231,0.177,117.5,107.0,10.6,38.90875840986849,2135.5,0.024733505830931254,4.400416272327706,4.358027394494244,1.6257343135320472,2.7635106196069987,1.502846023270927,1.473724474573753,2.6126149406109707,0.9476893750143827,True,2.0512302281840546,97.98777342682293,95.68116267581514,jalen duren,6483144.0,False,False,DET,185095988,0.0,185095988.0,6483144.0,0.032934471292335045,112.08222528894332,253.21861416044226,jalen duren
1630224,Jalen Green,1610612756,PHX,24.0,32,828.325,568,116,91,34,8,72,33,114.2,113.5,0.516,0.309,0.106,112.2,112.4,-0.2,33.31735731747805,766.6000000000001,-0.02006292077161142,0.008708118110552929,0.06288801895293052,0.07951996152562485,-2.153761747829569,0.03140958232670527,0.028756770212629037,0.27427839101725243,0.6136052180648105,False,-0.21187580160695335,41.61019647640674,34.37511321920503,jalen green,33333333.0,False,False,PHX,188101058,618174.0,188719232.0,33442879.43218403,0.16989034218463867,22.67634938799771,51.23090437795953,jalen green
1630552,Jalen Johnson,1610612737,ATL,24.0,72,2531.5983333333334,1621,740,566,89,31,244,187,115.5,112.3,0.581,0.264,0.161,114.1,110.8,3.4,40.49362754360059,2847.6000000000004,1.8863806778578686e-05,1.3978784375845057,1.2867175231776542,2.323828109626819,0.05060167767915161,0.4968493973083245,0.4404766131865586,2.0856658590123867,1.0,True,1.354845938336526,91.2266676531944,91.2266676531944,jalen johnson,30000000.0,False,False,ATL,186963786,0.0,186963786.0,30000000.0,0.15240046168495586,62.512181762727586,141.2288879284508,jalen johnson
1629618,Jalen Pickett,1610612743,DEN,26.0,50,806.48,260,114,115,13,5,34,3,112.1,112.4,0.541,0.148,0.084,111.9,112.4,-0.5,21.953179248090464,491.79999999999995,-0.005909424835593815,-0.6210178841373587,0.33386188988889093,-1.0528693140490395,-0.6001424137183348,-0.17957934384497745,0.1199176052853758,-0.45027659618080085,0.6054600054353865,False,-0.4972709302081907,30.949900420835636,25.454962326120317,jalen pickett,2221677.0,False,False,DEN,191600929,11117787.0,202718716.0,2350591.4671568843,0.011941040827580896,42.53003488164201,96.08478476548447,jalen pickett
1641771,Jalen Slawson,1610612754,IND,26.0,13,310.55,95,57,36,20,14,17,-26,106.8,111.1,0.562,0.136,0.09,107.2,110.7,-3.5,27.068104975044275,233.5,-0.002574282281356477,-2.2781337358377165,0.7972458816800246,-0.8494290158574693,-0.23404615186868497,-0.7347939813925117,0.27580891504566557,-0.25267069058133196,0.3757114463375995,False,-0.3921131438710967,34.74873081068724,24.98677510595363,jalen slawson,2456639.1,True,True,IND,188736250,841250.0,189577500.0,2467589.02426137,0.012535390218205416,41.04403054570185,92.72757127678783,jalen slawson
1630188,Jalen Smith,1610612741,CHI,26.0,53,1095.388333333333,541,355,65,24,42,53,86,116.4,113.0,0.608,0.183,0.109,116.9,112.8,4.2,30.995035246252094,943.0999999999999,0.00495407604788061,2.5499957513102807,0.041778704693150495,0.034632725917968954,0.5923364681775585,0.8828648929033551,0.021655189868045297,0.3730813438169871,0.7056229785648904,False,0.3451110672669322,63.49945632306104,55.08770495625185,jalen smith,9000000.0,False,False,CHI,177919585,0.0,177919585.0,9000000.0,0.04572013850548676,57.531418966005035,129.97623970883708,jalen smith
1630591,Jalen Suggs,1610612753,ORL,25.0,57,1573.57,786,220,312,105,40,152,181,113.6,108.4,0.561,0.22,0.11,112.2,107.2,5.0,33.744923962709,1475.0,-0.004384280161017831,-0.1715314917529444,3.9923002949754576,0.6817631570399505,-0.43272835118215364,-0.028979478317055777,1.3506868263838823,0.40601566141689865,0.8457299160542276,False,0.4255923372177582,66.47975375435102,61.86462701778092,jalen suggs,35000000.0,False,False,ORL,189903062,2008062.0,191911124.0,35370094.98035371,0.1796806268282215,40.01796540490842,90.40946247478779,jalen suggs
1631114,Jalen Williams,1610612760,OKC,25.0,33,935.9633333333334,563,153,181,39,9,63,229,118.1,106.4,0.56,0.252,0.135,118.3,105.8,12.6,36.12064575179227,939.0999999999999,-0.00527399363898406,3.4115069803128475,4.497985053078635,0.4428038608096886,-0.530391576397776,1.1715131755584185,1.5208089295705032,1.229373601414687,0.6522559917608107,False,0.8038026249365,78.92445132171667,66.57397404890503,jalen williams,6580997.0,False,False,OKC,189104345,1209345.0,190313690.0,6623083.266272544,0.033645364918594704,77.40494239164089,174.87493838609313,jalen williams
1630592,Jalen Wilson,1610612751,BKN,25.0,54,859.2216666666667,343,114,50,22,2,38,-193,104.5,115.4,0.536,0.177,0.061,105.4,115.9,-10.5,20.61400531100822,492.00000000000006,-0.007952352675000713,-5.023026018587359,-1.7441763914195436,-1.1601901462311166,-0.8243931715413311,-1.6544667805574544,-0.5791745410639744,-1.207765900978766,0.6249442399368947,False,-1.111082480825823,13.326642402205147,11.077437104343431,jalen wilson,2221677.0,False,False,BKN,152025523,0.0,152025523.0,2221677.0,0.011286153350494921,18.87714257067908,42.64765326289419,jalen wilson
1631288,Jamal Cain,1610612753,ORL,27.0,40,485.9683333333333,215,78,29,11,4,19,44,118.0,113.5,0.624,0.159,0.081,117.0,114.7,2.3,23.3941169006211,315.8,0.006848361156355286,2.1755739388059268,-0.630473485158969,-1.0783205297018326,0.8002708175531044,0.7574153229736568,-0.2045034090947492,-0.5490795489805355,0.46999435844454235,False,-0.23132658740481699,40.853054650422145,31.109497402648422,jamal cain,813908.0,False,False,ORL,189903062,2008062.0,191911124.0,822514.3790077065,0.004178385703442975,75.06336939497682,169.5848054712421,jamal cain
1627750,Jamal Murray,1610612743,DEN,29.0,75,2651.891666666667,1905,330,535,66,29,171,433,124.4,117.7,0.622,0.269,0.142,123.0,117.4,5.6,38.673072995063265,2848.7999999999997,0.011048221075846366,8.89656483143672,-3.8527378876124767,2.178673706705882,1.2612864988361656,3.0092750940230477,-1.2885352854459124,1.459913824614067,1.0,True,1.429946520172686,92.36338155712136,92.36338155712136,jamal murray,46394100.0,False,False,DEN,191600929,11117787.0,202718716.0,49086152.301357575,0.24935840910216509,53.27205651849362,120.35339493228653,jamal murray
1642347,Jamal Shead,1610612761,TOR,23.0,82,1852.2383333333328,545,143,444,76,15,112,231,114.1,108.3,0.491,0.149,0.078,113.8,108.1,5.6,25.404722034511405,1307.1,-0.013399353381780266,0.7354378053957877,3.7488662806795583,-0.122221747897074,-1.422306623399883,0.2748994744227133,1.2687909301054927,-0.6478825017802702,0.9175655372514352,True,-0.20671262033910107,41.811715033438354,40.260688214018444,jamal shead,1955377.0,False,False,TOR,191608832,3713832.0,195322664.0,1993276.8274707089,0.010125876959082004,71.2636090420918,161.00030379652156,jamal shead
1631123,Jamaree Bouyea,1610612756,PHX,27.0,46,644.0583333333333,263,82,82,29,16,30,25,106.0,104.6,0.523,0.184,0.103,105.1,104.9,0.2,27.332927918019852,489.0,-0.010658852498305829,-4.236851992404349,4.594226217944611,-0.6233391814533218,-1.1214837611923991,-1.3910601354827603,1.5531863131435109,0.17547543821751777,0.541067267425029,False,-0.24709580142782245,40.24170414917589,31.930998287281213,jamaree bouyea,878375.0,False,False,PHX,188101058,618174.0,188719232.0,881261.6854499563,0.004476822924261189,75.20748574840458,169.91039628815136,jamaree bouyea
201935,James Harden,1610612739,CLE,36.0,70,2438.495,1652,336,557,79,28,245,99,118.8,117.0,0.61,0.279,0.143,116.8,115.7,1.1,37.70227127798089,2553.8,0.008110935613981915,3.82887483534073,-2.7211866540737337,1.864255203456789,0.9388627313100433,1.3113517644630637,-0.9078596320307284,1.4928481422139785,1.0,True,1.1152714730897477,86.76329469732109,86.76329469732109,james harden,39182693.0,False,False,CLE,211858381,66115250.25,277973631.25,51410547.95167134,0.26116637477704246,49.238298684860304,111.24024103247528,james harden
1630164,James Wiseman,1610612754,IND,25.0,4,58.461666666666666,13,8,3,0,1,5,-9,92.9,102.4,0.597,0.114,0.01,92.9,101.6,-8.8,10.961028594235538,17.8,0.001832145734745297,-2.102674502924104,1.1536999540993194,-2.3150993296236377,0.24964436467456363,-0.6760065801938929,0.39572693811772686,-2.887416098574254,0.1630137566234361,False,-1.4495949535884258,7.358575204657507,4.587013406939909,james wiseman,1000000.0,False,False,IND,188736250,841250.0,189577500.0,1004457.2783447801,0.00510265843208529,10.32022770459349,23.31568409210697,james wiseman
1642364,Jamir Watkins,1610612764,WAS,24.0,50,1032.1766666666667,368,194,67,54,25,40,-164,109.4,115.8,0.554,0.148,0.069,109.0,116.1,-7.1,24.777153781813833,710.3999999999999,-0.003985424835593814,-2.577473324033135,-2.047375372586353,-0.6509666162226939,-0.38894628151588445,-0.8350873439796915,-0.6811765245795899,-0.9442913601794737,0.6849607376494015,False,-0.7318105846207905,23.21420938517794,19.923185054836484,jamir watkins,1546981.0,False,False,WAS,187128348,0.0,187128348.0,1546981.0,0.007858687287261823,38.53668123350789,87.06291288503012,jamir watkins
1642419,Jamison Battle,1610612761,TOR,25.0,61,516.7783333333333,192,89,24,7,3,19,89,112.6,105.9,0.635,0.135,0.079,114.5,107.0,7.4,19.69355010368726,282.69999999999993,0.007299646264829962,0.3832030506886069,3.2430711697903543,-1.40186185530304,0.8498080677768126,0.1568836510475866,1.0986317021138414,-0.6149481841803586,0.4846640510954391,False,-0.21915140593913143,41.326605387663605,31.742916956558425,jamison battle,1955377.0,False,False,TOR,191608832,3713832.0,195322664.0,1993276.8274707089,0.010125876959082004,56.186690396914685,126.93819952174059,jamison battle
1641716,Jarace Walker,1610612754,IND,22.0,76,1953.3833333333332,884,391,192,63,26,139,-459,106.5,117.6,0.543,0.2,0.09,106.6,116.9,-10.3,26.216052490123975,1422.5,-0.007585709237288941,-5.116408152642087,-3.375211221945281,0.03541169459744478,-0.7841469782242124,-1.6857543502583967,-1.1278861074961544,-0.25267069058133196,0.9422852620897321,True,-0.6066163989218529,27.20527573452008,26.4987103230626,jarace walker,6665406.0,False,False,IND,188736250,841250.0,189577500.0,6695115.569822967,0.03401129012917188,30.693378493763653,69.34315183390153,jarace walker
1642272,Jared McCain,1610612760,OKC,22.0,67,1159.6666666666667,558,137,90,35,5,56,126,113.5,108.9,0.551,0.198,0.079,113.3,108.5,4.8,24.4777234837597,788.5,-0.005925852144916049,0.275276717195207,2.9911776634609137,-0.6123856155578111,-0.6019456279550026,0.1207230651290545,1.0138898696003262,-0.6149481841803586,0.726031137156811,True,-0.2576807631274036,39.83266468309535,34.92185525183659,jared mccain,4221360.0,False,False,OKC,189104345,1209345.0,190313690.0,4248356.1042365255,0.021581714389591562,47.43023462899732,107.15542318237773,jared mccain
1628991,Jaren Jackson Jr.,1610612762,UTA,26.0,48,1454.6483333333333,931,272,94,53,69,107,-63,108.7,110.8,0.576,0.253,0.107,107.6,109.7,-2.1,33.60317327555686,1357.8,-0.0012469221851705299,-3.680837139427203,2.0843904373506645,0.5764266562533167,-0.08834276395062667,-1.204768039640464,0.7088291621602132,0.307212708617164,0.8131443831686891,False,0.14862823043384676,55.90765021221349,51.20665390251695,jaren jackson,35000000.0,False,False,UTA,175673708,0.0,175673708.0,35000000.0,0.1778005386324485,33.24588259930028,75.1098249221328,jaren jackson
1629020,Jarred Vanderbilt,1610612747,LAL,27.0,65,1127.7416666666666,288,292,84,55,19,56,6,113.9,113.7,0.544,0.119,0.08,114.9,113.6,1.3,22.045474362479588,690.6,-0.004394496996186919,1.0489139487194052,-0.484389972666287,-0.8860830508255879,-0.4338498460215826,0.3799292725002785,-0.15535809872517425,-0.5820138665804471,0.7159677705629273,True,-0.42751672351750286,33.45015034915413,29.174735998750144,jarred vanderbilt,11571429.0,False,False,LAL,197146448,28645956.0,225792404.0,13252791.50667384,0.0673243848077185,26.60937300871447,60.11647734129744,jarred vanderbilt
1628386,Jarrett Allen,1610612739,CLE,28.0,56,1519.12,860,476,100,55,47,75,213,119.3,112.9,0.669,0.196,0.143,118.8,111.6,7.2,34.20085312549371,1443.2,0.01726200494745684,4.524710702309771,0.6175799833228257,0.6928615341913067,1.9433692015524324,1.5444907198809188,0.21536584253920887,1.4928481422139785,0.8309687665063537,False,1.1765536908079042,88.03131546934505,81.33529664141177,jarrett allen,20000000.0,False,False,CLE,211858381,66115250.25,277973631.25,26241457.141126744,0.1333070061197899,58.40749199831418,131.95548305962504,jarrett allen
1642859,Jase Richardson,1610612753,ORL,20.0,54,586.7483333333333,239,63,58,19,2,25,-17,111.9,112.8,0.574,0.162,0.074,110.5,114.9,-4.4,23.01429630534386,375.1,-0.001122424482204055,-1.0398894001290995,-0.6042429310722618,-1.061263630619148,-0.074676738308938,-0.31992173251485123,-0.19567894492517549,-0.7796197721799164,0.516433720702655,False,-0.5877434516711066,27.83522526577144,21.778145923943796,jase richardson,2983320.0,False,False,ORL,189903062,2008062.0,191911124.0,3014866.050193967,0.015315565932261995,33.351270335447595,75.34791920004291,jase richardson
1642914,Javon Small,1610612763,MEM,23.0,41,829.9083333333333,396,128,151,34,9,56,-108,111.7,117.4,0.611,0.183,0.109,111.4,116.4,-4.9,30.859311771380373,711.4,0.00550307604788061,-0.9148562959291432,-2.408242368593975,-0.16201512342919186,0.6525998135929146,-0.2780295440124058,-0.8025791402362963,0.3730813438169871,0.6141913876032947,False,0.007219291689430002,50.288005567223614,41.55731002558387,javon small,2049320.7000000002,True,True,MEM,160304096,0.0,160304096.0,2049320.7000000002,0.010410580694017898,72.8482693084802,164.58040292049543,javon small
1631451,Javonte Cooke,1610612757,POR,26.0,19,93.665,23,19,7,6,0,9,-59,74.3,102.9,0.275,0.205,0.019,76.1,104.2,-28.1,17.94907382693642,46.699999999999996,-0.06271535196822116,-5.933260858539448,1.4611227195582692,-1.7310744170962777,-6.835689241465276,-1.9594398494159617,0.4991498841117862,-2.59100724017505,0.2063371028196335,False,-2.4544676573420023,0.705466780304192,0.45351051637986345,javonte cooke,636435.0,False,False,POR,189204726,1309726.0,190514452.0,640840.5742392503,0.0032554799793504657,1.1941534745888929,2.697857641126846,javonte cooke
1629750,Javonte Green,1610612765,DET,32.0,82,1445.9616666666666,569,230,56,102,25,45,215,113.0,105.4,0.607,0.143,0.095,112.2,104.2,8.0,25.389884701876607,1019.8,0.0037282178953383996,-0.3462911750610769,6.138286872530744,-0.3537420920739658,0.4577748775092862,-0.08753249627671475,2.0726380897626275,-0.08799910258177421,0.8107128363547126,True,0.2515968168562561,59.93236403617358,54.827371796639724,javonte green,3627679.5,False,True,DET,185095988,0.0,185095988.0,3627679.5,0.018428667688168327,78.69780038197963,177.795791427473,javonte green
1629637,Jaxson Hayes,1610612747,LAL,26.0,66,1206.5783333333334,497,271,59,29,52,31,71,115.5,113.1,0.758,0.124,0.109,115.6,112.6,3.0,26.664824911215877,893.7,0.02195686027288085,1.8198343625452336,0.09958249146947651,-0.35251112650314054,2.458720181791324,0.6382252134274664,0.04110149830618327,0.3730813438169871,0.7405705212670141,True,0.49450365554805703,68.95247373382021,60.90273679066851,jaxson hayes,3449323.0,False,False,LAL,197146448,28645956.0,225792404.0,3950519.729082271,0.020068701020255493,84.84829337001815,191.69111967260434,jaxson hayes
1630643,Jay Huff,1610612754,IND,28.0,82,1719.243333333333,783,324,121,41,153,76,-252,107.4,113.7,0.598,0.178,0.092,107.4,113.3,-5.9,30.76004366261902,1468.9999999999998,0.003038718778812832,-4.327490370617806,-0.4021852512333629,0.43738850790670597,0.3820890424951457,-1.4214284131478638,-0.1277028453722821,-0.18680205538150887,0.8840103180530431,True,-0.12174982204152618,45.154857720807875,42.7979838073794,jay huff,2349578.0,False,False,IND,188736250,841250.0,189577500.0,2360050.7231387715,0.01198909399354209,71.40623366825216,161.32252447057022,jay huff
1627759,Jaylen Brown,1610612738,BOS,29.0,71,2442.838333333333,2038,492,364,72,27,259,321,119.5,113.0,0.573,0.351,0.152,116.8,111.4,5.4,40.40578480087713,2741.8,-0.002782919711442119,4.062460429223395,0.7477911325931755,2.2319576467872713,-0.2569481364148112,1.389614331748758,0.2591713838715407,1.7892570006131825,1.0,True,1.3035421487615957,90.38051317534172,90.38051317534172,jaylen brown,53142264.0,False,False,BOS,187492509,0.0,187492509.0,53142264.0,0.26996351895279364,50.69977933947694,114.5420500840915,jaylen brown
1641740,Jaylen Clark,1610612750,MIN,24.0,68,887.7033333333334,275,120,43,47,9,23,73,113.0,108.9,0.534,0.126,0.054,114.6,108.9,5.6,20.61769885584899,508.40000000000003,-0.0059129968194920335,0.6230377802849189,2.584900546852891,-1.1467457620805046,-0.6005345078886014,0.23723998360423476,0.8772104137804404,-1.4383061241781467,0.6352176911512424,True,-0.641090894349159,26.07318149363018,21.79321558870458,jaylen clark,2191897.0,False,False,MIN,196036611,8755763.75,204792374.75,2289795.714931028,0.011632197470657408,36.747495159292065,83.02074458385536,jaylen clark
1642377,Jaylen Wells,1610612763,MEM,22.0,69,1820.6416666666669,865,220,111,61,9,74,-179,113.4,117.8,0.559,0.189,0.069,111.6,117.1,-5.6,24.182682845333836,1223.0000000000002,-0.004144495229238046,-0.5225329933408476,-3.4827019766140177,-0.2877250591189482,-0.4064073271944619,-0.14658210174425995,-1.1640480699922269,-0.9442913601794737,0.9097056633545787,True,-0.6127742976732216,27.001279393232853,25.90415121810751,jaylen wells,1955377.0,False,False,MEM,160304096,0.0,160304096.0,1955377.0,0.009933345252271464,46.160868936565,104.28764445411018,jaylen wells
1631119,Jaylin Williams,1610612760,OKC,24.0,65,1277.375,469,358,158,31,42,67,304,114.6,103.1,0.597,0.153,0.115,114.5,103.0,11.5,28.1602505137489,999.2,0.0024589324334739512,1.1168129999462824,7.1156041692396546,-0.14790954909259224,0.31844630151834435,0.4026787664949619,2.4014264729055883,0.5706872494164564,0.7619875327064085,True,0.602611518689623,72.66164221156602,64.87917267839546,jaylin williams,8450704.0,False,False,OKC,189104345,1209345.0,190313690.0,8504747.267112028,0.04320424700072465,69.11289635125279,156.14136665793805,jaylin williams
1642281,Jaylon Tyson,1610612739,CLE,23.0,66,1777.4833333333331,872,338,147,54,28,99,110,117.0,113.4,0.608,0.189,0.092,115.8,111.9,3.9,27.3541805361513,1350.6,0.005116504770761941,2.5708057031224913,0.34406473817385175,0.06911455821277734,0.6101661553039206,0.8898372417834547,0.12335004017869207,-0.18680205538150887,0.8988587039668524,True,0.20474103852865183,58.11127722908424,55.46642477719324,jaylon tyson,3492480.0,False,False,CLE,211858381,66115250.25,277973631.25,4582388.211812116,0.02327860263666219,73.3640503501634,165.7456667279239,jaylon tyson
1643257,Jayson Kent,1610612757,POR,24.0,5,22.466666666666665,10,5,0,1,1,0,-3,86.7,89.4,0.672,0.137,0.245,93.8,90.8,3.0,28.362017804154306,17.7,0.012476789172457077,-0.9471448177151889,0.9761625755776873,-0.9185881544408907,1.4180994180627757,-0.2888477737107037,0.3359999407258521,4.852148537404954,0.10105504050823595,False,1.4457852603729517,92.58812792255428,55.133894015412814,jayson kent,2291166.0,True,True,POR,189204726,1309726.0,190514452.0,2307026.067261301,0.011719727925661675,92.7225946858015,209.48091338453474,jayson kent
1628369,Jayson Tatum,1610612738,BOS,28.0,16,521.85,348,160,85,22,3,39,118,120.7,110.2,0.541,0.29,0.159,119.5,109.6,9.9,39.92871514803104,578.8,-0.011579278394068963,3.571757514544446,1.583576883060905,0.45958298418394844,-1.2225182669949717,1.2252049208814146,0.5403458258624693,2.019797223812563,0.48703649293923085,False,0.8022897851520928,78.88073250701831,60.672410773173176,jayson tatum,54126450.0,False,False,BOS,187492509,0.0,187492509.0,54126450.0,0.27496319897892263,33.816853490289326,76.39977484389317,jayson tatum
201145,Jeff Green,1610612745,HOU,39.0,30,174.81666666666666,67,25,8,2,2,4,-26,103.6,111.7,0.477,0.171,0.061,103.4,111.2,-7.8,20.284107159881785,98.50000000000001,-0.017771781397882054,-2.462614673542908,0.39916927822002857,-1.5021380002148934,-1.9022649837607615,-0.7966040937375948,0.1418882699702142,-1.207765900978766,0.281890264486238,False,-1.1214113914765746,13.10563947255669,8.87056018963731,jeff green,3634153.0,False,False,HOU,199783669,14606591.5,214390260.5,3899853.337696268,0.019811314972284243,12.414219943859026,28.04647714624744,jeff green
203924,Jerami Grant,1610612757,POR,32.0,57,1695.1016666666667,1060,198,122,42,36,119,-6,114.9,115.2,0.608,0.228,0.094,114.1,114.4,-0.2,29.036134509139572,1367.2,0.0061722914694905965,1.1073362965113063,-1.373896212818868,0.21741530306700196,0.7260591216252749,0.39950360861001577,-0.45460514927896056,-0.12093342018168575,0.8777817254737977,False,0.1187174368556943,54.725038918367076,51.715258994875136,jerami grant,32000001.0,False,False,POR,189204726,1309726.0,190514452.0,32221513.613325138,0.16368578502862802,34.562321880606454,78.0839533316943,jerami grant
1642847,Jeremiah Fears,1610612740,NOP,19.0,82,2111.903333333333,1169,300,279,97,30,178,-287,111.8,118.2,0.525,0.245,0.093,110.8,117.6,-6.9,30.577535903631954,1793.8,-0.013702493815678955,-1.4441323720319137,-3.9613002697048167,0.683133965267011,-1.455582136473467,-0.45536284539531807,-1.3250577640702934,-0.15386773778159732,0.9797734741286174,True,-0.36077724190858823,35.91329884735367,35.58641827663546,jeremiah fears,7520040.0,False,False,NOP,190898076,3003076.0,193901152.0,7638340.048466911,0.03880288499643484,39.36134387441429,88.92600875542239,jeremiah fears
1630526,Jeremiah Robinson-Earl,1610612742,DAL,25.0,22,360.615,101,103,15,9,1,12,-86,109.3,119.5,0.468,0.129,0.069,109.4,120.1,-10.7,19.876045089638534,199.10000000000002,-0.014567782458051369,-1.519381794263176,-2.899263487897732,-1.4542373742121124,-1.550564264596005,-0.48057507219703616,-0.96776811258804,-0.9442913601794737,0.4048652974643654,False,-1.0966828690140324,13.63900238373344,9.986332751796734,jeremiah robinson earl,749755.0,False,False,DAL,185068401,0.0,185068401.0,749755.0,0.003808766938353469,24.889692885785404,56.23133840508545,jeremiah robinson earl
1631110,Jeremy Sochan,1610612752,NYK,23.0,44,468.5516666666667,158,107,40,17,7,21,-58,107.2,111.1,0.563,0.141,0.081,108.3,110.8,-2.5,23.887226951136658,310.9,-0.0025279250122887155,-2.4797979518758075,0.9776165673150703,-1.0426722072393597,-0.22895754691724032,-0.8023613301080572,0.3364890915820246,-0.5490795489805355,0.4614954282579951,False,-0.5296163843204915,29.818896608524504,22.59297114192783,jeremy sochan,7902859.0,False,False,NYK,207045051,42640242.25,249685293.25,9530426.626465956,0.0484147139309336,23.127000645000606,52.24902555171171,jeremy sochan
1630579,Jericho Sims,1610612749,MIL,27.0,67,1317.835,334,370,104,19,17,75,-272,110.3,120.3,0.772,0.095,0.083,110.1,119.9,-9.8,19.379057317494222,709.4,0.01815178811228775,-2.0342284570937106,-5.161010977421978,-1.0850158046431924,2.041040076246374,-0.6530738163269069,-1.7286635788429627,-0.4832109137807124,0.7739611806097959,True,-0.4673218231335362,32.01348226203476,28.75715188124895,jericho sims,2461463.0,False,False,MIL,182444588,0.0,182444588.0,2461463.0,0.012504269920681215,47.278479026887624,106.81257360780658,jericho sims
1641724,Jett Howard,1610612753,ORL,22.0,55,695.32,301,87,45,10,11,15,-70,112.6,118.1,0.561,0.166,0.07,112.1,119.0,-6.9,23.189898176379216,447.9,-0.003308138666949818,-0.3990681558206728,-3.3152073839925227,-0.9888059072696326,-0.31460105323530835,-0.10521535907307568,-1.1076996594211075,-0.9113570425795622,0.5621872868133407,False,-0.7497360003507005,22.67068604234509,18.204204487644176,jett howard,5529506.0,False,False,ORL,189903062,2008062.0,191911124.0,5587975.783269593,0.02838700297515462,22.463007885765826,50.74891859119631,jett howard
1628975,Jevon Carter,1610612753,ORL,30.0,53,867.4416666666667,339,89,87,40,10,36,-87,110.0,115.6,0.537,0.166,0.074,109.4,115.9,-6.5,24.099833802465103,580.7,-0.007292138666949822,-2.122569914263854,-1.801025927828153,-0.8093088354387069,-0.7519219423696962,-0.6826725134082327,-0.5982998212786564,-0.7796197721799164,0.6279264818963018,False,-0.7411472820721395,22.930207186822706,19.090931900341182,jevon carter,7978149.0,False,False,ORL,189903062,2008062.0,191911124.0,8062511.082783257,0.04095768037854139,20.720383990158258,46.81194458206098,jevon carter
202710,Jimmy Butler III,1610612744,GSW,36.0,38,1181.6766666666667,760,211,185,55,8,60,185,116.6,109.2,0.646,0.226,0.155,116.0,109.3,6.7,37.15838794029952,1219.7,0.014706148561863494,2.2864882976222374,2.5864504362185543,0.7510504248051761,1.662814636530474,0.7945770431188276,0.8777318264478544,1.8880599534129172,0.7328886392732239,False,1.2544491181397426,89.51605955335839,78.75621913996987,jimmy butler,54126450.0,False,False,GSW,205124954,67979689.5,273104643.5,72064293.21695583,0.36608771857547,39.711665103094575,89.71746213537376,jimmy butler
1642866,Joan Beringer,1610612750,MIN,19.0,40,314.13166666666666,156,92,12,7,26,11,23,117.8,115.5,0.683,0.156,0.107,119.7,115.0,4.7,33.14279044349769,289.20000000000005,0.01592314679491463,2.2973296500630322,-0.8716905453741698,-0.31722406297657696,1.796403680042748,0.798209424982633,-0.28565347927331475,0.307212708617164,0.37787183172621003,False,0.35920174070381494,64.02779127416517,46.10271964735936,joan beringer,4201080.0,False,False,MIN,196036611,8755763.75,204792374.75,4388716.706160208,0.02229474840744315,61.90756018542147,139.8629136403577,joan beringer
1629111,Jock Landale,1610612737,ATL,30.0,68,1506.0766666666666,718,387,115,35,36,60,-55,114.6,116.8,0.595,0.177,0.098,112.8,116.2,-3.4,29.039955911938968,1214.9,0.0024906473249992765,0.40087779724526973,-2.627013113928481,0.09562251302056594,0.3219276229442118,0.1628055532447883,-0.8761778372814961,0.010803850217960459,0.8273936808015293,True,-0.03156991584334477,48.740751755250265,44.9549189653022,jock landale,2461463.0,False,False,ATL,186963786,0.0,186963786.0,2461463.0,0.012504269920681215,73.90857767254538,166.97587476127265,jock landale
204060,Joe Ingles,1610612750,MIN,38.0,27,152.68833333333333,41,19,34,9,2,14,-8,110.9,116.7,0.735,0.106,0.096,113.4,116.2,-2.8,25.015663715848188,106.1,0.016331574104236857,-0.1370957115918681,-0.8092254414218223,-1.116293598054646,1.8412364596761723,-0.017441812328778374,-0.264639013858132,-0.055064784981862645,0.2634459866439189,False,-0.06171948998483104,47.539310939713715,31.78243932054076,joe ingles,3634153.0,False,False,MIN,196036611,8755763.75,204792374.75,3796468.5232945434,0.019286118524083032,44.89930100551023,101.43748259885248,joe ingles
203954,Joel Embiid,1610612755,PHI,32.0,38,1200.638333333333,1021,293,150,21,46,109,155,119.1,113.2,0.605,0.336,0.163,118.7,111.5,7.2,42.62832409981913,1421.7,0.008088008481354563,4.146976406173824,0.5371538605047191,1.3520078870925822,0.9363460360224187,1.4179313063654446,0.18830894405509413,2.1515344942122097,0.7387453532643686,False,1.364850263003252,91.38499413344856,80.64135467177623,joel embiid,55224526.0,False,False,PHI,194666722,7043402.5,201710124.5,57222651.61948681,0.29069195085490585,44.08027618399843,99.58712381331291,joel embiid
1628381,John Collins,1610612746,LAC,28.0,69,1871.4783333333328,935,367,70,60,51,95,-38,113.9,115.1,0.643,0.188,0.098,112.3,113.1,-0.8,26.75553283634062,1390.9,0.011669433316948393,-0.03632936016994629,-0.7569246301720944,0.053376172646159833,1.329476531371282,0.01631983036162429,-0.24704401249494123,0.010803850217960459,0.9223188004681296,True,0.18139805061262287,57.19724255585492,55.19782487061055,john collins,26580000.0,False,False,LAC,191938984,12131952.0,204070936.0,28260051.011210937,0.14356149404496502,38.62306361036664,87.2580698396647,john collins
1629723,John Konchar,1610612762,UTA,30.0,56,1114.6766666666667,248,240,118,83,38,35,-146,106.1,112.0,0.568,0.09,0.09,106.7,111.2,-4.5,25.53996226110412,790.8000000000001,-0.001163569156780031,-4.505186430408181,0.9808695652432152,-0.5252871479737125,-0.07919316041453811,-1.4809652604533219,0.33758346280901896,-0.25267069058133196,0.7118084097011022,False,-0.39050923787665387,34.808001282651865,30.293883322503785,john konchar,6165000.0,False,False,UTA,175673708,0.0,175673708.0,6165000.0,0.03131829487625842,36.11716512282057,81.59668918267519,john konchar
1642967,John Poulakidas,1610612742,DAL,23.0,13,253.435,115,30,11,7,4,4,-15,110.5,112.8,0.611,0.153,0.069,110.4,113.8,-3.4,24.034565075857714,169.20000000000002,0.004600932433473953,-0.8564169259298225,-0.15444589095264982,-1.144448383965495,0.5535721410077667,-0.2584495046329104,-0.044358547689369296,-0.9442913601794737,0.33940790690955813,False,-0.5317848907423928,29.743749429735328,20.901930868269403,john poulakidas,2049320.7000000002,True,True,DAL,185068401,0.0,185068401.0,2049320.7000000002,0.010410580694017898,36.64023220034035,82.77841376158196,john poulakidas
1642910,John Tonje,1610612738,BOS,25.0,6,41.89833333333333,15,6,2,2,0,0,-6,106.6,108.4,0.476,0.157,0.061,109.7,113.3,-3.7,22.683479852022753,26.4,-0.016473781751271826,-0.349942653497329,0.12377396251905645,-1.3673688553524834,-1.7597844718250923,-0.0887559196568098,0.04923997562468115,-1.207765900978766,0.13800252522942097,False,-0.9740670465103338,16.50116251528384,10.100380326754719,john tonje,2380266.9,True,True,BOS,187492509,0.0,187492509.0,2380266.9,0.012091792483113954,16.801731179252414,37.95883846647974,john tonje
1641780,Johni Broome,1610612755,PHI,23.0,11,54.76166666666666,10,16,4,3,2,3,-18,88.9,102.5,0.188,0.226,-0.02,88.2,107.4,-19.2,21.825486197766082,33.2,-0.08880185143813651,-2.4190412272675617,0.7404242506353775,-1.4307792459307778,-9.699186014203002,-0.7820048639036399,0.25669302273348865,-3.8754456265715995,0.15777093099385153,False,-3.0540031777601473,0.11290484446581935,0.07011356054749039,johni broome,1272870.0,False,False,PHI,194666722,7043402.5,201710124.5,1318924.7937935432,0.006700158250062373,0.1434036797718903,0.3239807290026036,johni broome
1642277,Johnny Furphy,1610612754,IND,21.0,35,643.0533333333333,180,153,41,20,7,29,-58,110.1,114.8,0.547,0.125,0.066,111.8,114.6,-2.8,20.260216881958986,361.9,-0.004241068273305587,-1.049785046553688,-0.97840304625261,-1.2928866287646041,-0.4170080825905541,-0.32323725673561643,-0.32155362218812317,-1.0430943129792083,0.5406449571548501,False,-0.7954197953120576,21.318467440290533,16.911731954298116,johnny furphy,1955377.0,False,False,IND,188736250,841250.0,189577500.0,1964092.659557981,0.009977620936955638,30.089618458365145,67.97912396012455,johnny furphy
1630548,Johnny Juzang,1610612750,MIN,25.0,21,87.69833333333334,43,17,6,2,1,5,-5,105.3,109.9,0.518,0.2,0.085,110.1,111.0,-0.8,25.73823143731352,62.7,-0.012585709237288946,-0.7171728629155533,0.3552783379540555,-1.0930947592226496,-1.3329934756318276,-0.21179595177612867,0.12712251136421288,-0.4173422785808893,0.19965690268026995,False,-0.6111264107864908,27.055794821900587,17.311531439207425,johnny juzang,636435.0,False,False,MIN,196036611,8755763.75,204792374.75,664860.6827018462,0.003377502499997877,45.00026233153257,101.66557663422046,johnny juzang
202685,Jonas Valančiūnas,1610612743,DEN,34.0,65,871.065,567,329,78,14,37,73,-44,114.6,116.6,0.63,0.26,0.15,113.9,116.8,-2.9,37.57193780027897,909.0999999999999,0.01275857799152437,0.7585495634064398,-2.400970185223903,0.5352324408720965,1.4490311793335182,0.28264304065183576,-0.8001326375291236,1.7233883654133595,0.6292365504034524,True,0.7905558572104665,78.53983926016619,65.43597347948028,jonas valanciunas,10395000.0,False,False,DEN,191600929,11117787.0,202718716.0,10998177.63837669,0.05587091165939217,63.707358293628126,143.92905688076704,jonas valanciunas
1628371,Jonathan Isaac,1610612753,ORL,28.0,52,520.8933333333333,134,132,22,20,31,18,-35,104.7,106.1,0.498,0.119,0.078,106.4,108.3,-1.9,23.359868943097755,338.0,-0.009868496996186924,-3.707370090781202,2.8169186063536427,-1.06327142205088,-1.0347269913834396,-1.2136578725112084,0.9552657627444938,-0.6478825017802702,0.48658986525584047,False,-0.6541504712193241,25.650743372610187,19.72453514756134,jonathan isaac,15000000.0,False,False,ORL,189903062,2008062.0,191911124.0,15158612.134437304,0.07700598292638064,17.163713527071916,38.77663690177222,jonathan isaac
1630228,Jonathan Kuminga,1610612737,ATL,23.0,36,830.4966666666667,438,202,83,22,11,67,71,112.0,108.0,0.557,0.226,0.111,111.5,106.5,5.0,29.138226523084576,672.1999999999999,-0.005407851438136499,-0.802743934668922,3.645860772394139,-0.3315750238853739,-0.5450850532408776,-0.24046643461494202,1.2341378909768208,0.4389499790168102,0.6144090533581719,False,0.1160791982018497,54.62051126078842,45.1429826713898,jonathan kuminga,22500000.0,False,False,ATL,186963786,0.0,186963786.0,22500000.0,0.11430034626371689,34.210675815998144,77.28950685344549,jonathan kuminga
1642367,Jonathan Mogbo,1610612761,TOR,24.0,40,248.89666666666668,61,68,25,11,8,14,-53,96.3,106.5,0.608,0.102,0.101,99.8,107.4,-7.6,23.749614967389412,164.20000000000002,0.002761288288982635,-4.847685611955721,1.9611539294012335,-1.171326801518141,0.3516356919716691,-1.5957191919591496,0.6673700246525442,0.10960680301769513,0.33635524150048335,False,-0.34645668077446723,36.44997671731893,25.56455051917378,jonathan mogbo,1955377.0,False,False,TOR,191608832,3713832.0,195322664.0,1993276.8274707089,0.010125876959082004,45.25064558883675,102.23124796399728,jonathan mogbo
203903,Jordan Clarkson,1610612752,NYK,34.0,72,1279.4616666666666,622,127,96,30,9,63,110,115.4,111.7,0.548,0.203,0.068,114.6,110.1,4.5,23.66589073269096,841.0999999999999,-0.006684494875848274,1.3905517559358018,1.5824459448868369,-0.6353731286300238,-0.6852213090861824,0.4943946015909115,0.539965356454081,-0.9772256777793853,0.7626096543110931,True,-0.3996401881475,34.47107758842638,30.78868212718283,jordan clarkson,14285714.0,False,False,NYK,207045051,42640242.25,249685293.25,17227809.465369113,0.08751753721142351,25.618037881815532,57.8768313460936,jordan clarkson
1630692,Jordan Goodwin,1610612756,PHX,27.0,70,1571.7766666666666,609,341,151,106,14,68,93,113.4,110.1,0.525,0.167,0.098,112.8,109.4,3.4,28.059711621455975,1225.1,-0.009340067213136268,0.04094083572319624,2.473879745800731,0.025126164044254447,-0.9767216242727961,0.04220911490501759,0.8398608756149984,0.010803850217960459,0.8452478567816303,True,-0.004675048986465256,49.81349320902002,46.34455803313972,jordan goodwin,2673027.0,False,True,PHX,188101058,618174.0,188719232.0,2681811.6172172935,0.013623644287199787,73.94079841492679,167.04866856699883,jordan goodwin
1641722,Jordan Hawkins,1610612740,NOP,24.0,51,691.975,258,88,42,13,10,34,-133,107.0,116.8,0.48,0.175,0.055,107.6,116.7,-9.1,19.73828534267857,379.4000000000001,-0.01766249558262783,-3.266071737693088,-2.205513983143587,-1.3207466757112958,-1.8902687563770384,-1.0658013995260927,-0.7343774023832224,-1.4053718065782352,0.5608333896168192,False,-1.3053653446442477,9.588423653760225,7.693511672037319,jordan hawkins,4741216.0,False,False,NOP,190898076,3003076.0,193901152.0,4815801.518506829,0.024464345826785073,10.00059636170394,22.593565973198448,jordan hawkins
1629162,Jordan McLaughlin,1610612759,SAS,30.0,44,281.6166666666667,89,32,38,20,2,15,-61,100.8,112.3,0.542,0.143,0.091,103.2,113.2,-10.0,24.4928685565485,191.6,-0.005566782104661592,-3.8717990593518143,0.03633590937530178,-1.0897070981596124,-0.5625307611714686,-1.268749597144445,0.019824128575709903,-0.21973637298142043,0.35778146368639024,False,-0.6100661208953599,27.090900401346396,19.261675119919687,jordan mclaughlin,2874436.0,False,False,SAS,188455363,560363.0,189015726.0,2882982.9978387826,0.014645597996683617,29.96295277108107,67.69295806974303,jordan mclaughlin
1641757,Jordan Miller,1610612746,LAC,26.0,60,1324.78,598,182,136,45,11,63,-13,114.3,114.7,0.628,0.177,0.106,115.4,113.4,2.0,25.777563067075288,948.5999999999999,0.008331647324999282,1.433087164868833,-0.7108581275582938,-0.3797086075511029,0.9630901012157879,0.508646038284041,-0.23154635276616464,0.27427839101725243,0.7759978912811086,False,0.1733848334274496,56.88255271354551,51.14873742282905,jordan miller,1101910.0,False,False,LAC,191938984,12131952.0,204070936.0,1171558.7964546066,0.005951536715691775,109.0442503802486,246.35515481842148,jordan miller
1629673,Jordan Poole,1610612740,NOP,27.0,39,933.2366666666668,524,77,119,22,15,69,-144,109.4,117.3,0.53,0.235,0.073,107.8,115.4,-7.7,28.017330366359367,726.3,-0.011968208353814506,-2.960102152202602,-2.09611562508032,-0.3781651961566527,-1.265210836223617,-0.9632866644613367,-0.6975736853230204,-0.8125540897798279,0.6513052163528901,False,-0.7772182038743077,21.85150219668427,18.422725022807544,jordan poole,31848215.0,False,False,NOP,190898076,3003076.0,193901152.0,32349229.007649504,0.16433458119727168,12.295233403886398,27.777660153384012,jordan poole
1641775,Jordan Walsh,1610612738,BOS,22.0,68,1211.97,364,272,54,49,31,35,95,117.9,112.8,0.623,0.114,0.08,118.0,112.3,5.8,22.301542117379142,750.8,0.0047961457347453,3.521262552734011,0.3120940980556526,-0.817268659599693,0.575000568337798,1.208286645740428,0.11259450038838485,-0.5820138665804471,0.7422233185136765,True,-0.0945390677040657,46.23404749301744,40.87092079252344,jordan walsh,2221677.0,False,False,BOS,187492509,0.0,187492509.0,2221677.0,0.011286153350494921,69.6484386711511,157.3512755772098,jordan walsh
1630631,Jose Alvarado,1610612752,NYK,28.0,69,1370.236666666667,510,171,234,66,8,77,24,112.0,110.7,0.543,0.167,0.088,112.3,109.9,2.4,26.55395296676243,1010.7,-0.006334067213136265,-0.5905452001715376,1.993441310065085,-0.26761028397943054,-0.6467551100313378,-0.16936950838548104,0.678232122069767,-0.31853932578115507,0.7891988649794478,True,-0.18314824318126194,42.73408516578618,38.68030802013048,jose alvarado,4500000.0,False,False,NYK,207045051,42640242.25,249685293.25,5426760.0901264725,0.027568024772958902,48.22097536681912,108.94188194758564,jose alvarado
1630581,Josh Giddey,1610612741,CHI,23.0,54,1731.3566666666666,919,448,494,55,27,196,-187,112.1,117.1,0.562,0.238,0.142,111.2,116.1,-4.9,37.942961877679735,1824.7999999999997,-0.004504993992373835,-1.106490937848675,-2.7616202939195222,1.2991307728382835,-0.4459790238878329,-0.34223649619726937,-0.9214622881120739,1.459913824614067,0.8871191030692006,False,0.5063051693642145,69.36787826838224,65.84423952567757,josh giddey,25000000.0,False,False,CHI,177919585,0.0,177919585.0,25000000.0,0.1270003847374632,48.09213612639479,108.65080551842277,josh giddey
1630182,Josh Green,1610612766,CHA,25.0,58,907.9283333333332,249,102,47,35,6,35,207,118.5,106.0,0.644,0.104,0.059,116.8,106.8,10.0,16.899131172247444,426.2,0.0065594311966097486,2.8980152432930537,4.1663966151704726,-1.511095484396243,0.7685551782726121,0.9994683976627988,1.4092561854045556,-1.2736345361785892,0.6424131824376714,False,-0.2832722677516425,38.848406706579965,32.59715155187214,josh green,13666667.0,False,False,CHA,185779105,0.0,185779105.0,13666667.0,0.06942687868315169,29.412573256727047,66.44952863632713,josh green
1628404,Josh Hart,1610612752,NYK,31.0,66,1993.575,792,486,317,75,17,128,210,118.0,112.5,0.612,0.163,0.118,116.6,111.4,5.1,28.816974530679808,1595.8,0.005064646971609506,3.3370207185269867,0.8801118862197701,0.38309517030006046,0.6044737610183043,1.1465566447297064,0.3036866367864843,0.6694902022161906,0.9519298579966144,True,0.6048284096200466,72.73534925455596,71.1619698992564,josh hart,19472240.0,False,False,NYK,207045051,42640242.25,249685293.25,23482483.310525402,0.11929137660111139,53.1279230874231,120.02776553319333,josh hart
1631169,Josh Minott,1610612751,BKN,23.0,49,833.7316666666667,364,158,46,44,24,43,-25,111.7,111.7,0.653,0.162,0.104,111.6,111.3,0.3,26.926649061748478,623.5999999999999,0.011675575517795956,-0.8414228902964508,0.9256964616101955,-0.5480375057386017,1.3301507564555939,-0.25342577134895494,0.319022166904847,0.20840975581742932,0.6156045316548111,False,0.13487562311230128,55.36448933235674,45.78765286938517,josh minott,2378870.0,False,False,BKN,152025523,0.0,152025523.0,2378870.0,0.012084696209616363,76.18227154498064,172.1126536744224,josh minott
1642490,Josh Oduro,1610612740,NOP,25.0,3,81.76666666666667,25,23,4,0,0,2,1,127.8,124.6,0.636,0.09,0.05,122.6,126.1,-3.4,19.328169588259275,43.9,0.004956430843219974,1.6435738907644541,-1.7651748961594123,-1.622633916898423,0.5925949524123829,0.579169358127243,-0.5862388429494423,-1.5700433945777927,0.1927865832122834,False,-0.7888426774594159,21.510198117909546,13.696703884567235,josh oduro,2380266.9,True,True,NOP,190898076,3003076.0,193901152.0,2417711.6063624904,0.01228201216769066,22.65999334216378,51.19395244157055,josh oduro
1629006,Josh Okogie,1610612745,HOU,27.0,78,1353.8116666666667,353,200,69,63,16,41,69,115.4,109.9,0.544,0.112,0.056,115.8,109.6,6.1,18.688566972018513,702.8000000000001,-0.004135997172881807,1.9381516884132517,2.3521391078955216,-1.1457253269492584,-0.405474501501283,0.6778672886209416,0.7989049776334156,-1.3724374889783237,0.7844545489663116,True,-0.5374679137178506,29.547222139772146,26.681275944462747,josh okogie,3080921.0,False,False,HOU,199783669,14606591.5,214390260.5,3306173.417857895,0.016795411843069055,39.56196994496897,89.37926756090512,josh okogie
201950,Jrue Holiday,1610612757,POR,36.0,53,1560.4016666666666,865,245,322,54,6,146,197,114.6,108.6,0.573,0.227,0.124,113.7,109.0,4.7,32.615448372801445,1413.6999999999998,-0.0017997799843229663,0.81334438239667,3.1056913221892457,0.5419677835106331,-0.1490295772764861,0.3010019776772264,1.0524144724369495,0.8670961078156599,0.8421837595492357,False,0.5762788091480098,71.77866280893136,66.68113538984147,jrue holiday,32400000.0,False,False,POR,189204726,1309726.0,190514452.0,32624281.513982903,0.1657318521623655,44.37097133715854,100.24386865966653,jrue holiday
1630577,Julian Champagnie,1610612759,SAS,25.0,82,2265.963333333333,911,473,127,62,38,69,592,120.4,108.0,0.609,0.146,0.091,119.8,107.7,12.1,24.398099998676063,1535.7,0.004098432256779066,5.778827543011018,4.195159015514609,-0.019743040151269597,0.4984130486226274,1.9646810321259727,1.4189324114739235,-0.21973637298142043,1.0,True,0.511447301901135,69.54810599671035,69.54810599671035,julian champagnie,3000000.0,False,False,SAS,188455363,560363.0,189015726.0,3008920.356381686,0.015285361716194362,106.58027822803186,240.7884950549684,julian champagnie
1641763,Julian Phillips,1610612750,MIN,22.0,48,427.01666666666665,140,49,10,22,7,11,-22,107.7,110.7,0.534,0.134,0.046,109.7,111.7,-2.0,19.837164825728898,235.3,-0.006288425188983591,-1.8821724436410037,0.7558330775383143,-1.428336198655335,-0.6417450170131801,-0.6021276351595245,0.26187684921502824,-1.701780664977439,0.4405660958908264,False,-1.0149176196007168,15.507254923590496,11.603377049826301,julian phillips,2221677.0,False,False,MIN,196036611,8755763.75,204792374.75,2320905.8065049686,0.011790237214621734,19.47330020915459,43.994505635308876,julian phillips
1642882,Julian Reese,1610612764,WAS,23.0,13,401.5,154,137,24,18,8,32,-112,110.8,122.6,0.557,0.173,0.092,109.0,123.2,-14.2,26.388044831880446,294.3,-0.004139638490254931,-1.4545903727161806,-4.462217566574212,-0.8552665792588682,-0.4058742063585207,-0.45886678572238043,-1.4935760013721806,-0.18680205538150887,0.42720018726587655,False,-0.6236048104471321,26.64435753327721,19.776510180810213,julian reese,2049320.7000000002,True,True,WAS,187128348,0.0,187128348.0,2049320.7000000002,0.010410580694017898,34.66741564231747,78.3213834561299,julian reese
1631124,Julian Strawther,1610612743,DEN,24.0,57,860.6733333333333,413,114,61,25,6,36,20,115.0,113.5,0.59,0.187,0.082,115.0,115.2,-0.3,24.879125645812195,594.8000000000001,0.0016963618631348281,1.2739028289092744,-0.9988680917361261,-0.7354593876804261,0.2347394642069934,0.455311521386901,-0.32843845809364847,-0.516145231380624,0.625471943027944,False,-0.28446653720925674,38.802643732168264,32.26293828909371,julian strawther,2674148.0,False,False,DEN,191600929,11117787.0,202718716.0,2829317.4348542327,0.014372976110836003,50.518519612459315,114.13254414539178,julian strawther
203944,Julius Randle,1610612750,MIN,31.0,79,2610.2966666666666,1667,532,398,86,18,217,232,117.0,113.1,0.585,0.258,0.128,116.7,112.1,4.6,34.72708721486319,2518.0,0.0010504350838972483,3.2176303538398616,0.36997969487588317,1.5967679934787224,0.16383653413372795,1.106555049193454,0.13206833130274503,0.9988333782153062,1.0,True,0.9092109990287616,81.83806203015448,81.83806203015448,julius randle,30864198.0,False,False,MIN,196036611,8755763.75,204792374.75,32242714.107999966,0.16379348386784115,54.68139226560751,123.53739706867306,julius randle
1630551,Justin Champagnie,1610612764,WAS,25.0,69,1377.4533333333334,597,384,84,59,43,45,-294,110.0,119.4,0.589,0.161,0.106,109.7,119.2,-9.6,29.694799097852076,1136.2,0.001299504063982392,-2.3228625526228117,-4.650919708058677,0.08508568235029298,0.19117666160025157,-0.7497803167014067,-1.557059040302546,0.27427839101725243,0.7912743844679616,True,-0.21379446641780625,41.5353670175579,37.6340942463679,justin champagnie,2349578.0,False,False,WAS,187128348,0.0,187128348.0,2349578.0,0.011935892398827173,62.88836434200025,142.07876783714426,justin champagnie
1642348,Justin Edwards,1610612755,PHI,22.0,64,977.0183333333332,386,94,80,54,11,36,-71,111.7,115.0,0.572,0.154,0.068,112.5,115.5,-3.0,24.10517714611292,654.1999999999999,-0.001374996112712497,-0.5331764437691722,-1.560531612810971,-0.7499547509300821,-0.10240134925875571,-0.1501481767810498,-0.5173928965206019,-0.9772256777793853,0.6664077148594862,False,-0.5961477544503972,27.55382622023319,23.4175414863057,justin edwards,2048494.0,False,False,PHI,194666722,7043402.5,201710124.5,2122612.3064706614,0.010782903182809927,40.54822481247622,91.6074361230064,justin edwards
203994,Jusuf Nurkić,1610612762,UTA,31.0,41,1083.0683333333334,447,425,196,52,22,101,-187,109.5,117.4,0.548,0.186,0.121,107.9,116.5,-8.6,34.432176486248174,1035.9,-0.006124709590678713,-3.0417892080502886,-2.6813172107738565,0.38489341731889914,-0.6237740704730552,-0.990655812525584,-0.8944467825462064,0.7682931550159253,0.7016436331064281,False,-0.04962019899722453,48.021252499299784,41.57390160608331,jusuf nurkic,19375000.0,False,False,UTA,175673708,0.0,175673708.0,19375000.0,0.09842529817153399,33.19872994557874,75.00329661580614,jusuf nurkic
1642354,KJ Simpson,1610612743,DEN,23.0,20,257.61,91,37,43,16,0,25,-2,110.1,110.0,0.426,0.21,0.065,108.2,112.6,-4.4,24.776988470944453,177.3,-0.0325349946991534,-1.3689721419531458,0.4695298433541425,-1.0783681953122042,-3.5228125659376186,-0.4301805023151083,0.16555892076640139,-1.07602863057912,0.34219213103964646,False,-1.160515760124736,12.291944045311414,8.653362162289621,kj simpson,636434.0,False,False,DEN,191600929,11117787.0,202718716.0,673363.5581628312,0.00342069723819467,22.39405815849586,50.59314585969466,kj simpson
1642955,Kadary Richmond,1610612764,WAS,24.0,3,66.8,25,10,8,8,1,2,5,110.6,106.6,0.722,0.114,0.129,112.5,106.0,6.5,32.335329341317376,60.00000000000001,0.0160821457347453,-0.1468510339360908,0.7897260260675066,-0.5657808496082283,1.8138568822862655,-0.020710321138195254,0.2732790906205437,1.0317676958152178,0.17425164665975573,False,0.47804894410780036,68.36923151776834,42.96413036254753,kadary richmond,73153.0,False,False,WAS,187128348,0.0,187128348.0,73153.0,0.002,134.16325044413222,303.1045490142925,kadary richmond
1642880,Kam Jones,1610612754,IND,24.0,37,616.325,162,60,119,18,0,36,-143,106.0,116.0,0.47,0.141,0.061,106.6,116.6,-9.9,21.016184642842656,359.80000000000007,-0.01564092501228871,-3.658245833460262,-1.887719306713866,-1.233896757748528,-1.66836237101845,-1.1971988502314737,-0.6274651455484912,-1.207765900978766,0.5292898329580187,False,-1.194757914750524,11.609081379253894,9.150050693399244,kam jones,1272870.0,False,False,IND,188736250,841250.0,189577500.0,1278543.5358867203,0.0064950208384484025,18.91944326847646,42.74321992430423,kam jones
1626157,Karl-Anthony Towns,1610612752,NYK,30.0,75,2321.7816666666668,1504,889,226,65,40,187,378,118.8,111.8,0.619,0.251,0.154,118.1,111.5,6.6,37.27327217819074,2403.9,0.009555934907202369,4.438191735797214,1.086803763871423,1.7096486287469834,1.0974792914781482,1.5155026460634085,0.3732217698397065,1.8551256358130057,1.0,True,1.431880404037837,92.39109743601433,92.39109743601433,karl anthony towns,53142264.0,False,False,NYK,207045051,42640242.25,249685293.25,64086737.19425885,0.32556161120958266,48.53964033291023,109.66181680690035,karl anthony towns
1631255,Karlo Matković,1610612740,NOP,25.0,62,911.7566666666668,352,229,50,25,54,34,-93,107.2,111.6,0.696,0.128,0.108,108.2,110.4,-2.1,27.548139671769142,697.6999999999999,0.014729146088135067,-3.349304082715512,1.3309608071488788,-0.4387508459529339,1.6653390588791124,-1.093688294836664,0.4553609070088611,0.34014702621707554,0.6437661442518149,False,0.1464081470345856,55.820040189468315,46.87179552434749,karlo matkovic,1955377.0,False,False,NOP,190898076,3003076.0,193901152.0,1986137.633436934,0.010089609743521811,83.06988435894314,187.6732991481284,karlo matkovic
1642857,Kasparas Jakučionis,1610612748,MIA,20.0,53,944.6283333333332,328,138,137,33,7,50,72,115.9,112.9,0.614,0.129,0.073,115.9,112.6,3.3,24.123773547621024,633.0,0.004266217541948628,1.9054129296659283,0.1444109844699587,-0.7654583378004872,0.5168307218389978,0.6668982075799269,0.056182667729867415,-0.8125540897798279,0.6552682772357556,False,-0.24914407181175133,40.16246698296174,33.93209258788742,kasparas jakucionis,3658800.0,False,False,MIA,157325624,0.0,157325624.0,3658800.0,0.018586760307097216,48.559856352995524,109.70748928152013,kasparas jakucionis
202695,Kawhi Leonard,1610612746,LAC,35.0,65,2084.728333333333,1813,413,234,122,27,133,340,120.3,112.8,0.629,0.326,0.185,119.0,110.5,8.4,44.30908263826543,2565.9,0.015671293943219016,5.270008810563027,1.2266499768743444,2.4042139250190697,1.7687579689396968,1.7942019386916592,0.42026873239396845,2.876089481410263,0.9734494274890646,True,2.061364621681645,98.03658663101665,96.86526925508451,kawhi leonard,50000000.0,False,False,LAC,191938984,12131952.0,204070936.0,53160366.838244796,0.2700554816496708,54.3309858443605,122.7457512198121,kawhi leonard
1630811,Keaton Wallace,1610612737,ATL,27.0,53,535.99,186,56,94,24,5,28,-101,102.2,110.8,0.52,0.161,0.077,104.2,111.7,-7.4,25.54973040541801,380.4,-0.0098094959360176,-4.9595257913658495,0.8282310084767448,-0.8535224149836566,-1.028250486339986,-1.6331911071609322,0.2862329091520623,-0.6808168193801817,0.493590739562462,False,-0.7739069522122971,21.949290901533274,16.947395023875043,keaton wallace,2048494.0,False,False,ATL,186963786,0.0,186963786.0,2048494.0,0.010406381045295399,29.712287823281066,67.1266503386386,keaton wallace
1631099,Keegan Murray,1610612758,SAC,25.0,23,793.0966666666667,321,132,38,24,36,27,-164,107.6,118.4,0.499,0.182,0.078,106.2,115.0,-8.8,25.128840956756008,553.6,-0.014910995405932942,-3.8186224318632966,-2.0970723613514877,-0.7484476074902207,-1.5882385094579534,-1.2509328332007876,-0.6978955498523302,-0.6478825017802702,0.6004152603394461,False,-0.9120366862832969,18.087470281671493,14.835105585042625,keegan murray,11144093.0,False,False,SAC,193326868,5431868.0,198758736.0,11457206.447613107,0.05820278507453635,14.237979645610777,32.16675494273759,keegan murray
1642276,Kel'el Ware,1610612748,MIA,22.0,77,1703.8216666666667,851,694,56,59,84,62,-66,113.1,114.1,0.616,0.174,0.137,112.2,112.9,-0.7,34.359933991526894,1626.2,0.006102432963558614,-0.32937709516447217,-0.33951704963324936,0.852341055097773,0.7183908023662953,-0.08186545451279255,-0.10662005399228322,1.2952422366145102,0.880036586705004,True,0.6811437288379794,75.21097251348297,71.15081827250387,kel el ware,4443360.0,False,False,MIA,157325624,0.0,157325624.0,4443360.0,0.022572337181082182,95.1297068276442,214.91911376925097,kel el ware
1629640,Keldon Johnson,1610612759,SAS,26.0,82,1911.4666666666667,1081,440,111,46,11,70,317,116.0,108.2,0.613,0.201,0.118,115.5,108.0,7.5,29.56138392857143,1569.6000000000001,0.006446362216524606,2.151243847362156,3.8529874441706786,0.4218363128213507,0.7561436755355757,0.7492635556191953,1.3038192971573097,0.6694902022161906,0.9321204240056565,True,0.727690118117007,76.65983495731679,74.31819826560223,keldon johnson,18000000.0,False,False,SAS,188455363,560363.0,189015726.0,18053522.138290115,0.09171217029716616,60.832235564942074,137.43351674474434,keldon johnson
203482,Kelly Olynyk,1610612759,SAS,35.0,42,360.2133333333333,133,76,49,15,3,24,-38,104.2,111.1,0.59,0.16,0.096,104.5,111.3,-6.8,26.004589872668046,260.19999999999993,0.0014514326101688368,-3.603767327457022,0.7206035080728006,-0.9133805093577105,0.20785375168638381,-1.1789458934851584,0.250024942753949,-0.055064784981862645,0.4046397574798271,False,-0.3530246426907103,36.20349831217462,26.504142721327888,kelly olynyk,13445122.0,False,False,SAS,188455363,560363.0,189015726.0,13485100.42661175,0.06850451769612086,24.02702948703398,54.28239039164588,kelly olynyk
1626162,Kelly Oubre Jr.,1610612755,PHI,30.0,50,1574.3116666666667,705,252,80,68,24,69,-66,115.3,117.2,0.58,0.179,0.083,114.2,114.4,-0.3,25.02579434186581,1094.4,-0.00016620976737361537,1.255286646112927,-1.957462619016968,-0.32315662661342787,0.030286281091923585,0.4490741921300558,-0.6509281405905213,-0.4832109137807124,0.8459292004188129,False,-0.25148758089285195,40.07185813705567,37.29360168630964,kelly oubre,8382150.0,False,False,PHI,194666722,7043402.5,201710124.5,8685431.709676988,0.04412212674959762,39.435978321894716,89.09462453112549,kelly oubre
1631113,Kennedy Chandler,1610612762,UTA,23.0,11,355.2266666666667,165,37,74,11,2,23,-69,113.3,122.6,0.529,0.195,0.081,113.8,121.4,-7.7,29.440357330530738,290.5,-0.01012606650635672,0.2550161259197551,-3.7129628260746097,-0.6133365660854306,-1.0630002160825773,0.11393477882429416,-1.24151225961643,-0.5490795489805355,0.40182915109119033,False,-0.6466446607467252,25.893097320390012,18.923274118132756,kennedy chandler,235460.0,False,False,UTA,175673708,0.0,175673708.0,235460.0,0.002,59.09133836320185,133.50044372014997,kennedy chandler
1629026,Kenrich Williams,1610612760,OKC,31.0,56,855.1633333333333,363,187,79,31,5,43,45,112.6,109.5,0.569,0.178,0.098,113.9,110.6,3.2,26.205520193023556,622.5,-0.002123281221187172,0.24860771792616304,1.7548291198855268,-0.6067966836459029,-0.18454008142847622,0.11178764957091816,0.5979583803980237,0.010803850217960459,0.6234666038053731,False,-0.06967712356501775,47.2225325134657,39.221145268572805,kenrich williams,7163000.0,False,False,OKC,189104345,1209345.0,190313690.0,7208808.245363161,0.03662085682638874,44.26936984092758,100.01432833776532,kenrich williams
203484,Kentavious Caldwell-Pope,1610612763,MEM,33.0,51,1087.5583333333334,428,125,139,43,8,61,-114,110.8,115.3,0.533,0.173,0.083,109.6,113.9,-4.2,24.339659941612325,735.3000000000001,-0.008291638490254934,-1.9907823046757667,-1.0406958417886831,-0.6661171435696875,-0.8616363378058044,-0.6385172361440474,-0.3425101197296383,-0.4832109137807124,0.7030965061566563,False,-0.5878921140785591,27.830235497281997,24.111933128150266,kentavious caldwell pope,21621500.0,False,False,MEM,160304096,0.0,160304096.0,21621500.0,0.10983755274404243,18.5292259887145,41.8616325133829,kentavious caldwell pope
1631165,Keon Ellis,1610612739,CLE,26.0,72,1478.638333333333,480,135,72,83,46,41,-144,110.6,115.4,0.579,0.129,0.058,110.2,114.8,-4.5,21.729451533674567,892.5,-0.0002487824580513766,-1.9624387998671127,-1.5686975834509853,-0.7495828211335218,0.021222334679921254,-0.6290207795547171,-0.5201400864992961,-1.3065688537785005,0.8198221351813656,True,-0.7485571411230445,22.70620862231579,20.865188337852892,keon ellis,2301587.0,False,False,CLE,211858381,66115250.25,277973631.25,3019849.830853724,0.015340883614711445,31.934691297426145,72.14755286245638,keon ellis
1642352,Keshad Johnson,1610612748,MIA,25.0,32,279.52166666666665,136,62,8,15,8,13,91,122.3,109.3,0.582,0.171,0.083,123.7,110.3,13.5,28.51442643086702,221.4,0.00018321860211794317,3.641018876230347,1.0903906974091224,-0.743048873577721,0.06864278842998273,1.2484108553277165,0.3744284834446666,-0.4832109137807124,0.3564481772015436,False,-0.07700317344828908,46.93105102095743,33.3398974772844,keshad johnson,1955377.0,False,False,MIA,157325624,0.0,157325624.0,1955377.0,0.009933345252271464,59.4112744652158,134.2232503575362,keshad johnson
1642933,Keshon Gilbert,1610612737,ATL,23.0,4,73.78333333333333,17,5,12,3,4,8,-58,103.2,141.3,0.564,0.131,0.049,105.8,141.1,-35.3,19.85814321210752,40.7,-0.0022176395504242678,-1.0577935574678798,-3.631298736012101,-1.5826640530548968,-0.1948977291290791,-0.3259204985137673,-1.2140388850809434,-1.6029777121777042,0.18313349990615804,False,-1.136787893825604,12.781348271218517,8.083053418262681,keshon gilbert,73153.0,False,False,ATL,186963786,0.0,186963786.0,73153.0,0.002,25.24079298141701,57.024551418283934,keshon gilbert
201142,Kevin Durant,1610612745,HOU,37.0,78,2839.8233333333333,2026,426,372,62,71,246,340,117.9,112.4,0.641,0.263,0.15,116.0,111.4,4.6,35.228952035748705,2779.0,0.015798792352965038,3.2089699378364265,0.9700541668162433,1.846292015937105,1.7827533800625257,1.1036533874131842,0.3339449542368023,1.7233883654133595,1.0,True,1.461642271865161,92.80803679124607,92.80803679124607,kevin durant,54708608.0,False,False,HOU,199783669,14606591.5,214390260.5,58708465.90925499,0.29823991031286506,50.277724553570245,113.58853468312972,kevin durant
1628989,Kevin Huerter,1610612765,DET,27.0,69,1549.0766666666666,693,240,178,63,33,72,86,113.1,110.8,0.552,0.184,0.093,112.8,110.8,2.0,28.2129354475677,1214.0000000000002,-0.005322852498305823,-0.04992196215596308,1.6184553994602824,0.028524889731735396,-0.5357547791589922,0.011765645705644766,0.5520796313031318,-0.15386773778159732,0.8391220159045748,True,-0.03481552422407769,48.611342079774424,45.092119456689176,kevin huerter,17991071.0,False,False,DET,185095988,0.0,185095988.0,17991071.0,0.09139491755356068,36.954384855765205,83.48815430997338,kevin huerter
201567,Kevin Love,1610612762,UTA,37.0,37,612.8,248,215,67,14,9,30,-80,115.8,122.5,0.568,0.161,0.103,115.6,121.6,-6.0,29.320496083550918,499.1,-0.002081495936017611,1.4835203943357862,-4.966692799880129,-0.4557211280023703,-0.17995333994677784,0.525543630078914,-1.6632911970950723,0.17547543821751777,0.5277740563398835,False,-0.2589427865797777,39.78396924014581,31.329809152508005,kevin love,4150000.0,False,False,UTA,175673708,0.0,175673708.0,4150000.0,0.021082063866418893,42.901867787464305,96.92483779680896,kevin love
1641755,Kevin McCullar Jr.,1610612752,NYK,25.0,21,154.99333333333334,50,28,20,9,0,12,-48,98.8,110.9,0.508,0.166,0.062,103.4,111.3,-8.0,23.366166286722006,100.6,-0.012106138666949826,-2.703782201063246,0.4261411091762615,-1.253090490667101,-1.280351350073748,-0.8774069786071382,0.1509621139719196,-1.1748315833788545,0.2654270429920718,False,-0.9667415298867765,16.68366302433526,11.168747567655856,kevin mccullar,2380266.9,True,True,NYK,207045051,42640242.25,249685293.25,2870474.9815042354,0.014582057081212019,17.400268178577985,39.311066342953936,kevin mccullar
1629645,Kevin Porter Jr.,1610612749,MIL,26.0,38,1261.015,661,198,280,83,19,110,-107,111.4,116.1,0.567,0.236,0.132,110.8,115.5,-4.7,35.91963616610428,1258.1999999999998,-0.0032871369000009704,-1.3935030960863033,-2.0043960039748128,0.6824946625431028,-0.3122957039894592,-0.43839956846776196,-0.6667174362549692,1.1305706486149523,0.7570922244770688,False,0.29718295391343275,61.683658244026084,54.94111014944819,kevin porter,5134000.0,False,False,MIL,182444588,0.0,182444588.0,5134000.0,0.026080799009685445,69.83500406072528,157.77276818477083,kevin porter
1626172,Kevon Looney,1610612740,NOP,30.0,21,307.4866666666667,59,118,34,9,10,9,-63,105.3,115.7,0.458,0.096,0.093,105.4,114.2,-8.8,25.335732714697656,216.4,-0.011801140433898693,-2.9039540934599013,-0.7079549110818015,-1.0021771494601244,-1.246871907688623,-0.9444743261134544,-0.23056965476395566,-0.15386773778159732,0.3738538038681253,False,-0.6599919919844153,25.46294841604675,18.288360684192334,kevon looney,8000000.0,False,False,NOP,190898076,3003076.0,193901152.0,8125850.445973065,0.04127944531830665,19.79502133738911,44.721345042963954,kevon looney
1641718,Keyonte George,1610612762,UTA,22.0,54,1786.1083333333331,1275,199,332,58,14,166,-335,115.1,123.6,0.609,0.275,0.122,113.7,122.0,-8.3,36.32635198499531,1802.2999999999997,0.007719649798727694,0.9953328633179261,-7.577827445100437,1.151344446032731,0.8959115614725307,0.3619769954280023,-2.5417272393728103,0.8012274726158368,0.9010368606457919,False,0.3356285509220922,63.14245044205853,60.3305016370399,keyonte george,4278754.0,False,False,UTA,175673708,0.0,175673708.0,4278754.0,0.021736136167878384,81.7355820632231,184.6588142258108,keyonte george
1642863,Khaman Maluach,1610612756,PHX,19.0,46,411.025,139,133,6,5,33,25,47,106.0,103.5,0.586,0.142,0.098,105.6,103.0,2.6,24.743020497536648,282.5,0.0007201464415248421,-3.2601533529553413,4.394755852173813,-0.9967551985052976,0.12758098123380568,-1.0638184519647236,1.4860806359314465,0.010803850217960459,0.43223783436268676,False,-0.16347116978085696,43.50737354865784,32.391545266427954,khaman maluach,6016080.0,False,False,PHX,188101058,618174.0,188719232.0,6035851.203189723,0.030662217000927004,38.90527306211018,87.89564360382984,khaman maluach
203114,Khris Middleton,1610612742,DAL,34.0,63,1439.0866666666666,640,231,176,41,9,108,-337,110.0,121.1,0.533,0.198,0.073,109.9,120.2,-10.3,25.14344746436397,1005.0999999999999,-0.009489852144916053,-2.260604971411011,-5.654527380807996,-0.3853060204133407,-0.9931634113071508,-0.7289209903292476,-1.894692012873786,-0.8125540897798279,0.8087832237567141,False,-0.8826091942138113,18.87237296145148,17.248451518464112,khris middleton,35086419.0,False,False,DAL,185068401,0.0,185068401.0,35086419.0,0.17823954848239357,11.18888296272076,25.278169045266328,khris middleton
1630165,Killian Hayes,1610612758,SAC,24.0,23,405.5266666666666,127,54,81,21,4,28,-18,107.8,110.6,0.422,0.179,0.071,107.7,110.7,-3.0,26.02837462394582,293.2,-0.02844820976737361,-2.3493590363179826,1.0214443332521743,-0.8850153353246494,-3.074209046844508,-0.7586579311277024,0.3512335971256736,-0.878422724979651,0.4293370506144362,False,-1.0070256584520383,15.69612220390963,11.665384278049942,killian hayes,751318.0,False,False,SAC,193326868,5431868.0,198758736.0,772427.6380148465,0.003923944288389419,28.77293090277547,65.00443464387301,killian hayes
202691,Klay Thompson,1610612742,DAL,36.0,69,1496.83,810,143,96,33,22,63,-133,106.3,111.0,0.541,0.214,0.077,106.0,111.9,-5.8,25.80413273384419,1072.8999999999999,-0.008544708883899165,-5.146801579126668,1.0500807641406582,-0.27792435852182407,-0.8894156976356449,-1.695937630595827,0.36086744464123033,-0.6808168193801817,0.8248498485950474,True,-0.6073990179830467,27.17930700134034,25.037100119975438,klay thompson,16666667.0,False,False,DAL,185068401,0.0,185068401.0,16666667.0,0.08466692485164727,21.075226232628847,47.61361193522381,klay thompson
1641738,Kobe Brown,1610612754,IND,26.0,61,962.3766666666668,353,185,80,23,12,53,-219,108.4,119.0,0.594,0.154,0.078,109.1,118.8,-9.7,22.25365674562628,594.9000000000001,0.002013003887287506,-2.7416296852921938,-3.908500795932789,-0.9460975333551571,0.2694970373846443,-0.8900877318669054,-1.3072950030194421,-0.6478825017802702,0.6613954485736498,False,-0.7200719884981258,23.574033660371384,19.982009868575506,kobe brown,2654692.0,False,False,IND,188736250,841250.0,189577500.0,2666524.7011636607,0.01354598651838936,31.94430839070328,72.16928000987525,kobe brown
1641723,Kobe Bufkin,1610612747,LAL,22.0,16,119.48333333333332,46,13,10,2,3,5,-68,97.7,127.9,0.416,0.219,0.038,102.8,128.8,-26.0,21.844050774166554,72.5,-0.0361193516148314,-2.3581061616864507,-2.98941089868947,-1.397782305394883,-3.9162649136633454,-0.7615886447745809,-0.9980954397913441,-1.9652552057767312,0.23304636032473464,False,-1.7904144878161308,3.6693651480097387,2.402960318006102,kobe bufkin,5612215.0,False,False,LAL,197146448,28645956.0,225792404.0,6427686.268102888,0.03265274516083103,2.823337189890958,6.378545114435298,kobe bufkin
1642920,Kobe Sanders,1610612746,LAC,24.0,68,1351.4166666666667,495,153,109,49,10,81,32,113.1,112.9,0.597,0.155,0.062,113.4,112.1,1.3,20.487833754701857,769.1,0.0024910753411010616,0.2145754871928693,0.3801866966068701,-0.9481644569042456,0.32197460597187155,0.10038519232441274,0.13550216349539082,-1.1748315833788545,0.783760360716401,True,-0.5058112949709664,30.649456428953194,27.667024097857343,kobe sanders,829383.0,False,False,LAC,191938984,12131952.0,204070936.0,881806.0905880798,0.004479588510740979,65.15040953905655,147.1892298081682,kobe sanders
1642886,Koby Brea,1610612756,PHX,23.0,12,83.86666666666666,45,8,10,1,0,4,-5,101.8,106.0,0.61,0.203,0.101,101.2,107.5,-6.3,26.27027027027027,61.199999999999996,0.005901505124151715,-1.6584736878241686,0.8677081538477543,-1.0515962466163604,0.6963350941882641,-0.5271776408647764,0.29951378204906554,0.10960680301769513,0.19524654189309504,False,-0.15971633544289862,43.65522661368754,27.845964051875004,koby brea,2049320.7000000002,True,True,PHX,188101058,618174.0,188719232.0,2056055.5731999252,0.010444793953519839,48.75681698691386,110.15246705240567,koby brea
1642851,Kon Knueppel,1610612766,CHA,20.0,81,2550.7466666666664,1498,432,274,57,19,161,322,119.2,113.0,0.633,0.216,0.115,116.4,112.8,3.6,29.948877714237927,2122.0,0.011247434023727939,3.790873613461581,0.05087617518947635,0.8957974910161588,1.283153964572775,1.2986195015917952,0.024715754359485653,0.5706872494164564,1.0,True,0.7861289306575852,78.41040216111146,78.41040216111146,kon knueppel,10015680.0,False,False,CHA,185779105,0.0,185779105.0,10015680.0,0.05087980853629262,78.88071014954316,178.20902517385377,kon knueppel
1627739,Kris Dunn,1610612746,LAC,32.0,82,2230.0,596,271,295,131,14,111,15,114.6,114.1,0.581,0.122,0.074,114.4,112.8,1.5,21.947085201793723,1359.5,8.717365253737118e-06,1.2203446938102007,-0.3097094447786289,-0.35772000537695087,0.04948790990073952,0.4373669337853511,-0.096592200972064,-0.7796197721799164,1.0,True,-0.2647765365911086,39.55908065306605,39.55908065306605,kris dunn,5426400.0,False,False,LAC,191938984,12131952.0,204070936.0,5769388.292221031,0.02930858131247547,48.27097329405354,109.05483835804729,kris dunn
1631200,Kris Murray,1610612757,POR,25.0,57,1333.21,331,206,81,51,22,47,45,110.6,109.1,0.55,0.103,0.063,109.6,109.3,0.3,18.334695959376248,679.0000000000001,-0.0031856402572038034,-2.1716073346090234,2.7060037109000743,-1.1932073205393712,-0.3011544886098878,-0.6991024410655372,0.9179518532644788,-1.141897265778943,0.778462937752688,False,-0.6532167713301676,25.680826975938665,23.120662241989727,kris murray,3132000.0,False,False,POR,189204726,1309726.0,190514452.0,3153680.5463516805,0.016020745709028665,34.85373776648837,78.74232647317257,kris murray
204001,Kristaps Porziņģis,1610612744,GSW,30.0,32,768.8916666666667,533,167,81,18,38,41,45,113.8,110.8,0.582,0.265,0.124,114.2,111.5,2.8,38.4631558412,821.5,0.00028393526059213416,0.6386554534593782,1.0427576063005606,0.5365317283191178,0.07969838547681446,0.2424726658829034,0.35840379313945653,0.8670961078156599,0.5911820465146181,False,0.49634799109935357,69.01755438254804,56.32052748079034,kristaps porzingis,30731707.0,False,False,GSW,205124954,67979689.5,273104643.5,40916386.43039722,0.20785587274908662,34.620868086551674,78.21622220033588,kristaps porzingis
203937,Kyle Anderson,1610612750,MIN,32.0,43,853.2366666666667,266,150,126,45,26,39,-81,107.4,111.6,0.573,0.131,0.095,107.5,111.6,-4.2,27.163389602728433,643.8,-0.0010386395504242668,-3.4842508760779904,0.845426035732606,-0.5128424564882865,-0.06547972504036345,-1.1389020527571323,0.29201764787365436,-0.08799910258177421,0.6227638785967347,False,-0.29146496438518016,38.53478677955579,31.993265702836137,kyle anderson,9198626.0,False,False,MIN,196036611,8755763.75,204792374.75,9609472.706999071,0.04881626923652136,32.65494918672902,73.77477523511381,kyle anderson
1642271,Kyle Filipowski,1610612762,UTA,22.0,77,1800.9433333333334,879,552,198,73,39,125,-256,113.7,120.4,0.586,0.197,0.106,113.5,120.1,-6.6,32.107173462796354,1606.2000000000003,0.0009990764012703798,0.464894782786456,-5.697375645750517,0.6555019782860696,0.15819892751948272,0.18425436588372648,-1.9091069953962214,0.27427839101725243,0.9047710241053292,True,0.01116095657774123,50.44524850296456,48.28351629380429,kyle filipowski,3000000.0,False,False,UTA,175673708,0.0,175673708.0,3000000.0,0.015240046168495586,74.06989619173889,167.34032908722207,kyle filipowski
1628398,Kyle Kuzma,1610612749,MIL,30.0,69,1805.7416666666663,896,313,184,46,28,119,-283,110.2,116.8,0.581,0.212,0.096,110.1,116.6,-6.5,27.179303056454184,1363.3,1.5148208473707125e-05,-2.228872738186853,-2.9283162551097,0.06526065140823605,0.05019381905607113,-0.7182891444326275,-0.9775420236705703,-0.055064784981862645,0.9059755331501324,True,-0.2470498749995688,40.243481270124704,38.540738928351956,kyle kuzma,22560605.0,False,False,MIL,182444588,0.0,182444588.0,22560605.0,0.11460822059639744,29.179816872034767,65.92368032258396,kyle kuzma
200768,Kyle Lowry,1610612755,PHI,40.0,14,118.04,17,9,11,2,2,4,-39,98.5,116.5,0.308,0.106,0.013,100.0,114.4,-14.4,12.656726533378515,41.5,-0.028930425895763143,-2.5948087841234377,-0.4391168644608308,-2.1600034063747264,-3.127141573456519,-0.8408955686616781,-0.1401273521735129,-2.7886131457745194,0.23163450834136406,False,-1.992809469469794,2.3141157223855835,1.5139767232319834,kyle lowry,3634153.0,False,False,PHI,194666722,7043402.5,201710124.5,3765643.3855296983,0.019129526349854205,2.1449183595972707,4.845846458743436,kyle lowry
1642273,Kyshawn George,1610612764,WAS,22.0,48,1390.9633333333334,710,245,214,48,43,125,-355,108.3,119.7,0.559,0.222,0.09,108.0,119.3,-11.3,30.998085259855873,1197.6999999999998,-0.0048681372533907205,-3.5793802704530626,-4.7953864992794255,0.2389913128156816,-0.48584100526109225,-1.1707750398894903,-1.6056604544627917,-0.25267069058133196,0.7951453078564072,False,-0.5053948539124853,30.66407662800583,27.837320638131878,kyshawn george,2966760.0,False,False,WAS,187128348,0.0,187128348.0,2966760.0,0.015071186456948655,42.87102540313895,96.85515800774216,kyshawn george
1643018,LJ Cryer,1610612744,GSW,24.0,18,292.14666666666665,148,28,18,3,0,14,16,109.2,109.6,0.59,0.196,0.07,111.6,109.9,1.7,22.155994705855505,179.79999999999998,0.0017780049474568251,-0.865226676553568,1.1657329771592113,-1.2867230805525185,0.24370136838052991,-0.2614012007949066,0.3997750790945689,-0.9113570425795622,0.3644090275966546,False,-0.5377765959099694,29.536564576892278,21.088636366495752,lj cryer,2291166.0,True,True,GSW,205124954,67979689.5,273104643.5,3050472.706647486,0.015496448295014459,32.162906091120554,72.66314071451083,lj cryer
1630163,LaMelo Ball,1610612766,CHA,24.0,72,2017.4466666666667,1445,347,514,87,18,202,416,123.2,114.1,0.546,0.306,0.134,119.9,113.9,6.0,41.97166715683521,2352.1000000000004,-0.010688135133052078,6.598584437144258,-0.8327611456271384,2.045210298217138,-1.1246980954954682,2.239339575996796,-0.2725568785657917,1.1964392838147755,0.9576122451813219,True,0.9965470499890475,84.05077907635395,82.44755335924063,lamelo ball,37958760.0,False,False,CHA,185779105,0.0,185779105.0,37958760.0,0.19283108496628115,52.03000302877239,117.54732052959196,lamelo ball
1642950,Lachlan Olbrich,1610612741,CHI,22.0,37,344.2216666666667,89,112,42,12,8,16,25,109.0,106.7,0.47,0.125,0.074,109.5,108.3,1.2,25.74852444887742,246.20000000000002,-0.013866068273305596,-1.5029385120690224,2.1532053814716914,-0.9451559965807639,-1.4735375901002132,-0.4750657706269914,0.7319798362450949,-0.7796197721799164,0.39555580382468664,False,-0.6526684594714823,25.698502017220477,18.708512339601654,lachlan olbrich,1272870.0,True,True,CHI,177919585,0.0,177919585.0,1272870.0,0.006466199188830991,38.74361331923794,87.53041837788422,lachlan olbrich
1629013,Landry Shamet,1610612752,NYK,29.0,51,1171.055,475,92,72,31,9,30,191,115.2,107.0,0.598,0.151,0.07,115.3,107.6,7.8,21.039490032492065,684.4,0.002577789525846841,1.5935666938553572,3.910991018972213,-0.9717932203492605,0.3314931612865271,0.5624145080193503,1.3233328181394195,-0.9113570425795622,0.7295873678132916,False,-0.18376934474438916,42.7097202940992,37.512558745990745,landry shamet,3029430.6,False,True,NYK,207045051,42640242.25,249685293.25,3653331.794641754,0.018558981739724388,53.71193303185192,121.34717356959652,landry shamet
1626204,Larry Nance Jr.,1610612739,CLE,33.0,35,448.77,131,93,34,21,6,20,-17,108.2,111.1,0.505,0.137,0.062,107.3,110.6,-3.2,21.972056955678855,273.9,-0.010402210827542929,-2.519224801893145,1.0126256045337523,-1.2260454666944673,-1.093312384774988,-0.8155712479418379,0.34826680674298993,-1.1748315833788545,0.45164849566489607,False,-0.8930533655833486,18.591429748806476,14.00384243708218,larry nance,3634153.0,False,False,CLE,211858381,66115250.25,277973631.25,4768273.509689859,0.024222902810562646,18.266531696219115,41.268147823709256,larry nance
1628374,Lauri Markkanen,1610612762,UTA,29.0,42,1442.5966666666666,1123,289,89,42,21,63,-55,113.6,115.2,0.608,0.269,0.139,112.1,115.4,-3.3,37.33517569013284,1496.1,0.0072822210758463615,-0.21241349275793117,-1.7667874119632465,0.9868302255937376,0.8478953169887496,-0.04267694270791962,-0.5867813243582135,1.3611108718143332,0.8097689532056398,False,0.6878063754311268,75.42126396085888,68.96490426363631,lauri markkanen,46394100.0,False,False,UTA,175673708,0.0,175673708.0,46394100.0,0.23568274198193367,40.56966843287179,91.65588201908982,lauri markkanen
1643133,Lawson Lovering,1610612763,MEM,23.0,2,49.265,14,15,3,3,1,2,1,110.5,110.6,0.574,0.106,0.07,112.9,113.8,-0.8,25.210595757637268,34.5,-0.0007344258957631471,-0.09382162517326742,0.03774703428510619,-1.1580504815230181,-0.03208640527549841,-0.002942882648363649,0.020298858204531294,-0.9113570425795622,0.1496435157906343,False,-0.5651292976125228,28.59929111368994,17.65547442464705,lawson lovering,73153.0,False,False,MEM,160304096,0.0,160304096.0,73153.0,0.002,55.132405030796065,124.556334969623,lawson lovering
2544,LeBron James,1610612747,LAL,41.0,60,1989.055,1256,364,432,72,35,179,119,115.0,112.4,0.594,0.262,0.154,115.5,111.7,3.8,37.88854506285649,2093.4,0.0034247208991514716,1.8491366475621924,0.7678341616840176,1.5101009654853865,0.4244602248431006,0.6480429081518949,0.26591424532529445,1.8551256358130057,0.9508500981179469,False,1.134825538863292,87.17757882969994,85.24943257909231,lebron james,52627153.0,False,False,LAL,197146448,28645956.0,225792404.0,60274032.38604538,0.30619301210824323,45.75949207188249,103.38084506492108,lebron james
1641778,Leaky Black,1610612764,WAS,27.0,15,433.07666666666665,106,75,22,18,8,14,-102,109.6,119.5,0.498,0.113,0.051,108.5,120.1,-11.6,18.728323699421967,225.3,-0.009370925719068257,-1.8779202131720856,-3.2114433559708555,-1.525348057984701,-0.980108940851997,-0.6007029305462975,-1.0727914396274634,-1.5371090769778815,0.4436812259979346,False,-1.2405102342434033,10.73933655895133,8.050814012319215,leaky black,2673027.0,True,True,WAS,187128348,0.0,187128348.0,2673027.0,0.013579018296545082,12.859494810369869,29.052451861039927,leaky black
1631159,Leonard Miller,1610612741,CHI,22.0,46,718.6616666666666,361,181,40,17,15,36,-28,111.7,114.1,0.633,0.176,0.104,112.4,113.8,-1.4,28.087208398945265,560.7,0.009164575871185727,-0.510713083973304,-0.577418922993451,-0.5053189877624855,1.0545200842488374,-0.14262185558005144,-0.18665483138974018,0.20840975581742932,0.5715456184237562,False,0.04497968939646425,51.79382509598407,41.807744010548475,leonard miller,2221677.0,False,False,CHI,177919585,0.0,177919585.0,2221677.0,0.011286153350494921,71.24488605185857,160.95800440759015,leonard miller
1642862,Liam McNeeley,1610612766,CHA,20.0,31,367.52166666666665,132,73,24,5,3,13,8,111.5,109.9,0.588,0.144,0.079,110.7,112.0,-1.3,21.108959562474777,215.5,0.001018289349151953,-0.8329020956269254,0.7544486884533724,-1.3421365694915637,0.16030791934941802,-0.2505708895256937,0.261411114033208,-0.6149481841803586,0.408723993705169,False,-0.49434637604845866,31.05307890234491,22.790655687903364,liam mcneeley,2763960.0,False,False,CHA,185779105,0.0,185779105.0,2763960.0,0.014040959335958352,35.97957184035389,81.28583543031453,liam mcneeley
1630322,Lindy Waters III,1610612759,SAS,28.0,40,284.6766666666667,95,29,19,6,1,7,-5,107.1,108.7,0.532,0.141,0.052,107.9,110.9,-3.0,18.62744868447244,147.29999999999998,-0.006898925012288703,-1.9612818993274561,1.0596690147089738,-1.5959771155174551,-0.7087591549509757,-0.6286331614451294,0.36409311701205815,-1.50417475937797,0.3597200089632002,False,-0.996241586600362,15.956638894024078,11.359116420404645,lindy waters,2461463.0,False,False,SAS,188455363,560363.0,189015726.0,2468782.0423934446,0.012541450768676306,18.655670945634473,42.147299724899355,lindy waters
1628366,Lonzo Ball,1610612739,CLE,28.0,35,727.7433333333333,160,140,136,45,9,52,32,111.0,109.7,0.432,0.13,0.077,110.5,109.8,0.7,24.367931917388454,492.59999999999997,-0.019360711004237818,-1.3550446508416456,1.8854442728697463,-0.8584215737194358,-2.076680673575886,-0.4255141134675914,0.6418998363696589,-0.6808168193801817,0.5751455678716687,False,-0.6978946818449863,24.262153025798256,19.62360556510447,lonzo ball,10000000.0,False,False,CLE,211858381,66115250.25,277973631.25,13120728.570563372,0.06665350305989495,17.960929478106614,40.5777246102576,lonzo ball
1631351,Lucas Williamson,1610612763,MEM,27.0,7,223.74,73,38,18,11,1,10,-125,105.2,129.7,0.465,0.159,0.044,104.8,127.9,-23.1,22.043443282381332,137.0,-0.01843263884364471,-2.481202040512315,-4.847118095148213,-1.3300693037604234,-1.9748068426392769,-0.8028317682868986,-1.6230639607962827,-1.7676493001772622,0.3189043743820395,False,-1.5229175017516532,6.388967326112144,4.430793361998168,lucas williamson,95099.0,False,False,MEM,160304096,0.0,160304096.0,95099.0,0.002,13.83595186207119,31.258484983433608,lucas williamson
1629652,Luguentz Dort,1610612760,OKC,27.0,69,1848.7416666666663,576,245,85,62,27,54,294,116.2,108.2,0.524,0.139,0.049,116.2,106.7,9.4,19.10856483463978,981.3000000000001,-0.007913067919915816,2.5297759728728604,4.4400253483405345,-0.8887420728653563,-0.8200809114953588,0.8760902808900161,1.5013101673236304,-1.6029777121777042,0.9166990352411859,True,-0.4694809013619071,31.93629665767831,30.739150712594576,luguentz dort,17222222.0,False,False,OKC,189104345,1209345.0,190313690.0,17332360.178287707,0.08804865644203301,25.52271976572055,57.66148657398783,luguentz dort
1629029,Luka Dončić,1610612747,LAL,27.0,64,2288.6016666666665,2143,495,530,105,34,255,187,119.4,115.6,0.616,0.368,0.188,118.3,113.9,4.4,49.91956514931607,3173.5,0.012906295003388333,4.722271052857169,-1.3452490583474674,3.341622613295147,1.4652459722473292,1.6106830734875703,-0.44496769414333964,2.9748924342099974,1.0,False,2.12251758632552,98.31028512638166,98.31028512638166,luka doncic,45999660.0,False,False,LAL,197146448,28645956.0,225792404.0,52683545.252525374,0.267633220656171,55.31564655390352,124.97031822538277,luka doncic
1630568,Luka Garza,1610612738,BOS,27.0,69,1117.9083333333333,557,281,66,27,28,46,124,119.4,113.6,0.682,0.168,0.103,117.9,114.0,3.9,28.889309648226973,897.1,0.016980004240677294,3.809923483946048,-0.6212764977529073,-0.1712497287216583,1.9124141815159474,1.3050021373776444,-0.20140936519599906,0.17547543821751777,0.7128394991266628,True,0.4622312423394797,67.80422494945061,59.04241211043491,luka garza,2461463.0,False,False,BOS,187492509,0.0,187492509.0,2461463.0,0.012504269920681215,97.069259646683,219.3009939082459,luka garza
1628379,Luke Kennard,1610612747,LAL,30.0,78,1680.4766666666667,652,182,174,55,8,60,41,114.2,113.7,0.689,0.131,0.089,114.8,113.6,1.3,23.050602705978264,1076.0,0.014157360449575733,1.2130424470086942,-0.538830339629843,-0.49643549014715393,1.6025745498808592,0.4349203249335795,-0.17367288788518667,-0.2856050081812435,0.8739868593423075,True,0.06978292304822631,52.7816780263851,49.78864476860554,luke kennard,11000000.0,False,False,LAL,197146448,28645956.0,225792404.0,12598332.2002332,0.06399972145919951,46.22277555564109,104.42750524157576,luke kennard
1628436,Luke Kornet,1610612759,SAS,30.0,68,1430.08,444,414,126,32,65,28,118,114.4,110.5,0.689,0.1,0.109,114.6,110.3,4.3,26.970798836428727,1071.3999999999999,0.01080714538135552,1.136580901836445,1.8974440972046334,-0.1854911006703089,1.2348237887298839,0.40930197782430866,0.6459368086552749,0.3730813438169871,0.8062483262843797,True,0.40906101425893904,65.87525572238813,60.13170724869239,luke kornet,11000000.0,False,False,SAS,188455363,560363.0,189015726.0,11032707.973399514,0.05604632629271265,58.47901865644034,132.1170776496641,luke kornet
1631247,Luke Travers,1610612739,CLE,24.0,12,103.09166666666668,28,24,9,7,4,3,-32,97.3,110.5,0.35,0.161,0.071,98.8,108.5,-9.7,26.74900978093929,76.6,-0.03717949593601761,-2.527504721185648,0.622361756478014,-1.0008267059987983,-4.03263621314927,-0.8183454247648962,0.21697452323026495,-0.878422724979651,0.21647135719269764,False,-1.2088345611961802,11.336320539577704,7.339271208515966,luke travers,636435.0,False,False,CLE,211858381,66115250.25,277973631.25,835049.0887806499,0.004242062221992425,17.615258425328115,39.7967770093842,luke travers
1630644,Mac McClung,1610612741,CHI,27.0,11,135.175,67,10,10,11,3,9,-26,112.3,121.7,0.501,0.199,0.047,109.0,122.1,-13.2,28.12354355465138,105.60000000000001,-0.015905780691102503,-0.56737330319354,-1.9151576175277478,-0.8672581659988873,-1.6974353933455433,-0.16160579266896874,-0.6366959223689256,-1.6688463473775275,0.24787735237044514,False,-1.0918290119704959,13.745413225764974,9.093206761108881,mac mcclung,177731.0,False,False,CHI,177919585,0.0,177919585.0,177731.0,0.002,28.395179088610085,64.15100948539708,mac mcclung
1641869,Malachi Smith,1610612751,BKN,26.0,15,358.82,124,51,49,12,4,14,-90,104.9,118.0,0.605,0.136,0.102,105.8,116.9,-11.1,24.38994481912937,243.1,0.0032737177186435134,-3.1527775660691053,-1.8379909300533819,-1.0566799388561259,0.40788471149926014,-1.027842326012968,-0.6107355607825372,0.1425411206176062,0.4038564101261734,False,-0.4060116248231865,34.23670294806622,25.052206997659408,malachi smith,212144.0,False,False,BKN,152025523,0.0,152025523.0,212144.0,0.002,78.23003731817947,176.739010885638,malachi smith
1631103,Malaki Branham,1610612764,WAS,23.0,28,275.4783333333333,128,44,23,10,3,15,-42,102.5,111.3,0.604,0.177,0.099,104.9,110.4,-5.4,25.874993193657097,198.0,0.004083647324999278,-3.2134834122026166,0.7747175069200848,-0.9736478272596217,0.49679011701827797,-1.0481817454467086,0.26822993538665163,0.043738167817872015,0.3538607413127715,False,-0.2727647604258107,39.25170248976886,27.838772812740956,malaki branham,4962033.0,False,False,WAS,187128348,0.0,187128348.0,4962033.0,0.025207204003199552,35.81001431238189,80.90276735557872,malaki branham
1642502,Malevy Leons,1610612744,GSW,26.0,25,276.4716666666667,83,53,23,14,9,13,-75,111.6,122.2,0.516,0.137,0.062,112.8,123.0,-10.2,23.815821995020585,182.9,-0.008895210827542927,-0.23714957086575925,-3.467736726534715,-1.1510212097158352,-0.9278900504563328,-0.050964735397183346,-1.1590134713071598,-1.1748315833788545,0.35449815146759145,False,-0.9608850160167166,16.830499280532752,11.941646001744484,malevy leons,2456639.1,True,True,GSW,205124954,67979689.5,273104643.5,3270784.624349804,0.016615636227432166,17.773431954097315,40.154126104198745,malevy leons
1628370,Malik Monk,1610612758,SAC,28.0,62,1363.6433333333334,772,117,185,37,24,91,-255,110.0,118.3,0.568,0.234,0.094,109.3,117.8,-8.5,29.433209563595565,1114.9,-0.003025279807628081,-2.4922244562985183,-3.7018228988636133,0.047014395892877744,-0.2835518343954187,-0.8065248152029338,-1.2377645733037375,-0.12093342018168575,0.787297833597857,False,-0.37370261051659986,35.431279145788,32.03993972106932,malik monk,18797619.0,False,False,SAC,193326868,5431868.0,198758736.0,19325772.10245595,0.09817521969441756,25.60820136560111,57.854608473576924,malik monk
1630699,MarJon Beauchamp,1610612755,PHI,25.0,14,196.11166666666668,95,32,15,9,4,13,-26,107.5,111.6,0.563,0.203,0.087,106.7,111.8,-5.1,27.168194990949036,148.00000000000003,-0.0036394948758482933,-1.6807779636124152,0.3439429890814988,-0.9099415378808854,-0.3509737921649472,-0.5346506611637644,0.12330908143647125,-0.3514736433810666,0.2985660172669801,False,-0.4472747832683774,32.73383358791699,22.40155311925536,marjon beauchamp,2380266.9,True,True,PHI,194666722,7043402.5,201710124.5,2466389.3643939258,0.012529295927616636,36.8037303769048,83.14779241712417,marjon beauchamp
1631204,Marcus Sasser,1610612765,DET,25.0,38,456.5033333333333,197,39,75,20,4,31,116,116.4,103.1,0.533,0.197,0.078,115.3,104.2,11.1,26.64690290687911,337.90000000000003,-0.009441923598729609,1.3143644846635225,4.381676481586092,-0.7995365224387729,-0.987902328367097,0.4688681496160721,1.4816804834706787,-0.6478825017802702,0.45552334204902734,False,-0.24985193543582623,40.13509272226957,30.301413203881385,marcus sasser,2886431.0,False,False,DET,185095988,0.0,185095988.0,2886431.0,0.014663113900725626,47.1163625894472,106.44631660750645,marcus sasser
203935,Marcus Smart,1610612747,LAL,32.0,62,1768.9783333333332,579,172,185,87,23,92,256,117.3,110.6,0.543,0.151,0.059,117.1,109.4,7.7,21.714228646101756,1067.0,-0.00572721047415315,3.2697678793807374,2.38634959180918,-0.610907281352092,-0.5801408709075199,1.1240236633015743,0.8104140440649495,-1.2736345361785892,0.8967056711129134,False,-0.33167265572274907,37.006822526349616,35.286654822653354,marcus smart,19920855.0,False,False,LAL,197146448,28645956.0,225792404.0,22815413.545697868,0.11590265192991835,26.61128542045506,60.12079790371853,marcus smart
1641813,Mark Sears,1610612749,MIL,24.0,7,26.081666666666667,22,2,2,0,0,4,12,123.2,101.8,0.666,0.344,0.078,135.2,104.6,30.6,28.433765735829766,20.6,0.02926458011186302,0.8633359577167837,0.46904259357809375,-0.910504774018075,3.260883469323624,0.3177515937908535,0.16539500054663928,-0.6478825017802702,0.10888206018579474,False,0.13961356551056783,55.5517339062303,33.2753179039982,mark sears,254154.0,False,False,MIL,182444588,0.0,182444588.0,254154.0,0.002,103.9081850811496,234.75164378959755,mark sears
1631109,Mark Williams,1610612756,PHX,24.0,60,1416.05,700,477,58,55,55,65,-42,111.3,113.3,0.68,0.167,0.141,110.7,111.8,-1.1,31.908195332085736,1255.1000000000001,0.01654493278686374,-1.5121152663267279,0.3997125294246007,0.358053916850656,1.8646566928064257,-0.47814043090727704,0.14207103015034528,1.4269795070141555,0.8022836723435738,False,0.7468954251243347,77.24366561468632,70.37111535966078,mark williams,6276531.0,False,False,PHX,188101058,618174.0,188719232.0,6297158.147532545,0.03198966029957137,83.27777419027464,188.14296840078737,mark williams
1628365,Markelle Fultz,1610612761,TOR,28.0,5,35.766666666666666,4,1,8,2,0,4,-36,90.4,130.6,0.182,0.163,0.0,90.8,132.8,-42.0,14.795899347623484,14.699999999999998,-0.06502535302839049,-1.4917747779084365,-1.2670085888820488,-2.0098005400868293,-7.089256439641638,-0.47132537516261475,-0.4186460915906089,-3.216759274573369,0.12750519894332057,False,-2.6643621033529477,0.38567241800746743,0.23424868717735425,markelle fultz,188932.0,False,False,TOR,191608832,3713832.0,195322664.0,192593.94866958953,0.002,0.7314837986661645,1.6525841925564824,markelle fultz
1628963,Marvin Bagley III,1610612742,DAL,27.0,60,1200.9033333333334,627,366,85,28,43,61,-220,109.9,119.0,0.661,0.18,0.123,109.9,118.4,-8.5,31.907980381435078,1064.3999999999999,0.014412861686439953,-2.1788599914269677,-4.023820359543734,0.2051517448292947,1.630620741668107,-0.701532434854022,-1.3460907277979504,0.8341617902157484,0.7388268751982101,False,0.2389861101244684,59.44418233844839,52.45783205476942,marvin bagley,3080921.0,False,False,DAL,185068401,0.0,185068401.0,3080921.0,0.015651126093829196,79.72736781479303,180.12181268418558,marvin bagley
203486,Mason Plumlee,1610612759,SAS,36.0,20,171.48833333333334,31,53,20,10,0,12,-8,114.4,116.5,0.769,0.074,0.084,115.0,121.0,-6.0,21.265586580233833,101.3,0.01391728758220309,0.4530446981266084,-1.5984959439501665,-1.4211203707907216,1.5762219194048435,0.18028400952477075,-0.5301648295400968,-0.45027659618080085,0.2791939154498938,False,-0.30641190664349305,37.964552194167545,25.650266095718322,mason plumlee,4782879.0,False,False,SAS,188455363,560363.0,189015726.0,4797100.661736827,0.024369345186596655,33.38755130446624,75.42988595856878,mason plumlee
1641824,Matas Buzelis,1610612741,CHI,21.0,77,2248.248333333333,1252,448,158,55,116,159,-306,110.6,116.9,0.586,0.223,0.097,110.6,115.5,-4.9,30.699099817709946,1917.2000000000003,0.0011309342004228156,-1.951934288658433,-2.5516711888073806,0.7918208533651316,0.17267286576362095,-0.6255012559333863,-0.8508313609356234,-0.022130467381951093,1.0,True,-0.00423288953911068,49.83113264373416,49.83113264373416,matas buzelis,5455560.0,False,False,CHI,177919585,0.0,177919585.0,5455560.0,0.02771432875833259,62.0072220952094,140.0880720061559,matas buzelis
1629680,Matisse Thybulle,1610612757,POR,29.0,30,479.65,174,59,27,60,16,28,88,108.8,99.8,0.6,0.144,0.093,108.8,100.5,8.3,28.363181486500576,377.90000000000003,0.002746289349151954,-2.049540028634759,6.228301139368465,-0.6297210388188909,0.34998926885348974,-0.6582039396280166,2.102920624772533,-0.15386773778159732,0.4669290387978962,False,0.06561531206049905,52.61579509380443,39.99421648452416,matisse thybulle,11550000.0,False,False,POR,189204726,1309726.0,190514452.0,11629952.206373535,0.05908033618750992,38.183892811418175,86.26588556778056,matisse thybulle
1631108,Max Christie,1610612742,DAL,23.0,77,2244.48,945,249,151,47,27,96,-339,108.3,115.2,0.601,0.162,0.079,108.0,114.6,-6.5,21.712467921300252,1353.6999999999998,0.003251575517795949,-3.9795222332737703,-1.5531563323754927,-0.3812001080700925,0.40545417762324376,-1.3048421146972633,-0.5149117099727196,-0.6149481841803586,1.0,True,-0.4919294293286416,31.138461647292548,31.138461647292548,max christie,7714286.0,False,False,DAL,185068401,0.0,185068401.0,7714286.0,0.03918869159899304,34.322501298983504,77.54214542977975,max christie
1642917,Max Shulga,1610612738,BOS,24.0,11,36.275,7,6,2,1,0,3,-9,92.4,100.0,0.394,0.128,-0.038,93.3,101.2,-8.0,11.909028256374915,12.0,-0.023926853911864925,-1.3559646353999035,0.8266491941496354,-2.2436634153435073,-2.5779029818786374,-0.4258223531676331,0.285700756312044,-4.4682633433700065,0.12840808527361647,False,-2.309098543657013,1.0469056782269908,0.636292142146287,max shulga,681847.0,False,False,BOS,187492509,0.0,187492509.0,681847.0,0.003463793253283403,1.6394622371367527,3.7039089345873273,max shulga
1629622,Max Strus,1610612739,CLE,30.0,12,288.295,134,65,24,3,0,9,-3,117.6,117.3,0.609,0.17,0.088,118.1,117.4,0.7,25.86101042335108,207.1,0.004772147148304392,1.7971335841047233,-1.6161705257015393,-0.96747456987689,0.5723662603156328,0.6306193454002177,-0.5361108996406987,-0.31853932578115507,0.36199886991285185,False,-0.23739923429229629,40.61735418508645,28.956091143030648,max strus,15936452.0,False,False,CLE,211858381,66115250.25,277973631.25,20909786.106981177,0.1062220352145869,22.514010432857894,50.86414466080736,max strus
1628467,Maxi Kleber,1610612747,LAL,34.0,43,461.01,86,84,27,18,11,17,55,113.4,110.3,0.509,0.092,0.038,116.7,110.8,5.8,17.210906487928682,220.40000000000003,-0.006617426249152915,1.14841844639587,1.1229381445310076,-1.651063261484583,-0.6778592329166452,0.41326813263796885,0.38537807223294623,-1.9652552057767312,0.45776631592986394,False,-0.9842243313110246,16.250261249659175,12.285113688631986,maxi kleber,11000000.0,False,False,LAL,197146448,28645956.0,225792404.0,12598332.2002332,0.06399972145919951,11.405252248665986,25.766995267200198,maxi kleber
1642875,Maxime Raynaud,1610612758,SAC,23.0,74,1963.88,922,556,100,38,39,94,-461,110.4,121.3,0.619,0.178,0.109,109.6,119.7,-10.1,27.151964478481375,1481.2,0.0067767187788128356,-2.4438388395585466,-5.897626797430146,0.1575873575335791,0.7924066839570788,-0.7903132735456431,-1.976475344043049,0.3730813438169871,0.944813593928838,True,-0.14483604751625118,44.242016024626736,43.143314986842874,maxime raynaud,1272870.0,False,False,SAC,193326868,5431868.0,198758736.0,1308633.58471374,0.006647878749560425,88.48353703914717,199.90394165806484,maxime raynaud
1642877,Micah Peavy,1610612740,NOP,24.0,61,912.935,262,117,61,43,9,20,-104,110.4,114.5,0.455,0.135,0.044,110.3,114.9,-4.6,20.264750502500178,513.9,-0.01700035373517004,-1.709674079749155,-1.1624794773945875,-1.170663781478624,-1.817585909624195,-0.5443322695020886,-0.3834804829668121,-1.7676493001772622,0.6441820042080145,False,-1.234770534736799,10.845795819322547,9.109187620282347,micah peavy,1272870.0,False,False,NOP,190898076,3003076.0,193901152.0,1292893.9071457167,0.006567920945289122,18.7615156869513,42.38642647888129,micah peavy
1630695,Micah Potter,1610612754,IND,28.0,47,908.3166666666668,458,233,69,22,15,47,-120,108.4,114.8,0.679,0.174,0.114,109.9,114.9,-4.9,28.944531092313618,730.3000000000001,0.017064432963558623,-2.3773683042098406,-1.2377875676009265,-0.30054189256729424,1.9216818632827506,-0.7680424020472176,-0.4088155765949577,0.5377529318165448,0.642550552191197,False,0.19791398909922614,57.844382052497345,48.53998296191937,micah potter,1527805.0,False,False,IND,188736250,841250.0,189577500.0,1534614.8521415468,0.007795867065832066,94.15320654844201,212.7129829863421,micah potter
1629008,Michael Porter Jr.,1610612751,BKN,28.0,52,1688.6033333333332,1259,367,158,55,13,122,-205,113.0,119.6,0.595,0.292,0.141,110.2,117.8,-7.6,36.52651797047264,1713.3000000000002,0.004108864513558129,-1.28541929927851,-4.30455938422493,1.096057988632491,0.4995581901412765,-0.4021862246585017,-1.4405367488812695,1.4269795070141555,0.8760975800086254,False,0.5006336317525951,69.168550569524,65.3119827082371,michael porter,38333050.0,False,False,BKN,152025523,0.0,152025523.0,38333050.0,0.19473248392641657,41.07499045995887,92.79751659204615,michael porter
1628969,Mikal Bridges,1610612752,NYK,29.0,82,2691.935,1181,312,304,107,62,83,298,118.0,112.0,0.587,0.17,0.099,117.4,110.9,6.4,27.658617314311087,2068.2000000000003,0.0010321471483043887,3.924945258130112,1.3500843179239448,0.6688511110796942,0.16182908025473655,1.343540042013673,0.4617944247711316,0.043738167817872015,1.0,True,0.4754087601712164,68.27521741346449,68.27521741346449,mikal bridges,24900000.0,False,False,NYK,207045051,42640242.25,249685293.25,30028072.498699814,0.15254307041037257,46.769611987814734,105.66293006625676,mikal bridges
201144,Mike Conley,1610612750,MIN,38.0,54,991.2983333333332,245,93,157,35,14,34,15,112.3,112.1,0.517,0.113,0.061,112.4,111.4,1.0,21.328392562615694,587.3,-0.007223925719068254,-0.4161393158366306,0.8381136491834921,-1.0264515451338847,-0.7444342548651668,-0.11093503033869691,0.2895576200418584,-1.207765900978766,0.671260122095117,False,-0.7038144063514018,24.07741804244771,20.51557468205512,mike conley,11922765.0,False,False,MIN,196036611,8755763.75,204792374.75,12455282.436688237,0.06327302645892698,19.12252417128326,43.20202474048824,mike conley
1628970,Miles Bridges,1610612766,CHA,28.0,77,2387.2316666666666,1314,450,246,46,34,107,147,118.3,114.8,0.57,0.221,0.114,115.6,113.8,1.8,30.05188017641075,1992.8,-0.002415208707204298,3.054257586421256,-1.041095951214647,0.8004842625770235,-0.2165847570679782,1.0518172034632447,-0.3426447242554007,0.5377529318165448,1.0,True,0.4353351035101993,66.83403958347616,66.83403958347616,miles bridges,25000000.0,False,False,CHA,185779105,0.0,185779105.0,25000000.0,0.1270003847374632,48.81507862615591,110.28409302172912,miles bridges
1642939,Miles Kelly,1610612742,DAL,23.0,14,133.72333333333333,43,24,12,4,1,6,-12,101.3,106.5,0.484,0.144,0.064,101.7,107.0,-5.3,21.267791709250442,79.0,-0.013957710650848044,-2.415252728222694,1.295793844617459,-1.4388213840541328,-1.483597109685869,-0.7807355319363625,0.44353006272759143,-1.1089629481790315,0.24654276167296685,False,-0.9655146173014387,16.714355908510708,11.047257309051986,miles kelly,636435.0,False,False,DAL,185068401,0.0,185068401.0,636435.0,0.0032330995944154957,29.15921545842754,65.87713715849242,miles kelly
1630540,Miles McBride,1610612752,NYK,25.0,41,1080.035,491,100,106,35,9,33,224,119.9,110.4,0.578,0.174,0.085,119.7,109.4,10.4,25.27251431666566,758.1999999999999,-0.0005095670364413917,4.644023414354886,2.1469314435709963,-0.5728878796460852,-0.007403805805535013,1.5844662979945245,0.7298691625618855,-0.4173422785808893,0.7006604027629934,False,0.07761509472684322,53.09328826258214,45.941472676552806,miles mcbride,4333333.0,False,False,NYK,207045051,42640242.25,249685293.25,5225768.573695115,0.02654698477632896,58.0346857007209,131.11323092032737,miles mcbride
1629011,Mitchell Robinson,1610612752,NYK,28.0,60,1174.5016666666668,340,525,52,56,70,41,157,117.7,109.9,0.676,0.102,0.124,118.2,109.5,8.7,30.225244465383188,986.1,0.00969728828898264,3.5168133143217455,2.3011996146185356,0.0073231155037419005,1.112995553175513,1.2067959338569505,0.7817679498850463,0.8670961078156599,0.7306602452161975,False,0.7271935267582599,76.64462944463493,67.35507887958391,mitchell robinson,12954546.0,False,False,NYK,207045051,42640242.25,249685293.25,15622491.826335007,0.0793624989000968,57.9953303503514,131.0243184522293,mitchell robinson
1628964,Mo Bamba,1610612762,UTA,28.0,4,43.8,10,22,1,0,3,2,-13,101.1,114.4,0.455,0.123,0.091,104.7,112.3,-7.6,24.65753424657534,29.999999999999996,-0.0154892111809327,-0.7833768874259192,-0.016040483386268872,-1.2060464826932333,-1.6517088500288428,-0.23397752914441844,0.0022037001345804066,-0.21973637298142043,0.14109957799047773,False,-0.6499549344235367,25.786066595460817,15.819618029097695,mo bamba,548899.0,False,False,UTA,175673708,0.0,175673708.0,548899.0,0.0027884153672803526,43.97531143965737,99.34998516774063,mo bamba
1642885,Mohamed Diawara,1610612752,NYK,21.0,69,634.1516666666666,246,94,53,17,6,30,58,112.0,106.7,0.55,0.169,0.076,114.2,108.6,5.6,22.332827846125138,393.4,-0.0052269243055091535,0.18673357491654133,2.852098157952715,-1.1012866372335606,-0.5252248086351733,0.09105679369901182,0.9671008422308629,-0.7137511369800933,0.5368898933447691,True,-0.4095070763082129,34.10837874066153,27.000208028270382,mohamed diawara,1272870.0,False,True,NYK,207045051,42640242.25,249685293.25,1535013.359093174,0.007797891487279155,52.36765648218999,118.31015459467656,mohamed diawara
1628420,Monte Morris,1610612754,IND,31.0,6,64.61666666666666,18,7,9,1,1,2,-29,83.3,104.2,0.414,0.141,0.076,85.5,101.3,-15.8,20.558163528501424,36.900000000000006,-0.02353692501228871,-3.2463063235268703,1.1994642819225545,-1.529527381705294,-2.535100759724555,-1.059179021705608,0.41112294042045444,-0.7137511369800933,0.17138031427562536,False,-1.073980712671808,14.141566305131164,8.868475202797478,monte morris,321184.0,False,False,IND,188736250,841250.0,189577500.0,322615.60648788983,0.002,27.693414242306677,62.56556699985254,monte morris
1629021,Moritz Wagner,1610612753,ORL,29.0,36,426.595,247,115,27,15,2,19,-88,107.2,117.2,0.545,0.237,0.106,106.0,116.9,-10.9,31.705012951394178,375.7,-0.008515065446187393,-2.995313140973821,-1.8780000229033187,-0.3632717077505817,-0.8861617582437994,-0.9750840631454678,-0.6241953910684073,0.27427839101725243,0.440348518995827,False,-0.38135059150112094,35.1471559065058,26.295584871233558,moritz wagner,5000000.0,False,False,ORL,189903062,2008062.0,191911124.0,5052870.711479101,0.025668660975460212,33.61087002737262,75.93441250044152,moritz wagner
1630541,Moses Moody,1610612744,GSW,24.0,60,1539.8983333333333,728,200,98,58,34,57,80,111.1,108.9,0.6,0.174,0.083,110.8,109.0,1.8,26.20692491603883,1121.0,0.0033184329635586114,-1.559628951793017,3.0051020694134287,-0.20703458268650973,0.41279307260973513,-0.4940598330586985,1.0185743082516943,-0.4832109137807124,0.8366324090535746,False,-0.05612578763543148,47.76208003756025,44.2508308581133,moses moody,11574075.0,False,False,GSW,205124954,67979689.5,273104643.5,15409795.663950581,0.07828199912189664,38.28492548366148,86.49414079009098,moses moody
1631338,Mouhamadou Gueye,1610612741,CHI,27.0,2,45.44166666666667,16,6,6,2,1,3,-16,112.0,129.3,0.627,0.138,0.073,108.4,127.8,-19.5,24.400513478818997,30.8,0.006357860626270627,-0.2621015254234911,-1.2879279870387372,-1.22603342848914,0.7464289179703957,-0.05932485722672134,-0.42568378049617017,-0.8125540897798279,0.1437195290498234,False,-0.5110615420191078,30.46539820582409,18.72628172030862,mouhamadou gueye,47092.0,False,False,CHI,177919585,0.0,177919585.0,47092.0,0.002,58.47619405138056,132.1106962401503,mouhamadou gueye
1631243,Mouhamed Gueye,1610612737,ATL,23.0,77,1178.8366666666666,342,275,69,61,39,33,43,112.5,110.1,0.539,0.12,0.075,113.3,110.8,2.5,24.342303570469195,797.1,-0.005031425542373364,-0.004237919128754712,1.6998589521241803,-0.6163596711027002,-0.5037650463562535,0.027072028397615956,0.5794653560340709,-0.7466854545800048,0.7320074101297394,True,-0.3626797034383615,35.84220815866848,31.519757372668728,mouhamed gueye,2221677.0,False,False,ATL,186963786,0.0,186963786.0,2221677.0,0.011286153350494921,53.71305186501864,121.34970126195115,mouhamed gueye
1630619,Moussa Cisse,1610612742,DAL,23.0,38,529.58,170,216,9,19,45,30,-3,111.2,110.7,0.564,0.136,0.087,110.7,110.0,0.7,28.79564938252955,423.6,-0.002302282281356492,-1.0729837774208166,1.3686477986535759,-0.5583735999287706,-0.2041889024097124,-0.3310099631138333,0.46803953762767686,-0.3514736433810666,0.49063039226915184,False,-0.25510939218089296,39.9319305104452,30.778880209426767,moussa cisse,2049320.7000000002,True,True,DAL,185068401,0.0,185068401.0,2049320.7000000002,0.010410580694017898,53.954121504241186,121.89433106210656,moussa cisse
1631217,Moussa Diabaté,1610612766,CHA,24.0,73,1898.9566666666667,575,635,141,56,72,73,345,122.0,111.5,0.653,0.112,0.108,119.0,111.5,7.5,26.197754205379447,1381.9,0.008072002827118192,5.710401660535422,1.140541555433306,0.0013939114674988984,0.9345891065691488,1.9417550239663284,0.39130019908761066,0.34014702621707554,0.9290651867399409,True,0.5925392351754606,72.32552221975835,70.01684338409069,moussa diabate,2291166.0,False,True,CHA,185779105,0.0,185779105.0,2291166.0,0.011639158539895784,118.03696040554254,266.6716819419803,moussa diabate
1626167,Myles Turner,1610612749,MIL,30.0,71,1911.8033333333333,846,378,103,50,115,83,-227,109.6,115.8,0.584,0.181,0.086,108.9,114.4,-5.5,27.842612821053766,1478.6,0.0005559331402534957,-3.016991933617735,-1.6005532480434719,0.21093388534846588,0.10955540218770168,-0.9823475160826347,-0.5308569463058075,-0.3844079609809782,0.9322025075870131,True,-0.27313627598728807,39.23742311564207,38.04033361244752,myles turner,25318251.0,False,False,MIL,182444588,0.0,182444588.0,25318251.0,0.1286171047151865,27.661632444408458,62.49376486710074,myles turner
1642066,Myron Gardner,1610612748,MIA,25.0,45,410.505,163,122,44,20,8,17,78,114.7,106.3,0.606,0.139,0.093,115.6,106.9,8.7,30.360653341615816,346.2,0.0034849320800841794,1.0162093893411863,2.8317471169947406,-0.4948193421603303,0.4310695639950392,0.36897164991601694,0.9602543596459532,-0.15386773778159732,0.4319643293353999,False,0.09417917915898964,53.75165880623758,40.011872004536414,myron gardner,784302.0,False,False,MIA,157325624,0.0,157325624.0,784302.0,0.003984266230014475,98.16462065321173,221.77565744533717,myron gardner
1642368,N'Faly Dante,1610612737,ATL,24.0,4,15.416666666666666,3,7,0,2,0,1,10,109.1,86.7,0.338,0.119,0.116,112.6,91.5,21.1,25.452972972972972,10.9,-0.02890849699618692,-0.05342223971572777,0.6987481100242198,-1.157517664411278,-3.1247344535116364,0.010592881994123692,0.24267236543690293,0.6036215670163679,0.08371126422158345,False,-0.5390133269100007,29.493882945544236,17.33267222272804,n faly dante,2048494.0,False,False,ATL,186963786,0.0,186963786.0,2048494.0,0.010406381045295399,30.38775841967307,68.65268827983375,n faly dante
1641772,Nae'Qwan Tomlin,1610612739,CLE,25.0,64,1003.6383333333332,374,186,53,41,34,29,60,114.3,110.7,0.549,0.151,0.069,114.5,109.8,4.7,24.965168395653816,696.0,-0.004821210474153148,0.9571329684417282,1.8561422446650528,-0.6474212286376433,-0.4806898855772599,0.3491781674122788,0.6320420690829512,-0.9442913601794737,0.6754252308170331,False,-0.3700631625755574,35.566771436306,30.37193695302094,nae qwan tomlin,1084904.0,False,False,CLE,211858381,66115250.25,277973631.25,1423473.0909118485,0.007231265208369228,60.48330755664799,136.64521095875364,nae qwan tomlin
1630230,Naji Marshall,1610612742,DAL,28.0,74,2183.74,1128,348,241,82,6,119,-218,109.7,114.3,0.592,0.2,0.106,109.6,113.9,-4.3,28.599009039537677,1734.8000000000002,0.0022142907627110465,-2.7226450354294824,-0.9106451660221844,0.47703824316066196,0.2915921566947109,-0.8837269481705353,-0.2987585647782353,0.27427839101725243,0.9962976919119559,True,0.06790907465723224,52.707099255013176,52.61928719107204,naji marshall,9000000.0,False,False,DAL,185068401,0.0,185068401.0,9000000.0,0.04572013850548676,54.95350113943251,124.15215138634561,naji marshall
1631466,Nate Williams,1610612744,GSW,27.0,14,239.17,112,30,14,5,0,15,-79,112.2,127.3,0.592,0.192,0.056,113.7,124.8,-11.1,21.464230463686917,142.6,0.0021257191322026046,0.036875020190043385,-4.160779185421362,-1.372066982099037,0.281869710859863,0.04084686838781827,-1.3921663176489665,-1.3724374889783237,0.32971750994394633,False,-0.9151654529784492,18.0052388978158,12.574370534698861,nate williams,2673027.0,False,True,GSW,205124954,67979689.5,273104643.5,3558884.8244220666,0.018079189677516865,18.170281758635298,41.050697860120714,nate williams
1629675,Naz Reid,1610612750,MIN,26.0,77,2007.35,1046,477,170,76,78,126,169,113.0,109.9,0.565,0.212,0.112,112.7,108.7,4.0,31.648292524970742,1764.7000000000003,-0.0033768517915262956,-0.13292567838763056,3.0108840773407697,0.745742568875057,-0.322143644785255,-0.016044647808460592,1.0205194872065249,0.47188429661672177,0.9552129700657431,True,0.4303506103957022,66.65296915590139,65.30963431974477,naz reid,21551724.0,False,False,MIN,196036611,8755763.75,204792374.75,22514308.502897806,0.11437303367863842,49.48254431489668,111.79204610052345,naz reid
1629674,Neemias Queta,1610612738,BOS,26.0,76,1926.2066666666667,776,636,126,60,100,75,480,118.8,105.6,0.674,0.145,0.13,117.5,105.5,12.0,30.363097071619173,1624.6,0.013495360802965518,3.9965499508283564,5.875659659085473,0.5302749651839493,1.52990731241544,1.367531106647063,1.9842852312091273,1.0647020134151293,0.9357074782476011,True,1.1842378928612707,88.18405469315893,85.63274582860033,neemias queta,2456639.1,False,True,BOS,187492509,0.0,187492509.0,2456639.1,0.012479764434443815,140.88205524977528,318.28381974445074,neemias queta
1629651,Nic Claxton,1610612751,BKN,27.0,69,1920.3666666666663,810,478,253,45,77,96,-515,107.4,120.3,0.592,0.175,0.117,105.5,118.3,-12.7,30.320459634444816,1617.4,0.0019375044173721655,-5.336569205264878,-4.886791941474585,0.5210806464281065,0.26120951346081106,-1.759519041428673,-1.6364110076874372,0.6365558846162795,0.9342879317394286,True,-0.14897115335638444,44.07881976128184,42.7753900754324,nic claxton,25541760.0,False,False,BKN,152025523,0.0,152025523.0,25541760.0,0.12975253387487792,31.009265278658166,70.05681016550925,nic claxton
1630208,Nick Richards,1610612741,CHI,28.0,48,700.71,276,243,16,10,32,59,-136,108.9,117.2,0.562,0.176,0.079,107.3,116.9,-9.6,24.2445519544462,471.9,-0.0033314241288142643,-2.944763913790729,-2.3805097935846806,-0.884919233381769,-0.3171570820722724,-0.9581476064578014,-0.7932493672665537,-0.6149481841803586,0.5643620694683028,False,-0.715997371969044,23.699648582738764,19.05363894442801,nick richards,5000000.0,False,False,CHI,177919585,0.0,177919585.0,5000000.0,0.02540007694749264,24.44408101662398,55.22460232653588,nick richards
1641733,Nick Smith Jr.,1610612747,LAL,22.0,30,374.87666666666667,185,23,31,9,2,21,-3,110.6,111.7,0.552,0.212,0.067,112.4,112.7,-0.4,22.94194535091541,238.9,-0.006132851791526275,-0.5596242571488725,0.27459793704747354,-1.1762625296647158,-0.6246678341563299,-0.1590094842777271,0.09998006882817147,-1.0101599953792968,0.4127935135736569,False,-0.6996682184708508,24.206726434000707,17.810270384263752,nick smith,3360312.0,False,False,LAL,197146448,28645956.0,225792404.0,3848575.170220911,0.019550821092364147,25.040950319148326,56.57306250593094,nick smith
1629638,Nickeil Alexander-Walker,1610612737,ATL,27.0,78,2603.1766666666667,1624,268,286,102,42,162,244,116.1,112.0,0.61,0.23,0.105,115.4,111.2,4.2,31.718784613158537,2293.6,0.0066864343771177075,2.2598989647066277,1.1919143824661356,1.1754213703352776,0.7824962284288962,0.7856683196748855,0.408583008666942,0.24134407341734088,1.0,True,0.6627706981246303,74.62612885723702,74.62612885723702,nickeil alexander walker,15161800.0,False,False,ATL,186963786,0.0,186963786.0,15161800.0,0.07702217733249879,64.9326953994019,146.6973652633274,nickeil alexander walker
201587,Nicolas Batum,1610612746,LAC,37.0,74,1294.595,293,184,64,47,23,37,-14,113.2,113.8,0.603,0.092,0.058,113.7,113.2,0.6,16.93502601199603,609.0,0.0020305737508470824,0.37076664977476814,-0.36008036372360097,-1.3616631294313761,0.271425668999565,0.1527168501454724,-0.11353794935195298,-1.3065688537785005,0.7671064285529569,True,-0.6857957530224315,24.64209574106989,22.059552182784913,nicolas batum,5601600.0,False,False,LAC,191938984,12131952.0,204070936.0,5955662.217622241,0.030254855720175916,26.61990223340691,60.14026519595441,nicolas batum
1628502,Nigel Hayes-Davis,1610612756,PHX,31.0,27,195.2133333333333,34,33,7,8,2,8,-72,95.1,112.8,0.356,0.116,0.028,96.2,114.0,-17.8,14.255173826924391,77.3,-0.026091711357627594,-4.837007049723097,-0.1626234661235557,-2.003012136271737,-2.8155378671773645,-1.5921413527553114,-0.04710964165601274,-2.2945983817758466,0.2978814081699852,False,-1.8573508778389916,3.1630625158153682,2.163682266051803,nigel hayes davis,3220361.0999999996,False,True,PHX,188101058,618174.0,188719232.0,3230944.4721713103,0.016413247641245455,3.234174489884769,7.306717725941372,nigel hayes davis
203999,Nikola Jokić,1610612743,DEN,31.0,65,2264.855,1799,836,697,92,53,243,555,126.1,115.3,0.67,0.289,0.213,125.0,114.7,10.3,52.9019297041091,3328.2000000000003,0.02574165015211748,10.201773311637938,-1.6376219343142875,3.70500870985677,2.874173915519886,3.446583597538542,-0.5433275671218486,3.7982503742077856,1.0,True,2.9323417816170156,99.8317918551056,99.8317918551056,nikola jokic,55224526.0,False,False,DEN,191600929,11117787.0,202718716.0,58428970.3649016,0.2968200686462536,54.17317245864204,122.38921576805268,nikola jokic
1631107,Nikola Jović,1610612748,MIA,23.0,47,808.0183333333333,344,153,102,26,17,65,-5,109.3,110.1,0.48,0.203,0.073,109.2,108.4,0.8,26.46920140013325,594.1,-0.020488494875848286,-2.3140847641700173,2.38500996131014,-0.6084022012854622,-2.2004767191291266,-0.746839329425661,0.8099633665344571,-0.8125540897798279,0.6060371775774656,False,-0.7164696795583635,23.68506915343827,19.486102641605616,nikola jovic,4445417.0,False,False,MIA,157325624,0.0,157325624.0,4445417.0,0.02258278677273838,26.04899026218737,58.850448387025665,nikola jovic
1642260,Nikola Topić,1610612760,OKC,20.0,10,160.08333333333334,52,19,44,5,0,25,-42,107.2,120.8,0.489,0.204,0.063,107.8,120.4,-12.6,23.140447683498174,102.89999999999998,-0.01875342342203473,-1.3159214797646013,-1.8477956214782372,-1.2693625906673864,-2.0100191410936246,-0.4124059428910063,-0.614034048030895,-1.141897265778943,0.26975016499559645,False,-1.1153786972028583,13.234408719347911,8.885417566689819,nikola topic,5182920.0,False,False,OKC,189104345,1209345.0,190313690.0,5216065.395931542,0.026497692483962967,11.23163721242349,25.37476038105829,nikola topic
202696,Nikola Vučević,1610612738,BOS,35.0,64,1818.118333333333,965,537,213,39,41,85,-42,113.1,114.8,0.574,0.213,0.127,113.0,114.0,-1.0,33.421586970411724,1687.9,-0.001475780337712739,0.042324842269704475,-1.0816789314443136,0.8264950991557914,-0.11346436303582047,0.042672824604188295,-0.3562976213214485,0.9658990606153947,0.9090750377402429,False,0.43233011901060414,66.72492501798303,63.99479243791268,nikola vucevic,21481481.0,False,False,BOS,187492509,0.0,187492509.0,21481481.0,0.10912625406922023,49.28984387918658,111.35669306258337,nikola vucevic
1642363,Nique Clifford,1610612758,SAC,24.0,75,1881.925,645,282,179,68,24,116,-219,111.3,115.8,0.505,0.167,0.062,110.6,115.1,-4.4,21.581731471764282,1128.1999999999998,-0.01268006721313627,-1.6639485740278186,-1.9271384663470046,-0.5724771384756936,-1.343351084541083,-0.5290119947852066,-0.6407265109251997,-1.1748315833788545,0.9248894282807294,True,-0.8725321981703031,19.14590553767455,18.498778577716504,nique clifford,3108120.0,False,False,SAC,193326868,5431868.0,198758736.0,3195448.252626324,0.016232926299687908,27.758258295294734,62.71206410224191,nique clifford
1642855,Noa Essengue,1610612741,CHI,19.0,2,6.033333333333333,0,0,0,1,0,0,-15,60.0,171.4,0.0,0.188,-0.095,64.3,169.0,-104.7,13.127071823204421,2.2,-0.10921456668305161,-0.600980990116793,-0.6798278331732361,-2.1537607795678504,-11.939875467153138,-0.1728660070316269,-0.2211071634121345,-6.345519446564963,0.0523681605789648,False,-4.292173324500987,0.0008846637381159267,0.0005074127516769787,noa essengue,5429520.0,False,False,CHI,177919585,0.0,177919585.0,5429520.0,0.027582045157590048,0.0006324557696136288,0.0014288579039761218,noa essengue
1641730,Noah Clowney,1610612751,BKN,21.0,66,1780.0633333333333,809,273,108,50,45,102,-329,109.7,118.3,0.554,0.202,0.072,108.0,117.1,-9.1,24.440703420664807,1208.5,-0.005439566329661828,-3.361755636590369,-3.621821602702891,-0.27864121191958957,-0.5485663746667455,-1.0978601727198178,-1.2108505946986299,-0.8454884073797395,0.8995108098125875,True,-0.7518983965065983,22.60560812545868,21.58337946105908,noah clowney,3398406.0,False,False,BKN,152025523,0.0,152025523.0,3398406.0,0.017263954779764137,31.696286897931675,71.60894443017271,noah clowney
1642869,Noah Penda,1610612753,ORL,21.0,59,757.275,227,187,70,30,18,42,-55,110.4,113.4,0.506,0.14,0.076,110.1,115.4,-5.3,23.726651480637813,499.09999999999997,-0.010489996466102264,-1.6660233222184202,-0.9993307684842453,-0.9046792226614115,-1.1029485528241845,-0.5297071366266567,-0.3285941114730005,-0.7137511369800933,0.5866991640448358,False,-0.7344826168979571,23.13273253919843,18.83038257582836,noah penda,1272870.0,False,False,ORL,189903062,2008062.0,191911124.0,1286329.5085040808,0.006534573699166809,38.852694829286264,87.77685771055947,noah penda
1642849,Nolan Traore,1610612751,BKN,20.0,56,1243.3916666666669,499,99,213,45,23,129,-280,108.2,118.8,0.479,0.224,0.056,107.6,118.0,-10.4,24.057101878598186,830.9,-0.022831994345763627,-3.6701664230402455,-3.8364251047360813,-0.6121521719915766,-2.457721014277054,-1.2011928291776122,-1.2830473507449167,-1.3724374889783237,0.7517832335873356,False,-1.3060634688213288,9.57654873720215,8.50687175477843,nolan traore,3811560.0,False,False,BKN,152025523,0.0,152025523.0,3811560.0,0.01936278345799701,12.001048865030533,27.113032010567697,nolan traore
1641807,Norchad Omier,1610612746,LAC,24.0,6,23.666666666666668,17,7,2,1,0,0,-23,92.0,146.8,0.751,0.18,0.16,96.8,147.7,-50.9,40.918309859154924,26.9,0.030612861686439945,-0.8182867694447197,-1.5546401799663299,0.09654682716184992,3.408883393268778,-0.24567404237975274,-0.5154109049136716,2.052731541412475,0.10371873387954443,False,1.0371259361105079,85.01614153708883,50.726872797196805,norchad omier,167291.0,False,False,LAC,191938984,12131952.0,204070936.0,177865.01857473623,0.002,158.403814575299,357.86936154310746,norchad omier
1626181,Norman Powell,1610612748,MIA,33.0,58,1716.9366666666667,1261,202,143,64,14,111,38,114.7,114.1,0.609,0.262,0.113,113.1,113.0,0.1,33.88360277315606,1616.0,0.007354720899151475,0.5839180941766337,-0.38657428006597044,0.8059336622644739,0.8558535718054862,0.2241329806621663,-0.12245101366245502,0.5048186142166333,0.8834170915121337,False,0.49655933065188806,69.02500807355912,65.40379678373283,norman powell,20482758.0,False,False,MIA,157325624,0.0,157325624.0,20482758.0,0.1040527258593741,51.221500094348954,115.72073302143379,norman powell
1628384,OG Anunoby,1610612752,NYK,28.0,67,2223.8716666666664,1118,351,145,104,48,123,407,119.4,110.2,0.62,0.194,0.099,119.4,110.3,9.1,27.832001696740594,1719.3,0.00757986203982972,5.2366028384225745,2.1887463174470687,0.40305235554985386,0.880567157102208,1.7830093086200482,0.7439364924038289,0.043738167817872015,1.0,True,0.6250114829517379,73.40182391943415,73.40182391943415,og anunoby,39568966.0,False,False,NYK,207045051,42640242.25,249685293.25,47718063.44363807,0.24240849665074854,42.75659899414195,96.59664336249061,og anunoby
1630167,Obi Toppin,1610612754,IND,28.0,24,423.725,279,106,55,12,1,28,-33,113.9,117.5,0.636,0.241,0.143,113.3,117.7,-4.4,35.632544692902236,419.4,0.01327222036906682,0.25411095487711033,-2.146389096086265,-0.013016272258420614,1.505413343300377,0.11363150237452461,-0.7144866503372397,1.4928481422139785,0.4388647544828278,False,0.5802841039002375,71.9138477345211,53.75482016245333,obi toppin,14000000.0,False,False,IND,188736250,841250.0,189577500.0,14062401.896826921,0.07143721804919405,48.021074222060655,108.49026091031294,obi toppin
1630534,Ochai Agbaji,1610612751,BKN,26.0,62,973.2033333333334,314,141,47,24,17,31,-62,106.4,109.0,0.525,0.142,0.057,107.2,109.5,-2.2,19.305729189857548,521.9,-0.007941853558475149,-4.0336685978326825,2.4051577125287724,-1.2412205373724994,-0.823240690875145,-1.3229837878592487,0.8167414585312406,-1.339503171378412,0.6651053687312647,False,-0.9115785387871214,18.09953120786935,15.371885084370984,ochai agbaji,6383525.0,False,False,BKN,152025523,0.0,152025523.0,6383525.0,0.032428405239248594,18.10469515266548,40.902523165798314,ochai agbaji
1630846,Olivier Sarr,1610612739,CLE,27.0,4,39.35,14,11,5,2,3,2,26,133.3,106.8,0.761,0.108,0.088,131.4,102.6,28.8,33.209656925031766,36.300000000000004,0.019447717011863968,1.3988977588493277,0.6318798687175214,-0.5146083038749535,2.183293283730716,0.4971909196502971,0.2201765997148818,-0.31853932578115507,0.1337399104095843,False,0.2108852467612994,58.35115916867053,35.60488300254982,olivier sarr,2673027.0,True,True,CLE,211858381,66115250.25,277973631.25,3507206.1728787296,0.017816661332368183,51.71403127849266,116.83347024232813,olivier sarr
1641765,Olivier-Maxence Prosper,1610612763,MEM,23.0,53,983.5916666666668,530,187,51,40,13,47,-209,110.7,120.4,0.662,0.183,0.103,111.2,119.7,-8.5,28.566732468588757,780.5,0.014836076047880618,-1.316701847548303,-4.66681664739373,-0.2906182162936672,1.677076685653969,-0.4126674041616454,-1.5624070772179823,0.17547543821751777,0.6686457367037655,False,-0.06471159196701032,47.42018165572948,40.34938594467094,olivier maxence prosper,1964553.0,False,False,MEM,160304096,0.0,160304096.0,1964553.0,0.009979959473485503,71.78437145562202,162.1768216281494,olivier maxence prosper
1630209,Omer Yurtseven,1610612744,GSW,28.0,9,103.955,34,30,8,2,1,9,-14,108.4,114.1,0.501,0.167,0.054,107.9,112.7,-4.8,20.778221345774615,60.00000000000001,-0.013348067213136272,-0.8410027436702764,-0.054933471423778274,-1.493346335203869,-1.4166769765947405,-0.2532850017361793,-0.010880650971772663,-1.4383061241781467,0.21737587889936805,False,-1.0569548154498152,14.52661047656892,9.410616386010727,omer yurtseven,2851228.8000000003,False,True,GSW,205124954,67979689.5,273104643.5,3796143.8127168715,0.019284468989351326,13.294849486781082,30.036014665444647,omer yurtseven
1630168,Onyeka Okongwu,1610612737,ATL,25.0,74,2296.968333333333,1123,562,231,82,79,127,109,113.4,111.3,0.592,0.189,0.104,112.7,111.0,1.7,31.351934179908163,2000.4000000000003,0.002092504770761939,-0.004956497980409226,1.4953449372530034,0.910918645844037,0.278223793671795,0.026831269433020142,0.5106628980135236,0.20840975581742932,1.0,True,0.41261028237398895,66.0053916718328,66.0053916718328,onyeka okongwu,15000000.0,False,False,ATL,186963786,0.0,186963786.0,15000000.0,0.07620023084247793,57.647802441571784,130.2391758016762,onyeka okongwu
1631115,Orlando Robinson,1610612753,ORL,25.0,4,24.816666666666663,7,4,3,1,0,0,-11,122.4,144.9,0.7,0.081,0.074,118.9,152.0,-33.1,23.500335795836133,16.2,0.009644787758897972,0.3458507180313328,-1.712671595643575,-1.3099859419499955,1.1072326067657101,0.14436879771576697,-0.5685757202927554,-0.7796197721799164,0.10620877096691698,False,-0.45892856451316555,32.314273274525895,19.317276963118662,orlando robinson,636435.0,False,False,ORL,189903062,2008062.0,191911124.0,643164.7542520404,0.0032672868495834044,50.800549307849586,114.76971180007307,orlando robinson
1631131,Oscar Tshiebwe,1610612762,UTA,26.0,27,448.42,211,179,32,16,5,21,-79,110.9,118.9,0.633,0.162,0.125,110.7,120.6,-9.9,31.863877614736186,396.90000000000003,0.008435575517795954,-1.043029884328955,-3.2997942919044303,-0.333525218689118,0.9744982261354593,-0.32097394790157713,-1.1025143980490406,0.9000304254155715,0.4514723388284965,False,0.11927930498011813,54.7472960665352,41.23361324645702,oscar tshiebwe,2456639.1,True,True,UTA,175673708,0.0,175673708.0,2456639.1,0.012479764434443815,67.83708875997598,153.25903425094265,oscar tshiebwe
1642345,Oso Ighodaro,1610612756,PHX,23.0,82,1808.37,531,418,185,73,57,101,161,114.8,109.7,0.636,0.12,0.09,114.3,109.8,4.6,24.203453939182797,1215.7999999999997,0.006608574457626633,1.186035223167751,2.4918673618790135,-0.29183025307884514,0.7739495996086732,0.4258715876466672,0.845912256499068,-0.25267069058133196,0.906634636243489,True,0.1581012461190504,56.2811490649264,53.916529585139834,oso ighodaro,1955377.0,False,False,PHX,188101058,618174.0,188719232.0,1961803.1372820027,0.009965990128559067,95.96830325713019,216.8136891594782,oso ighodaro
1631172,Ousmane Dieng,1610612749,MIL,23.0,57,1099.4716666666666,431,180,136,25,17,75,-210,108.7,117.3,0.516,0.192,0.075,108.7,117.9,-9.2,23.94822968001298,731.4,-0.012466280867797387,-2.9462069285005947,-3.2439291986833787,-0.7006597102737763,-1.3198839071745188,-0.9586310867698701,-1.0837203035045837,-0.7466854545800048,0.706936948026377,False,-0.9035058585597914,18.312874016506157,15.897801979147568,ousmane dieng,6670882.0,False,False,MIL,182444588,0.0,182444588.0,6670882.0,0.03388818322152872,18.437762961395634,41.654997242135416,ousmane dieng
1629023,P.J. Washington,1610612742,DAL,27.0,56,1735.62,793,394,98,55,60,94,-277,107.0,114.4,0.537,0.194,0.093,106.7,113.3,-6.6,27.28385245618281,1315.4,-0.008522137960170274,-4.786991704813048,-0.6204196155159062,0.035250100421270886,-0.8869381031492736,-1.5753837726696744,-0.20112109348915805,-0.15386773778159732,0.8882106629725753,False,-0.4368642416253774,33.110490303871046,31.444860411995823,pj washington,14152174.0,False,False,DAL,185068401,0.0,185068401.0,14152174.0,0.07189326171486095,28.0283059813638,63.32216173946637,pj washington
1641790,PJ Hall,1610612766,CHA,24.0,19,213.37833333333333,86,75,10,3,10,16,-29,108.4,113.9,0.599,0.17,0.098,108.2,114.1,-5.9,26.437548329649214,156.7,0.003072147148304391,-1.4076205395361638,-0.3227844696510014,-0.9616079097038507,0.38575845119704355,-0.44312960061371565,-0.10099089145039467,0.010803850217960459,0.3114324188570476,False,-0.2609151284906346,39.70789789939319,27.40419085540777,pj hall,2291166.0,True,True,CHA,185779105,0.0,185779105.0,2291166.0,0.011639158539895784,46.19898919465844,104.37376657473165,pj hall
1642359,Pacôme Dadiet,1610612752,NYK,20.0,29,135.76,48,27,12,3,1,3,-5,98.6,100.3,0.454,0.167,0.085,102.2,103.1,-0.9,23.361814967589865,88.1,-0.02119706721313627,-2.610743942016598,2.340576407665759,-1.2634610223929648,-2.278256208225214,-0.8462346238066973,0.7950150623253448,-0.4173422785808893,0.24841314560443636,False,-0.7904893046284931,21.462103297986502,14.203317680085656,pacome dadiet,2847600.0,False,False,NYK,207045051,42640242.25,249685293.25,3434053.7850320316,0.01744504607632839,20.782251824317928,46.951717745795314,pacome dadiet
1631094,Paolo Banchero,1610612753,ORL,23.0,72,2501.685,1599,604,373,51,40,222,-3,114.0,114.1,0.566,0.274,0.138,112.0,112.1,-0.1,34.90223589300811,2425.3999999999996,-0.004090421655085873,-0.15504692161081107,0.034044634833601525,1.5365875305287666,-0.40047170883931565,-0.02345634327058322,0.01905329963976543,1.3281765542144217,1.0,True,0.7218686360259982,76.4812377031882,76.4812377031882,paolo banchero,15334769.0,False,False,ORL,189903062,2008062.0,191911124.0,15496921.029479533,0.07872459731959941,66.03957888482971,149.19806063669773,paolo banchero
1627783,Pascal Siakam,1610612754,IND,32.0,62,2056.651666666666,1485,411,236,69,25,138,-230,111.5,117.2,0.562,0.292,0.13,111.6,116.3,-4.6,36.96357590938671,2111.7000000000003,-0.005527135486441848,-1.1471481081524282,-2.991803010355561,1.4505347617499504,-0.5581787796626759,-0.3558586313369123,-0.9989001922802645,1.0647020134151293,0.9668721046067399,False,0.39510365397004843,65.36168038363407,64.38729767391953,pascal siakam,45550512.0,False,False,IND,188736250,841250.0,189577500.0,45753543.31073125,0.23242870414260217,38.06158120021667,85.9895565012909,pascal siakam
1626192,Pat Connaughton,1610612766,CHA,33.0,42,296.5183333333333,110,61,18,11,1,11,-29,97.2,101.5,0.586,0.15,0.117,99.0,105.2,-6.2,22.909881907245754,188.69999999999996,0.000760718072033284,-5.474587250663044,3.432627543854905,-1.2190814516794617,0.13203450069354053,-1.8057618185840134,1.1624021213553712,0.6365558846162795,0.3671254017445001,False,-0.19050237701524686,42.44577403529046,30.357490549687785,pat connaughton,10739683.0,False,False,CHA,185779105,0.0,185779105.0,10739683.0,0.05455775491833572,29.802599131315308,67.3306836204948,pat connaughton
1630311,Pat Spencer,1610612744,GSW,29.0,66,1228.9266666666667,476,158,232,48,5,85,-95,112.1,115.6,0.516,0.185,0.087,111.7,115.2,-3.4,26.598820651083056,908.0,-0.012011781044492274,-0.8003896183349335,-1.719540372536031,-0.34634421796238674,-1.2699937799558405,-0.23967762380928445,-0.5708865092824166,-0.3514736433810666,0.747397504881459,True,-0.504111834462048,30.709139554435687,27.218397180958416,pat spencer,1211689.0,False,False,GSW,205124954,67979689.5,273104643.5,1613250.294149348,0.008195336321391716,51.88026888589149,117.2090378799117,pat spencer
1631116,Patrick Baldwin Jr.,1610612758,SAC,23.0,9,102.47166666666666,33,23,5,3,5,5,-39,100.0,117.2,0.549,0.142,0.052,102.7,115.6,-12.9,23.081502203861227,65.69999999999999,-0.004533853558475146,-1.9331972892459932,-0.5611375982510909,-1.3039168964960075,-0.44914691824211456,-0.6192234472172174,-0.18117747981160634,-1.50417475937797,0.21581943912222157,False,-0.9646638287280336,16.735660900700605,10.829959922403338,patrick baldwin,353987.0,False,False,SAC,193326868,5431868.0,198758736.0,363932.90497227735,0.002,33.81850425246592,76.40350428189807,patrick baldwin
1630172,Patrick Williams,1610612741,CHI,24.0,72,1473.78,505,215,105,49,26,75,-345,103.8,114.8,0.494,0.159,0.057,103.9,114.3,-10.5,20.941253104262508,857.3,-0.013821638843644714,-6.8142186468723756,-1.1641852671677186,-0.8410630561188681,-1.4686606027299747,-2.2546036779690826,-0.38405434353735374,-1.339503171378412,0.8184741901856161,True,-1.2282145090787024,10.968322675089375,10.072357529933894,patrick williams,18000000.0,False,False,CHI,177919585,0.0,177919585.0,18000000.0,0.09144027701097351,8.253174753927356,18.64575286782421,patrick williams
202331,Paul George,1610612755,PHI,36.0,37,1135.0316666666668,641,196,133,62,16,64,89,115.0,111.4,0.57,0.229,0.117,114.6,110.2,4.4,33.08735879615694,1043.2000000000003,-0.0025026370766958565,1.2314782736331855,1.569471242213383,0.2828117186154622,-0.2261817079418783,0.4410972260758281,0.5356004162978687,0.6365558846162795,0.7182781389186816,False,0.3742470852035222,64.58897519686151,56.400718362853794,paul george,51666090.0,False,False,PHI,194666722,7043402.5,201710124.5,53535464.81523538,0.2719609851453527,31.55697515954951,71.2942083046321,paul george
1630194,Paul Reed,1610612765,DET,27.0,65,900.6283333333333,504,294,80,57,60,58,138,112.5,104.4,0.65,0.2,0.153,112.3,104.0,8.2,39.41248424710895,985.9999999999998,0.013814290762711057,-0.3896912956723812,5.646238327474582,0.7446044487691932,1.5649160306803782,-0.10207365355910959,1.907103471577059,1.822191318213094,0.6398253786397623,True,1.2383003849609757,89.21976494396124,74.75915216851794,paul reed,5335894.0,False,False,DET,185095988,0.0,185095988.0,5335894.0,0.02710642363673286,93.75126455642166,211.8049068491143,paul reed
1630202,Payton Pritchard,1610612738,BOS,28.0,79,2555.523333333333,1345,312,408,58,10,109,426,120.1,112.1,0.584,0.21,0.12,117.6,111.2,6.4,29.999960869071828,2129.6,0.0006450053008465972,4.695306143137885,1.154889487718693,0.9059903387552382,0.11933279085931214,1.601648513495321,0.39612712016374724,0.7353588374160137,1.0,True,0.7646714995913708,77.77664092890171,77.77664092890171,payton pritchard,7232143.0,False,False,BOS,187492509,0.0,187492509.0,7232143.0,0.036739397739054054,87.68817179282568,198.10703510213506,payton pritchard
1642362,Payton Sandfort,1610612760,OKC,23.0,4,63.333333333333336,35,10,0,1,0,1,-19,111.8,125.7,0.63,0.186,0.066,113.2,126.0,-12.8,24.328421052631583,42.800000000000004,0.00912729040932128,-0.038903390378817404,-1.4546974524389515,-1.22219907074768,1.0504272852191319,0.01545740469115089,-0.48178824428822337,-1.0430943129792083,0.16966991126265962,False,-0.5308635947373735,29.775665351585072,18.65003146746733,payton sandfort,2049320.7000000002,True,True,OKC,189104345,1209345.0,190313690.0,2062426.352024767,0.010477157607993125,32.61988280345176,73.69555249525301,payton sandfort
1641796,Pelle Larsson,1610612748,MIA,25.0,70,1849.1433333333332,800,244,236,49,16,101,80,115.7,113.3,0.605,0.165,0.084,115.0,112.1,2.9,25.301229578381342,1299.6,0.003971789879236616,1.805709021838506,0.2840445996805236,-0.13654075948712968,0.48451160355511813,0.6334925353152668,0.10315810828749217,-0.45027659618080085,0.9167986130932446,True,0.013956168347658948,50.55675248902567,48.66387612296084,pelle larsson,2380266.9,False,True,MIA,157325624,0.0,157325624.0,2380266.9,0.012091792483113954,80.95114622492018,182.8865996274587,pelle larsson
1631250,Pete Nance,1610612749,MIL,26.0,47,737.0983333333334,254,125,48,14,14,26,-78,112.2,117.4,0.639,0.132,0.078,112.5,118.2,-5.7,21.054992662670518,431.1,0.007665431903389297,-0.3610931206958593,-2.9428865030496545,-1.1736205699248603,0.8899601010818723,-0.09249187004179056,-0.9824437360195706,-0.6478825017802702,0.5788304561524876,False,-0.5155162187622194,30.30961695198461,24.565147556347526,pete nance,1095439.0,False,False,MIL,182444588,0.0,182444588.0,1095439.0,0.005564846978256878,53.61654095822509,121.13166171101763,pete nance
1631212,Peyton Watson,1610612743,DEN,23.0,54,1597.7583333333334,789,264,111,50,61,93,196,123.7,117.6,0.594,0.204,0.087,122.7,116.5,6.2,27.736359795755508,1230.9999999999998,0.0026665765779652676,7.703304491494191,-3.045954709769297,0.0039042229942788734,0.3412392538005963,2.609474677859486,-1.01711786811046,-0.3514736433810666,0.8522052498540407,False,0.18557337226669318,57.361033166208294,53.54608636199707,peyton watson,4356476.0,False,False,DEN,191600929,11117787.0,202718716.0,4609263.773480012,0.02341513090353652,70.67925644436463,159.6801216302943,peyton watson
1630173,Precious Achiuwa,1610612758,SAC,26.0,73,1745.185,736,492,101,65,50,65,-271,110.9,118.1,0.558,0.172,0.102,110.9,116.9,-6.0,28.33900130931678,1373.8000000000002,-0.003943709944068486,-1.6214778398677303,-3.4505574286249656,0.16675512041615798,-0.3843672670952014,-0.5147822272955797,-1.1532340242408914,0.1425411206176062,0.8906547642554375,True,-0.22340641150542956,41.160960738225036,39.13562100829778,precious achiuwa,2453285.0,False,False,SAC,193326868,5431868.0,198758736.0,2522214.478991922,0.012812888368894977,63.79458392004226,144.12611892323565,precious achiuwa
1629656,Quentin Grimes,1610612755,PHI,26.0,75,2205.721666666667,1006,273,244,64,28,133,8,112.4,112.4,0.585,0.183,0.092,111.4,110.7,0.7,25.286417975069376,1549.2999999999997,0.0007450760478806063,-0.9668636855234123,1.272414101736224,0.06245591764114056,0.130317486659828,-0.2954545562309219,0.4356646664165826,-0.18680205538150887,1.0,True,0.00015250232265579672,50.00608396241309,50.00608396241309,quentin grimes,8741209.0,False,False,PHI,194666722,7043402.5,201710124.5,9057482.129228644,0.046012148606589406,52.108132687815036,117.72383276368262,quentin grimes
1631245,Quenton Jackson,1610612754,IND,27.0,49,897.425,448,114,140,31,6,62,-63,109.1,112.9,0.589,0.2,0.096,109.8,113.0,-3.2,28.770315068111547,717.2,0.001614290762711046,-2.2258846353192894,-0.012298769526259837,-0.32502667020549664,0.22573057700579713,-0.7172879842247477,0.0034624848244234592,-0.055064784981862645,0.6386865072517616,False,-0.17099034140511205,43.21156800963878,36.185752855527994,quenton jackson,1022998.0,False,False,IND,188736250,841250.0,189577500.0,1027557.7868321533,0.005220009370706387,80.76825651691273,182.4734112000656,quenton jackson
1642366,Quinten Post,1610612744,GSW,26.0,67,1159.1983333333333,513,269,94,26,35,56,60,112.4,110.2,0.56,0.183,0.089,112.7,111.2,1.5,27.38202694678363,881.7,-0.0038299239521193775,-0.283676503476154,1.4957033855830102,-0.3045694336687934,-0.3718770584681377,-0.06655352721217463,0.5107834869433011,-0.2856050081812435,0.7258845179044208,True,-0.15097092568212306,43.999932546570555,38.57245432159129,quinten post,1955377.0,False,False,GSW,205124954,67979689.5,273104643.5,2603401.1371093323,0.013225317841553376,62.18321561376871,140.4856804115558,quinten post
1629628,RJ Barrett,1610612761,TOR,26.0,57,1725.76,1098,300,189,42,19,99,168,118.4,113.5,0.585,0.254,0.112,118.0,112.4,5.6,32.633969961060636,1564.4,0.0010341492686430274,4.011672918070209,0.07819402283272835,0.6642710804224323,0.16204885160178661,1.3725980383086078,0.03390600504656189,0.47188429661672177,0.8856841218156525,False,0.5429159933341681,70.64061781318787,67.00671289582813,rj barrett,27705357.0,False,False,TOR,191608832,3713832.0,195322664.0,28242352.295697145,0.1434715842977806,46.8962693051718,105.94907704711618,rj barrett
1642853,Rasheer Fleming,1610612756,PHX,21.0,55,673.4016666666666,238,124,16,22,21,29,97,112.7,106.6,0.517,0.159,0.056,113.1,106.0,7.1,21.223588695206672,397.0,-0.010164638843644712,-0.02641919576424888,3.845539849214091,-1.187427269665356,-1.067234274526045,0.019640218814187767,1.3013137826101653,-1.3724374889783237,0.553255516616569,False,-0.6705301050750898,25.12599609304808,20.07479102821079,rasheer fleming,1272870.0,False,False,PHX,188101058,618174.0,188719232.0,1277053.151055854,0.006487449660571327,41.52533810402182,93.8149518368056,rasheer fleming
1642484,RayJ Dennis,1610612737,ATL,25.0,17,206.2333333333333,74,26,33,4,4,17,-62,95.8,110.0,0.425,0.195,0.051,95.9,112.1,-16.2,22.93712623242283,131.40000000000003,-0.030406066506356726,-5.001122440250754,0.490839317151966,-1.2628324704186054,-3.2891216095678635,-1.6471280134491235,0.1727278386390383,-1.5371090769778815,0.3061738464376476,False,-1.491369108354708,6.79323069642227,4.672236190460107,rayj dennis,199170.0,False,False,ATL,186963786,0.0,186963786.0,199170.0,0.002,14.58990066516662,32.961822605216014,rayj dennis
1641712,Rayan Rupert,1610612763,MEM,22.0,64,1072.545,332,188,68,55,9,55,-319,103.5,117.0,0.493,0.148,0.055,102.3,116.7,-14.4,20.837167671286515,620.8,-0.013013424835593822,-6.9609659877500105,-2.6457519723665137,-1.0390198365098409,-1.3799435172350745,-2.303771194888819,-0.8824819505807623,-1.4053718065782352,0.6982266498390437,False,-1.3662960005066291,8.59230379192979,7.425486056528687,rayan rupert,2221677.0,False,False,MEM,160304096,0.0,160304096.0,2221677.0,0.011286153350494921,12.653825756385524,28.587799837123136,rayan rupert
1642263,Reed Sheppard,1610612745,HOU,22.0,82,2146.923333333333,1110,238,277,122,54,123,280,115.9,111.6,0.564,0.21,0.102,114.1,111.5,2.6,31.333023846527666,1868.6,-0.0035549946991534063,1.4875313162267247,1.1362306246189777,0.8037363508900994,-0.3416982669630846,0.5268874845484877,0.3898499188387527,0.1425411206176062,0.9878634735752924,True,0.32995229437143014,62.92819955800431,62.58452116744656,reed sheppard,10603560.0,False,False,HOU,199783669,14606591.5,214390260.5,11378807.89759337,0.057804519233921714,60.20996164101873,136.02766188918773,reed sheppard
1642434,Riley Minix,1610612739,CLE,25.0,9,58.083333333333336,35,6,5,2,1,3,32,129.3,108.5,0.72,0.176,0.114,132.1,107.0,25.1,29.998278335724535,48.400000000000006,0.02447657587118572,1.8727479935014733,0.5558566128184543,-0.7626507095648914,2.7353075979099155,0.655953860704932,0.1946009105579522,0.5377529318165448,0.16248543058229914,False,0.5085425575296605,69.44635492379665,43.27330460506208,riley minix,170508.0,False,False,CLE,211858381,66115250.25,277973631.25,223718.91871096194,0.002,135.1287028105442,305.28572011105234,riley minix
1642265,Rob Dillingham,1610612741,CHI,21.0,65,969.9533333333334,409,131,143,47,6,100,-146,105.9,113.3,0.469,0.218,0.06,105.9,112.7,-6.9,25.101001422748855,676.3,-0.02440042306864496,-4.675742773313749,0.0005601992708292339,-0.6523129293691091,-2.629886336474437,-1.5381099543566366,0.007788489873058091,-1.2407002185786777,0.6639938846012656,True,-1.159319468059583,12.316299456859097,10.454041085395053,rob dillingham,1272870.0,False,True,CHI,177919585,0.0,177919585.0,1272870.0,0.006466199188830991,21.64936035980915,48.91070830935471,rob dillingham
1629057,Robert Williams III,1610612757,POR,28.0,59,1008.2133333333334,397,415,60,35,87,49,73,110.6,107.2,0.722,0.129,0.163,110.1,107.4,2.6,34.06064853999153,953.9,0.018198217541948628,-1.7955660940532008,3.7574358724195465,0.289335127602322,2.0461366022155754,-0.5731102837496233,1.271673906004798,2.1515344942122097,0.6769629146997551,False,1.1294991638348557,87.06563389560267,74.40919102404851,robert williams,13285713.0,False,False,POR,189204726,1309726.0,190514452.0,13377680.278579703,0.06795882169097585,67.64389134579645,152.82255842837748,robert williams
1642911,Rocco Zikarsky,1610612750,MIN,19.0,5,36.48333333333333,14,14,2,0,5,1,7,122.4,116.2,0.717,0.131,0.151,121.1,110.5,10.6,34.733668341708544,35.199999999999996,0.017825360449575736,0.5871492890835048,0.010938469904367122,-0.3931740770081428,2.0052083403790855,0.22521558856023396,0.0112799402269111,1.756322683013271,0.12877629181387903,False,0.76485886602688,77.78222048783134,47.28764893386984,rocco zikarsky,1272870.0,True,True,MIN,196036611,8755763.75,204792374.75,1329721.3654036925,0.006755004999995754,96.44212707471476,217.88416228878722,rocco zikarsky
1631199,Ron Harper Jr.,1610612738,BOS,26.0,29,317.52666666666664,123,48,22,10,9,8,18,111.6,109.0,0.55,0.158,0.086,111.7,109.3,2.4,24.511957000986794,216.2,-0.004886710297458262,-0.5150310367383719,1.460710564894153,-1.0684531586271626,-0.48787975529762573,-0.14406858036814918,0.4990112273356543,-0.3844079609809782,0.3799082823923467,False,-0.40237624420060225,34.37035751859063,24.77960920576924,ron harper,657090.0,False,False,BOS,187492509,0.0,187492509.0,657090.0,0.003338027312285588,64.67866351740362,146.12345088086096,ron harper
1641842,Ronald Holland II,1610612765,DET,20.0,78,1550.4483333333333,640,315,95,92,27,96,133,110.2,104.5,0.525,0.184,0.085,108.7,104.4,4.3,25.900895332425357,1115.5,-0.010290852498305827,-2.787198965295553,6.4279245236219245,-0.23600567623351235,-1.0810886589831985,-0.9053556633482235,2.170077780352651,-0.4173422785808893,0.8394934439435738,True,-0.1566590839294605,43.77567675610654,40.61384935428364,ronald holland,8657280.0,False,False,DET,185095988,0.0,185095988.0,8657280.0,0.043979115631197815,42.99578928714126,97.13702730256473,ronald holland
1626220,Royce O'Neale,1610612756,PHX,33.0,78,2213.0533333333333,765,372,208,84,32,103,-113,111.4,115.1,0.596,0.139,0.082,111.0,114.4,-3.4,23.118828285505998,1421.2,0.002094932080084178,-1.4895076785513064,-1.4186355735309666,-0.21421159052913974,0.2784902377157222,-0.4705657862982866,-0.469656332882193,-0.516145231380624,1.0,True,-0.30765624926618573,37.917195697833634,37.917195697833634,royce o neale,10125000.0,False,False,PHX,188101058,618174.0,188719232.0,10158274.729108647,0.05160419195462592,37.956355952408394,85.75182932058931,royce o neale
203497,Rudy Gobert,1610612750,MIN,34.0,76,2380.0466666666666,829,872,128,58,124,106,233,113.0,108.0,0.664,0.127,0.121,112.1,106.6,5.5,27.919116431890693,1845.8000000000002,0.010550074634321522,-0.434711305778797,4.7772456239335455,0.5114596582703498,1.20660531291077,-0.11715755283384766,1.6147575702792676,0.7682931550159253,1.0,True,0.7639836606257936,77.75615101439868,77.75615101439868,rudy gobert,35000000.0,False,False,MIN,196036611,8755763.75,204792374.75,36563237.242710754,0.18574180788285638,49.71694279583787,112.32160427401823,rudy gobert
1629060,Rui Hachimura,1610612747,LAL,28.0,68,1926.565,780,226,57,39,21,42,81,116.4,114.4,0.62,0.149,0.073,115.6,113.3,2.3,20.311798459953334,1087.0,0.005821646618219733,2.3294135832644267,-0.6344838869675801,-0.7074312804672529,0.6875690819344693,0.8089591075260915,-0.20585258559131497,-0.8125540897798279,0.9357945093001795,True,-0.22702270647037467,41.020304294456,39.83512634980932,rui hachimura,18259259.0,False,False,LAL,197146448,28645956.0,225792404.0,20912382.782917988,0.10623522636830744,30.971358249474754,69.97116977630375,rui hachimura
201566,Russell Westbrook,1610612758,SAC,37.0,64,1852.57,971,348,426,83,12,209,-456,110.0,122.1,0.528,0.252,0.105,109.5,119.9,-10.4,33.521000555984386,1725.0,-0.013337993638984068,-2.5876427215540208,-6.173068607154954,0.8642171767638276,-1.4155712074167779,-0.8384945881701578,-2.0691392798746935,0.24134407341734088,0.9176476844232064,False,-0.36002324510308525,35.94148752278095,34.609548397532,russell westbrook,3634153.0,False,False,SAC,193326868,5431868.0,198758736.0,3736261.101124382,0.018980263892896577,49.167507267276925,111.08030751394722,russell westbrook
1642346,Ryan Dunn,1610612756,PHX,23.0,70,1355.245,407,297,102,60,29,56,4,110.4,108.7,0.532,0.136,0.081,110.3,107.9,2.4,23.091618120708805,869.3,-0.006654282281356481,-1.9329125114749612,3.448550983852862,-0.6588558028582839,-0.681904893753299,-0.6191280327736449,1.1677590736047916,-0.5490795489805355,0.784869705457826,True,-0.34942889334705446,36.338367249088755,32.82049960682359,ryan dunn,2657760.0,False,False,PHX,188101058,618174.0,188719232.0,2666494.443855387,0.013545832810797687,52.46881228263191,118.5386879909056,ryan dunn
1641750,Ryan Kalkbrenner,1610612766,CHA,24.0,69,1479.131666666667,521,377,54,32,101,62,46,112.3,111.2,0.762,0.113,0.108,110.6,111.4,-0.9,25.46061371593018,1046.1000000000001,0.020461074280931746,-1.2750293758684315,1.2113640982979108,-0.32698061967039466,2.2945288012807956,-0.39870509353881906,0.4151262681001413,0.34014702621707554,0.8199588866263819,True,0.36694144932384165,64.31686536796764,59.10600934567014,ryan kalkbrenner,2296274.0,False,False,CHA,185779105,0.0,185779105.0,2296274.0,0.011665107258505343,99.56544171789004,224.94042302498337,ryan kalkbrenner
1642948,Ryan Nembhard,1610612742,DAL,23.0,60,1170.88,397,133,316,25,2,85,-24,111.2,113.1,0.492,0.173,0.087,110.8,112.9,-2.1,26.825977042907894,872.5,-0.01538463849025494,-1.4197574644505235,-0.0274353342921922,-0.3565732891743881,-1.640229979028247,-0.4471960624488091,-0.001629747424497745,-0.3514736433810666,0.7295328517744638,False,-0.5079437836431502,30.574638407802325,26.853392541618966,ryan nembhard,743320.0,False,False,DAL,185068401,0.0,185068401.0,743320.0,0.003776077039322046,67.13096785965078,151.66375047290268,ryan nembhard
1631157,Ryan Rollins,1610612749,MIL,23.0,74,2375.483333333333,1281,338,414,110,31,201,-175,113.3,116.5,0.583,0.236,0.111,112.4,115.2,-2.8,32.12516750976994,2119.7999999999997,0.0004888630999990329,-0.1867315195261184,-2.295901653322495,1.0687012547210504,0.10219317085277177,-0.034072229015285935,-0.764785557477027,0.4389499790168102,1.0,True,0.2943606150393745,61.57588204941972,61.57588204941972,ryan rollins,4000000.0,False,False,MIL,182444588,0.0,182444588.0,4000000.0,0.020320061557994113,85.41318748142076,192.9673408010483,ryan rollins
1630180,Saddiq Bey,1610612740,NOP,27.0,72,2245.575,1271,400,182,68,7,68,-187,113.3,116.8,0.579,0.213,0.112,112.7,115.9,-3.2,30.046291039043457,1874.2,-0.000410780337712738,-0.03765185345865671,-2.7146963974575593,0.7049536081371419,0.0034399409120015587,0.01587673060417705,-0.9056761845605968,0.47188429661672177,1.0,True,0.18484976406263923,57.33265628472092,57.33265628472092,saddiq bey,6229755.0,False,False,NOP,190898076,3003076.0,193901152.0,6327757.180631616,0.03214510385861843,67.73293835716498,153.02373538356144,saddiq bey
1630573,Sam Hauser,1610612738,BOS,28.0,78,1934.15,719,300,114,38,23,35,369,119.8,111.0,0.59,0.141,0.08,118.4,110.4,8.0,21.762117726132924,1169.1999999999998,0.0012790749877112874,4.746849451765806,1.8282304074527043,-0.5251296056015313,0.1889341762089178,1.6189180359541686,0.622651988851586,-0.5820138665804471,0.9376348387880492,True,0.058689068777683984,52.34001169087315,50.87112472075164,sam hauser,10044644.0,False,False,BOS,187492509,0.0,187492509.0,10044644.0,0.05102694610203406,51.12455397013303,115.50171021778318,sam hauser
1630241,Sam Merrill,1610612739,CLE,30.0,52,1377.0733333333333,663,133,125,33,7,42,242,120.3,112.6,0.644,0.167,0.081,119.4,111.5,8.0,25.06794603047042,958.9000000000001,0.010532932786863732,4.969569285783156,0.734250713928134,-0.4284044301301949,1.2047236643235093,1.69354004369835,0.2546161259476817,-0.5490795489805355,0.7911652319474258,False,0.20110700286872188,57.96925468177279,52.52155654673091,sam merrill,8482144.0,False,False,CLE,211858381,66115250.25,277973631.25,11129190.912043268,0.05653646110584696,50.922605405616785,115.04546360502488,sam merrill
1630572,Sandro Mamukelashvili,1610612761,TOR,27.0,80,1750.6916666666666,893,395,151,64,41,67,184,114.9,109.7,0.637,0.181,0.123,114.3,109.6,4.7,31.048528438759924,1509.9,0.010148933140253504,1.2087452410046515,2.567552401878849,0.4933317829081123,1.162572292113952,0.43348055132236607,0.8713741633060523,0.8341617902157484,0.8920588205908506,True,0.7436955338031083,77.14696539885877,73.39966490401342,sandro mamukelashvili,2461463.0,False,False,TOR,191608832,3713832.0,195322664.0,2509171.9702014155,0.012746632223521534,119.86536502147536,270.80245363015393,sandro mamukelashvili
1630583,Santi Aldama,1610612763,MEM,25.0,43,1198.0783333333334,602,287,126,37,31,55,-48,113.6,116.0,0.572,0.191,0.115,111.8,114.6,-2.8,31.421317749117684,1045.7,-0.001705352321610954,-0.3288110612628794,-1.5657209143112223,0.15110067731778953,-0.138664318888911,-0.08167580554697645,-0.5191386776048562,0.5706872494164564,0.7379573569021862,False,0.09805952384827271,53.90574860687217,47.54922642747219,santi aldama,18485916.0,False,False,MEM,160304096,0.0,160304096.0,18485916.0,0.09390873776897708,38.599741759047056,87.20538060320835,santi aldama
1630703,Scoot Henderson,1610612757,POR,22.0,30,747.83,427,80,112,27,9,73,53,112.2,109.0,0.553,0.246,0.086,111.7,109.3,2.5,29.605659040156183,615.0,-0.006870422361865394,-0.6508657973467814,2.253893310369786,-0.3399166727458758,-0.7056304389806423,-0.1895798506273581,0.7658531969805471,-0.3844079609809782,0.5830289249022962,False,-0.21970512037488038,41.30504083092501,33.5546875539236,scoot henderson,10747994.0,False,False,POR,189204726,1309726.0,190514452.0,10822394.50514195,0.054977930637345414,32.85302071287821,74.22226275801803,scoot henderson
1630567,Scottie Barnes,1610612761,TOR,24.0,80,2680.776666666666,1448,600,474,114,116,210,266,114.6,110.0,0.577,0.226,0.139,113.8,109.6,4.2,36.53209952837052,2720.4,-0.0008878514381365206,0.9557117981879186,2.6808376091098345,1.903901887005397,-0.048927819584396334,0.34870200605847085,0.9094854913720947,1.3611108718143332,1.0,True,1.0656976849725746,85.67198377514646,85.67198377514646,scottie barnes,38661700.0,False,False,TOR,191608832,3713832.0,195322664.0,39411055.11654495,0.20020876650842304,53.35901282494624,120.54984852120913,scottie barnes
1630590,Scotty Pippen Jr.,1610612763,MEM,25.0,10,211.86666666666667,114,22,47,19,4,27,-50,107.1,118.7,0.537,0.255,0.086,108.2,115.8,-7.6,35.20704845814978,207.2,-0.0112017792775434,-1.5553793373065923,-1.1961848618941893,-0.21728785800566663,-1.1810804534190669,-0.4926360049272036,-0.39481962421618316,-0.3844079609809782,0.3103272954527692,False,-0.47992476518007815,31.56404454249408,21.76805755776206,scotty pippen,2270735.0,False,False,MEM,160304096,0.0,160304096.0,2270735.0,0.011535368745472941,36.81261788340864,83.16787126615169,scotty pippen
1642951,Sean Pedulla,1610612746,LAC,23.0,7,31.0,13,3,5,0,0,1,-20,82.5,112.5,0.433,0.219,0.05,85.0,117.7,-32.8,24.03870967741936,20.700000000000003,-0.0323963516148314,-1.6922167570814377,-0.15640994680619166,-1.2631687597520451,-3.507593811693635,-0.5384832149127179,-0.04501929394922069,-1.5700433945777927,0.11870513506545996,False,-1.4004696563946852,8.068636188811118,4.868754750710212,sean pedulla,2049320.7000000002,True,True,LAC,191938984,12131952.0,204070936.0,2178852.8036241727,0.011068605773862813,8.353595104300831,18.872624719177306,sean pedulla
203552,Seth Curry,1610612744,GSW,35.0,10,133.0,71,12,10,3,0,2,1,116.0,119.0,0.654,0.169,0.093,116.3,121.9,-5.6,26.309774436090226,97.2,0.012349075694490844,0.6710857649002507,-1.6386841804664773,-1.0195643317686063,1.4040803990520736,0.25333840203147867,-0.5436849272095646,-0.15386773778159732,0.2458750606599731,False,-0.13399132319553264,44.67047178250497,29.511269212032598,seth curry,2777830.0,False,False,GSW,205124954,67979689.5,273104643.5,3698420.19247256,0.018788031494592714,42.074356699987405,95.05530665364051,seth curry
1631101,Shaedon Sharpe,1610612757,POR,23.0,50,1471.3016666666667,1042,217,132,70,6,147,-50,112.4,113.7,0.546,0.293,0.108,110.1,113.1,-3.0,32.760378848208106,1338.9,-0.010234064032628295,-1.467371148019104,-0.29791055183081927,0.49363235669194566,-1.0748550288871455,-0.46314896884199025,-0.09262282587939884,0.34014702621707554,0.8177857206190904,False,-0.01914182650317113,49.23639824048831,45.199189569372386,shaedon sharpe,8399983.0,False,False,POR,189204726,1309726.0,190514452.0,8458129.94150218,0.042967430269209364,48.24140068657228,108.98802727659161,shaedon sharpe
1628983,Shai Gilgeous-Alexander,1610612760,OKC,27.0,68,2258.9466666666667,2117,292,448,95,52,151,788,121.5,105.2,0.665,0.323,0.207,121.0,104.2,16.9,48.60991258462646,3050.2,0.02715507958177836,6.725359403644394,6.82924871959716,3.1376607231129032,3.0293250738803295,2.281815373330609,2.305090978169969,3.600644468608316,1.0,True,3.007043235167857,99.86809887982926,99.86809887982926,shai gilgeous alexander,38333050.0,False,False,OKC,189104345,1209345.0,190313690.0,38578194.45901415,0.19597782155085872,62.66750480276251,141.57979713678813,shai gilgeous alexander
1630536,Sharife Cooper,1610612764,WAS,25.0,41,699.9983333333333,333,86,124,16,5,61,-184,108.4,120.1,0.609,0.197,0.094,109.3,120.8,-11.5,27.082350196071893,526.6,0.005530076401270384,-2.3601849866908062,-4.421167044767626,-0.6133063119387555,0.6555636234702636,-0.7622851525474886,-1.479765814304569,-0.12093342018168575,0.5640754032982298,False,-0.42757970554646374,33.44785719766661,26.88652255092256,sharife cooper,2380266.9,True,True,WAS,187128348,0.0,187128348.0,2380266.9,0.012091792483113954,44.7250608027999,101.04383532295657,sharife cooper
1631321,Sidy Cissoko,1610612757,POR,22.0,75,1435.055,383,166,110,52,25,70,-60,109.2,110.9,0.514,0.123,0.036,108.6,110.7,-2.1,18.05199103867099,719.6,-0.0082322111809327,-3.074738888143464,1.602505937447097,-1.1833478462645952,-0.855113043691431,-1.0016955625053263,0.5467139247460348,-2.031123840976554,0.8076495076905126,True,-1.1016883160767235,13.529859910926456,12.35874606429116,sidy cissoko,1081951.0,False,False,POR,189204726,1309726.0,190514452.0,1089440.5558128185,0.005534374789472948,27.026415861755076,61.05866967393733,sidy cissoko
1631323,Simone Fontecchio,1610612748,MIA,30.0,70,1172.47,597,211,101,37,9,49,91,113.8,110.5,0.579,0.184,0.09,113.6,109.9,3.7,28.152873847518485,916.9,-0.0003548524983058394,0.48649760622409055,1.9635098976419196,-0.21448182036090335,0.009579100665211929,0.19149236543132747,0.6681626177962448,-0.25267069058133196,0.73002801938755,True,0.0009634503192922084,50.03843610079689,43.95939703540015,simone fontecchio,8307692.0,False,False,MIA,157325624,0.0,157325624.0,8307692.0,0.042203203211213805,47.21379130285498,106.66642968721158,simone fontecchio
1642883,Sion James,1610612766,CHA,23.0,82,1843.28,441,287,163,52,20,65,65,113.2,110.0,0.531,0.109,0.062,112.5,110.3,2.2,18.231630571589776,933.5,-0.005442211534322473,-0.16207238076434077,2.1717497268279766,-0.9974456526659949,-0.5488567369293298,-0.02581021475973081,0.7382185115930804,-1.1748315833788545,0.9153439492641798,True,-0.5772781541945521,28.187578437505543,27.11376635585912,sion james,2296274.0,False,False,CHA,185779105,0.0,185779105.0,2296274.0,0.011665107258505343,45.673767417940894,103.18717405228267,sion james
1627746,Skal Labissiere,1610612764,WAS,30.0,3,37.55,13,9,3,2,1,1,2,110.4,106.4,0.65,0.117,0.124,111.6,110.0,1.6,27.323568575233026,28.5,0.008081360096185968,-0.13034997676343033,0.30601968009781555,-0.9932749691777071,0.9356162474397788,-0.01518166213232724,0.11055094906107558,0.8670961078156599,0.13064525180113443,False,0.16645792020555017,56.61017020344039,34.46372608522231,skal labissiere,3207632.4,False,True,WAS,187128348,0.0,187128348.0,3207632.4,0.016294821955854098,51.645550080720255,116.67875602291222,skal labissiere
1642461,Spencer Jones,1610612743,DEN,25.0,64,1416.79,352,209,51,52,29,31,1,116.9,115.3,0.619,0.097,0.045,116.4,114.2,2.2,17.753654387735654,698.6999999999999,0.00369293101991486,2.6712518730503145,-1.2559227561464736,-1.2240477493313118,0.45390146191315245,0.923491608056211,-0.414916603702492,-1.7347149825773505,0.8024932738319085,False,-0.6820549621660023,24.760209880833777,22.559571284074536,spencer jones,1016457.0,False,False,DEN,191600929,11117787.0,202718716.0,1075437.6765532906,0.005463239947337256,49.557716880295374,111.96187760399398,spencer jones
1630649,Stanley Umude,1610612759,SAS,27.0,2,6.566666666666666,2,0,1,1,0,0,-17,57.1,166.7,0.5,0.143,0.029,57.1,189.4,-132.3,30.700507614213198,5.6,-0.011572782104661597,-0.7244554173638217,-0.8734416497856224,-0.7406031977863633,-1.221805173857496,-0.2142359627290543,-0.28624258456193985,-2.261664064175935,0.054633766892357744,False,-1.1219925768716448,13.093279805565045,7.52320473159992,stanley umude,363537.0,False,False,SAS,188455363,560363.0,189015726.0,364617.9598659763,0.002,23.49256442597463,53.07491523909844,stanley umude
201939,Stephen Curry,1610612744,GSW,38.0,43,1328.7283333333332,1142,154,203,49,17,121,89,117.6,114.8,0.637,0.308,0.146,116.4,113.6,2.8,40.81376052541466,1506.4,0.017270007774575023,2.8292999963694028,-0.8276911416404239,1.2742765853467142,1.944247666279067,0.9764454382990604,-0.2708512314653734,1.5916510950137133,0.7771534110086786,False,1.1935407558077056,88.36711697400148,79.50557720550748,stephen curry,59606817.0,False,False,GSW,205124954,67979689.5,273104643.5,79360888.031959,0.4,38.865534286017315,87.80586489195356,stephen curry
1642264,Stephon Castle,1610612759,SAS,21.0,68,2037.743333333333,1133,362,502,78,19,217,408,118.2,108.4,0.575,0.243,0.117,117.2,107.8,9.4,35.24487055124705,1994.9999999999998,-0.0014406367233060823,3.7048961730195233,3.935257043799172,1.2190338228658377,-0.109606673101153,1.2698128654212943,1.331496376786166,0.6365558846162795,0.9624172534285582,True,0.8694806064672895,80.77078444424347,79.40476987927843,stephon castle,9560520.0,False,False,SAS,188455363,560363.0,189015726.0,9588947.748531412,0.04871200213163684,81.1076919232921,183.2402710922456,stephon castle
203500,Steven Adams,1610612745,HOU,32.0,32,730.365,187,276,48,22,20,35,194,117.3,105.5,0.535,0.116,0.1,114.8,104.9,9.9,23.99457805343903,486.79999999999995,-0.005327711357627586,1.6704158852873456,4.6307128877354025,-0.8930365785397212,-0.5362881327430215,0.5881627355334081,1.565461132393291,0.07667248541778357,0.5761806061549546,False,0.042342961267956405,51.688735108028936,41.83072533608306,steven adams,14130434.0,False,False,HOU,199783669,14606591.5,214390260.5,15163538.848803787,0.07703101071118203,36.39573388898168,82.22603783036534,steven adams
1629004,Svi Mykhailiuk,1610612762,UTA,29.0,50,1155.611666666667,469,124,93,26,3,42,-77,114.9,117.9,0.626,0.143,0.074,113.2,118.0,-4.8,21.507571026599187,690.4000000000001,0.006445217895338402,0.6239844278691414,-3.5033514182406287,-0.9294151408856177,0.7560180642005843,0.2375571567184863,-1.1709949403157964,-0.7796197721799164,0.7247606710515068,False,-0.49285267478488826,31.105834424168087,27.25313737718715,svi mykhailiuk,3675000.0,False,False,UTA,175673708,0.0,175673708.0,3675000.0,0.01866905655640709,38.94141424600556,87.97729455674866,svi mykhailiuk
204456,T.J. McConnell,1610612754,IND,34.0,56,962.505,525,124,287,56,10,64,-134,109.1,116.7,0.567,0.227,0.15,110.7,117.2,-6.5,39.91584459301511,1067.2,-0.0031617799843229673,-1.925684850051229,-2.671411828792607,0.8501021525376873,-0.2985353631703205,-0.6167064136613927,-0.8911144210531727,1.7233883654133595,0.6614395457842484,False,0.4585886180756966,67.67351941836516,57.363309555668074,tj mcconnell,10200000.0,False,False,IND,188736250,841250.0,189577500.0,10245464.239116756,0.05204711600726995,57.25104389733957,129.3428102230325,tj mcconnell
1643007,Taelon Peter,1610612754,IND,24.0,38,492.23,171,59,40,26,4,27,-100,103.2,111.8,0.518,0.159,0.057,103.2,112.9,-9.8,21.626475428153505,295.7,-0.01000563884364471,-4.85470124329206,0.23854176077754352,-1.2363044573366002,-1.0497809559084827,-1.598069770650178,0.08785007589954044,-1.339503171378412,0.47301258872350227,False,-1.0949271633465418,13.677427381360474,10.433902959479024,taelon peter,2291166.0,True,True,IND,188736250,841250.0,189577500.0,2301378.3645960963,0.011691037509207124,17.562497232736902,39.677577769406966,taelon peter
201959,Taj Gibson,1610612763,MEM,41.0,10,96.87333333333332,34,27,6,2,1,1,-7,103.2,107.9,0.576,0.123,0.081,106.2,114.0,-7.8,24.638359369623565,66.3,-0.0006062111809327082,-1.2961441364828565,0.22411361947847588,-1.1784835960402813,-0.018012365845337906,-0.4057795682349677,0.08299617096461986,-0.5490795489805355,0.20984120980716187,False,-0.5104641281715838,30.48631698145251,19.646252876877558,taj gibson,960753.0,False,False,MEM,160304096,0.0,160304096.0,960753.0,0.00488064002550688,44.895302505030486,101.42844909913751,taj gibson
1631106,Tari Eason,1610612745,HOU,25.0,60,1549.105,627,376,90,72,28,81,167,116.1,109.6,0.514,0.181,0.083,115.6,110.1,5.5,25.962862427014308,1117.2,-0.012114066859746494,2.1273319821036205,2.298854549894902,-0.22966934361807664,-1.2812216222431927,0.7412519144361238,0.7809790248947227,-0.4832109137807124,0.8391296898356275,False,-0.16622921247558475,43.39882855107603,40.25711619667412,tari eason,5675766.0,False,False,HOU,199783669,14606591.5,214390260.5,6090732.828002287,0.03094101649957551,48.19961879724074,108.89363271861184,tari eason
1627752,Taurean Prince,1610612749,MIL,32.0,26,611.3033333333333,239,81,46,16,6,31,-51,113.7,117.5,0.617,0.157,0.073,114.0,116.5,-2.5,21.430277385476934,363.9,0.005663218248728175,0.4917501022778019,-2.1778412299733985,-1.1973749752422058,0.6701785107973811,0.19325220780426047,-0.7250677546336334,-0.8125540897798279,0.5271291601829209,False,-0.5223555261492986,30.071140761263663,23.672246247547307,taurean prince,3697105.0,False,False,MIL,182444588,0.0,182444588.0,3697105.0,0.018781350296591958,33.753835520411776,76.25740326839615,taurean prince
1641707,Taylor Hendricks,1610612763,MEM,22.0,59,1118.465,438,221,55,50,30,50,-257,108.4,119.1,0.566,0.157,0.077,108.5,118.5,-10.0,24.774311221182607,769.7,-0.002343781751271832,-3.127786022977503,-4.007592039631452,-0.6036537210984236,-0.2087442701511738,-1.0194689400936192,-1.3406312080666882,-0.6808168193801817,0.7130169575951064,False,-0.7404851388353826,22.950283766368702,19.986429749671043,taylor hendricks,6127080.0,False,False,MEM,160304096,0.0,160304096.0,6127080.0,0.031125660692688642,23.879859280898685,53.94990024392429,taylor hendricks
1629611,Terance Mann,1610612751,BKN,29.0,63,1529.0166666666669,455,200,190,41,15,71,-267,109.6,117.8,0.564,0.133,0.066,107.7,116.4,-8.7,20.761578792470107,881.8000000000001,-0.0022514966427971575,-3.4107081052180166,-3.0287325890426207,-0.83584184816134,-0.19861419844133243,-1.1142616374081606,-1.0113240146228721,-1.0430943129792083,0.8336711436517255,False,-0.8705187335049523,19.200849304763967,17.763704417164337,terance mann,15500000.0,False,False,BKN,152025523,0.0,152025523.0,15500000.0,0.07874023853722718,15.337434757034218,34.65066797112856,terance mann
1630545,Terrence Shannon Jr.,1610612750,MIN,25.0,43,537.675,241,49,38,14,1,24,-82,112.0,120.5,0.597,0.171,0.069,112.8,118.7,-5.9,21.941135444273964,327.70000000000005,0.0027482186021179455,-0.2622040564524336,-3.357195197922438,-1.1853955397781353,0.3502010416000893,-0.059359210122454785,-1.1218251696317756,-0.9442913601794737,0.49436598514939034,False,-0.7042837937214972,24.06280284105826,18.587665616970938,terrence shannon,2674080.0,False,False,MIN,196036611,8755763.75,204792374.75,2793514.8984567993,0.014191098674953958,29.235282085757724,66.0489885462281,terrence shannon
203648,Thanasis Antetokounmpo,1610612749,MIL,33.0,34,147.95833333333334,47,30,15,13,6,10,5,97.4,94.3,0.52,0.154,0.094,98.3,99.3,-1.0,28.126837510560403,115.6,-0.009382996112712486,-3.4356936386921997,3.571516604245417,-0.8589767570862273,-0.9814338995067902,-1.1226330098125499,1.2091270793151019,-0.12093342018168575,0.25933335280828784,False,-0.3852651898266984,35.002047460855565,23.335865348900885,thanasis antetokounmpo,2874436.0,False,False,MIL,182444588,0.0,182444588.0,2874436.0,0.014602179116128591,36.338397362012415,82.09650189491704,thanasis antetokounmpo
1628418,Thomas Bryant,1610612739,CLE,28.0,60,731.8166666666667,370,205,33,18,26,28,39,114.4,110.7,0.625,0.182,0.115,113.7,111.3,2.5,30.110820105217606,612.1,0.008021004594067058,0.590509826368096,1.1174038029589843,-0.30169773654163223,0.9289910662523304,0.22634153246362174,0.3835162130155212,0.5706872494164564,0.5767529275122403,False,0.3266090624492498,62.80182058490096,50.840511565643574,thomas bryant,2851228.8000000003,False,True,CLE,211858381,66115250.25,277973631.25,3741019.917737312,0.019004438754526065,72.19359841989822,163.1013561339907,thomas bryant
1642275,Tidjane Salaün,1610612766,CHA,20.0,37,575.38,222,149,27,16,7,26,-4,113.2,111.1,0.629,0.147,0.102,111.9,112.6,-0.7,23.5816330077514,376.90000000000003,0.007066503710592624,-0.3028561622668346,0.5033994342684898,-1.0142865128145337,0.8242161729188471,-0.07297964841113994,0.17695330421990385,0.1425411206176062,0.5114062608497901,False,-0.07158081770920999,47.14677530798683,36.780746651514995,tidjane salaun,7863240.0,False,False,CHA,185779105,0.0,185779105.0,7863240.0,0.03994538021132041,40.27126667119718,90.9817262342677,tidjane salaun
203501,Tim Hardaway Jr.,1610612743,DEN,34.0,80,2127.3,1079,206,108,42,10,43,200,119.4,114.9,0.624,0.177,0.085,118.8,114.6,4.2,24.142152023692006,1426.6000000000001,0.007623647324999281,4.901837952157547,-1.440561783598159,-0.12775113517261114,0.8853734371828694,1.6708467432806593,-0.4770327327276899,-0.4173422785808893,0.9833384694267511,True,0.15473764979295637,56.14859263940314,55.7276079675953,tim hardaway,3634153.0,False,False,DEN,191600929,11117787.0,202718716.0,3845027.441947048,0.019532798578135162,78.37740517958561,177.07194758046944,tim hardaway
202699,Tobias Harris,1610612765,DET,33.0,63,1745.45,836,323,157,58,26,63,368,118.6,108.6,0.574,0.181,0.112,116.2,108.1,8.1,28.324386261422546,1373.2999999999997,-0.0012540668597465058,3.2445373874770502,3.6074594600597756,0.16518127487699988,-0.089127029873855,1.1155702178752465,1.2212189490574454,0.47188429661672177,0.8907223830332117,False,0.5200099282630921,69.84716723694548,66.41243784255512,tobias harris,26634146.0,False,False,DET,185095988,0.0,185095988.0,26634146.0,0.13530187156615067,47.44398232839551,107.18648228546503,tobias harris
1643253,Toby Okani,1610612763,MEM,24.0,6,217.09,60,21,6,4,3,3,-137,100.0,128.1,0.408,0.142,0.013,99.3,124.8,-25.5,15.538256022847664,93.69999999999999,-0.024555853558475154,-4.058509014572057,-3.9898226106497128,-1.8868849048322893,-2.646947832461168,-1.3313065390792855,-1.3346532295289566,-2.7886131457745194,0.3141293885125566,False,-2.1052413101008396,1.7635154004118778,1.2192208766902697,toby okani,73153.0,False,False,MEM,160304096,0.0,160304096.0,73153.0,0.002,3.807237210338174,8.60139355456751,toby okani
1642449,Tolu Smith,1610612765,DET,25.0,15,137.44166666666666,56,49,13,2,6,7,0,106.9,104.6,0.569,0.177,0.117,105.0,107.6,-2.6,30.14806281452738,115.10000000000001,-0.0021113526750007276,-1.5580380188627607,1.41030188586931,-0.6971554655982295,-0.1832306932697572,-0.4935267929279627,0.4820527757368108,0.6365558846162795,0.24994696407135025,False,-0.012527807583809891,49.50022586036491,32.79271825179066,tolu smith,336782.0,False,False,DET,185095988,0.0,185095988.0,336782.0,0.002,102.40118057629844,231.3469862601079,tolu smith
1628396,Tony Bradley,1610612737,ATL,28.0,41,450.68666666666667,162,116,22,6,7,18,-140,104.6,118.8,0.596,0.136,0.074,104.8,119.4,-14.6,22.046358889398398,276.0,0.0020497177186435123,-3.918632795081335,-2.9482778531831086,-1.2183984668993517,0.2735270889338759,-1.284441182968925,-0.984257490159915,-0.7796197721799164,0.45261194831508345,False,-0.8377612860080575,20.108239283356326,15.155084817497594,tony bradley,1813298.0,False,False,ATL,186963786,0.0,186963786.0,1813298.0,0.009211581745746902,27.728695719728126,62.64527568510715,tony bradley
1641787,Tosan Evbuomwan,1610612766,CHA,25.0,5,7.713333333333333,0,2,0,0,0,0,-8,50.0,100.0,0.0,0.048,-0.043,61.0,102.9,-41.9,6.534140017286084,1.4,-0.027884570216949348,-0.8566335724959736,0.1701666592021153,-2.6835462844367757,-3.012338728234356,-0.2585220917996906,0.06484737332799619,-4.632934931369564,0.059211997146360516,False,-2.5416690675259703,0.5516228764582172,0.3180907935360395,tosan evbuomwan,254154.0,False,False,CHA,185779105,0.0,185779105.0,254154.0,0.002,0.9932959060740074,2.2440758303905035,tosan evbuomwan
1641739,Toumani Camara,1610612757,POR,26.0,82,2731.2366666666667,1100,421,201,94,35,144,32,114.3,113.0,0.578,0.16,0.073,112.2,112.2,0.1,23.083609256368607,1751.3,-0.0004685673898311649,0.04561412724030348,0.35572700859367834,0.047604188601204245,-0.002903303318140416,0.04377489550699679,0.12727345281860244,-0.8125540897798279,1.0,True,-0.20664342303252842,41.81441727168758,41.81441727168758,toumani camara,2221677.0,False,False,POR,189204726,1309726.0,190514452.0,2237056.0457142284,0.011364279139399004,71.0844210752,160.59547842359916,toumani camara
1629027,Trae Young,1610612764,WAS,27.0,15,383.7533333333333,269,30,120,13,2,39,-66,116.1,124.1,0.612,0.262,0.128,115.2,124.7,-9.5,40.901273387419,436.0,0.008140720899151476,1.117695911654509,-5.001975592082583,0.42315652826750483,0.9421322411979633,0.4029745849819836,-1.6751610087110935,0.9988333782153062,0.41765216787816783,False,0.355931018151796,63.905388708569234,47.158564649667,trae young,46394100.0,False,False,WAS,187128348,0.0,187128348.0,46394100.0,0.23568274198193367,27.741752881921002,62.67477471144094,trae young
1631218,Trayce Jackson-Davis,1610612761,TOR,26.0,53,496.0366666666667,181,145,39,17,24,23,-76,102.9,110.5,0.578,0.142,0.1,105.0,111.4,-6.4,28.326131804772494,390.3,-0.0004158535584751588,-4.395457854090996,0.9466426501002669,-0.6227534931389906,0.0028830570227955103,-1.4442008352829028,0.32606886859512674,0.07667248541778357,0.4748380904278975,False,-0.2999739641091597,38.20985076213571,29.179989576317,trayce jackson davis,2221677.0,False,False,TOR,191608832,3713832.0,195322664.0,2264738.350826793,0.011504905675387625,49.39285216667718,111.58941163805926,trayce jackson davis
1642848,Tre Johnson,1610612764,WAS,20.0,60,1442.8166666666666,733,170,122,33,18,93,-338,108.7,119.9,0.535,0.22,0.068,108.1,119.6,-11.5,24.981136434520437,1001.1999999999998,-0.010104280161017836,-3.450339629290244,-5.034480222227406,-0.4014596362185675,-1.0606087442164653,-1.1275401310334794,-1.6860961930426968,-0.9772256777793853,0.8098306968593852,False,-0.9746693726323539,16.4862144975397,15.075387132448977,tre johnson,8237640.0,False,False,WAS,187128348,0.0,187128348.0,8237640.0,0.04184733797314866,16.239504547925858,36.688643767350676,tre johnson
1630200,Tre Jones,1610612741,CHI,26.0,65,1752.3733333333332,914,204,350,76,11,92,-137,111.0,114.8,0.637,0.186,0.126,111.7,114.3,-2.7,33.01762181574703,1607.2,0.01042929040932128,-1.218394245704653,-1.2130381039557665,0.7293756365298423,1.1933469131440748,-0.3797295625075551,-0.4004893798081517,0.932964743015483,0.8924871614389381,True,0.5242025276613607,69.99311584883769,66.60679449474888,tre jones,8000000.0,False,False,CHI,177919585,0.0,177919585.0,8000000.0,0.040640123115988226,72.48903571565565,163.76881453259176,tre jones
1630544,Tre Mann,1610612766,CHA,25.0,53,668.4583333333334,291,92,86,25,5,54,-153,105.8,115.9,0.462,0.231,0.062,104.4,117.6,-13.1,25.053468802593027,465.19999999999993,-0.02747249416906873,-4.591580295903104,-2.276415500597387,-0.8253675428982127,-2.967105429125386,-1.5099114193280168,-0.7582300399703382,-1.1748315833788545,0.5512210962669126,False,-1.3440783940017709,8.946151900086202,7.13947199102854,tre mann,8000000.0,False,False,CHA,185779105,0.0,185779105.0,8000000.0,0.040640123115988226,7.769979685621893,17.55410800397496,tre mann
1630570,Trendon Watford,1610612755,PHI,25.0,53,863.7166666666667,346,174,132,16,22,64,-156,106.5,115.6,0.573,0.17,0.093,107.6,114.8,-7.2,26.76711112826351,642.2,-0.0013478528516956134,-3.689948224268848,-1.3801760328222572,-0.5459302185928794,-0.09942185251128828,-1.2078206974632881,-0.4567178018149344,-0.15386773778159732,0.6265767988431146,False,-0.4472369287511257,32.73520002651594,27.234362593530296,trendon watford,2461463.0,False,False,PHI,194666722,7043402.5,201710124.5,2550523.2896567886,0.012956697562730898,44.2213755063904,99.90589848773578,trendon watford
1642280,Trentyn Flowers,1610612741,CHI,21.0,2,5.55,4,1,1,0,0,1,-2,81.8,100.0,0.667,0.25,0.128,81.8,111.3,-29.5,30.486486486486484,4.699999999999999,0.021517863453388825,-0.34236474449461635,0.06763467869645728,-0.7585019187560491,2.410531808441067,-0.08621695052197705,0.03035363807494907,0.9988333782153062,0.05022675853295007,False,0.46322480817468537,67.8398382099531,38.845229843182786,trentyn flowers,250937.0,False,False,CHI,177919585,0.0,177919585.0,250937.0,0.002,121.30124026794785,274.04641438380355,trentyn flowers
1630286,Trevon Scott,1610612751,BKN,29.0,6,182.235,48,31,10,8,5,4,-65,105.8,122.8,0.456,0.136,0.053,104.3,122.6,-18.3,20.880730924355916,105.70000000000002,-0.016990282281356482,-2.159898956673794,-2.6014704418828414,-1.4484811224093868,-1.8164803731943204,-0.6951795633711939,-0.8675847898942072,-1.4712404417780582,0.2878091223521084,False,-1.3103791221047225,9.50338064425431,6.457681193510252,trevon scott,3029430.6,False,True,BKN,152025523,0.0,152025523.0,3029430.6,0.015389554069417761,9.87269073016379,22.304598773641,trevon scott
1631211,Trevor Keels,1610612748,MIA,22.0,8,14.946666666666667,8,2,0,1,0,0,5,87.5,69.8,0.333,0.261,0.039,91.3,78.0,13.4,27.93933987511151,11.600000000000001,-0.06470935055466208,-0.6735704851108771,1.1093853525732429,-0.9574023857224153,-7.054569069466042,-0.19718702846868852,0.3808186516948346,-1.9323208881768197,0.08242535649870975,False,-1.849687479819634,3.217930303463473,1.8892192405078503,trevor keels,1272870.0,True,True,MIA,157325624,0.0,157325624.0,1272870.0,0.006466199188830991,3.9123997889753652,8.83897915170746,trevor keels
1641725,Trey Alexander,1610612740,NOP,23.0,9,110.64333333333332,47,11,9,6,2,3,-18,112.0,119.0,0.599,0.148,0.078,110.6,120.5,-9.9,26.12719549302564,80.3,0.002674575164406175,-0.3308619526161661,-1.2609384635353607,-1.0477667860352504,0.34211725303105706,-0.0823629541842887,-0.4166039843804598,-0.6478825017802702,0.22425972496733387,False,-0.47983389987294733,31.56727528683002,20.54767222096319,trey alexander,2049320.7000000002,True,True,NOP,190898076,3003076.0,193901152.0,2081559.1905046043,0.010574352721915488,35.82299118066448,80.9320849801547,trey alexander
1641998,Trey Jemison III,1610612752,NYK,26.0,13,81.58833333333334,13,18,5,1,2,10,-29,96.1,112.9,0.623,0.099,0.027,101.0,117.3,-16.3,10.942740996466,24.800000000000004,0.004165073927541971,-1.9564247102041052,-0.3646228577883034,-2.3109551527538184,0.5057282581385498,-0.6270057661752972,-0.11506613194321519,-2.327532699375758,0.19257623441278018,False,-1.3114501439981763,9.485286355810679,6.038895823623898,trey jemison,2456639.1,True,True,NYK,207045051,42640242.25,249685293.25,2962575.783049826,0.01504993057044877,9.304831402222781,21.021678563156147,trey jemison
1630530,Trey Murphy III,1610612740,NOP,26.0,66,2340.6383333333333,1420,377,250,99,24,120,-169,113.6,117.2,0.613,0.223,0.122,112.5,116.0,-3.5,32.78644073589612,2131.7000000000003,0.007151934200422821,-0.03793241355016054,-2.9162010727607552,1.13131486155285,0.8335938179418712,0.015782729288967394,-0.9734662427247041,0.8012274726158368,1.0,True,0.5045835028488838,69.30743003825248,69.30743003825248,trey murphy,25000000.0,False,False,NOP,190898076,3003076.0,193901152.0,25393282.643665828,0.12899826661970829,50.345827511987544,113.742394375924,trey murphy
1642400,Tristan Enaruna,1610612739,CLE,25.0,9,85.13333333333334,37,14,7,5,0,3,43,123.5,101.7,0.587,0.16,0.105,122.1,101.3,20.8,26.809710258418164,63.39999999999999,0.0009714326101688364,1.4075028790089898,1.670393544711912,-1.0065374182508908,0.15516448793525275,0.5000740546258013,0.5695526248316743,0.24134407341734088,0.19671545363028728,False,0.0044875425713887945,50.17902644580906,32.04041002270107,tristan enaruna,2380266.9,True,True,CLE,211858381,66115250.25,277973631.25,3123083.5920396307,0.015865312710251666,48.465097052366495,109.49340699753408,tristan enaruna
1641774,Tristan Vukcevic,1610612764,WAS,23.0,49,670.98,441,147,55,23,33,62,-226,103.5,118.5,0.603,0.259,0.11,105.4,119.7,-14.3,34.91191987838684,650.7,0.005716506537710808,-4.782338593229962,-3.59799890203237,0.11458097478529233,0.6760279289495738,-1.5738247533298855,-1.2028361788462396,0.40601566141689865,0.5522598202756643,False,-0.1646450083625901,43.461170153377246,34.70447969240087,tristan vukcevic,3256068.0,False,False,WAS,187128348,0.0,187128348.0,3256068.0,0.016540875549253695,51.734244244730476,116.8791358176289,tristan vukcevic
1641783,Tristan da Silva,1610612753,ORL,25.0,77,1899.4566666666667,762,284,124,68,25,69,103,113.2,111.6,0.576,0.16,0.085,111.7,110.1,1.6,23.452180184859884,1237.4,-0.0007885673898311652,-0.5430790101747954,1.7738997269541357,-0.33481016170881983,-0.03802947915222779,-0.15346601953298955,0.6043741003333584,-0.4173422785808893,0.9291874912736363,True,-0.14697343375425054,44.15764946853468,42.750538196287835,tristan da silva,3809520.0,False,False,ORL,189903062,2008062.0,191911124.0,3849802.4065587735,0.01955705547184704,60.09985404526896,135.77890440125944,tristan da silva
1641803,Tristen Newton,1610612745,HOU,25.0,1,12.0,12,3,0,1,0,0,2,128.0,120.0,0.581,0.345,0.149,122.7,110.3,12.4,48.900000000000006,16.3,2.4651565676551687e-05,0.27735854485112654,-0.029042602132626782,0.7286536907644899,0.05123699591895006,0.12142057893669309,-0.002170463317190639,1.690454047813448,0.07385489458759964,False,0.7148727037659247,76.2656147423755,44.480753130162014,tristen newton,2380266.9,True,True,HOU,199783669,14606591.5,214390260.5,2554293.067620694,0.012975848092802531,72.18760993142753,163.08782680989353,tristen newton
1629660,Ty Jerome,1610612763,MEM,28.0,15,338.68833333333333,295,42,85,16,4,27,-45,122.2,127.2,0.616,0.332,0.162,119.5,125.8,-6.3,47.70403468282048,448.79999999999995,0.011643722666100345,3.066678174569213,-5.4190689372218905,0.9794032486272389,1.3266542912384778,1.0559787063175075,-1.815479252366293,2.118600176612298,0.39236366093745534,False,0.9655039269189529,83.28537649717535,60.51212692469015,ty jerome,8781000.0,False,False,MEM,160304096,0.0,160304096.0,8781000.0,0.044607615135186574,63.743706205380334,144.01117487778035,ty jerome
1631102,TyTy Washington Jr.,1610612746,LAC,24.0,16,88.12833333333333,21,6,17,6,3,3,-39,102.9,121.0,0.553,0.113,0.082,103.8,125.6,-21.8,26.143691964370145,64.0,-0.0031559257190682502,-1.430429625299178,-1.6212001595832386,-1.059510563083452,-0.2978927445743312,-0.4507717568767845,-0.5378029654593778,-0.516145231380624,0.2001457802036639,False,-0.6126913302216243,27.004022809631223,17.284346091539202,tyty washington,2291166.0,True,True,LAC,191938984,12131952.0,204070936.0,2435984.5009462796,0.012374838753386993,28.520173039630638,64.4333985526579,tyty washington
1631174,Tyler Burton,1610612763,MEM,26.0,12,306.74333333333334,129,50,12,11,4,11,-145,102.0,124.3,0.521,0.18,0.061,100.0,123.9,-23.9,23.190724058115904,197.6,-0.01078713831356005,-4.633425490245546,-4.227770231389155,-1.1894060910253672,-1.135565605266271,-1.5239316004674983,-1.4147033972268868,-1.207765900978766,0.37340164418329475,False,-1.2708113834940702,10.18978790057798,7.316580945497576,tyler burton,146306.0,False,False,MEM,160304096,0.0,160304096.0,146306.0,0.002,22.847344366156346,51.617219971588234,tyler burton
1629639,Tyler Herro,1610612748,MIA,26.0,33,1032.6533333333334,677,158,136,23,12,64,-38,114.4,116.4,0.602,0.248,0.122,114.1,114.7,-0.6,33.57176980981032,962.9999999999999,0.005225720545761699,0.8314063000182285,-1.6434228021381572,0.25739356406281866,0.6221546944179758,0.30705360106576446,-0.5452790909095261,0.8012274726158368,0.6851188793106484,False,0.3623060134865878,64.1438317550188,55.05487502227051,tyler herro,31000000.0,False,False,MIA,157325624,0.0,157325624.0,31000000.0,0.15748047707445437,37.295331600795684,84.25842865148084,tyler herro
1642278,Tyler Kolek,1610612752,NYK,25.0,62,727.1616666666666,274,98,170,22,4,55,106,111.7,105.7,0.533,0.173,0.101,112.1,106.2,5.9,27.724233721524563,560.0,-0.008291638490254934,-0.6198342727220479,4.11283977191255,-0.5350122767295235,-0.8616363378058044,-0.1791827762892,1.39123863065513,0.10960680301769513,0.5749156723407619,False,-0.04830810079305347,48.073534929693466,38.877647106487224,tyler kolek,2191897.0,False,False,NYK,207045051,42640242.25,249685293.25,2643310.92472621,0.013428060176838733,62.342378877167654,140.84526553648737,tyler kolek
1641890,Tyler Smith,1610612742,DAL,21.0,12,165.58333333333334,56,33,5,6,0,6,-22,110.6,114.7,0.532,0.135,0.059,109.8,114.9,-5.2,19.76285858077504,90.9,-0.006605353735170036,-0.7130101889213274,-0.4674938131131338,-1.55006599936418,-0.6765340415137636,-0.2104012529501165,-0.14967390486150897,-1.2736345361785892,0.2743449498626711,False,-0.9250982405934303,17.745740408814488,11.950961643077454,tyler smith,2048966.0,False,False,DAL,185068401,0.0,185068401.0,2048966.0,0.01040877881255924,20.950817510832863,47.332545030623734,tyler smith
1631213,Tyrese Martin,1610612755,PHI,27.0,46,776.61,290,116,78,25,6,40,-181,105.8,116.8,0.501,0.178,0.077,104.9,116.2,-11.3,22.77900104299455,491.4,-0.014227281221187162,-4.7000386706055695,-2.1286655102195327,-0.986910110119665,-1.5131876823528287,-1.546250265002346,-0.7085240943073386,-0.6808168193801817,0.5941418563394987,False,-1.0161668795933478,15.477496269170038,12.650745712227078,tyrese martin,2191897.0,False,False,PHI,194666722,7043402.5,201710124.5,2271203.8925748006,0.01153775072696895,21.392511175628567,48.330429016194884,tyrese martin
1630178,Tyrese Maxey,1610612755,PHI,25.0,70,2661.1183333333333,1980,290,461,130,55,171,113,115.0,113.4,0.588,0.286,0.15,113.3,111.4,1.9,40.381518797548146,2985.0,0.0020224357906767952,0.8367473433271747,0.6236675073533118,2.4249844454265035,0.270532370812464,0.3088431110881684,0.2174138030020672,1.7233883654133595,1.0,True,1.2427810137160387,89.30257296042845,89.30257296042845,tyrese maxey,37958760.0,False,False,PHI,194666722,7043402.5,201710124.5,39332178.2316015,0.19980807071903461,55.659263718035334,125.74662563611531,tyrese maxey
1642878,Tyrese Proctor,1610612739,CLE,22.0,50,545.0866666666667,272,64,74,25,0,40,-7,112.5,112.8,0.556,0.214,0.087,111.3,112.7,-1.3,27.69908149162824,419.4,-0.005334708883899164,-0.6290328331285251,0.10475695666758998,-0.6497505356730167,-0.537056246299956,-0.1822647426929375,0.042842288172326375,-0.3514736433810666,0.49776165648497545,False,-0.36935153205565924,35.59328598098527,27.548945134879308,tyrese proctor,1272870.0,False,False,CLE,211858381,66115250.25,277973631.25,1670098.1775612999,0.00848412444398485,51.87768144340863,117.20319227327747,tyrese proctor
1630623,Tyson Etienne,1610612751,BKN,26.0,24,380.01666666666665,189,27,40,11,0,16,-104,105.6,117.8,0.588,0.198,0.071,106.0,117.2,-11.2,25.17047497916758,265.7,0.0014001478550839353,-3.08586491930539,-1.9428636295836008,-0.9759166221093118,0.20222426004663271,-1.0054233256261562,-0.6460167590489465,-0.878422724979651,0.41561382133520114,False,-0.7248883467154938,23.42602652562037,17.265595770446996,tyson etienne,2456639.1,True,True,BKN,152025523,0.0,152025523.0,2456639.1,0.012479764434443815,28.405169000665197,64.1735789131512,tyson etienne
1626145,Tyus Jones,1610612743,DEN,30.0,67,978.5783333333334,199,76,159,37,3,25,-108,107.5,113.6,0.448,0.103,0.065,107.1,113.7,-6.5,19.39466607169925,527.1999999999999,-0.013691640257203807,-3.7897039820480147,-0.4759609923491727,-1.229833494520836,-1.454390748962768,-1.2412437419908078,-0.15252242721977852,-1.07602863057912,0.6669395274935602,True,-1.0574905005299482,14.514389388958609,12.339013164345555,tyus jones,7814552.0,False,False,DEN,191600929,11117787.0,202718716.0,8267997.216001139,0.04200155309761677,13.274727037111647,29.990553587154384,tyus jones
1642845,VJ Edgecombe,1610612755,PHI,20.0,75,2623.305,1199,423,315,107,39,137,57,114.8,113.9,0.54,0.196,0.092,113.7,111.9,1.8,28.23811947143012,2057.7,-0.008021995052543161,0.9692300474537489,0.20229222638583602,0.7069436627567844,-0.8320377665383933,0.3532312789265711,0.07565503357043236,-0.18680205538150887,1.0,True,0.06022258096853499,52.40108193299081,52.40108193299081,vj edgecombe,11108880.0,False,False,PHI,194666722,7043402.5,201710124.5,11510819.850634564,0.05847514198696874,50.209783494817934,113.43504075759868,vj edgecombe
1641705,Victor Wembanyama,1610612759,SAS,22.0,64,1865.6483333333333,1600,736,199,66,197,155,682,120.5,103.6,0.626,0.316,0.209,120.0,103.7,16.3,52.40859075799386,2715.9999999999995,0.014242579405083463,5.689231491574137,7.319262199461461,3.1746105833844442,1.6119289749294896,1.9346619847713926,2.4699409611850807,3.666513103808139,0.9208810833636283,False,2.796086365121447,99.74137212079816,96.19022893308792,victor wembanyama,13376695.0,False,False,SAS,188455363,560363.0,189015726.0,13416469.962203039,0.06815587388073617,87.35602241803255,197.3566359718309,victor wembanyama
1631246,Vince Williams Jr.,1610612762,UTA,25.0,40,819.395,300,155,166,29,16,70,6,108.7,108.4,0.478,0.19,0.085,108.8,107.7,1.0,28.061191488842375,638.6999999999999,-0.019556423775424506,-2.624530404248169,3.080877861764579,-0.4448741882746335,-2.098163927368636,-0.8508537611006352,1.044066745899538,-0.4173422785808893,0.6102886798288764,False,-0.5221638720283852,30.077811903332112,24.803063200214282,vince williams,2301587.0,False,False,UTA,175673708,0.0,175673708.0,2301587.0,0.01169209738026975,41.74755215889669,94.31698268850691,vince williams
1642884,Vladislav Goldin,1610612748,MIA,25.0,9,23.961666666666662,7,9,3,0,3,3,5,105.2,88.9,0.788,0.101,0.105,103.8,104.2,-0.4,28.996313556374773,19.3,0.020914216835169086,-0.394483410773737,0.6796121399570371,-0.8663972904264929,2.344269942024696,-0.10367924585753294,0.23623465612852562,0.24134407341734088,0.10436314802968845,False,0.22732770226293236,58.99155331802757,35.21579922005892,vladislav goldin,2380266.9,True,True,MIA,157325624,0.0,157325624.0,2380266.9,0.012091792483113954,58.58060514717938,132.3465840708299,vladislav goldin
1630249,Vít Krejčí,1610612757,POR,26.0,65,1392.1,550,148,100,47,18,41,-38,110.0,111.1,0.609,0.142,0.068,109.4,111.4,-2.0,22.64320091947418,875.6,0.003986146441524845,-2.4618233220991814,1.2219585957595236,-0.6897947228218415,0.4860875133404599,-0.79633895240511,0.41869046132822185,-0.9772256777793853,0.7954701297174692,True,-0.4493505306997402,32.658940568547635,29.653062573425164,vit krejci,2349578.0,False,False,POR,189204726,1309726.0,190514452.0,2365842.4108352135,0.012018515856171185,49.43218461651994,111.6782723687866,vit krejci
1631117,Walker Kessler,1610612762,UTA,24.0,5,153.98,72,54,15,7,9,16,14,118.8,114.0,0.786,0.167,0.138,118.2,112.8,5.4,33.15235744901936,141.8,0.034246932786863735,1.2841393713521239,-0.07985332078293901,-0.4346273661636258,3.807792832228344,0.4587412624012754,-0.019264168798128044,1.3281765542144217,0.26455795034530544,False,0.9268866135981437,82.30072958996698,55.06339182399204,walker kessler,4878938.0,False,False,UTA,175673708,0.0,175673708.0,4878938.0,0.02478508012440917,71.24992141716947,160.9693804150037,walker kessler
1642383,Walter Clayton Jr.,1610612763,MEM,23.0,69,1410.535,538,139,279,44,19,116,-285,111.7,121.2,0.523,0.181,0.073,110.8,121.0,-10.2,25.478843133988164,998.2999999999998,-0.010485066859746494,-1.3481495344004504,-6.009079859880528,-0.3638389822354809,-1.1024074333877918,-0.42320391314465194,-2.0139703032776723,-0.8125540897798279,0.8007198465925974,True,-0.865663219964336,19.333743768905926,17.599969628012783,walter clayton,3991320.0,False,False,MEM,160304096,0.0,160304096.0,3991320.0,0.020275967024413265,24.431853248782865,55.19697708605711,walter clayton
1628976,Wendell Carter Jr.,1610612753,ORL,27.0,78,2288.3516666666665,922,577,154,60,49,100,90,113.5,111.3,0.617,0.156,0.096,111.7,110.3,1.4,25.66650959096468,1631.5,0.00562714679491462,-0.4645354140633214,1.8390257403806358,0.1588618623192857,0.6662189725809871,-0.127150083805282,0.6262837470030247,-0.055064784981862645,1.0,True,0.19799892545207212,57.84770477733314,57.84770477733314,wendell carter,10850000.0,False,False,ORL,189903062,2008062.0,191911124.0,10964729.44390965,0.055700994316748666,56.37962005685278,127.37407042806876,wendell carter
1631111,Wendell Moore Jr.,1610612765,DET,24.0,6,59.555,10,6,4,2,2,1,42,129.0,94.4,0.635,0.066,0.063,132.6,97.7,34.8,16.20015112081269,26.799999999999997,0.003568715951694648,1.9343057618654886,1.762617366918891,-1.8873956487392938,0.44026646088957017,0.6765787156391192,0.6005784968722137,-1.141897265778943,0.16453101393188624,False,-0.5568045409083708,28.883049051297004,18.024147783847788,wendell moore,2291166.0,True,True,DET,185095988,0.0,185095988.0,2291166.0,0.011639158539895784,30.385768844716374,68.64819338858757,wendell moore
1642954,Will Richard,1610612744,GSW,23.0,69,1376.805,441,172,93,80,9,53,-97,110.3,113.6,0.596,0.123,0.063,110.3,113.8,-3.5,21.216076350681462,811.3999999999999,0.001853788819067294,-1.9704481797521767,-0.571577242199558,-0.8558041384094324,0.2520201108792087,-0.631704312480495,-0.18468957733199537,-1.141897265778943,0.7910881458759539,True,-0.6411762811760332,26.070407904845517,23.619520140918357,will richard,1272870.0,False,False,GSW,205124954,67979689.5,273104643.5,1694707.0592486032,0.008609137941674698,44.25101445222057,99.97285944223988,will richard
1642860,Will Riley,1610612764,WAS,20.0,74,1632.4716666666666,764,212,146,54,9,94,-484,107.3,121.4,0.548,0.196,0.08,107.1,121.5,-14.4,24.742849033622843,1122.0,-0.0064539950525431605,-4.4446960147024965,-6.5216682072050425,-0.323738595455757,-0.6599195049513653,-1.4606980207207045,-2.1864149069926375,-0.5820138665804471,0.8614131272261735,True,-0.9015936737377797,18.363637641696158,17.21840604061468,will riley,3512520.0,False,False,WAS,187128348,0.0,187128348.0,3512520.0,0.01784365565592137,24.995489585308402,56.470356621996295,will riley
1630214,Xavier Tillman,1610612766,CHA,27.0,30,183.87833333333333,44,43,13,9,5,8,-23,104.8,109.7,0.461,0.127,0.069,108.5,114.3,-5.8,21.712182874545668,110.89999999999999,-0.01523092536567848,-1.6041225406751618,0.12928865256064184,-1.3775805046715024,-1.6233569970223731,-0.5089673555466651,0.051095223688348124,-0.9442913601794737,0.2891038924090449,False,-0.9398669035538212,17.364291789180008,11.809398439379267,xavier tillman,2546675.0,False,False,CHA,185779105,0.0,185779105.0,2546675.0,0.012937148192051164,19.18546485859693,43.34422171752708,xavier tillman
1642905,Yang Hansen,1610612757,POR,21.0,43,299.8933333333333,95,66,22,3,10,32,-100,95.1,110.2,0.413,0.196,0.027,95.6,111.6,-16.0,18.462564467366178,153.8,-0.03291399505254317,-6.593297584003887,0.7126599406733051,-1.603999533726899,-3.564415169232464,-2.180584346296355,0.2473525735137214,-2.327532699375758,0.36920881830632307,False,-1.923906734546717,2.7183137472625414,1.946703993880084,yang hansen,1272870.0,False,True,POR,189204726,1309726.0,190514452.0,1281681.1484785005,0.006510959958700931,4.021723471251582,9.085965605175307,yang hansen
1642949,Yanic Konan Niederhäuser,1610612746,LAC,23.0,41,423.6783333333333,176,117,12,5,30,23,38,113.9,109.4,0.691,0.153,0.098,115.8,108.0,7.8,26.638133489636402,313.5,0.016840932433473947,0.9421248271278897,2.0094341564781923,-0.8198019232275434,1.8971483666616067,0.34414970803735045,0.6836124239755312,0.010803850217960459,0.4388405867807359,False,0.23702724905967554,59.368217458529834,44.37645212572381,yanic konan niederhauser,2049320.7000000002,False,True,LAC,191938984,12131952.0,204070936.0,2178852.8036241727,0.011068605773862813,76.13916333937578,172.01526267371676,yanic konan niederhauser
1642530,Yuki Kawamura,1610612741,CHI,25.0,18,209.02,62,33,47,9,0,14,-3,111.7,114.0,0.514,0.133,0.082,111.6,115.8,-4.1,26.024303894364174,151.1,-0.008901496642797149,-0.3968129579174295,-0.630624449387178,-0.9992641633935102,-0.928580039993459,-0.1044597577763031,-0.2045541963719952,-0.516145231380624,0.30823544719757806,False,-0.5902987093838283,27.749520224966496,19.111259722958927,yuki kawamura,2380266.9,True,True,CHI,177919585,0.0,177919585.0,2380266.9,0.012091792483113954,31.791104688549975,71.82315885602146,yuki kawamura
1642274,Yves Missi,1610612740,NOP,22.0,66,1297.0366666666666,377,385,84,20,101,54,-41,112.7,114.1,0.556,0.122,0.087,111.9,113.2,-1.3,25.937585933062802,934.5,-0.003041282634746252,-0.5528969139734744,-0.4468810212113733,-0.3781693071184774,-0.28530845351790424,-0.15675549618211268,-0.14273936421205527,-0.3514736433810666,0.7678294870686597,True,-0.28770491688075017,38.6786312983513,34.637614347742115,yves missi,3353040.0,False,False,NOP,190898076,3003076.0,193901152.0,3405787.6974206907,0.017301453916261866,50.82847816186606,114.83280927775884,yves missi
1642258,Zaccharie Risacher,1610612737,ATL,21.0,67,1503.253333333333,641,257,76,59,36,58,-16,112.8,112.6,0.557,0.168,0.07,111.8,112.2,-0.4,25.095171361668914,1047.8999999999999,-0.004019995759322708,-0.589845700041243,0.43587256005867764,-0.35486770309900695,-0.3927411075960343,-0.1691351417231216,0.15423596168958434,-0.9113570425795622,0.8266177893663852,True,-0.4232700816930561,33.60491100621451,30.982988814932995,zaccharie risacher,13197720.0,False,False,ATL,186963786,0.0,186963786.0,13197720.0,0.06704462070629251,28.299839750104663,63.93561676715759,zaccharie risacher
1628380,Zach Collins,1610612741,CHI,28.0,10,183.73666666666668,97,56,15,2,4,10,18,115.0,111.6,0.666,0.177,0.123,116.6,110.7,5.9,30.487110175795067,155.6,0.015057647324999287,0.7991765915314764,0.5054298506157783,-0.6374747540557014,1.7013984095285117,0.29625507669139833,0.17763637542940774,0.8341617902157484,0.2889925027862603,False,0.4171733277981968,66.17241835621883,45.000329854202775,zach collins,18080496.0,False,False,CHI,177919585,0.0,177919585.0,18080496.0,0.09184919792976658,36.81521683586755,83.1737428763755,zach collins
1641744,Zach Edey,1610612763,MEM,24.0,11,283.8516666666667,150,122,12,7,21,26,113,112.8,94.5,0.669,0.2,0.157,111.6,95.8,15.8,34.64908314788827,273.2,0.017614290762711062,-0.32809736187760646,6.395421008430836,-0.20915731474472055,1.9820393687101656,-0.08143668144161857,2.159142971112982,1.9539285886127402,0.3591983920460737,False,1.1428510966548713,87.3449790151799,62.15811766534675,zach edey,6045000.0,False,False,MEM,160304096,0.0,160304096.0,6045000.0,0.030708693029518605,74.61814221016843,168.5789384799944,zach edey
203897,Zach LaVine,1610612758,SAC,31.0,39,1224.263333333333,748,108,89,28,10,74,-310,109.3,121.9,0.614,0.234,0.096,108.3,119.9,-11.6,27.235317020575646,926.2000000000002,0.007738720192371929,-3.0431755453180735,-5.509160876554459,-0.2806684503644924,0.8980049052236952,-0.9911203031300653,-1.8457879179011376,-0.055064784981862645,0.7459781051299919,False,-0.3775220454568081,35.28928422178552,31.255371340804615,zach lavine,47499660.0,False,False,SAC,193326868,5431868.0,198758736.0,48834248.85375871,0.2480787357116951,18.05952687816185,40.80047801239114,zach lavine
1630192,Zeke Nnaji,1610612743,DEN,25.0,52,625.9883333333333,190,136,29,17,24,27,-109,107.1,113.7,0.558,0.136,0.07,107.1,114.3,-7.1,21.4738826335954,373.3999999999999,-0.0031182822813564776,-3.2723158786219693,-0.6221871610266149,-1.186259061842909,-0.29376065078663355,-1.0678934913005254,-0.20171572988058845,-0.9113570425795622,0.5334230511659123,False,-0.804477359029758,21.05606699936856,16.635143026613385,zeke nnaji,8177778.0,False,False,DEN,191600929,11117787.0,202718716.0,8652299.675921967,0.043953815508236724,17.6143158794363,39.794647589095725,zeke nnaji
1630533,Ziaire Williams,1610612751,BKN,24.0,56,1281.2666666666669,573,134,60,76,21,59,-282,103.1,113.2,0.579,0.179,0.079,101.9,111.9,-10.0,24.65247931734221,877.4,-0.0003452097673736155,-7.628930526252151,0.374647122403153,-0.5270883629381322,0.01063757648473096,-2.5275718958226316,0.13363854391976893,-0.6149481841803586,0.7631473903473296,False,-0.6737509123013604,25.023484386360973,22.35638947558037,ziaire williams,6250000.0,False,False,BKN,152025523,0.0,152025523.0,6250000.0,0.0317500961843658,26.52643856104772,59.92911002368577,ziaire williams
1629627,Zion Williamson,1610612740,NOP,25.0,62,1841.0633333333333,1302,353,199,60,34,126,-82,113.0,114.9,0.644,0.25,0.141,112.4,115.0,-2.5,36.200166932515444,1851.2999999999997,0.01576786345338882,-0.27212981133238223,-1.5879044630778714,1.180500408722514,1.7793583364223098,-0.06268482214433099,-0.5266016511508282,1.4269795070141555,0.9147934027401868,False,0.9017297337539478,81.6399772993357,78.50965819961554,zion williamson,39446090.0,False,False,NOP,190898076,3003076.0,193901152.0,40066628.502299204,0.20353908939700033,48.616578542532054,109.8356372924073,zion williamson
1642389,Zyon Pullin,1610612750,MIN,25.0,5,42.583333333333336,23,3,9,1,0,3,6,121.4,118.9,0.779,0.167,0.11,130.0,114.4,15.6,30.18082191780822,35.7,0.03307793278686374,1.0653195976871184,-0.2557865417647501,-0.7581815266908034,3.6794725211344446,0.3854259651038732,-0.0784514966624088,0.40601566141689865,0.1391260601255588,False,0.5302263651887551,70.20225034014447,43.00637081287708,zyon pullin,85300.0,False,False,MIN,196036611,8755763.75,204792374.75,89109.83248009221,0.002,134.29515387307669,303.40254812516156,zyon pullin
