PLAYER_ID,PLAYER_NAME,TEAM_ID,TEAM_ABBREVIATION,AGE,GP,MIN,PTS,REB,AST,STL,BLK,TOV,PLUS_MINUS,OFF_RATING,DEF_RATING,TS_PCT,USG_PCT,PIE,E_OFF_RATING,E_DEF_RATING,E_NET_RATING,BOX36,BOX_TOTAL,EFF,OFF_IMP,DEF_IMP,z_box,z_eff,z_off,z_dfn,z_adv,AVAIL,ELIGIBLE,CPI,PS,WPS,norm_name,salary,two_way,salary_imputed,team,payroll,tax,total_expenditure,effective_cost,cost_index,R_raw,R_VALUE,nn
203932,Aaron Gordon,1610612753,ORL,23.0,78,2632.5333333333333,1246,574,289,57,56,162,107,107.4,105.9,0.538,0.213,0.109,107.0,105.2,1.8,28.21160858995138,2063.0,-0.004335994655017231,-0.7881739971087102,2.195155980211251,0.7481519537012397,-0.4480813021188534,-0.19481948774240287,0.8936642607091342,0.40067092318162634,1.0,True,0.3448537860069795,63.489785244721034,63.489785244721034,aaron gordon,21590909.0,False,False,ORL,114394213,0.0,114394213.0,21590909.0,0.16817913162816783,42.83321934111028,96.01337704277162,aaron gordon
1628988,Aaron Holiday,1610612754,IND,22.0,50,645.83,294,67,87,21,13,40,102,107.2,100.2,0.518,0.206,0.078,107.5,100.9,6.6,26.694950683616426,478.9,-0.008313497178091786,-0.40461828398666166,4.211529000613871,-0.53207851269866,-0.9034452217905817,-0.06281527582321075,1.7017144068289478,-0.5533521196536041,0.5418109364982318,True,-0.18870717768847295,42.516116284224125,33.749927507423706,aaron holiday,1914480.0,False,False,IND,110724804,0.0,110724804.0,1914480.0,0.01491255342327156,53.165112358628534,119.17297034713158,aaron holiday
1627846,Abdel Nader,1610612760,OKC,25.0,61,693.6566666666666,241,116,20,20,12,26,-154,96.4,105.8,0.522,0.148,0.066,97.7,107.6,-9.9,19.81499012479757,381.8,-0.00538080379785235,-6.344584201894775,0.704365380197389,-1.1524691067972954,-0.567696156875123,-2.1071089546682926,0.296238313235035,-0.922651362041435,0.5615144564910906,True,-0.9216977050580115,17.834313898851168,14.315273928480355,abdel nader,1378242.0,False,False,OKC,144916427,49437851.25,194354278.25,1848425.5698895783,0.014398032395177549,22.829198152421707,51.17309517029159,abdel nader
201143,Al Horford,1610612738,BOS,33.0,68,1972.6833333333332,925,458,283,59,86,102,258,112.5,106.4,0.605,0.188,0.134,112.6,105.5,7.1,32.863257322935766,1800.8,0.008768924905430792,3.559842826392684,1.7807357924267633,0.9277099789309635,1.0522339090995456,1.3015903285156492,0.7275877015081038,1.1700443448229414,0.9469288476037903,True,1.0451525890481181,85.20237741246805,83.16757265218864,al horford,28928710.0,False,False,BOS,125334993,2402989.5,127737982.5,29483346.695743423,0.2296560855674182,50.31226127039777,112.77812374454881,al horford
202329,Al-Farouq Aminu,1610612757,POR,28.0,81,2291.6983333333333,760,610,104,68,33,72,384,116.3,108.2,0.568,0.134,0.097,114.8,107.1,7.7,22.73702399748658,1447.3999999999999,0.0012921911559985386,5.994298385531333,0.45320474210378603,-0.13942563572163505,0.19626090424733664,2.1394305080312037,0.19558710026127812,0.0313716807937953,1.0,True,0.35424687218870266,63.84230604045571,63.84230604045571,al farouq aminu,6957105.0,False,False,POR,130256600,10166300.0,140422900.0,7500094.887356955,0.05842085876442506,62.3601116374266,139.78414425009154,al farouq aminu
1626210,Alan Williams,1610612751,BKN,26.0,5,25.53333333333333,18,19,3,1,0,1,16,115.3,88.1,0.61,0.222,0.274,114.6,93.3,21.2,51.18015665796346,36.300000000000004,0.011464794303221467,0.3295134759224066,0.8197397347692538,1.0991129705702778,1.3608702075756318,0.18984289376272784,0.3424739368656563,5.478535506014304,0.10773142812596799,False,2.2023169501774627,98.61785361524598,59.02072848229494,alan williams,1618236.166740383,True,True,BKN,118850600,0.0,118850600.0,1618236.166740383,0.012605006731846844,98.60787117933535,221.03579559427916,alan williams
202692,Alec Burks,1610612758,SAC,27.0,64,1374.9466666666667,561,235,128,39,21,65,-298,103.6,114.6,0.523,0.185,0.091,103.3,113.6,-10.3,24.651137983533907,941.5,-0.006541004747315437,-3.4304045447171667,-4.332426618459408,-0.35677197751291334,-0.7005216293643254,-1.1041673326925974,-1.7222277490003441,-0.1532779404001204,0.7905540826380936,True,-0.6642138831568546,25.32767145252011,22.94052163061379,alec burks,11536515.0,False,False,SAC,101466920,0.0,101466920.0,11536515.0,0.08986194489149728,19.2729790840651,43.20160464239875,alec burks
203518,Alex Abrines,1610612760,OKC,25.0,31,588.2733333333333,165,48,20,17,6,14,29,101.3,99.8,0.507,0.12,0.041,101.3,99.4,2.0,15.690665336974876,256.4,-0.006162813890150555,-3.67463499199025,4.612074542907463,-1.5735401411457561,-0.657224492504311,-1.1882214781947829,1.8622307798923752,-1.69202478368275,0.5171044088933778,False,-0.8984747490122718,18.446625066516877,14.438117804578821,alex abrines,3667645.0,False,False,OKC,144916427,49437851.25,194354278.25,4918852.276507074,0.0383146584736287,16.346694323108068,36.64215180625333,alex abrines
1627936,Alex Caruso,1610612747,LAL,25.0,25,531.1266666666667,229,67,77,24,9,42,46,105.6,102.4,0.569,0.184,0.096,105.2,101.7,3.6,26.82072073202877,395.7,0.001958352035102471,-1.4102605265372627,3.148295087527203,-0.58291603053821,0.2725262560053662,-0.40891626495982697,1.2756293966964114,0.0005967439281426818,0.49134632604835066,False,0.025335923705182912,51.010648992626585,39.334609683285706,alex caruso,1567928.3066344643,True,True,LAL,107225482,0.0,107225482.0,1567928.3066344643,0.012213141237592538,66.44806801558701,148.947557673327,alex caruso
203458,Alex Len,1610612737,ATL,26.0,77,1544.075,854,424,86,27,69,97,-163,106.0,110.4,0.575,0.214,0.1,105.4,110.2,-4.8,31.07413823810372,1332.8000000000002,0.0035616485625648312,-1.85665393435259,-1.6527308264130416,0.44240647913598774,0.45607947486718275,-0.562546645080992,-0.648354733238928,0.12369649139075316,0.8377662399066179,True,0.03448728168331233,51.3755707968531,47.624887384560346,alex len,4350000.0,False,False,ATL,79180081,0.0,79180081.0,4350000.0,0.0338836693991221,56.290409146073955,126.17852125923778,alex len
1627816,Alex Poythress,1610612737,ATL,25.0,21,304.9,107,76,17,4,10,13,-75,101.5,111.5,0.571,0.14,0.069,102.1,109.5,-7.4,22.97671367661529,194.60000000000002,0.0017700504614910108,-2.362936273194466,-0.8363690685386895,-1.0369965509633425,0.2509685719705642,-0.7367883493784881,-0.32120235068756847,-0.8303265514444772,0.372277999740663,False,-0.6294004223885027,26.454347076225567,18.98165802821619,alex poythress,1567928.3066344643,True,True,ATL,79180081,0.0,79180081.0,1567928.3066344643,0.012213141237592538,32.06576889571831,71.87745414681166,alex poythress
1628035,Alfonzo McKinnie,1610612744,GSW,26.0,72,1003.3583333333332,337,247,31,18,15,30,11,108.8,107.9,0.569,0.131,0.065,109.9,108.0,1.9,20.842404259030094,580.9,0.0013942615032523026,0.9090991024465787,0.08815462750774053,-0.9247467210247129,0.20794641623333548,0.38931259595086753,0.049295320190996625,-0.9534262989070877,0.6753310075044456,True,-0.42023142007202463,33.71582018428288,28.789903567606302,alfonzo mckinnie,1349383.0,False,False,GSW,146291276,54593535.0,200884811.0,1852950.8821948688,0.014433281633356915,45.87325172661404,102.82780239163785,alfonzo mckinnie
1628993,Alize Johnson,1610612754,IND,23.0,14,64.43333333333334,13,19,1,1,3,0,1,110.7,112.2,0.333,0.116,0.036,113.3,114.7,-1.4,20.05794102431453,35.89999999999999,-0.02614138676047887,0.47513092444913213,-0.6401760370095404,-1.3861751953268917,-2.944469113696329,0.23995847248267616,-0.24257909685968157,-1.845899468011013,0.17113701758497135,False,-1.342377099946027,8.973687797953673,5.626606863790718,alize johnson,838464.0,False,False,IND,110724804,0.0,110724804.0,838464.0,0.006531088960704716,11.833104721140325,26.524654524088294,alize johnson
203459,Allen Crabbe,1610612751,BKN,27.0,43,1133.0883333333334,413,148,46,23,13,46,4,106.5,106.1,0.519,0.159,0.055,105.5,106.6,-1.1,18.84689778525652,593.2,-0.006257728404449485,-1.5249536343221402,1.174021677403334,-1.0750803805591735,-0.6680907697760825,-0.44838894855635086,0.4844504325915897,-1.2611756675636137,0.717662979061308,True,-0.741927188270004,22.906572597692822,19.996254537476013,allen crabbe,19332500.0,False,False,BKN,118850600,0.0,118850600.0,19332500.0,0.1505875950939145,14.022309005354995,31.431894736177973,allen crabbe
1629019,Allonzo Trier,1610612752,NYK,23.0,64,1458.5633333333333,695,197,119,28,14,116,-205,102.1,109.3,0.564,0.207,0.09,101.6,108.6,-7.0,22.872644085847032,926.6999999999999,0.0011681460394902786,-4.690094079607557,-0.5867692758168884,-0.5096078118530978,0.18205961332630036,-1.5377010244802818,-0.22117663771703178,-0.18405287726577305,0.8142378849779303,True,-0.4191405234736584,33.755671817156944,30.933935571321268,allonzo trier,3382000.0,False,False,NYK,123387454,0.0,123387454.0,3382000.0,0.02634357928915654,39.92970476073543,89.50496501017074,allonzo trier
1628518,Amile Jefferson,1610612753,ORL,26.0,12,68.25,27,21,3,3,3,1,13,124.3,115.5,0.692,0.125,0.111,130.9,120.3,10.6,30.118681318681325,57.10000000000001,0.01670540219775983,2.4215841332754,-1.2356361442845518,-0.5673491145143894,1.9608406006742012,0.9098481731920361,-0.4812063854731827,0.46222079691293155,0.17613269790906874,False,0.3552513187042403,63.879933903511144,40.19706894223641,amile jefferson,1618236.166740383,True,True,ORL,114394213,0.0,114394213.0,1618236.166740383,0.012605006731846844,67.15856442253092,150.54018041933588,amile jefferson
101161,Amir Johnson,1610612755,PHI,32.0,51,529.1716666666666,201,147,60,16,13,45,-70,104.7,109.7,0.574,0.169,0.08,107.3,110.4,-3.1,26.26671244051237,386.09999999999997,0.002643703771371292,-0.9449834523260247,-1.0426982272838003,-0.6341761652459061,0.3509886708424932,-0.24878689808013604,-0.4038876004830028,-0.4918022459222988,0.49044120519953843,True,-0.351337589246263,36.266754899075615,27.950735136112097,amir johnson,2393887.0,False,False,PHI,115127167,0.0,115127167.0,2393887.0,0.01864682199697844,40.71726908915166,91.27034038874025,amir johnson
203083,Andre Drummond,1610612765,DET,25.0,79,2646.89,1370,1232,112,136,138,175,176,111.7,108.4,0.555,0.226,0.159,109.6,107.1,2.4,36.98619889757415,2719.4000000000005,-0.0007586328264502038,1.9699935984149313,0.39707632140404653,1.9290774868170393,-0.038527443915111204,0.7544291541942565,0.173093951380104,1.939417766464256,1.0,True,1.197444050892424,88.4433238711188,88.4433238711188,andre drummond,25434262.0,False,False,DET,126557932,4237398.0,130795330.0,26285849.010210283,0.20474965924993246,55.69728634980505,124.84899890376606,andre drummond
2738,Andre Iguodala,1610612744,GSW,35.0,68,1577.88,389,252,216,61,51,52,315,113.4,104.4,0.587,0.101,0.09,114.4,104.3,10.1,23.52726443075519,1031.2,0.002892964975789945,4.481899108846595,2.8492208161653165,-0.38087315210361455,0.3795253112110922,1.6189244438642023,1.1557770646976455,-0.18405287726577305,0.84688734895391,True,0.32269987176030546,62.65387253628166,58.33697730123141,andre iguodala,16000000.0,False,False,GSW,146291276,54593535.0,200884811.0,21970940.87825169,0.17113933266812362,39.117273518740305,87.68384886809875,andre iguodala
201281,Andre Ingram,1610612747,LAL,33.0,4,14.626666666666669,0,2,0,1,0,1,5,97.1,87.5,0.0,0.184,-0.093,99.2,87.0,12.2,5.414767547857793,2.2,-0.10273764796489752,-0.27676882721685875,0.5937926936864755,-2.580038466503877,-11.713583283178364,-0.01881471421555596,0.25192693107115177,-5.815866323680197,0.08153824163228472,False,-4.111840173678444,0.0019625899897140874,0.0011514362559056329,andre ingram,76236.0,False,False,LAL,107225482,0.0,107225482.0,76236.0,0.002,0.0036641774512942127,0.008213486088473262,andre ingram
101106,Andrew Bogut,1610612744,GSW,34.0,11,134.36333333333334,39,55,11,3,8,8,10,114.3,110.5,0.523,0.148,0.092,115.0,111.6,3.4,27.94512391773549,104.3,-0.00523280379785235,1.4026206153315353,-0.6498095702299365,-0.7063621725566543,-0.5507523938679479,0.5591625451101861,-0.24643968111052458,-0.1225030035344678,0.24713203439506265,False,-0.24904587367974684,40.1662648492788,26.558312502917264,andrew bogut,486892.0,False,False,GSW,146291276,54593535.0,200884811.0,668592.2091308576,0.005207898247590503,60.459660098868454,135.52416162609182,andrew bogut
1626150,Andrew Harrison,1610612740,NOP,24.0,17,185.785,54,20,24,4,2,12,-22,103.2,108.7,0.443,0.171,0.025,105.9,109.0,-3.1,18.91218343784482,97.6,-0.019726009793464543,-0.888003662657031,-0.2134530469643781,-1.4325121237151381,-2.210005418218087,-0.22917678154881627,-0.07157225885416885,-2.184423773533191,0.2905989113412631,False,-1.3900683317819027,8.225406430122884,5.599605905837498,andrew harrison,200000.0,False,False,NOP,116052756,0.0,116052756.0,200000.0,0.002,17.819440365081952,39.94340544049914,andrew harrison
203952,Andrew Wiggins,1610612750,MIN,24.0,73,2542.713333333333,1321,352,184,70,48,138,-66,110.7,111.9,0.493,0.24,0.078,109.0,110.7,-1.7,26.642720243729144,1881.8,-0.015685627780301113,1.3221409882238044,-2.5804876377438464,0.4902927630908319,-1.7474427473431293,0.5314647442732945,-1.0201480568819004,-0.5533521196536041,1.0,True,-0.37885135411613347,35.239912491359526,35.239912491359526,andrew wiggins,25467250.0,False,False,MIN,121962221,0.0,121962221.0,25467250.0,0.19837330563328562,22.43947990515898,50.299517008517235,andrew wiggins
1629014,Anfernee Simons,1610612757,POR,20.0,20,140.50833333333333,75,13,13,1,0,11,-52,104.5,122.1,0.535,0.24,0.06,107.9,122.8,-14.9,22.828539232548483,89.1,-0.005605627780301105,-0.3417505978877917,-3.1650522990348966,-1.1260250799182634,-0.5934351046922918,-0.04117878580429196,-1.2544090568026365,-1.1073009832353509,0.2527200511285645,False,-0.8970500070450542,18.484611675952777,12.26868082530133,anfernee simons,1837800.0,False,False,POR,130256600,10166300.0,140422900.0,1981237.0783515,0.015432547623941334,19.095973147902406,42.804834613224536,anfernee simons
1629116,Angel Delgado,1610612746,LAC,24.0,2,14.766666666666667,3,4,0,1,0,0,3,75.8,68.8,0.255,0.15,0.0,75.1,68.1,7.1,19.50338600451467,8.0,-0.04550351736268819,-0.9385493515024299,1.1391862587457404,-1.4508696128890026,-5.161140412600417,-0.2465725433473805,0.47049033450874944,-2.953797195174506,0.08192753634841715,False,-1.9894399549904596,2.3326331608532764,1.3689463381023006,angel delgado,1509235.8031775593,True,True,LAC,118026816,0.0,118026816.0,1509235.8031775593,0.011755964827629181,2.343651987928954,5.253444532900036,angel delgado
1627790,Ante Zizic,1610612739,CLE,22.0,59,1081.9683333333332,459,320,53,13,22,61,-80,106.3,110.2,0.59,0.178,0.103,105.9,110.5,-4.6,24.76819253798248,744.4000000000001,0.005632492729610002,-1.393778720790504,-1.564792521518373,-0.4916492535274425,0.6931598315645074,-0.40324390054398573,-0.6131139521926328,0.2160213019877106,0.7012872363581044,True,-0.10658562596136413,45.75588612197803,39.60534588360707,ante zizic,1952760.0,False,False,CLE,123255073,0.0,123255073.0,1952760.0,0.015210729713983835,61.9581425198569,138.88310498574356,ante zizic
203076,Anthony Davis,1610612740,NOP,26.0,56,1849.8833333333332,1452,672,218,88,135,112,133,113.5,110.1,0.597,0.288,0.197,111.4,108.5,2.9,49.32116439775481,2534.3999999999996,0.011129246663638657,3.2607798125077405,-0.824943756325874,2.7786097771301352,1.3224550745843606,1.1986650529651361,-0.316623721084011,3.108865367359055,0.9169820394130196,True,1.957986515460073,97.48842024998008,93.84643982648016,anthony davis,25434263.0,False,False,NOP,116052756,0.0,116052756.0,25434263.0,0.19811635836835023,59.78507523752736,134.0120368865646,anthony davis
201229,Anthony Tolliver,1610612750,MIN,34.0,65,1079.3416666666667,326,177,46,17,21,36,-66,104.5,108.6,0.571,0.121,0.064,104.0,109.0,-5.0,18.12104600798326,543.3,0.0015298293274315163,-2.6638545517380585,-0.5111347823176644,-1.1695502432568152,0.22346688301908524,-0.840352131254909,-0.19086653988030183,-0.9842012357727403,0.7004354706072848,True,-0.7088106997634447,23.922097850577924,20.697302457465238,anthony tolliver,5750000.0,False,False,MIN,121962221,0.0,121962221.0,5750000.0,0.04478875840113841,22.187158409529463,49.733922377328234,anthony tolliver
1628469,Antonio Blakeney,1610612741,CHI,22.0,57,829.0366666666666,418,106,42,12,9,35,-148,102.9,110.8,0.487,0.24,0.073,102.6,111.4,-8.8,23.726815460514413,546.4,-0.017125627780301116,-3.354650645345517,-1.9137278735805427,-0.719681628248662,-1.9123009820075352,-1.0780959343422398,-0.7529478318206716,-0.7072268039818672,0.6138687550974137,True,-0.9535901604822927,17.014556916117325,14.058123496548493,antonio blakeney,1349383.0,False,False,CHI,112598201,0.0,112598201.0,1349383.0,0.010510815509148409,25.02947300362605,56.1051507602307,antonio blakeney
203382,Aron Baynes,1610612738,BOS,32.0,51,820.795,284,240,57,12,34,40,130,110.0,102.2,0.567,0.147,0.083,110.1,102.8,7.3,25.008924274636176,570.1999999999999,0.0012705529845655607,1.219344578977303,3.4378591860510688,-0.5998947784085815,0.19378366067524877,0.49608641844872436,1.391670580423687,-0.39947743532534097,0.6108098201270477,True,0.04241417373240142,51.69157352436253,42.63853976532437,aron baynes,5193600.0,False,False,BOS,125334993,2402989.5,127737982.5,5293174.476117775,0.04123038483233242,47.051484826508776,105.46888659228048,aron baynes
203085,Austin Rivers,1610612745,HOU,26.0,76,2027.7266666666667,618,162,167,47,23,68,104,111.6,109.1,0.503,0.142,0.042,111.2,108.3,2.9,18.09829727215042,1019.3999999999999,-0.007860663103344824,2.6168582505630544,-0.4234906142671069,-0.8229907849495297,-0.8516025647359475,0.9770535493053374,-0.1557436325198069,-1.6612498468170973,0.9600489255209546,True,-0.7086665474750742,23.926571441632216,23.496419934670435,austin rivers,13155324.0,False,False,HOU,126474100,4111650.0,130585750.0,13583001.191809231,0.10580274065083806,18.643389386991043,41.79033941654638,austin rivers
202340,Avery Bradley,1610612763,MEM,28.0,63,1905.4483333333333,625,175,152,41,16,89,-82,108.7,110.2,0.496,0.16,0.047,107.2,109.6,-2.5,18.097788009646024,957.9,-0.009977085186867409,-0.23595649812347178,-1.38459130501519,-0.8680327405196309,-1.0939009039680971,-0.004768777330123677,-0.5408993282847557,-1.5073751624888345,0.9306518569195888,True,-0.9151560853140046,18.00548475131884,17.44359363157386,avery bradley,12000000.0,False,False,MEM,125188633,2183449.5,127372082.5,12209295.311979324,0.09510246573502501,14.366994808954368,32.20452982014689,avery bradley
1629168,BJ Johnson,1610612758,SAC,23.0,7,49.35,23,8,0,2,0,2,-16,102.8,115.3,0.609,0.178,0.074,104.3,121.4,-17.2,22.030395136778115,30.2,0.009014492729610005,-0.3950760371211838,-0.9763022378199621,-1.2328527757808736,1.080347713255493,-0.05953122416051272,-0.37727978117320504,-0.6764518671162145,0.14977255483505042,False,-0.41461824789181645,33.92106938075398,20.942788510166324,bj johnson,142111.0,False,False,SAC,101466920,0.0,101466920.0,142111.0,0.002,66.64554206330646,149.3902082723599,bj johnson
1628389,Bam Adebayo,1610612748,MIA,21.0,82,1912.6,729,597,184,71,65,121,21,105.0,104.5,0.623,0.157,0.133,104.8,104.2,0.6,28.634738052912272,1521.3000000000002,0.010148985160386354,-2.5509837734727703,2.990337662001634,0.38556005802167065,1.2102299489346033,-0.80150661905451,1.212328846904707,1.1392694079572887,0.9323967161909336,True,0.6813286634103243,75.21682248677112,72.92861559776591,bam adebayo,2955840.0,False,False,MIA,153171497,82613612.25,235785109.25,4550083.213755624,0.03544218743756106,84.85215648514898,190.20148891030547,bam adebayo
203463,Ben McLemore,1610612758,SAC,26.0,19,157.6233333333333,75,17,4,6,3,5,-17,105.5,109.0,0.541,0.185,0.05,107.9,111.8,-3.9,23.912703279971247,104.7,-0.0032110047473154347,-0.2775262915278977,-0.6202880295461248,-1.0280435705447686,-0.31928696170288795,-0.019075402496331995,-0.2346090897358826,-1.4150503518918767,0.2676695158156223,False,-0.7674717162940206,22.14005516237279,14.843828369754608,ben mclemore,5460000.0,False,False,SAC,101466920,0.0,101466920.0,5460000.0,0.04252984710786361,16.203177247731894,36.320449181931956,ben mclemore
1627732,Ben Simmons,1610612755,PHI,22.0,79,2700.2633333333333,1337,697,610,112,61,274,116,111.3,108.9,0.582,0.215,0.145,110.4,107.6,2.8,35.51253643163198,2663.7000000000003,0.005083291780146911,2.24620408086075,-0.023554137629927408,1.7706536421155747,0.6302846239224933,0.8494895217280811,0.004528660907719472,1.5085686503451194,1.0,True,1.1178794266161736,86.81907535537195,86.81907535537195,ben simmons,6434520.0,False,False,PHI,115127167,0.0,115127167.0,6434520.0,0.05012072377518142,89.47592265487725,200.56595395497806,ben simmons
1628656,Billy Garrett,1610612752,NYK,24.0,4,63.43333333333333,26,3,7,1,1,2,-16,97.8,106.4,0.452,0.215,0.063,100.8,110.2,-9.4,22.3037309511298,39.300000000000004,-0.022866708219853076,-0.9567208112955494,-0.06618963302341434,-1.2043691794629892,-2.569567916959538,-0.25282641767997,-0.012557274052726797,-1.014976172638393,0.16980380835933373,False,-1.0308278879611006,15.131076893686268,9.47828380803408,billy garrett,67370.0,False,False,NYK,123387454,0.0,123387454.0,67370.0,0.002,30.1624285567154,67.61099609344727,billy garrett
202687,Bismack Biyombo,1610612766,CHA,26.0,54,782.4416666666667,236,247,33,11,41,34,-133,104.1,111.8,0.602,0.128,0.085,104.9,111.0,-6.1,23.635244373914986,513.6999999999999,0.005586331850506071,-2.1463200249512013,-1.96941172407855,-0.7509207623950016,0.6878751086203192,-0.6622378834096877,-0.7752628216941446,-0.3379275615940357,0.5963684289349186,True,-0.40155229854948815,34.40067708568258,28.152337383674105,bismack biyombo,17000000.0,False,False,CHA,121427859,0.0,121427859.0,17000000.0,0.13241893788162662,20.65042620879908,46.28923971111355,bismack biyombo
201933,Blake Griffin,1610612765,DET,30.0,75,2622.333333333333,1841,565,402,52,28,253,37,109.8,109.3,0.581,0.296,0.153,107.6,108.2,-0.5,35.90619041566036,2615.5000000000005,0.006702392404295282,0.3209346590589081,-0.46017422262465935,1.7668161719157234,0.8156471729788385,0.18689041535992318,-0.170444382229106,1.7547681452703403,1.0,True,1.0929484674764813,86.27917868345307,86.27917868345307,blake griffin,31873932.0,False,False,DET,126557932,4237398.0,130795330.0,32941131.29422469,0.2565899775647321,50.207570562648726,112.54345288509427,blake griffin
1626246,Boban Marjanovic,1610612755,PHI,30.0,58,680.6583333333333,422,265,54,16,27,59,3,105.3,105.3,0.664,0.222,0.164,105.7,105.6,0.1,36.478213494288624,689.7,0.023452794303221478,-1.4746327235388568,1.5058861409077162,0.40332769544824243,2.7333150111568068,-0.4310705461867592,0.6174432496513736,2.0932924507925192,0.5562285065646595,True,1.1667728162930295,87.83489361829236,70.29451375576662,boban marjanovic,9490740.0,False,False,PHI,115127167,0.0,115127167.0,9490740.0,0.07392668885356876,63.232170278068864,141.73891898697505,boban marjanovic
1626171,Bobby Portis,1610612764,WAS,24.0,50,1298.1766666666667,710,403,72,35,20,74,-110,109.9,114.3,0.529,0.241,0.106,109.5,114.0,-4.5,30.67902930520499,1106.3,-0.007074984562719028,1.1277630075995275,-4.351796746173654,0.24512200239634738,-0.7616542472211733,0.46456778180102126,-1.729990218727662,0.3083461125846685,0.7681668458286279,True,-0.15027716824768472,44.027297275908914,39.43415303720734,bobby portis,2494346.0,False,False,WAS,123747588,21882.0,123769470.0,2494787.069438638,0.019432767880934138,56.621644864762025,126.92100712505987,bobby portis
203992,Bogdan Bogdanović,1610612758,SAC,26.0,70,1947.17,990,243,267,72,15,117,-39,108.2,109.3,0.53,0.22,0.099,108.0,108.6,-0.7,28.814125114910357,1558.5,-0.006238492131942682,-0.014221044469452831,-0.6269305355112488,0.4271037552281066,-0.6658885073267804,0.07154351007107983,-0.23727103663827093,0.09292155452510055,0.9407854552060596,True,0.009910000080461095,50.39534533205807,49.05248348695101,bogdan bogdanovic,9000000.0,False,False,SAC,101466920,0.0,101466920.0,9000000.0,0.07010414358439056,44.951874384181814,100.76247665758295,bogdan bogdanovic
202711,Bojan Bogdanovic,1610612754,IND,30.0,81,2573.0583333333334,1454,333,161,69,1,134,177,108.7,105.8,0.613,0.219,0.111,107.7,105.1,2.5,26.28514057525578,1878.7000000000003,0.011966864650475232,0.001781123908604636,2.270816442762653,0.45947297212991206,1.4183496736350767,0.07705080289315686,0.9239847654974523,0.46222079691293155,1.0,True,0.6164422684102104,73.1198668223843,73.1198668223843,bojan bogdanovic,10500000.0,False,False,IND,110724804,0.0,110724804.0,10500000.0,0.08178816751512231,63.48787931426935,142.31210700514478,bojan bogdanovic
1629045,Bonzie Colson,1610612749,MIL,23.0,8,98.47666666666667,39,30,3,5,1,3,-22,108.4,117.5,0.454,0.174,0.081,107.4,117.7,-10.3,26.686524726669596,73.0,-0.0181580801407183,-0.04901363528627752,-1.5677760216958334,-0.8297598272292678,-2.0305011719474484,0.05956932125241286,-0.6143095731069932,-0.4610273090566462,0.21157060573747294,False,-0.7335343630946152,23.161628861074508,14.944039805192812,bonzie colson,1349927.579508817,True,True,MIL,130988604,11447307.0,142435911.0,1467899.9447262092,0.011433985388067237,25.83425489606811,57.90912040026363,bonzie colson
202954,Brad Wanamaker,1610612738,BOS,29.0,36,342.6083333333333,140,41,56,12,2,19,72,106.6,97.8,0.597,0.162,0.104,109.2,97.1,12.1,26.363631941235127,250.89999999999995,0.006260201248296745,0.025261212499096908,4.355581639997612,-0.7253671677552038,0.7650229692551361,0.08513169045171211,1.7594426917867252,0.24679623885336321,0.39462774941210177,False,0.28413668244124407,61.18471817962746,44.51692943393315,brad wanamaker,838464.0,False,False,BOS,125334993,2402989.5,127737982.5,854539.4801185332,0.00665630649030668,93.0016467248001,208.46908801031108,brad wanamaker
203078,Bradley Beal,1610612764,WAS,26.0,82,3027.651666666666,2099,411,448,121,58,224,-112,111.7,113.5,0.581,0.278,0.128,110.1,112.1,-2.0,36.65216881510478,3082.4999999999995,0.006294814487817867,2.2676391208749607,-3.9204713375487517,2.1680969620027453,0.7689856620075447,0.856866587087115,-1.557138987364257,0.9853947236290257,1.0,True,0.8479496468489545,80.17669931318447,80.17669931318447,bradley beal,25434262.0,False,False,WAS,123747588,21882.0,123769470.0,25438759.481769778,0.19815138303541838,51.07357775926464,114.48466292649391,bradley beal
1629164,Brandon Goodwin,1610612743,DEN,23.0,16,57.053333333333335,23,3,14,0,0,3,12,107.2,99.2,0.413,0.22,0.046,110.2,102.7,7.5,25.555036223416685,40.5,-0.03197849213194269,0.09239575947525026,0.6956444431923491,-0.9438862308181418,-3.612729451953025,0.10823665972463538,0.2927434467842743,-1.538150099354487,0.16103829772241549,False,-1.1791789893274989,11.916345529254945,7.4175346406867195,brandon goodwin,56845.0,False,False,DEN,118327016,0.0,118327016.0,56845.0,0.002,23.60457475192226,52.91115098171962,brandon goodwin
1627742,Brandon Ingram,1610612747,LAL,21.0,52,1760.493333333333,950,267,154,28,31,129,-59,107.3,108.8,0.555,0.227,0.092,105.7,107.5,-1.8,26.49143800601347,1295.5,-0.0007619896088681251,-1.3690477381262864,0.056140012486706366,0.0492011030085371,-0.0389117447648133,-0.39473250633216644,0.036465643298895206,-0.1225030035344678,0.8945525375427886,True,-0.08402741647791874,46.65173168250797,44.43804365618815,brandon ingram,5757120.0,False,False,LAL,107225482,0.0,107225482.0,5757120.0,0.044844218568062956,47.61620356022704,106.73473944055259,brandon ingram
202688,Brandon Knight,1610612739,CLE,27.0,39,736.545,266,59,71,21,2,30,-190,102.9,114.9,0.484,0.178,0.051,102.8,115.5,-12.7,20.279005356088224,414.9,-0.013235507270389994,-3.1318390323769214,-4.269551361201171,-1.0911989739604846,-1.466940982079935,-1.001413276855648,-1.6970308433183316,-1.3842754150262242,0.5786131538585878,False,-1.3128901333360756,9.460998603866372,7.666965440502173,brandon knight,14631250.0,False,False,CLE,123255073,0.0,123255073.0,14631250.0,0.11396791675767938,5.927160510459437,13.286106102642933,brandon knight
1629102,Brandon Sampson,1610612741,CHI,22.0,14,214.305,71,16,10,8,3,12,-28,107.9,113.9,0.567,0.154,0.043,108.3,115.9,-7.6,17.30244278014979,103.00000000000001,0.0013310555076401112,0.0126389664414535,-2.102507122906389,-1.5570927145285345,0.2007102850827577,0.08078762885521815,-0.8286000541320372,-1.6304749099514448,0.31210793587533725,False,-0.9604809726466763,16.84066013651946,11.627609728379927,brandon sampson,838464.335098644,True,True,CHI,112598201,0.0,112598201.0,838464.335098644,0.0065310915709051,24.45358413286371,54.81425934151887,brandon sampson
201572,Brook Lopez,1610612749,MIL,31.0,81,2321.595,1009,396,98,51,179,82,584,114.9,103.4,0.597,0.165,0.088,113.9,102.8,11.1,27.5831055804307,1778.8000000000002,0.006376130901042981,5.103080908588518,4.156831120972255,0.49001108556027845,0.7782951622391653,1.8327098500729366,1.67979453923023,-0.2456027509970783,1.0,True,0.6924418788222961,75.56700630960039,75.56700630960039,brook lopez,3382000.0,False,False,MIL,130988604,11447307.0,142435911.0,3677558.47678169,0.02864578749958847,94.7235673323941,212.3288822325951,brook lopez
1628971,Bruce Brown,1610612765,DET,22.0,74,1449.3166666666666,319,185,91,40,36,46,-4,106.5,105.8,0.469,0.113,0.037,106.7,104.7,2.0,16.679584631837994,671.5,-0.01009731641322511,-1.0987981928856851,2.1948743426723456,-1.1908381068711467,-1.107665562113144,-0.30172364993780465,0.8935513960495882,-1.8151245311453603,0.8116528217349478,True,-0.9196225584615988,17.888501704028197,16.372339735323717,bruce brown,838464.0,False,False,DET,126557932,4237398.0,130795330.0,866537.354396088,0.006749762123757921,34.0374393385671,76.29707846049563,bruce brown
203998,Bruno Caboclo,1610612763,MEM,23.0,34,799.7016666666667,282,158,50,14,33,38,0,108.4,107.5,0.571,0.15,0.078,108.0,107.8,0.3,22.787497837735327,506.2000000000001,0.001896482637311797,0.03822665924390185,0.25355402571369323,-0.824098195721154,0.2654431451029215,0.08959386770830176,0.11557819867434517,-0.5533521196536041,0.6029102400654326,False,-0.30143790310353447,38.154029754108834,31.336271222090893,bruno caboclo,705361.0,False,False,MEM,125188633,2183449.5,127372082.5,717663.3958794206,0.005590130861110247,69.58998172946545,155.9903564796482,bruno caboclo
1627854,Bryn Forbes,1610612759,SAS,25.0,82,2292.6,967,239,175,45,4,80,-8,109.9,110.2,0.586,0.171,0.077,110.3,108.9,1.5,21.58021460350694,1374.3,0.004726990206535451,1.6764953438062558,-1.0901594502256184,-0.2852819906792754,0.589493479176844,0.6534190415200946,-0.4229074186144235,-0.5841270565192567,1.0,True,-0.12355784931321853,45.083268402107244,45.083268402107244,bryn forbes,3125000.0,False,False,SAS,121588790,0.0,121588790.0,3125000.0,0.024341716522357833,59.825945293715854,134.10364970892417,bryn forbes
1627741,Buddy Hield,1610612758,SAC,26.0,82,2614.858333333333,1695,412,205,58,33,146,0,109.4,110.0,0.587,0.243,0.11,108.8,108.7,0.0,31.108989333392824,2259.6,0.006960301872445115,0.7908960812212467,-0.9468615144325535,1.123355036145882,0.8451739088277392,0.34863194349412135,-0.36548157687551097,0.4314458600472789,1.0,True,0.5345211583676066,70.35094926026181,70.35094926026181,buddy hield,3833760.0,False,False,SAC,101466920,0.0,101466920.0,3833760.0,0.02986249572312146,86.91063493837662,194.81569888341565,buddy hield
203710,C.J. Williams,1610612750,MIN,29.0,15,128.16666666666666,39,8,12,6,0,5,-49,95.5,113.0,0.55,0.138,0.049,96.9,112.1,-15.2,18.98777633289987,67.6,-0.001153235973673134,-2.3989928779264393,-0.8911984845839019,-1.4484281567430062,-0.08370353991802139,-0.7491975601640186,-0.34317493076015415,-1.4458252887575291,0.24136606173523184,False,-0.9722660304393395,16.54591093271151,10.897380624834055,cj williams,1995545.1175347727,True,True,MIN,121962221,0.0,121962221.0,1995545.1175347727,0.015543997938754139,16.918905349934295,37.92479910458442,cj williams
203468,CJ McCollum,1610612757,POR,27.0,70,2375.2566666666667,1468,282,207,55,28,106,349,115.4,108.9,0.553,0.248,0.103,113.7,107.8,5.9,30.066982234902337,1983.8000000000002,-0.001328482039644472,5.189680895920385,-0.1221934355833094,0.8383438918101369,-0.1037665656596302,1.8625140289415163,-0.03500048291531727,0.2160213019877106,1.0,True,0.5329544106038329,70.29674304627017,70.29674304627017,cj mccollum,25759766.0,False,False,POR,130256600,10166300.0,140422900.0,27770270.719805367,0.2163123384354036,43.42640194442555,97.34303345952989,cj mccollum
101139,CJ Miles,1610612763,MEM,32.0,53,856.595,339,95,36,26,15,30,-16,103.8,105.5,0.504,0.173,0.056,103.0,105.5,-2.5,21.059660633087983,501.1,-0.009403723358300385,-3.016892972350276,1.6367202779996284,-0.9657915128880781,-1.0282596408559344,-0.9618535374281577,0.6698742941678637,-1.230400730697961,0.6239882720343096,True,-0.8086039300488421,20.937150174320717,17.394473867245146,cj miles,8333333.0,False,False,MEM,125188633,2183449.5,127372082.5,8478676.960838549,0.06604337634092108,16.27676710852197,36.485405520942905,cj miles
1628403,Caleb Swanigan,1610612758,SAC,22.0,21,178.03333333333333,43,64,11,6,1,18,-61,90.9,107.6,0.377,0.17,0.053,89.9,109.1,-19.2,18.845909005804153,93.19999999999999,-0.030830653011046625,-4.673243126796588,-0.10710767238651882,-1.4410235002254688,-3.481319221987978,-1.531901614721023,-0.028954948169439006,-1.322725541294919,0.28447186578683387,False,-1.513399905176609,6.508905454065782,4.413118215172866,caleb swanigan,1740000.0,False,False,SAC,101466920,0.0,101466920.0,1740000.0,0.013553467759648842,7.188280368197653,16.112986226522203,caleb swanigan
1629244,Cam Reynolds,1610612750,MIN,24.0,19,259.4483333333333,95,31,13,6,2,5,-26,107.5,112.4,0.58,0.141,0.063,105.8,113.2,-7.4,20.133488363129462,145.1,0.00305169367907309,-0.5527096106609009,-1.6356829890036297,-1.3002382811405016,0.3976973485818071,-0.11378226236756224,-0.6415229082887254,-1.014976172638393,0.3434109209184539,False,-0.6831935953878153,24.724225956737868,17.41908041836551,cam reynolds,108953.0,False,False,MIN,121962221,0.0,121962221.0,108953.0,0.002,55.43216253951833,124.25470707252742,cam reynolds
1626166,Cameron Payne,1610612739,CLE,24.0,40,712.225,250,72,106,28,9,45,-224,99.5,114.8,0.519,0.169,0.074,98.8,114.6,-15.8,23.524026817368103,465.4,-0.006651296228628698,-5.2983187367247195,-3.870633076200874,-0.795143557633188,-0.7131483369392048,-1.7470271113714029,-1.537166584462105,-0.6764518671162145,0.5689803479590806,True,-1.0013227544590684,15.83353977621647,12.762484714002074,cameron payne,3440356.0,False,False,CLE,123255073,0.0,123255073.0,3440356.0,0.02679813455615773,16.375543907257512,36.70681997836547,cameron payne
1627747,Caris LeVert,1610612751,BKN,24.0,40,1062.8866666666668,547,151,156,42,14,69,-12,108.5,108.7,0.509,0.235,0.103,107.4,107.6,-0.2,30.310287079839174,894.9,-0.011598843868211504,-0.175373896468222,0.03542152258632274,0.06099190905454152,-1.2795677603973066,0.016081279946877112,0.028162825009824866,0.2160213019877106,0.6950757534472793,True,-0.10524418045614216,45.80910272119682,39.52336496156411,caris levert,1702800.0,False,False,BKN,118850600,0.0,118850600.0,1702800.0,0.013263703966166693,64.86617982328256,145.40165498883132,caris levert
2546,Carmelo Anthony,1610612745,HOU,35.0,10,294.14166666666665,134,54,5,4,7,8,-63,102.3,112.2,0.513,0.199,0.074,99.8,111.4,-11.6,23.30305691701845,190.40000000000003,-0.009025999701166338,-2.7030548182487557,-1.343741529805251,-1.0140124917945026,-0.9850159913378077,-0.8538432620365285,-0.5245290106434487,-0.6764518671162145,0.3656511419040799,False,-0.8109469226861579,20.86980761152472,14.912375229351209,carmelo anthony,2393887.0,False,False,HOU,126474100,4111650.0,130585750.0,2471711.831199036,0.01925302679040157,21.481730497983552,48.15266098512777,carmelo anthony
1626224,Cedi Osman,1610612739,CLE,24.0,76,2443.911666666667,991,357,195,60,11,114,-641,106.0,118.8,0.536,0.182,0.075,104.8,117.9,-13.1,22.217987966013503,1508.3000000000002,-0.004068934400061672,-2.3392794714295753,-8.440975935675368,-0.1363065150808746,-0.41750693949315937,-0.7286466443623273,-3.368705777879104,-0.6456769302505619,1.0,True,-0.905008612105576,18.27304123679001,18.27304123679001,cedi osman,2775000.0,False,False,CLE,123255073,0.0,123255073.0,2775000.0,0.021615444271853756,25.277869779205812,56.66194788257676,cedi osman
1628990,Chandler Hutchison,1610612741,CHI,23.0,44,894.615,229,185,34,23,6,25,-115,101.9,107.6,0.507,0.121,0.073,101.7,107.0,-5.3,17.452423668281888,433.70000000000005,-0.006214170672568477,-4.052777106499972,0.5465935005837423,-1.303134725777935,-0.6631040678428267,-1.318362550564703,0.2330121199238645,-0.7072268039818672,0.6376858018006845,True,-0.8002198974115937,21.17917017641678,17.726088848968892,chandler hutchison,1991520.0,False,False,CHI,112598201,0.0,112598201.0,1991520.0,0.015512644892353943,27.540382646722577,61.733513932353375,chandler hutchison
202718,Chandler Parsons,1610612763,MEM,30.0,25,495.77,187,70,43,19,5,32,-46,101.6,107.0,0.484,0.192,0.069,101.6,106.1,-4.6,22.01666095165097,303.2,-0.014276502224240893,-3.2351350021627523,0.8125756832879742,-1.0341875640004594,-1.586119169848278,-1.036963531015644,0.3396029835312867,-0.8303265514444772,0.47471043805671687,False,-0.8501668140333534,19.761617463025733,15.090360341826148,chandler parsons,24107258.0,False,False,MEM,125188633,2183449.5,127372082.5,24527719.340339668,0.19105497315920061,9.736240320584086,21.8244000161358,chandler parsons
101112,Channing Frye,1610612739,CLE,36.0,36,340.995,129,52,20,6,5,13,-146,99.3,121.9,0.524,0.174,0.053,99.9,124.0,-24.2,20.94576166805965,198.4,-0.005978080140718303,-3.4212717361886678,-6.1095296362916995,-1.1963800981243393,-0.6360752704110209,-1.1010241929838955,-2.4343917874492487,-1.322725541294919,0.39369750732348724,False,-1.3216363745461854,9.314463240417437,6.773141214143459,channing frye,2393887.0,False,False,CLE,123255073,0.0,123255073.0,2393887.0,0.01864682199697844,9.866782109741093,22.117017713683932,channing frye
1626184,Chasson Randle,1610612764,WAS,26.0,49,742.91,271,56,97,25,3,43,-110,104.8,110.6,0.555,0.16,0.053,106.1,111.8,-5.8,21.651074827368056,446.8,-0.000537085186867401,-1.50497852334029,-1.9293840830504656,-0.9583020940209468,-0.01316358783477316,-0.44151433114628896,-0.7592219697018299,-1.322725541294919,0.5811078760749708,True,-0.8184781691961462,20.65421012969076,16.760861452541754,chasson randle,975824.0,False,False,WAS,123747588,21882.0,123769470.0,975996.5527027484,0.00760237805206041,33.42420762446519,74.9224806906721,chasson randle
1627767,Cheick Diallo,1610612740,NOP,22.0,64,895.645,387,332,33,29,33,49,-88,105.3,110.0,0.644,0.155,0.121,106.7,111.1,-4.4,29.21336020409872,726.8,0.0132746987252222,-1.256450568253562,-1.6479411012404181,-0.14959723725377946,1.568076907521702,-0.3559811589662341,-0.6464352778175103,0.7699701655694573,0.6380527906344142,True,0.27844081096808593,60.96630024955706,51.036338241254846,cheick diallo,1544951.0,False,False,NOP,116052756,0.0,116052756.0,1544951.0,0.012034162970538642,86.66246586433824,194.25941216851226,cheick diallo
1629002,Chimezie Metu,1610612759,SAS,22.0,29,145.44,51,36,13,6,2,15,-1,99.4,100.6,0.389,0.223,0.052,102.9,106.5,-3.6,22.425742574257427,90.60000000000001,-0.03776656247919645,-1.4867293862463005,0.8905415788448949,-1.1570893323384632,-4.275376021093057,-0.43523372345910577,0.3708473776288393,-1.3535004781605715,0.2571168818049311,False,-1.3462868315712857,8.910501549896738,5.931744020665561,chimezie metu,838464.0,False,False,SAS,121588790,0.0,121588790.0,838464.0,0.006531088960704716,12.474827169326167,27.9631160808488,chimezie metu
1628449,Chris Boucher,1610612761,TOR,26.0,28,163.16166666666666,93,56,2,6,24,7,-13,105.5,109.7,0.563,0.214,0.114,105.9,109.6,-3.8,41.12730727192865,186.39999999999998,0.0009936485625648291,-0.5801216650391982,-0.3808430133284468,0.40626201440350407,0.16208228971565983,-0.12321637196754558,-0.13865284633022446,0.5545456075098895,0.2723314046146605,False,0.2529611465665263,59.985088127454055,40.342918957657425,chris boucher,457418.0,False,False,TOR,137793831,26402077.5,164195908.5,545061.8763495515,0.004245677337998477,98.64679254121742,221.12304029479168,chris boucher
1629185,Chris Chiozza,1610612745,HOU,23.0,7,32.53333333333333,6,4,4,1,1,1,-12,83.8,108.8,0.375,0.108,0.051,91.8,108.1,-16.2,19.032786885245905,17.200000000000003,-0.019802532501135502,-1.1911569741754244,-0.017589234817375902,-1.4817133364649322,-2.218766111619736,-0.33350977049570546,0.006919062158134095,-1.3842754150262242,0.12160542252662415,False,-1.1675144816176966,12.150133175815625,7.347458182068511,chris chiozza,137374.0,False,False,HOU,126474100,4111650.0,130585750.0,141840.00376756978,0.002,23.381572759221037,52.41127787538129,chris chiozza
101108,Chris Paul,1610612745,HOU,34.0,58,1856.775,906,265,473,114,18,152,300,112.4,104.2,0.56,0.22,0.138,111.9,104.8,7.1,35.43628064789756,1827.6999999999998,0.0003615078680573247,3.153058648055383,2.78273744041504,1.1528400047902045,0.08971173488507768,1.1615918275272805,1.129134225825093,1.293144092285552,0.9186885415436705,True,1.0332188971188345,84.92492643027715,81.8175100979731,chris paul,35654150.0,False,False,HOU,126474100,4111650.0,130585750.0,36813259.935136914,0.28675134003359226,45.794829371484795,102.65201371015576,chris paul
1626174,Christian Wood,1610612740,NOP,23.0,21,250.305,172,83,8,7,10,17,-53,100.9,110.3,0.607,0.247,0.146,101.6,110.2,-8.6,36.373224665907586,252.89999999999998,0.012014874742773433,-2.2611277315825578,-0.7165539502642021,0.07532578195705653,1.423846103539491,-0.7017500072489163,-0.2731871159817746,1.539343587210772,0.33730549951045863,False,0.5479708686988156,70.81440471266072,49.6966622613263,christian wood,1512601.0,False,False,NOP,116052756,0.0,116052756.0,1512601.0,0.011782177521099195,85.0149631573298,190.5664303889436,christian wood
203991,Clint Capela,1610612745,HOU,25.0,67,2248.728333333333,1114,848,96,44,102,94,232,114.0,108.7,0.658,0.18,0.156,113.2,107.5,5.7,32.19739749206404,2011.2000000000003,0.01793577916477417,4.435829831056616,0.09169599860105856,1.0284991409782398,2.101700166475402,1.6030692799328612,0.05071450473694374,1.8470929558672982,1.0,True,1.3745752646765306,91.53684192367841,91.53684192367841,clint capela,15793104.0,False,False,HOU,126474100,4111650.0,130585750.0,16306534.94010236,0.12701729631164638,68.13041252679815,152.7186395662008,clint capela
203469,Cody Zeller,1610612766,CHA,26.0,49,1242.9633333333334,497,333,102,38,41,62,42,112.3,110.9,0.611,0.159,0.101,110.5,109.7,0.9,27.564127662655643,951.7,0.00837027159555051,2.2264895651493837,-1.488959905998416,-0.11671674073983218,1.0065941306898334,0.8427045905673259,-0.5827244580705018,0.15447142825640578,0.7516537323351314,True,0.2071483827699623,58.205301126233636,51.70051994437918,cody zeller,13528090.0,False,False,CHA,121427859,0.0,121427859.0,13528090.0,0.10537501819806201,41.08032066180883,92.08414350855499,cody zeller
1629012,Collin Sexton,1610612739,CLE,20.0,82,2605.023333333333,1371,236,243,44,6,185,-672,105.6,118.1,0.52,0.247,0.073,104.5,117.5,-13.0,23.85514141268089,1726.2,-0.009474125257226558,-2.6493624541594305,-8.094317668762297,0.15385782498810122,-1.0363195941712053,-0.8353645431302235,-3.229784427316292,-0.7072268039818672,1.0,True,-0.9389238696401931,17.38849164726293,17.38849164726293,collin sexton,4073760.0,False,False,CLE,123255073,0.0,123255073.0,4073760.0,0.03173193955203854,21.029802339813283,47.139635363563016,collin sexton
201147,Corey Brewer,1610612758,SAC,33.0,31,491.5683333333333,151,76,39,32,7,19,1,106.6,106.6,0.532,0.13,0.063,107.0,107.5,-0.5,23.18619656134616,316.5999999999999,-0.003426381714329766,-0.623588307781048,0.4719942449586804,-0.9309992489125508,-0.3439443690427188,-0.13817581520776448,0.20311688784214177,-1.014976172638393,0.472694564719282,False,-0.5790931584809069,28.126315805550984,21.452294166140934,corey brewer,2559925.0,False,False,SAC,101466920,0.0,101466920.0,2559925.0,0.019940149973919002,30.52571833293246,68.42533316164507,corey brewer
202709,Cory Joseph,1610612754,IND,27.0,82,2063.4816666666666,537,279,321,94,22,80,211,107.6,102.4,0.474,0.134,0.087,107.1,101.7,5.5,23.037762228725075,1320.4999999999998,-0.01130380884400146,-0.6422498923949737,4.9199392724327735,-0.20826911033095663,-1.2457907095254745,-0.1445983704868217,1.9856058385550779,-0.2763776878627309,0.9684762320889512,True,-0.0456980701601412,48.177545099666006,47.494113112055324,cory joseph,7945000.0,False,False,IND,110724804,0.0,110724804.0,7945000.0,0.06188638008644256,45.46514706413101,101.91300991433532,cory joseph
201584,Courtney Lee,1610612742,DAL,33.0,34,428.23,136,54,37,21,3,14,-56,102.3,108.6,0.492,0.15,0.068,102.8,110.3,-7.4,21.706092520374565,258.2,-0.009953517362688196,-2.5363908239348762,-0.7048891901050903,-1.0919130964137376,-1.0912027443229124,-0.7964843218042712,-0.2685125289605989,-0.8611014883101299,0.4411915683691156,False,-0.8547386598596408,19.634792155981273,14.697352821444245,courtney lee,12253780.0,False,False,DAL,86958881,0.0,86958881.0,12253780.0,0.09544897250794815,12.089720922968251,27.09987601153183,courtney lee
1626245,Cristiano Felicio,1610612741,CHI,26.0,60,746.3966666666666,240,218,37,11,7,33,-130,103.7,111.7,0.568,0.138,0.086,105.0,112.8,-7.8,21.04832551056409,436.40000000000003,0.0013307640263268531,-2.1665399507553658,-2.555813935387051,-1.0140394046024053,0.20067691487807618,-0.6691967560832749,-1.010260209448421,-0.3071526247283835,0.582469923791102,True,-0.5674726461671593,28.51965529185394,23.161139060497266,cristiano felicio,8470980.0,False,False,CHI,112598201,0.0,112598201.0,8470980.0,0.06598342202450008,21.679777359620598,48.59659558287687,cristiano felicio
1626156,D'Angelo Russell,1610612751,BKN,23.0,81,2447.955,1712,315,563,100,20,253,22,108.1,107.9,0.533,0.311,0.141,106.9,107.1,-0.3,38.6257100314344,2626.5,-0.007885959331973516,-0.5961150107170659,0.5580927771552784,1.992008912020212,-0.8544986005660817,-0.12872062837653916,0.23762039032814042,1.385468902882509,1.0,True,0.8018030730776335,78.86665596312584,78.86665596312584,d angelo russell,7019698.0,False,False,BKN,118850600,0.0,118850600.0,7019698.0,0.054678879612339915,78.84127886013819,176.72772558721547,d angelo russell
201571,D.J. Augustin,1610612753,ORL,31.0,81,2268.9616666666666,948,203,426,52,4,128,169,110.4,107.2,0.616,0.169,0.103,109.3,106.7,2.6,25.857290082027244,1629.7,0.0097417037713713,1.345603224136024,0.9768260294846728,0.24311031352900023,1.1636023858757916,0.5395394876690973,0.405425385885178,0.2160213019877106,1.0,True,0.44186905789307335,67.07080187659372,67.07080187659372,dj augustin,7250000.0,False,False,ORL,114394213,0.0,114394213.0,7250000.0,0.056472782331870176,66.29593192497529,148.60653497985655,dj augustin
1628391,D.J. Wilson,1610612749,MIL,23.0,48,882.0383333333333,280,222,52,18,20,32,81,107.0,102.2,0.515,0.141,0.075,107.8,102.5,5.3,22.16230209193478,543.0,-0.006113306320926901,-0.39433599735910274,3.6455410039627716,-0.8470901942629412,-0.6515566241260211,-0.059276532697863885,1.474897900771621,-0.6456769302505619,0.6331875829100845,True,-0.29086591604874346,38.55769349213662,32.193145155868386,dj wilson,2534280.0,False,False,MIL,130988604,11447307.0,142435911.0,2755754.8481780905,0.021465537062228587,44.64274474846729,100.06954297840777,dj wilson
203474,DJ Stephens,1610612763,MEM,28.0,1,6.733333333333333,2,0,0,1,0,1,-3,70.6,93.8,0.5,0.13,0.051,71.1,92.6,-21.5,14.970297029702971,2.8000000000000003,-0.0075863817143297695,-0.4942751150304432,0.19947645381543816,-1.8166252312964237,-0.8202014914065566,-0.09367149545496106,0.09390691591463811,-1.3842754150262242,0.05532274451440439,False,-0.9924338429740052,16.049296837930743,9.226664277732215,dj stephens,1878160.1106209627,True,True,MEM,125188633,2183449.5,127372082.5,1910917.6194792571,0.014884804797101739,14.543927951831805,32.60113667855664,dj stephens
1629541,Dairis Bertans,1610612740,NOP,29.0,12,167.04333333333332,34,9,10,1,0,2,-50,98.1,113.1,0.362,0.12,0.013,98.6,113.6,-15.0,11.573044918484229,53.7,-0.023562813890150556,-2.428575344494522,-1.329226856532334,-2.05063845660434,-2.649261494699208,-0.7593786369994014,-0.5187123369722645,-2.5537230159210225,0.2755517880159515,False,-1.867879389228023,3.088944217871556,2.081943165871575,dairis bertans,194220.0,False,False,NOP,116052756,0.0,116052756.0,194220.0,0.002,6.625298764161829,14.851027264578,dairis bertans
1627745,Damian Jones,1610612744,GSW,24.0,24,409.6183333333333,130,75,28,12,25,16,16,114.2,111.1,0.72,0.113,0.072,114.1,108.9,5.2,24.230360783005324,275.70000000000005,0.01826568358677489,2.720884129928326,-0.7601003028188915,-0.8775542309457908,2.139469236349721,1.0128550085328372,-0.290638071826133,-0.7380017408475198,0.43149756837686987,False,-0.011536154032239815,49.53978424815821,36.866214734934786,damian jones,1544951.0,False,False,GSW,146291276,54593535.0,200884811.0,2121501.692549739,0.01652511769655939,56.02412057444855,125.58161854160545,damian jones
203081,Damian Lillard,1610612757,POR,28.0,80,2837.7566666666667,2067,371,551,88,34,212,494,116.0,107.9,0.588,0.281,0.155,113.8,106.9,6.9,38.85618569597816,3062.8999999999996,0.008329744140564106,5.596116585196188,0.6734292043047622,2.329737800630746,1.0019543496589307,2.0023925942273215,0.2838408147575788,1.8163180190016457,1.0,True,1.6205580196547547,94.7443769161514,94.7443769161514,damian lillard,27977689.0,False,False,POR,130256600,10166300.0,140422900.0,30161298.734022688,0.23493689079351376,56.86140861681446,127.45845277778261,damian lillard
1627814,Damion Lee,1610612744,GSW,26.0,32,375.1883333333333,158,64,13,13,0,11,-54,102.7,108.2,0.578,0.164,0.085,104.2,109.1,-4.9,22.47191410536042,234.2,0.0032214876834608993,-1.9282128454806249,-0.2777577818868778,-1.0483265144768201,0.41713619567901167,-0.5871742998025525,-0.09734201966952945,-0.3379275615940357,0.41296507299667784,False,-0.40356691566637637,34.32656092856169,25.258660343523704,damion lee,1618236.166740383,True,True,GSW,146291276,54593535.0,200884811.0,2222135.69665635,0.017308991104710722,37.76698318197373,84.65708746152035,damion lee
1628422,Damyean Dotson,1610612752,NYK,25.0,73,2003.805,779,262,135,58,10,71,-327,102.8,110.8,0.526,0.169,0.076,102.6,110.0,-7.4,21.551797704866487,1199.6,-0.005468296228628697,-4.335944906846076,-1.7830096185620075,-0.4153839171824901,-0.5777127177669884,-1.415817342780728,-0.7005632263932674,-0.6149019933849093,0.9543691395605028,True,-0.692430570352243,24.43334866622776,23.931637040851566,damyean dotson,1378242.0,False,False,NYK,123387454,0.0,123387454.0,1378242.0,0.010735608340226402,42.294137505612255,94.80499092739727,damyean dotson
1627772,Daniel Hamilton,1610612737,ATL,23.0,19,204.17166666666665,57,47,22,6,1,16,-26,101.8,106.7,0.455,0.153,0.07,101.4,109.6,-8.3,20.01257112070725,113.5,-0.015813587709941956,-1.8956292083831885,-0.10087668838295834,-1.3330156976871237,-1.7620922251961648,-0.575960342639726,-0.026457916378395743,-0.7995516145788246,0.3046396281351181,False,-0.9277959814275714,17.67567044823971,12.14473809910763,daniel hamilton,1349383.0,False,False,ATL,79180081,0.0,79180081.0,1349383.0,0.010510815509148409,21.622828570424392,48.46894126098993,daniel hamilton
1628464,Daniel Theis,1610612738,BOS,27.0,66,907.58,374,225,68,21,42,33,131,110.0,102.6,0.624,0.15,0.095,110.5,103.3,7.2,28.190572731880383,710.7,0.009846482637311804,1.4198884860610859,3.2703806314366,-0.24304391499057415,1.1755979823126594,0.5651054409899602,1.3245544917045797,-0.030178192937509937,0.642289937361908,True,0.3899742506221834,65.17222062303534,54.68147901843706,daniel theis,1378242.0,False,False,BOS,125334993,2402989.5,127737982.5,1404666.3925434216,0.010941437163447993,95.9978085900069,215.18517480627074,daniel theis
201568,Danilo Gallinari,1610612746,LAC,30.0,68,2059.2116666666666,1346,417,178,49,23,99,105,113.3,111.0,0.633,0.237,0.143,112.2,110.4,1.8,33.25680458622111,1902.3000000000002,0.017690442566952652,3.654719738097806,-2.050122534258669,1.033403719736619,2.073612834242467,1.3342430867212771,-0.807607224887196,1.447018776613814,0.967473670458428,True,1.0824938673297813,86.04834305207775,84.7888665088996,danilo gallinari,21587579.0,False,False,LAC,118026816,0.0,118026816.0,21587579.0,0.1681531930950416,57.205677583993605,128.23015349648557,danilo gallinari
201980,Danny Green,1610612761,TOR,32.0,80,2215.465,821,317,126,73,53,75,638,117.7,104.3,0.632,0.139,0.079,117.0,102.6,14.4,22.438810813982617,1380.9,0.010236407243908941,7.491417312653187,3.926032774608837,-0.21189680591341836,1.2202384561291988,2.6546776999330013,1.5873034001323998,-0.5225771827879514,1.0,True,0.6095855771144503,72.89318159260647,72.89318159260647,danny green,10000000.0,False,False,TOR,137793831,26402077.5,164195908.5,11916056.568599213,0.09281832673831106,60.549727821817505,135.72605413792996,danny green
201967,Dante Cunningham,1610612759,SAS,32.0,64,928.46,194,188,50,27,13,22,-172,103.7,111.9,0.585,0.086,0.067,104.0,111.3,-7.3,17.456002412597204,450.2,0.0022913167120587647,-2.741502140865102,-2.2410509977970463,-1.29077545850463,0.31064567881690686,-0.8670752602801807,-0.8841207327052146,-0.8918764251757825,0.6496362618629542,True,-0.8063393393041656,21.00236066878053,17.691051151653145,dante cunningham,2487000.0,False,False,SAS,121588790,0.0,121588790.0,2487000.0,0.019372111677153258,25.429557138206192,57.00196471568806,dante cunningham
203957,Dante Exum,1610612762,UTA,23.0,42,664.0483333333333,288,68,110,14,5,52,48,103.8,100.6,0.516,0.207,0.082,105.2,102.3,3.0,24.807832763177377,457.59999999999997,-0.008767853960509707,-1.9725939046163412,3.692094857965809,-0.698343813509499,-0.9554622058580942,-0.6024484478204837,1.4935540959046443,-0.4302523721909936,0.5493998102612991,True,-0.31331514870076294,37.70206210663093,30.05721175417625,dante exum,10600000.0,False,False,UTA,113826156,0.0,113826156.0,10600000.0,0.08256710244383778,26.011375682233666,58.30614787300145,dante exum
1627863,Danuel House Jr.,1610612745,HOU,26.0,39,978.665,366,140,40,21,11,35,169,117.2,108.3,0.646,0.137,0.074,117.0,107.2,9.8,19.83436620293972,539.2,0.012007120808744784,5.9448851157311156,0.29921529860470975,-1.035747957111519,1.4229583952924998,2.122424478619637,0.13387669694736573,-0.6764518671162145,0.666969060206489,False,0.0900163862161813,53.586290331288644,45.555638648204,danuel house,247827.0,False,False,HOU,126474100,4111650.0,130585750.0,255883.8107189535,0.002,144.97019965969935,324.9598945399232,danuel house
203967,Dario Saric,1610612750,MIN,25.0,81,2022.4116666666664,858,457,127,45,9,97,-67,108.7,110.7,0.563,0.172,0.088,108.3,109.6,-1.3,23.797528857873488,1336.9,0.000798633424117526,0.2903452885704641,-1.5617939237015892,-0.1356041696728174,0.13975600398145357,0.17636280331742868,-0.6119122809842357,-0.2456027509970783,0.9587898780770635,True,-0.15195088877013085,43.9612835413268,43.14604110674472,dario saric,2526840.0,False,False,MIN,121962221,0.0,121962221.0,2526840.0,0.019682439352753493,61.67518009442825,138.2488267675863,dario saric
203121,Darius Miller,1610612740,NOP,29.0,69,1757.505,567,128,146,40,23,59,17,109.6,109.8,0.55,0.131,0.048,109.3,109.0,0.2,18.68922136779127,912.4,-0.0010947384967476851,1.0292979305615093,-0.9559526062121608,-0.85410258210925,-0.07700646298868023,0.4306801236296249,-0.3691247807701125,-1.4766002256231818,0.8937929900658816,True,-0.6588233812336421,25.50045955857183,24.28171215582401,darius miller,2205000.0,False,False,NOP,116052756,0.0,116052756.0,2205000.0,0.01717551517817569,36.40474406750883,81.60354211210512,darius miller
201954,Darren Collison,1610612754,IND,31.0,76,2143.1783333333333,853,232,459,110,9,125,118,109.6,107.4,0.574,0.176,0.114,108.0,106.4,1.6,29.278011551379688,1743.0,0.002753206294445842,0.4395750856391983,1.0476657130170364,0.5991472747111224,0.3635250546239992,0.22772160487607201,0.433813990597801,0.5545456075098895,0.9870015044046132,True,0.46990959844542823,68.0790196806686,67.68080350381275,darren collison,10000000.0,False,False,IND,110724804,0.0,110724804.0,10000000.0,0.07789349287154507,59.77742311212273,133.9948841622783,darren collison
1629133,Daryl Macon,1610612742,DAL,23.0,8,89.84666666666666,29,12,7,1,0,6,-6,102.7,104.7,0.482,0.167,0.041,103.0,106.0,-2.9,16.427988424723605,41.0,-0.012751582663792862,-0.7947971932227175,0.39787811068481277,-1.6722818643148853,-1.4115389290561366,-0.1970989213514066,0.17341526392442236,-1.69202478368275,0.2020875897708564,False,-1.1409612891560146,12.694301625452919,8.136278262689526,daryl macon,1349927.579508817,True,True,DAL,86958881,0.0,86958881.0,1349927.579508817,0.010515057429157213,14.484009870236035,32.466826499484654,daryl macon
1628021,David Nwaba,1610612739,CLE,26.0,51,984.23,334,163,54,36,17,29,-77,108.1,111.9,0.558,0.141,0.071,107.8,112.3,-4.5,21.810755616065354,596.3000000000001,-5.030632092689668e-05,-0.11795187557801992,-2.684273974212049,-0.8361587784967827,0.042565234742235676,0.03584359440367299,-1.0617398474384045,-0.7687766777131724,0.6688626710523414,True,-0.5871723506820218,27.85439799716537,23.703764068663517,david nwaba,1512601.0,False,False,CLE,123255073,0.0,123255073.0,1512601.0,0.011782177521099195,40.54949643078275,90.89426733718746,david nwaba
202722,Davis Bertans,1610612759,SAS,26.0,76,1631.7083333333333,606,264,100,35,33,43,257,115.8,108.2,0.632,0.135,0.082,116.4,108.0,8.4,22.362820152702945,1013.5999999999999,0.009941834373580625,6.1711257523948815,0.009249967669966825,-0.4867282019398216,1.1865143148914539,2.200287266019687,0.01767472158830546,-0.4302523721909936,0.8612117080373478,True,0.2599136832326636,60.253482188659135,56.49036714366439,davis bertans,7000000.0,False,False,SAS,121588790,0.0,121588790.0,7000000.0,0.054525445010081545,56.52775878178667,126.71055551711522,davis bertans
1628432,Davon Reed,1610612754,IND,24.0,10,46.91666666666666,12,6,3,1,0,1,19,115.0,96.3,0.5,0.104,0.048,115.5,97.8,17.7,16.26714031971581,21.2,-0.006069105371463815,0.6178268524838133,0.934365918491445,-1.699613220292869,-0.6464962835017329,0.28906858316508965,0.38840973523662364,-1.4766002256231818,0.14603341253205573,False,-0.8632360675251749,19.400384350947885,11.945108342062422,davon reed,675000.0,False,False,IND,110724804,0.0,110724804.0,675000.0,0.005257810768829292,27.102256811893433,60.75142709370999,davon reed
1628368,De'Aaron Fox,1610612758,SAC,21.0,81,2545.843333333333,1399,304,590,133,45,227,68,110.0,109.1,0.544,0.238,0.119,109.1,107.6,1.5,35.38850911223918,2502.6000000000004,-0.003416914215465261,1.138522950400632,-0.09020036628950244,1.6428690774285237,-0.34286048352223997,0.4682709146736723,-0.022179440352210554,0.7084202918381521,1.0,True,0.6387280055284599,73.85000546690944,73.85000546690944,de aaron fox,5470920.0,False,False,SAC,101466920,0.0,101466920.0,5470920.0,0.042614906802079335,80.55659256178126,180.57271001089194,de aaron fox
1629001,De'Anthony Melton,1610612756,PHX,21.0,50,983.89,250,134,159,68,23,75,-168,105.8,113.7,0.466,0.147,0.063,105.5,112.2,-6.6,24.039272682921872,657.0,-0.013576447015434426,-1.6429480861443828,-3.1215730744491106,-0.6138039037452763,-1.505973429645878,-0.4889978199425945,-1.236985002114231,-1.014976172638393,0.6687471325342093,True,-0.9427372654832425,17.290765358979954,14.713338336351832,de anthony melton,949000.0,False,False,PHX,108692835,0.0,108692835.0,949000.0,0.007392092473509627,29.630551232662192,66.41875934728685,de anthony melton
201599,DeAndre Jordan,1610612752,NYK,30.0,69,2047.1833333333332,758,902,156,42,73,153,-214,105.1,110.1,0.674,0.148,0.154,103.6,109.2,-5.6,28.698944077635133,1632.0000000000002,0.017115196202147652,-3.132738840266095,-1.179770725737917,0.4716890021257985,2.0077558202154746,-1.001722953982661,-0.45881863322551625,1.785543082135993,0.9646439129481297,True,0.735667310123342,76.90334057700676,75.67979003519763,deandre jordan,22897200.0,False,False,NYK,123387454,0.0,123387454.0,22897200.0,0.17835428849783416,50.01816672820464,112.11889218081929,deandre jordan
1627761,DeAndre' Bembry,1610612737,ATL,24.0,82,1931.28,687,358,202,105,41,142,-229,104.5,109.4,0.508,0.168,0.081,104.2,109.4,-5.2,24.87759413446005,1334.6000000000001,-0.008459939446210778,-3.0009419380514193,-1.038938838746856,-0.05104786946861606,-0.9202106480422126,-0.9563638428678094,-0.4023810466728391,-0.4610273090566462,0.936938923011818,True,-0.4929134907215771,31.103685727670104,30.221041363540138,deandre bembry,1634640.0,False,False,ATL,79180081,0.0,79180081.0,1634640.0,0.012732781918754243,50.31336521286683,112.78059830158996,deandre bembry
201942,DeMar DeRozan,1610612759,SAS,29.0,77,2688.1566666666668,1635,462,475,86,36,199,10,110.9,110.9,0.542,0.277,0.135,110.3,108.9,1.4,34.8997516265793,2606.0,-0.0045308287297641915,2.0591273553412934,-1.3557454866607435,1.6795042839686039,-0.470386858796115,0.7851053530773044,-0.5293395288327666,1.200819281688594,1.0,True,0.7479287003159927,77.27484174638852,77.27484174638852,demar derozan,27739975.0,False,False,SAS,121588790,0.0,121588790.0,27739975.0,0.21607635449193383,47.7554217634706,107.04680587041376,demar derozan
202326,DeMarcus Cousins,1610612744,GSW,28.0,30,770.5783333333334,488,247,107,40,44,72,65,111.0,106.5,0.562,0.281,0.139,110.6,104.9,5.7,41.38761579506301,885.9,0.001023744140564129,1.6145227046842563,1.5477841073666154,0.9388906738780292,0.16552777850744418,0.6320905901166112,0.6342336240397775,1.3239190291512044,0.5918301097341017,False,0.8466761761144435,80.14121793205908,65.42116347396228,demarcus cousins,5337000.0,False,False,GSW,146291276,54593535.0,200884811.0,7328681.966701829,0.05708566365311098,64.42150857471597,144.40489619027593,demarcus cousins
201960,DeMarre Carroll,1610612751,BKN,32.0,67,1703.4583333333333,744,349,85,31,10,73,49,108.2,106.2,0.546,0.181,0.092,107.7,106.1,1.6,23.105232003522246,1093.3,-0.0022365776176437487,-0.15297226489501933,1.5091251810730257,-0.36913057324657605,-0.20772978364262568,0.023791006644609154,0.6187412767784891,-0.1225030035344678,0.8799427495151275,True,-0.06381316940491347,47.45594959819107,44.89210572563269,demarre carroll,15400000.0,False,False,BKN,118850600,0.0,118850600.0,15400000.0,0.1199559790221794,34.08861906845248,76.41180107014351,demarre carroll
1629152,DeVaughn Akoon-Purcell,1610612743,DEN,26.0,7,21.64666666666667,7,4,6,2,0,2,1,106.3,102.0,0.322,0.228,0.053,113.7,109.6,4.1,32.92885740683708,19.8,-0.05388934639128606,0.10963982171109667,0.0635765982158135,-0.37026026429043774,-6.121191086108867,0.1141713616932229,0.039445813200115996,-1.322725541294919,0.09919371925376091,False,-1.3845188151434145,8.309982548792632,4.941424536012813,devaughn akoon purcell,1618236.166740383,True,True,DEN,118327016,0.0,118327016.0,1618236.166740383,0.012605006731846844,8.255800404695579,18.50590007567142,devaughn akoon purcell
1629028,Deandre Ayton,1610612756,PHX,20.0,71,2182.688333333333,1159,729,125,61,67,126,-383,105.2,113.3,0.608,0.21,0.139,104.6,112.5,-8.0,31.932914532766553,1936.1,0.010425075692236522,-2.6506697736942924,-3.8467257154565497,0.9524283425283124,1.241838141773753,-0.8358144691227769,-1.5275858441192627,1.3239190291512044,0.9960577596736349,True,0.4670484686571964,67.97673993520506,67.85614864476274,deandre ayton,8175840.0,False,False,PHX,108692835,0.0,108692835.0,8175840.0,0.0636844734758893,64.30941451178998,144.153630240774,deandre ayton
1626153,Delon Wright,1610612763,MEM,27.0,75,1698.4366666666667,653,266,248,88,30,77,3,106.2,106.4,0.523,0.172,0.109,105.7,106.3,-0.5,28.237261324629905,1332.2,-0.00608136657588246,-1.6980010162279786,1.3536002427774891,0.2154531613100091,-0.6479000060818143,-0.5079447900981792,0.5564155325618313,0.40067092318162634,0.8786447898136464,True,0.08415017773926584,53.35314849900708,50.439541351416736,delon wright,2536898.0,False,False,MEM,125188633,2183449.5,127372082.5,2581144.7381974766,0.02010543792652112,71.5662872009469,160.4203705039016,delon wright
1627743,Demetrius Jackson,1610612755,PHI,24.0,6,39.45166666666667,22,3,5,2,0,1,-11,103.3,118.2,0.656,0.182,0.109,106.2,115.5,-9.3,31.116556123526678,34.1,0.017771065599938327,-0.22363111381431117,-0.6207459115004034,-0.5045022004918882,2.0828429529169865,-0.0005268834235291842,-0.23479258335353997,0.40067092318162634,0.13391256758637615,False,0.27120424975250346,60.68830276999218,37.03568342437077,demetrius jackson,92857.0,False,False,PHI,115127167,0.0,115127167.0,92857.0,0.002,117.85742840806645,264.18489866285705,demetrius jackson
1629061,Deng Adel,1610612739,CLE,22.0,19,194.17,32,19,5,1,4,6,-31,100.0,109.5,0.424,0.097,0.018,101.0,111.2,-10.2,10.03038574445074,54.1,-0.013032607894538369,-2.097270056234835,-0.6791252431410177,-2.1735214771588147,-1.443712070331735,-0.6453568873938503,-0.2581877721332213,-2.3998483315927595,0.2970843161614071,False,-1.6154233782463523,5.310952045332322,3.631033875381888,deng adel,838464.335098644,True,True,CLE,123255073,0.0,123255073.0,838464.335098644,0.0065310915709051,7.636289352248538,17.1172267707986,deng adel
203471,Dennis Schröder,1610612760,OKC,25.0,79,2313.7516666666666,1224,284,323,65,12,172,167,109.1,105.5,0.508,0.238,0.093,108.2,104.9,3.2,28.025133783444062,1801.2,-0.011984914215465268,0.3800078276258478,2.4275028623305683,0.5416961411126553,-1.3237669797754519,0.20722098741365544,0.9867759668008517,-0.09172806666881518,1.0,True,0.0884401114433776,53.52365590708613,53.52365590708613,dennis schroder,15500000.0,False,False,OKC,144916427,49437851.25,194354278.25,20787783.519359056,0.16192330673804167,36.59186867756928,82.02299379040734,dennis schroder
1628372,Dennis Smith Jr.,1610612752,NYK,21.0,53,1508.475,722,155,252,67,20,154,-152,102.4,107.7,0.502,0.242,0.084,101.8,106.6,-4.8,27.566648436334713,1155.1000000000001,-0.013638341345136955,-4.549795053659659,0.7901731567429361,0.032318077893217806,-1.513059394875389,-1.4894158296058948,0.3306252970293336,-0.36870249845968833,0.8280522052053569,True,-0.5033087191823946,30.737361858712163,28.359012143477425,dennis smith,3819960.0,False,False,NYK,123387454,0.0,123387454.0,3819960.0,0.02975500270295873,35.07859552297986,78.63089606356549,dennis smith
1629126,Deonte Burton,1610612760,OKC,25.0,32,239.88166666666663,82,28,9,6,8,9,27,96.9,92.6,0.47,0.159,0.043,99.5,93.1,6.3,19.62967852204907,130.79999999999998,-0.014048728404449491,-3.1247550606283427,4.925520786219246,-1.3509293757503453,-1.5600425102416258,-0.9989752630914484,1.9878425988097992,-1.6304749099514448,0.3302076940534869,False,-0.9125510931015108,18.073934309744704,12.626332347262338,deonte burton,500000.0,False,False,OKC,144916427,49437851.25,194354278.25,670573.6619148083,0.005223332475420699,28.713929383638,64.36409335323363,deonte burton
202324,Derrick Favors,1610612762,UTA,27.0,76,1766.4716666666666,897,560,89,56,106,84,186,106.3,101.6,0.624,0.188,0.142,107.3,101.9,5.4,33.243216468232816,1631.2,0.012340924905430794,-0.9336133922114469,4.919593054075828,0.8339472054882159,1.4611739189754178,-0.2448737877455728,1.9854670934959602,1.4162438397481616,0.8960701237440442,True,1.1136250370053733,86.72799595882938,82.6718625092617,derrick favors,16900000.0,False,False,UTA,113826156,0.0,113826156.0,16900000.0,0.13164000295291117,60.767176666620756,136.21347951115123,derrick favors
1627884,Derrick Jones Jr.,1610612748,MIA,22.0,60,1153.5366666666666,422,240,37,46,42,43,-22,103.8,105.0,0.559,0.151,0.081,103.0,104.3,-1.3,23.930578713001463,766.8,9.712585489389091e-05,-3.333129246619998,2.4500927167223128,-0.5421389494791655,0.059443990463449045,-1.070689147841691,0.9958287238836804,-0.4610273090566462,0.7241096936824203,True,-0.2761553951109694,39.12143575304028,34.26448455096987,derrick jones,1512601.0,False,False,MIA,153171497,82613612.25,235785109.25,2328427.932232452,0.018136938454125492,50.4015516057737,112.97827369285064,derrick jones
201565,Derrick Rose,1610612750,MIN,30.0,51,1392.1616666666666,917,140,220,31,12,82,36,111.5,110.8,0.557,0.261,0.128,110.3,109.8,0.6,33.627129033146296,1300.4,-0.00035412021107744733,1.9733803862254646,-1.55090303968032,0.6225454900310567,0.007783136411162536,0.7555947482411497,-0.6075478204723591,0.9853947236290257,0.7954877482247967,True,0.4746292992234648,68.24743905061032,61.966592203451256,derrick rose,2176260.0,False,False,MIN,121962221,0.0,121962221.0,2176260.0,0.01695164927966287,93.33198956213637,209.20957242596893,derrick rose
1628401,Derrick White,1610612759,SAS,24.0,67,1727.9733333333334,663,247,263,67,47,97,152,111.9,107.1,0.555,0.178,0.096,112.6,105.8,6.7,27.285837744409637,1309.7,-0.0005975072703899835,3.274600804899426,1.3743946391936201,0.12302156885412618,-0.020081003129410798,1.2034216740926256,0.5647487699601242,0.0005967439281426818,0.8862518966086472,True,0.29314783153047524,61.52954212151527,58.38005119802794,derrick white,1667160.0,False,False,SAS,121588790,0.0,121588790.0,1667160.0,0.012986091557572507,96.5259548516842,216.36904813954325,derrick white
1626164,Devin Booker,1610612756,PHX,22.0,64,2242.1183333333333,1700,265,433,56,13,264,-331,108.2,115.1,0.584,0.32,0.134,107.0,114.0,-7.1,36.46854797286197,2271.2999999999997,0.008205829626265171,-0.5052093627909895,-5.190431699778855,1.5598574789064035,0.9877680107168341,-0.09743461697598198,-2.066068459184655,1.1700443448229414,1.0,True,0.5646174133569128,71.38329907442514,71.38329907442514,devin booker,3314365.0,False,False,PHX,108692835,0.0,108692835.0,3314365.0,0.02581674665011985,92.79577050626682,208.00760341264964,devin booker
2734,Devin Harris,1610612742,DAL,36.0,68,1070.59,428,112,122,35,16,56,-94,105.7,109.9,0.527,0.18,0.065,105.8,109.8,-4.0,23.800708020810955,707.8,-0.0056442208352258305,-1.5936069912225088,-1.1914636862974861,-0.595680622827381,-0.5978534261542339,-0.47201663017650825,-0.46350452139855197,-0.9534262989070877,0.6975900072261774,True,-0.6649542320383657,25.303988347801713,21.860507827768288,devin harris,2393887.0,False,False,DAL,86958881,0.0,86958881.0,2393887.0,0.01864682199697844,31.845322683436194,71.38330998433496,devin harris
1628421,Devin Robinson,1610612764,WAS,24.0,7,94.51666666666668,47,20,6,4,6,2,-9,111.1,112.8,0.616,0.176,0.112,110.4,117.0,-6.6,33.28936695468171,87.4,0.010145206294445848,0.4105083553899424,-1.149098968590165,-0.2920100553106152,1.2097973259012802,0.217718023418794,-0.4465270990727513,0.4929957337785842,0.20727305954253006,False,0.22204444384301988,58.78603572006782,37.815462312971015,devin robinson,1509235.8031775593,True,True,WAS,123747588,21882.0,123769470.0,1509502.6778567259,0.011758043607721107,64.7365032207091,145.11097666186834,devin robinson
1628984,Devonte' Graham,1610612766,CHA,24.0,46,676.095,217,63,121,23,2,30,-100,104.5,111.8,0.459,0.166,0.068,105.0,112.1,-7.1,23.5937257338096,443.1,-0.016493225881374935,-1.8958292379421333,-2.235023778305003,-0.8058958951630086,-1.8399005232190713,-0.5760291846446439,-0.8817053583960159,-0.8611014883101299,0.5543608112871157,True,-0.9544496802227509,16.992803448864464,13.585106834555207,devonte graham,988464.0,False,False,CHA,121427859,0.0,121427859.0,988464.0,0.0076994913537778925,26.971086491015857,60.457400502457425,devonte graham
203473,Dewayne Dedmon,1610612737,ATL,29.0,64,1609.2066666666667,693,480,90,69,71,84,-173,107.9,112.0,0.602,0.166,0.107,106.6,112.2,-5.6,29.780637249824967,1331.2,0.00724477411862506,-0.7460622037448489,-3.0730742141009033,0.33795437482902413,0.8777416812695753,-0.1803263283256078,-1.2175493566287603,0.33912104945032107,0.8552529308675743,True,0.10820480798963344,54.30833844363128,50.77090067500591,dewayne dedmon,6300000.0,False,False,ATL,79180081,0.0,79180081.0,6300000.0,0.04907290050907339,52.712954557566626,118.15942996646446,dewayne dedmon
1627738,Deyonta Davis,1610612737,ATL,22.0,9,118.435,36,36,5,3,5,3,-22,97.8,107.6,0.682,0.099,0.108,97.6,109.0,-11.4,24.499514501625363,80.6,0.012240678540625797,-1.9951017665853723,-0.06662847809939972,-0.9988234864419291,1.449697225410643,-0.6101947346819767,-0.01273313874848787,0.3698959863159737,0.2320217466296875,False,-0.01472167291866347,49.41271143713909,32.336161916435685,deyonta davis,1741503.0,False,False,ATL,79180081,0.0,79180081.0,1741503.0,0.013565175151627435,52.65464328307624,118.02872154740064,deyonta davis
1628415,Dillon Brooks,1610612763,MEM,23.0,18,329.895,135,31,16,10,4,19,-16,104.9,106.5,0.499,0.207,0.034,106.2,106.8,-0.6,19.91542763606602,182.5,-0.01228685396050971,-0.9611386212418953,0.561323524748723,-1.2902829954834858,-1.358334516819235,-0.25434684743873776,0.23891509425372554,-1.9074493417423182,0.38723671407457316,False,-1.1008704918942038,13.547651318045478,9.81197481584761,dillon brooks,1378242.0,False,False,MEM,125188633,2183449.5,127372082.5,1402280.2991144173,0.010922851048297695,17.235977439718038,38.635536298156225,dillon brooks
203079,Dion Waiters,1610612748,MIA,27.0,44,1137.9033333333334,527,116,121,29,9,64,-38,105.9,107.8,0.53,0.213,0.083,104.2,106.3,-2.2,24.354265593738187,769.8,-0.006039994655017232,-2.235558150432018,0.8281788043355774,-0.5061139114206799,-0.6431635464717331,-0.692950001686734,0.345855846525815,-0.39947743532534097,0.7191861983372512,True,-0.3949103636976701,34.645452061879936,30.267437565160478,dion waiters,12705000.0,False,False,MIA,153171497,82613612.25,235785109.25,19557488.643081225,0.1523401102205171,21.13916158280506,47.38477104077801,dion waiters
1717,Dirk Nowitzki,1610612742,DAL,41.0,51,795.14,373,158,35,9,18,18,-65,104.8,109.7,0.469,0.217,0.073,105.3,110.8,-5.5,25.49890585305732,563.1999999999999,-0.01939042178468893,-1.8405180528768486,-1.3923671586922488,-0.5658936337758415,-2.171585663564413,-0.5569933336715776,-0.544015457907785,-0.7072268039818672,0.6011882173889245,True,-0.8445306179100869,19.918648072010782,16.343941876850206,dirk nowitzki,5000000.0,False,False,DAL,86958881,0.0,86958881.0,5000000.0,0.038946746435772533,18.398778506184392,41.24202861738326,dirk nowitzki
1627734,Domantas Sabonis,1610612754,IND,23.0,74,1838.4466666666667,1043,690,212,48,30,160,195,108.8,103.6,0.63,0.226,0.162,107.4,103.0,4.4,34.55003680643441,1764.3999999999999,0.016191367173549787,-0.10839320405853599,3.8146255537288605,1.0357582606777314,1.9019913599471578,0.039133298761491804,1.5426575830142497,2.031742577061214,0.914143082759792,True,1.3910296745462318,91.78917857806441,88.24284741913881,domantas sabonis,2659800.0,False,False,IND,110724804,0.0,110724804.0,2659800.0,0.020718111233973557,123.8950779941277,277.71867303414865,domantas sabonis
202700,Donatas Motiejunas,1610612759,SAS,28.0,3,12.783333333333331,6,3,1,0,1,3,-16,67.9,129.6,0.436,0.323,-0.12,74.1,130.4,-56.3,20.55801825293351,7.300000000000001,-0.03952124072098858,-0.9093681025570626,-0.5481435062637743,-1.367173281936362,-4.476260158138817,-0.23652954923188094,-0.20569757783298712,-6.646789619052818,0.07622733145405301,False,-3.0736032989804887,0.10574522735450627,0.06178717946783471,donatas motiejunas,99289.0,False,False,SAS,121588790,0.0,121588790.0,99289.0,0.002,0.19662329427610406,0.44074358124663127,donatas motiejunas
1628378,Donovan Mitchell,1610612762,UTA,22.0,77,2598.2716666666665,1829,316,322,106,31,218,371,110.5,103.7,0.537,0.309,0.117,109.3,102.6,6.7,34.51371199957921,2491.0,-0.006599245767137673,1.410665042499987,4.236777530645805,1.5645316679849497,-0.7071893458316506,0.5619311084046009,1.7118326132199164,0.6468704181068473,1.0,True,0.8201801987972217,79.39433058282688,79.39433058282688,donovan mitchell,3111480.0,False,False,UTA,113826156,0.0,113826156.0,3111480.0,0.024236404519995505,105.51706922067693,236.5232010896167,donovan mitchell
1628978,Donte DiVincenzo,1610612749,MIL,22.0,27,411.2866666666667,131,65,31,13,6,19,107,111.0,98.4,0.507,0.145,0.062,111.1,99.6,11.4,20.4733113967549,233.9,-0.007446733450598588,1.3368827625345496,4.049328082134874,-1.2081271741411332,-0.8042138759672011,0.5365382609322975,1.636713301105191,-1.0457511095040455,0.43237539806108866,False,-0.4104014734759538,34.07557327859127,25.371613105446016,donte divincenzo,2484360.0,False,False,MIL,130988604,11447307.0,142435911.0,2701472.2582428623,0.021042711009011714,35.42905630005995,79.41647611676028,donte divincenzo
1629055,Donte Grantham,1610612760,OKC,24.0,3,2.431666666666666,0,0,0,0,0,0,-2,66.7,120.0,0.0,0.333,-0.182,100.0,150.0,-50.0,0.0,0.0,-0.1859328085451678,-0.10365813050965748,-0.1447482040516808,-3.0139977201414974,-21.238171690042996,0.04076291769510478,-0.04403917951170742,-8.554835704723278,0.03324609797108572,False,-6.506167334231297,3.8546174861730144e-09,2.1777075631590237e-09,donte grantham,1509235.8031775593,True,True,OKC,144916427,49437851.25,194354278.25,2024107.5584594256,0.015766480767609975,3.36425950150438e-09,7.541200987375843e-09,donte grantham
1627827,Dorian Finney-Smith,1610612742,DAL,26.0,81,1985.2833333333333,608,389,95,69,36,74,-88,106.8,108.7,0.53,0.135,0.069,106.0,107.9,-2.0,20.554244986022145,1133.5,-0.0038281656264193727,-1.4201926691423774,-0.10218098060922123,-0.5434021087688535,-0.389942554086921,-0.41233450281264183,-0.02698060415161552,-0.8303265514444772,0.9499481644550481,True,-0.5093371417832333,30.52579639823827,29.838253934696784,dorian finney smith,1544951.0,False,False,DAL,86958881,0.0,86958881.0,1544951.0,0.012034162970538642,50.66697087168488,113.57322780660523,dorian finney smith
203926,Doug McDermott,1610612754,IND,27.0,77,1339.665,564,109,67,18,8,42,132,106.8,103.2,0.617,0.152,0.075,107.2,103.0,4.1,19.641029660400175,730.9,0.008913769072475961,-0.7703549933294306,3.649856936816428,-0.9109128528177938,1.068816376933228,-0.18868691437536134,1.476627486586226,-0.6456769302505619,0.7803452033322409,True,-0.06791774990800309,47.2925554497639,42.61793895671643,doug mcdermott,7333334.0,False,False,IND,110724804,0.0,110724804.0,7333334.0,0.05712189996536591,41.95740438759248,94.05018229240426,doug mcdermott
1627733,Dragan Bender,1610612756,PHX,21.0,46,826.2083333333334,230,183,56,18,22,37,-159,104.6,112.7,0.521,0.13,0.066,103.5,112.3,-8.8,20.405022946189924,468.3,-0.004856381714329767,-2.590293728146207,-2.7211473255845973,-1.0420626354644833,-0.5076577548552881,-0.815035500022045,-1.0765166355936862,-0.922651362041435,0.6128207261705845,True,-0.8971925510492043,18.480808966479007,15.260885178539334,dragan bender,4661280.0,False,False,PHX,108692835,0.0,108692835.0,4661280.0,0.03630833804522756,17.606563252502948,39.46622789493446,dragan bender
203110,Draymond Green,1610612744,GSW,29.0,66,2064.693333333333,486,481,454,95,70,169,462,115.8,105.0,0.526,0.128,0.098,115.5,104.2,11.2,27.386730555627313,1570.7,-0.0041416681494939244,6.055650299811915,2.875688400018729,0.3220585884035352,-0.4258338544458846,2.1605453312948715,1.1663838000505704,0.06214661765944792,0.968760532689565,True,0.5343229239336519,70.34409326662087,69.35521286568272,draymond green,17469565.0,False,False,GSW,146291276,54593535.0,200884811.0,23988923.736485936,0.18685810600640054,45.096934900056404,101.08763900164517,draymond green
1629234,Drew Eubanks,1610612759,SAS,22.0,23,113.41,41,34,7,2,5,8,-21,95.4,105.5,0.646,0.148,0.111,98.4,109.2,-10.8,24.69623489992064,77.8,0.012971196202147648,-2.0148477370275164,0.06879263948142392,-0.9851649190525144,1.5333304560145748,-0.6169904912764443,0.04153611239783184,0.46222079691293155,0.22704625079485458,False,0.03605642088114516,51.43813145934823,33.546448005723576,drew eubanks,838464.335098644,True,True,SAS,121588790,0.0,121588790.0,838464.335098644,0.0065310915709051,70.55025992698123,158.14288094692643,drew eubanks
1629130,Duncan Robinson,1610612748,MIA,25.0,15,160.93666666666667,50,19,5,5,0,4,-33,98.0,108.8,0.514,0.134,0.055,96.7,108.8,-12.1,16.933369234274352,75.7,-0.005943808844001454,-2.648738784885468,-0.1723759340588427,-1.6065380754943965,-0.6321517249412989,-0.8351499016369772,-0.055110836910093094,-1.2611756675636137,0.27046816874270124,False,-1.0083490886659385,15.664345236078015,10.521907926592874,duncan robinson,1567928.3066344643,True,True,MIA,153171497,82613612.25,235785109.25,2413596.2259086277,0.01880034404176018,15.28387806883556,34.25978178321114,duncan robinson
1628605,Dusty Hannahs,1610612763,MEM,25.0,2,25.916666666666668,8,1,5,1,0,1,-10,91.2,108.8,0.311,0.222,0.041,90.5,104.7,-14.3,22.919614147909968,16.5,-0.05491320569677853,-0.8534080859080402,0.0863410317915851,-1.1718765572767733,-6.2384075011423485,-0.2172703969261805,0.04856853190896088,-1.69202478368275,0.10853710439431775,False,-1.7616429793479536,3.9064818727684214,2.339364233900261,dusty hannahs,47370.0,False,False,MEM,125188633,2183449.5,127372082.5,48196.193244038375,0.002,7.444481300859795,16.687276861800015,dusty hannahs
1628407,Dwayne Bacon,1610612766,CHA,23.0,43,758.6683333333333,316,89,47,12,5,18,-22,111.2,113.2,0.57,0.167,0.069,110.6,112.3,-1.7,21.604697704969897,455.3,0.0019444173362071341,1.6528302519890443,-2.7533328799857952,-0.9557854473179666,0.27093094360226533,0.6452744834064932,-1.089414815480879,-0.8303265514444772,0.5872386588298172,True,-0.5140257355336528,30.361699888819217,24.722238703977194,dwayne bacon,1378242.0,False,False,CHA,121427859,0.0,121427859.0,1378242.0,0.010735608340226402,43.691359743076504,97.9369531651608,dwayne bacon
2730,Dwight Howard,1610612764,WAS,33.0,9,229.53666666666663,115,83,4,7,4,16,-50,104.7,113.6,0.638,0.193,0.111,102.7,111.5,-8.8,28.183732446522704,179.7,0.01537114099334119,-1.4466447495266914,-1.336536502231725,-0.6321378345663835,1.8080878598813819,-0.42143822856953966,-0.5216416363705959,0.46222079691293155,0.3230090532552431,False,0.1103829796734705,54.39471745545739,37.82358838481974,dwight howard,24256725.0,False,False,WAS,123747588,21882.0,123769470.0,24261014.260623407,0.18897751413663225,24.497190453270946,54.912005673620726,dwight howard
203939,Dwight Powell,1610612742,DAL,27.0,77,1662.535,815,411,112,44,50,67,15,110.8,109.9,0.682,0.167,0.123,110.8,110.3,0.5,29.503138279795614,1362.5,0.02064841733620715,2.0773680431996944,-1.5744167584540254,0.33870019057930634,2.4122562360765976,0.7913830528826675,-0.616970811009655,0.8315200393007626,0.8693087640606917,True,0.722131331127497,76.48931315188756,71.99089585950152,dwight powell,9631250.0,False,False,DAL,86958881,0.0,86958881.0,9631250.0,0.07502117032190685,64.42587592923047,144.41468589233733,dwight powell
2548,Dwyane Wade,1610612748,MIA,37.0,72,1885.2266666666667,1083,285,301,59,38,166,-68,104.8,106.6,0.51,0.269,0.115,104.4,106.2,-1.8,32.02946418467806,1677.3000000000002,-0.01300797447042083,-2.796250844659517,1.368998496055272,0.7707661863056151,-1.440891915599959,-0.8859175281717279,0.5625862959499557,0.585320544375542,0.9257003900405423,True,0.10365423771580667,54.1278128017883,52.31805888117917,dwyane wade,2393887.0,False,False,MIA,153171497,82613612.25,235785109.25,3685038.7890845956,0.028704054264892802,65.53428772520246,146.8992612131368,dwyane wade
1629058,Dzanan Musa,1610612751,BKN,20.0,9,39.28833333333333,19,5,2,2,0,4,10,100.0,89.4,0.415,0.25,0.053,98.1,95.7,2.4,22.082891443600737,24.1,-0.03583919560448033,-0.672999214113486,1.086377929575499,-1.2331246799003284,-4.05472164573448,-0.15518103121024657,0.44932769363298714,-1.322725541294919,0.1336350752360073,False,-1.2691850798603186,10.21875305965022,6.234826908082663,dzanan musa,1634400.0,False,False,BKN,118850600,0.0,118850600.0,1634400.0,0.012730912474925325,10.380557078938018,23.268676883633308,dzanan musa
202734,E'Twaun Moore,1610612740,NOP,30.0,53,1463.013333333333,633,127,102,40,8,59,9,111.3,111.6,0.567,0.17,0.067,110.6,110.9,-0.2,21.804039152069702,886.0999999999999,0.0014693469889533696,2.07349036786423,-2.301391235132656,-0.6246401911781894,0.21654256944277808,0.7900485153976957,-0.9083017434123545,-0.8918764251757825,0.8154790375025348,True,-0.4089795741330642,34.12773255074006,31.293955624586683,e twaun moore,8808685.0,False,False,NOP,116052756,0.0,116052756.0,8808685.0,0.0686139242255186,28.89437254435037,64.76856813917712,e twaun moore
202334,Ed Davis,1610612751,BKN,30.0,81,1446.0116666666668,472,694,61,35,33,64,94,106.5,102.2,0.632,0.125,0.139,105.7,102.0,3.7,27.301024542217846,1096.6000000000001,0.009205402197759838,-1.5439929331723563,4.4673648916632995,-0.03169712962473119,1.1022039617970913,-0.45494149764956965,1.8042392011271302,1.3239190291512044,0.8107268530787853,True,0.7569766761303763,77.54680819684378,70.94192040734318,ed davis,4449000.0,False,False,BKN,118850600,0.0,118850600.0,4449000.0,0.0346548149785504,83.19223313000539,186.48066546039632,ed davis
1628410,Edmond Sumner,1610612754,IND,23.0,23,209.8383333333333,66,24,10,12,5,10,-33,99.6,107.3,0.443,0.157,0.028,99.3,107.3,-8.0,20.450028990572108,119.19999999999999,-0.018111014839613644,-2.5653029324359378,0.234151446511342,-1.2939154298296276,-2.02511290635435,-0.8064346887706222,0.10780272419570401,-2.092098962936234,0.30883824343183375,False,-1.3596702769776674,8.696714400117884,5.99183801959717,edmond sumner,449794.0,False,False,IND,110724804,0.0,110724804.0,449794.0,0.0035036025732663742,15.67028761366436,35.125943278687735,edmond sumner
202327,Ekpe Udoh,1610612762,UTA,32.0,51,320.01166666666666,119,90,28,10,31,13,-51,102.8,110.5,0.698,0.128,0.125,109.2,110.7,-1.5,32.286322894477806,287.0,0.01787433185050607,-0.5689386048249256,-0.9865255750648088,-0.22604649095854112,2.094665377756577,-0.11936761936153191,-0.3813767260692843,0.8930699130320678,0.3813919879662504,True,0.4504975060188492,67.38241239621244,48.62492731590578,ekpe udoh,3360000.0,False,False,UTA,113826156,0.0,113826156.0,3360000.0,0.026172213604839144,62.90887251407426,141.01422654991356,ekpe udoh
203901,Elfrid Payton,1610612740,NOP,25.0,42,1249.7733333333333,446,220,320,44,17,112,-69,110.7,112.9,0.502,0.177,0.098,109.8,112.7,-2.9,29.438938260804626,1022.0,-0.00997515048797207,1.4728717018030042,-3.3483376281825907,0.08442055383230379,-1.0936794101871994,0.583340099996932,-1.327859621505114,0.06214661765944792,0.7537100157744939,True,-0.2359807159983969,40.672381702311824,36.16464159076756,elfrid payton,3000000.0,False,False,NOP,116052756,0.0,116052756.0,3000000.0,0.02336804786146352,48.681439278001115,109.12253284444242,elfrid payton
1629059,Elie Okobo,1610612756,PHX,21.0,53,958.19,304,98,127,32,7,69,-212,101.1,111.1,0.489,0.168,0.053,101.0,111.5,-10.5,20.220624302069524,538.1999999999999,-0.011651939446210782,-4.637792815385907,-2.1342350714185083,-1.005638384186307,-1.2856464015483113,-1.5197010653354692,-0.8413148510331486,-1.322725541294919,0.6599552326415096,True,-1.195226606122592,11.599925303982866,9.824903048366942,elie okobo,1238464.0,False,False,PHX,108692835,0.0,108692835.0,1238464.0,0.009646828675566519,18.025643249949194,40.4056222814608,elie okobo
1629150,Emanuel Terry,1610612748,MIA,22.0,3,22.731666666666666,10,7,2,3,0,2,4,117.6,112.0,0.571,0.183,0.116,113.0,109.5,3.5,34.04941711269154,21.5,0.0023137088175203924,0.2931901751605286,-0.10471134242378598,-0.2795437181618451,0.31320923643970067,0.17734189709565493,-0.02799463241588319,0.6160954812411946,0.10164927819505536,False,0.18432618999981795,57.31212153624664,34.1432479486297,emanuel terry,94740.0,False,False,MIA,153171497,82613612.25,235785109.25,145838.36867733297,0.002,108.65292681696624,243.55242472436674,emanuel terry
1626144,Emmanuel Mudiay,1610612752,NYK,23.0,59,1607.0616666666667,873,196,228,43,19,140,-357,104.0,114.8,0.531,0.248,0.098,103.5,113.6,-10.1,28.35983269673327,1266.0,-0.006784482039644477,-3.354269525478532,-4.566999513826933,0.17679962258056417,-0.7283960992214328,-1.0779647684490803,-1.8162315173802783,0.06214661765944792,0.8546827339765182,True,-0.4805449668146433,31.541996843544506,29.47937830774318,emmanuel mudiay,4294479.0,False,False,NYK,123387454,0.0,123387454.0,4294479.0,0.03345119693735,35.00026517759217,78.4553136277531,emmanuel mudiay
202683,Enes Freedom,1610612757,POR,27.0,67,1639.378333333333,915,659,116,32,26,118,-188,106.4,112.6,0.594,0.219,0.152,104.4,112.2,-7.7,32.849281282437346,1495.8999999999999,0.007805864650475228,-2.220602943854698,-3.270449287561125,0.7034900726441145,0.9419780663860551,-0.6878030303582175,-1.2966463071117096,1.7239932084046876,0.8632334387041374,True,0.5366997900198539,70.42624994430385,66.09186973087343,enes freedom,1760775.1037071524,False,True,POR,130256600,10166300.0,140422900.0,1898200.5235078996,0.014785746894662569,104.42391959925526,234.0728369007875,enes freedom
202339,Eric Bledsoe,1610612749,MIL,29.0,78,2271.705,1241,362,430,116,29,165,561,115.3,104.2,0.577,0.225,0.125,114.1,103.1,11.0,34.52455314400417,2178.6,0.004194723955967697,5.312787922435776,3.7309139737253756,1.3368053609144865,0.5285570385934816,1.9048824397379636,1.5091106381933803,0.8930699130320678,1.0,True,1.1935048316169659,88.36641394775324,88.36641394775324,eric bledsoe,15000000.0,False,False,MIL,130988604,11447307.0,142435911.0,16310874.3795758,0.12705109772141546,65.76455404524386,147.41541776981123,eric bledsoe
201569,Eric Gordon,1610612745,HOU,30.0,68,2158.01,1103,148,129,41,27,90,348,116.2,108.1,0.549,0.215,0.07,114.7,107.1,7.6,23.44493306333149,1405.3999999999999,-0.002011708219853071,5.847330368457294,0.48070702461737613,-0.11363426743315644,-0.18198563645525137,2.08885011877492,0.2066084852822389,-0.7995516145788246,0.9904108422082406,True,0.048746893908349714,51.94394978311281,51.719805354253936,eric gordon,13500375.0,False,False,HOU,126474100,4111650.0,130585750.0,13939269.737094393,0.1085778407900906,40.66722677673762,91.15816737247367,eric gordon
203961,Eric Moreland,1610612761,TOR,27.0,5,43.20666666666666,7,20,4,1,1,5,-17,83.7,105.6,0.5,0.117,0.095,86.4,101.5,-15.1,19.830273106002164,23.8,-0.006827743542896793,-1.8117523520230252,0.3938888705814878,-1.4132075616257609,-0.7333488874541448,-0.5470933542380712,0.17181659839191335,-0.030178192937509937,0.14014062201729355,False,-0.5286491947827388,29.852441348633217,18.301435606447775,eric moreland,309859.0,False,False,TOR,137793831,26402077.5,164195908.5,369229.7372289584,0.002876059390480633,51.28649346680212,114.9619269851052,eric moreland
101141,Ersan Ilyasova,1610612749,MIL,32.0,67,1231.3133333333333,453,302,52,32,20,48,239,111.2,101.5,0.548,0.151,0.071,111.0,102.3,8.7,22.81661315560079,780.3999999999999,-0.0015638741451061105,2.1208945570181563,4.3469260497772835,-0.6211335333116197,-0.13071540382653524,0.8063631013023025,1.7559740126923713,-0.7687766777131724,0.7481229035311503,True,-0.02117313011663577,49.15537742686059,43.583876242911956,ersan ilyasova,7000000.0,False,False,MIL,130988604,11447307.0,142435911.0,7611741.377135373,0.05929051226999388,42.35240996413914,94.93561233801773,ersan ilyasova
203095,Evan Fournier,1610612753,ORL,26.0,81,2553.2816666666668,1226,258,295,71,12,154,95,110.1,108.4,0.536,0.217,0.077,109.1,107.3,1.8,25.15633149234743,1784.2,-0.004851421784688916,1.172517360741946,0.294427690712766,0.30019335350410653,-0.5070899178798364,0.47997040237061317,0.13195809001427106,-0.5841270565192567,1.0,True,-0.08446399240399313,46.63437652023286,46.63437652023286,evan fournier,17000000.0,False,False,ORL,114394213,0.0,114394213.0,17000000.0,0.13241893788162662,34.20745275960242,76.67817432364335,evan fournier
202323,Evan Turner,1610612757,POR,30.0,73,1605.7133333333334,494,328,283,33,18,114,30,110.4,109.1,0.504,0.158,0.099,109.7,109.2,0.5,23.96243414142001,1068.8,-0.008588371622031566,1.4352175802539902,-0.8143398600078856,-0.31861345142070524,-0.9349141909449377,0.5703810891660714,-0.31237426927995987,0.09292155452510055,0.8543241170479134,True,-0.1533130021564701,43.9075723826759,41.02924891386787,evan turner,17868853.0,False,False,POR,130256600,10166300.0,140422900.0,19263485.749925148,0.15005001899429043,28.80766405043222,64.57420555220752,evan turner
1628402,Frank Jackson,1610612740,NOP,21.0,61,1168.8633333333332,495,134,69,25,2,48,-135,106.3,111.3,0.517,0.178,0.059,106.2,111.5,-5.3,20.857186041139684,677.2,-0.007361507270389989,-1.3012445720235488,-2.3308550385211486,-0.8531010106104947,-0.7944567665113816,-0.3713974256624908,-0.9201091968906613,-1.1380759201010033,0.7289043251013916,True,-0.8675925370426048,19.280871669985185,16.928739256881542,frank jackson,1378242.0,False,False,NOP,116052756,0.0,116052756.0,1378242.0,0.010735608340226402,29.91798783781517,67.0630667229867,frank jackson
1626163,Frank Kaminsky,1610612766,CHA,26.0,47,754.69,405,163,63,12,12,41,42,109.9,109.1,0.587,0.216,0.106,108.7,110.2,-1.5,28.63533371318024,600.3,0.006186934997728991,0.6508943263865442,-1.003243204544276,-0.2883141804011025,0.7566350909710529,0.3004490571962495,-0.3880762220489335,0.3083461125846685,0.5856969430438485,True,0.12077647759288022,54.80659590713475,44.588652805575855,frank kaminsky,3627842.0,False,False,CHA,121427859,0.0,121427859.0,3627842.0,0.02825852849660918,56.158966502536,125.88388423947507,frank kaminsky
1628412,Frank Mason III,1610612758,SAC,25.0,38,435.47833333333335,195,43,84,16,4,36,-146,99.5,114.0,0.502,0.213,0.085,101.4,114.2,-12.8,27.73501934654231,335.5,-0.012003994655017237,-3.4717447604507687,-2.8060795647465353,-0.5539626648604076,-1.325951401706812,-1.1183949466005334,-1.1105527527062744,-0.3379275615940357,0.4449097627268893,False,-0.7731037998453556,21.973047623549686,16.484386725013387,frank mason,1378242.0,False,False,SAC,101466920,0.0,101466920.0,1378242.0,0.010735608340226402,29.132688150555246,65.30276768116121,frank mason
1628373,Frank Ntilikina,1610612752,NYK,20.0,43,903.6033333333334,246,87,121,30,14,56,-185,102.0,110.6,0.417,0.163,0.039,101.8,110.0,-8.2,19.5975372674588,491.9,-0.023041155534121175,-4.002904826452475,-1.3827722123352935,-1.0892686347522935,-2.589539497704111,-1.301198548572147,-0.5401703371254204,-1.7535746574140552,0.6408812587982176,True,-1.4630258134225418,7.17301578684789,6.013831806850893,frank ntilikina,4155720.0,False,False,NYK,123387454,0.0,123387454.0,4155720.0,0.032370354619613725,7.222653222393678,16.19003515865306,frank ntilikina
1627832,Fred VanVleet,1610612761,TOR,25.0,64,1760.253333333333,701,167,307,57,20,82,298,113.1,105.0,0.539,0.177,0.095,112.4,103.8,8.6,26.55231443958824,1298.3,-0.0034261504879720644,3.568495893269004,2.9687974314240377,0.056110703676104164,-0.34391789711970594,1.304568360740473,1.2036967206614162,-0.030178192937509937,0.894491560337576,True,0.3296262956801006,62.91588244930174,59.9287119850571,fred vanvleet,8653847.0,False,False,TOR,137793831,26402077.5,164195908.5,10311973.03880026,0.0803235598389353,52.36450568209079,117.37835971828254,fred vanvleet
1627788,Furkan Korkmaz,1610612755,PHI,21.0,48,679.2316666666667,279,107,52,29,2,25,61,110.7,107.0,0.528,0.174,0.079,113.2,107.3,6.0,24.3539882072636,459.5,-0.005282080140718302,2.362805203524078,0.5253561549723931,-0.7331913631444736,-0.556393790323225,0.8896188661218326,0.224501373127113,-0.5225771827879514,0.5556452705338782,True,-0.2564120282836457,39.88163505123301,31.90691813199725,furkan korkmaz,1740000.0,False,False,PHI,115127167,0.0,115127167.0,1740000.0,0.013553467759648842,51.97138667832887,116.49715854518638,furkan korkmaz
202066,Garrett Temple,1610612746,LAC,33.0,75,2040.5916666666667,586,216,106,76,30,70,-84,105.2,106.8,0.543,0.131,0.052,104.5,105.8,-1.3,17.903042826631165,1014.8,-0.002011738496747686,-2.6649003087721077,1.5197135892258202,-0.841947091057955,-0.18198910270205504,-0.8407120381169786,0.6229845217874574,-1.3535004781605715,0.9630896462254522,True,-0.6764944090673966,24.936339728021366,24.522155623479755,garrett temple,8000000.0,False,False,LAC,118026816,0.0,118026816.0,8000000.0,0.062314794297236055,23.417947731414902,52.492814681950904,garrett temple
1629109,Gary Clark,1610612745,HOU,24.0,51,640.6066666666667,148,116,18,20,26,7,26,111.8,109.8,0.48,0.106,0.061,110.0,109.8,0.2,19.14060630027786,340.59999999999997,-0.00830581893629966,1.4726831222036416,-0.9592282289515209,-1.2364634045291032,-0.9025661791605982,0.5832751986004823,-0.37043746815800704,-1.0765260463696982,0.5396154635338469,True,-0.7355329323509037,23.10074955659522,18.314897012110016,gary clark,674122.0,False,False,HOU,126474100,4111650.0,130585750.0,696037.5836752347,0.005421679856233434,41.11068589810096,92.15220911104664,gary clark
203914,Gary Harris,1610612743,DEN,24.0,57,1639.243333333333,737,160,127,55,19,68,226,111.6,105.3,0.526,0.195,0.076,109.9,104.3,5.7,23.95105058634777,1090.6,-0.0063095725714946505,1.9019858366452407,2.599260995335216,-0.3035707090204736,-0.6740261432876884,0.7310236600517678,1.055607072487814,-0.6149019933849093,0.8631978950742443,True,-0.09347258688280712,46.27640634139954,43.42758693324317,gary harris,16517857.0,False,False,DEN,118327016,0.0,118327016.0,16517857.0,0.12866335764827008,32.17759536993224,72.12812027924876,gary harris
1627780,Gary Payton II,1610612764,WAS,26.0,3,15.916666666666666,11,2,4,3,1,1,11,117.9,92.1,0.688,0.214,0.212,124.9,94.5,30.4,56.99685863874346,25.200000000000003,0.027743648562564827,0.43198292710887903,0.4489497855577143,1.5554332366814418,3.2245529683773544,0.22510869397610725,0.19388195035895492,3.570489420343843,0.08505791253521618,False,2.006536677180376,97.76004901681364,57.50989652366727,gary payton,85457.0,False,False,WAS,123747588,21882.0,123769470.0,85472.11116381516,0.002,183.01183846477332,410.2326399954793,gary payton
1629018,Gary Trent Jr.,1610612757,POR,20.0,15,110.55,40,11,5,1,2,4,-8,110.3,115.1,0.377,0.213,0.023,114.7,115.2,-0.5,18.008141112618727,55.300000000000004,-0.038628994655017235,0.8767458287448294,-1.2797609834239039,-1.5356487167710051,-4.374111469720555,0.37817792046072213,-0.4988891665624413,-2.2459736472644964,0.22416511771459893,False,-1.7319276807454416,4.164321976461061,2.710450163778282,gary trent,838464.0,False,False,POR,130256600,10166300.0,140422900.0,903904.6499417303,0.007040829040679261,5.552265086036669,12.445754238122536,gary trent
201588,George Hill,1610612749,MIL,33.0,60,1302.305,458,148,135,52,8,51,144,108.9,103.3,0.554,0.147,0.079,108.7,103.0,5.7,22.38001082695682,809.6,-0.0006404470154344247,0.4928897759963639,3.5927162095736174,-0.6346281703088268,-0.024996954910637345,0.24607034390808316,1.4537286615519938,-0.5225771827879514,0.7693873005072401,True,-0.06420988983117612,47.44015513502712,42.51701912700735,george hill,19000000.0,False,False,MIL,130988604,11447307.0,142435911.0,20660440.88079601,0.16093139044712623,29.129674871829263,65.2960132258365,george hill
1628994,George King,1610612756,PHX,25.0,1,5.9,0,1,0,0,0,0,-9,100.0,175.0,0.0,0.0,0.032,110.3,167.7,-57.4,4.271186440677965,0.7,-0.0,-0.02236696840928037,-0.7292245542174275,-2.672446841945152,0.04832454811756152,0.06874001573311789,-0.27826478924571546,-1.9689992154736233,0.05178627406773133,False,-1.2829915089376303,9.974752544881666,5.718563770756085,george king,1567928.3066344643,True,True,PHX,108692835,0.0,108692835.0,1567928.3066344643,0.012213141237592538,9.660386042984904,21.654367843269277,george king
1627777,Georges Niang,1610612762,UTA,26.0,59,516.3483333333334,235,87,35,10,6,23,-93,103.9,111.6,0.613,0.17,0.09,107.6,109.7,-2.1,24.17205439480454,346.7,0.009289346988953378,-1.0048437850237806,-1.2030021873998276,-0.8302570714798043,1.1118143715786464,-0.26938837987966163,-0.46812851081291584,-0.18405287726577305,0.4844623699306148,True,-0.20663550891677268,41.81472632991207,32.11404711855682,georges niang,1512601.0,False,False,UTA,113826156,0.0,113826156.0,1512601.0,0.011782177521099195,54.93677861624662,123.1442725981249,georges niang
101123,Gerald Green,1610612745,HOU,33.0,73,1472.9816666666666,675,182,40,33,27,55,131,114.0,109.3,0.555,0.19,0.066,113.4,109.5,4.0,22.19172223234279,908.0,-0.0006377886594050386,4.137621726660034,-0.9913905189273385,-0.5776602597521037,-0.02469261332583591,1.5004382293134664,-0.38332632495758767,-0.922651362041435,0.8182524801136389,True,-0.25734757989595,39.8455232744838,36.58670200931354,gerald green,1512601.0,False,False,HOU,126474100,4111650.0,130585750.0,1561775.3835429545,0.012165213970495768,61.89113484582495,138.7329030357021,gerald green
203507,Giannis Antetokounmpo,1610612749,MIL,24.0,72,2358.221666666667,1994,898,424,92,110,268,652,114.3,101.8,0.644,0.314,0.218,113.3,101.6,11.8,49.81821754104258,3263.4,0.026891970320772715,4.622125000720103,5.290393170503422,3.3517276175492396,3.1270486826524015,1.6671844689770028,2.1340631544573063,3.755139041537759,1.0,True,3.003718062761644,99.86664882632546,99.86664882632546,giannis antetokounmpo,24157304.0,False,False,MIL,130988604,11447307.0,142435911.0,26268450.059548266,0.20461413274599605,62.90571504162266,141.0071488752101,giannis antetokounmpo
203922,Glenn Robinson III,1610612765,DET,25.0,47,610.1116666666667,198,71,21,14,8,18,-11,102.3,103.1,0.511,0.146,0.058,101.7,103.3,-1.7,17.624970292323535,298.7,-0.006914090233016508,-3.384335224174558,2.6776725522576528,-1.3881408324914326,-0.7432342783584857,-1.0883121540475473,1.0870300628708163,-1.1688508569666558,0.5266151202239495,True,-0.8093679206431373,20.915177431343164,16.459759492119147,glenn robinson,4075000.0,False,False,DET,126557932,4237398.0,130795330.0,4211438.677348173,0.03280436685929691,19.67634823372275,44.10578216744251,glenn robinson
201609,Goran Dragic,1610612748,MIA,33.0,36,990.5166666666668,494,111,174,30,5,71,42,108.3,107.0,0.517,0.224,0.096,106.8,106.3,0.5,28.781343070114925,791.9000000000001,-0.00926391926161437,-0.4637684510361261,1.0048494212847983,-0.13645671582009128,-1.0122541848986366,-0.08317234760998549,0.4166556025215534,0.0005967439281426818,0.6709954161429484,False,-0.13575079527464035,44.60091452698605,37.997657131368314,goran dragic,18109175.0,False,False,MIA,153171497,82613612.25,235785109.25,27876425.375684414,0.2171392141285032,23.44204655553549,52.54683372423094,goran dragic
202330,Gordon Hayward,1610612738,BOS,29.0,72,1863.3383333333331,825,322,244,62,23,105,213,110.3,105.2,0.575,0.183,0.114,110.5,105.8,4.8,27.57760041788797,1427.4,0.0030457088175203932,1.83084606605958,1.9963836233693986,0.23244218026243602,0.3970121723941068,0.7065402563870592,0.8140073567705132,0.5545456075098895,0.9203108005978032,True,0.5121081951513278,69.5712355336883,67.07640130619272,gordon hayward,31214295.0,False,False,BOS,125334993,2402989.5,127737982.5,31812752.15342165,0.24780063830867793,39.512181054851524,88.56905914985984,gordon hayward
203476,Gorgui Dieng,1610612750,MIN,29.0,76,1031.2216666666666,485,311,72,48,41,57,-117,105.2,109.0,0.572,0.194,0.118,106.2,111.3,-5.1,31.813528614119505,911.3000000000001,0.0026467842109232577,-1.5475330808900873,-1.5408272876835953,0.19302061084238437,0.35134133461091505,-0.45615987191325297,-0.603510019534319,0.6776453549724994,0.6846437914800084,True,0.14529947567684734,55.77627856590859,47.86105048565368,gorgui dieng,15170787.0,False,False,MIN,121962221,0.0,121962221.0,15170787.0,0.11817055890402285,36.53432360961471,81.89400287187577,gorgui dieng
1628960,Grayson Allen,1610612762,UTA,23.0,38,416.29333333333335,211,23,25,6,6,33,-116,99.6,113.2,0.516,0.238,0.037,102.6,113.1,-10.4,20.849721350329897,241.10000000000002,-0.010080914215465267,-3.0429990904512767,-2.2933852410910753,-1.1728037673655431,-1.1057877583858495,-0.9708381970963488,-0.9050933863327493,-1.8151245311453603,0.4349991292223956,False,-1.284996202457236,9.939680553637004,7.412512878011746,grayson allen,2076960.0,False,False,UTA,113826156,0.0,113826156.0,2076960.0,0.016178166895448425,11.348469584446734,25.438314136339823,grayson allen
202328,Greg Monroe,1610612755,PHI,29.0,43,479.9166666666667,230,172,24,14,8,32,-72,100.1,106.7,0.521,0.211,0.106,100.0,106.9,-6.9,28.955026914394857,386.0,-0.007882281090181392,-3.946363573286529,0.6230065583413597,-0.41959722653233067,-0.8540774974768328,-1.2817393583952057,0.26363422300783423,0.3083461125846685,0.46705881791690795,True,-0.2932228677873129,38.46759029704611,29.242156926887983,greg monroe,2410167.0,False,False,PHI,115127167,0.0,115127167.0,2410167.0,0.018773632603373315,42.49761809478895,95.26110556995827,greg monroe
1627824,Guerschon Yabusele,1610612738,BOS,23.0,41,250.8033333333333,94,53,15,8,7,15,-18,102.4,106.0,0.542,0.168,0.068,106.0,106.8,-0.8,23.353756595473214,162.7,-0.002747939446210773,-1.1818145220985656,0.5385113861306842,-1.0302331822510185,-0.26627298387340476,-0.33029448003956735,0.22977325801752602,-0.8611014883101299,0.33764110406097647,True,-0.5709078729401105,28.403104695007077,19.937232614845655,guerschon yabusele,2667600.0,False,False,BOS,125334993,2402989.5,127737982.5,2718744.6535142823,0.021177251728806603,27.778424631274195,62.2671001340524,guerschon yabusele
1628977,Hamidou Diallo,1610612760,OKC,20.0,51,526.28,190,97,17,21,10,23,-76,103.5,110.3,0.497,0.16,0.049,103.7,109.3,-5.6,21.595348483696895,315.7,-0.00981708518686741,-2.296268931664203,-0.8245447796807939,-1.0586812246070694,-1.0755833223387192,-0.7138441731392212,-0.31646383343768103,-1.4458252887575291,0.4890993578182063,True,-1.0143015921163694,15.52194322901923,11.953366385392359,hamidou diallo,838464.0,False,False,OKC,144916427,49437851.25,194354278.25,1124503.7497274757,0.008759152481342283,22.684311225674374,50.84832193726474,hamidou diallo
203084,Harrison Barnes,1610612758,SAC,27.0,77,2532.593333333333,1265,361,115,50,13,98,-54,108.0,109.4,0.55,0.202,0.088,106.9,107.9,-1.1,23.845123180718584,1677.5,-0.0016880700484200946,-0.6329182001086943,-0.34066034882082186,0.11742273560030994,-0.14493395755771202,-0.14138678311116776,-0.1225498695504685,-0.2456027509970783,1.0,True,-0.10565573293194823,45.79277518441822,45.79277518441822,harrison barnes,24107258.0,False,False,SAC,101466920,0.0,101466920.0,24107258.0,0.18777985291754978,29.724661108680937,66.6297126015281,harrison barnes
1628385,Harry Giles III,1610612758,SAC,21.0,58,819.99,408,222,85,31,22,73,-106,104.1,109.1,0.526,0.227,0.09,105.8,108.5,-2.8,30.398419492920645,692.4000000000001,-0.007344989608868131,-1.8498821121623648,-0.4024911585012422,-0.08014602755156747,-0.79256574392855,-0.5602160604464903,-0.1473282187405374,-0.18405287726577305,0.610510218811059,True,-0.30026887353496046,38.19860368577871,31.503519079695046,harry giles,2207040.0,False,False,SAC,101466920,0.0,101466920.0,2207040.0,0.01719140545072148,47.21686855689156,105.83960471027964,harry giles
202355,Hassan Whiteside,1610612748,MIA,30.0,72,1674.2266666666667,887,817,56,46,136,97,19,107.0,106.2,0.564,0.215,0.162,105.1,104.6,0.4,38.16042431530578,1774.7000000000003,0.0012132917801469078,-1.7232362745616983,2.196199618326352,1.3315713449009263,0.1872281182619038,-0.5166297354006623,0.8940824928134474,2.031742577061214,0.8723600868976763,True,1.0271177406947989,84.78174870451724,79.91205793772882,hassan whiteside,24434262.0,False,False,MIA,153171497,82613612.25,235785109.25,37612971.39449596,0.29298057191947996,44.393135784031756,99.51002865788126,hassan whiteside
1629312,Haywood Highsmith,1610612755,PHI,22.0,5,39.78333333333333,9,5,2,1,0,1,-23,103.4,131.0,0.414,0.115,0.038,102.6,129.3,-26.6,14.568914956011731,16.1,-0.01660102997806095,-0.38162170908014736,-1.6131921608163031,-1.8389421398987826,-1.8522424628504932,-0.05490079392782796,-0.6325098354003091,-1.7843495942797079,0.13447428502629538,False,-1.3759883770854024,8.44126158659742,5.1535035500885105,haywood highsmith,838464.335098644,True,True,PHI,115127167,0.0,115127167.0,838464.335098644,0.0065310915709051,10.838137466337182,24.294372335400737,haywood highsmith
1627740,Henry Ellenson,1610612752,NYK,22.0,19,259.1066666666667,114,66,16,7,2,9,-10,104.0,104.7,0.538,0.186,0.102,104.3,106.5,-2.3,26.31503113260948,189.4,-0.0037863615297333564,-1.337291578836641,0.7891861722980784,-0.774249057984288,-0.3851566168776177,-0.3838033332363245,0.33022976856470154,0.18524636512205797,0.34318472806311995,False,-0.20379788219184075,41.92557239390434,29.53376208904911,henry ellenson,2199311.0,False,False,NYK,123387454,0.0,123387454.0,2199311.0,0.017131201570081064,44.319018044633616,99.34388904549957,henry ellenson
203546,Ian Clark,1610612740,NOP,28.0,60,972.5783333333334,401,89,94,22,8,58,-55,106.2,109.6,0.502,0.185,0.052,105.9,109.6,-3.7,21.398379222239164,578.0999999999999,-0.010426004747315441,-1.3723507848113845,-0.9959171595399047,-0.882402986148019,-1.1452954083026692,-0.39586928010369915,-0.385140350721375,-1.3535004781605715,0.6648917660838195,True,-0.9155966458543378,17.99392456132482,15.280464034889876,ian clark,1757429.0,False,False,NOP,116052756,0.0,116052756.0,1757429.0,0.013689228328374657,24.802816519411945,55.59708587944898,ian clark
101133,Ian Mahinmi,1610612764,WAS,32.0,34,497.76666666666665,139,128,25,25,16,21,-34,102.1,105.3,0.531,0.128,0.068,101.5,104.1,-2.6,23.230161387530977,321.20000000000005,-0.0035016681494939236,-3.171820866995618,1.7521115992587912,-0.9241228674412318,-0.3525635279283711,-1.0151733914605505,0.7161167171029845,-0.8611014883101299,0.4756654031539142,False,-0.5871041936962376,27.8566865607319,21.28388552795179,ian mahinmi,16000000.0,False,False,WAS,123747588,21882.0,123769470.0,16002829.243023306,0.12465162655659888,15.946072271892685,35.74413207655085,ian mahinmi
1628387,Ike Anigbogu,1610612754,IND,20.0,3,6.15,0,3,1,0,1,1,-2,78.6,92.9,0.0,0.267,0.0,84.6,109.4,-24.8,23.999999999999993,4.1,-0.149081260905585,-0.31467335278021624,0.06430172700583883,-1.0946851165056233,-17.01922648968685,-0.03185990388157388,0.0397364044839741,-2.953797195174506,0.05287205826761944,False,-3.7115129360414256,0.010301206837263724,0.005910754464152022,ike anigbogu,1349383.0,False,False,IND,110724804,0.0,110724804.0,1349383.0,0.010510815509148409,0.010523671194656792,0.023589476248332505,ike anigbogu
202697,Iman Shumpert,1610612745,HOU,29.0,62,1480.8,465,183,112,59,24,50,-46,109.1,110.5,0.499,0.143,0.057,108.1,109.3,-1.2,20.8517017828201,857.7,-0.008488019885762746,0.300620965465764,-1.2618464282455355,-0.7214619435541347,-0.9234254339402251,0.17989927164287556,-0.4917100093414914,-1.1996257938323085,0.8204211778659234,True,-0.7255386497840524,23.406082142218214,21.514625644375368,iman shumpert,11011234.0,False,False,HOU,126474100,4111650.0,130585750.0,11369207.215671035,0.08855872612089905,18.16769848218358,40.724048091690015,iman shumpert
1629067,Isaac Bonga,1610612747,LAL,19.0,22,120.025,19,25,15,9,4,6,13,96.6,89.6,0.24,0.151,0.039,97.0,92.2,4.8,23.065194751093525,76.9,-0.048071874145106115,-2.179309187074482,3.2777282066999645,-1.1160560851262114,-5.455178443946091,-0.6735914057246388,1.3274989911623252,-1.7535746574140552,0.23357401007350578,False,-1.52527704728203,6.359500510455495,4.166161597081741,isaac bonga,1000000.0,False,False,LAL,107225482,0.0,107225482.0,1000000.0,0.007789349287154507,8.237734580340415,18.46540438489489,isaac bonga
1629353,Isaac Humphries,1610612737,ATL,21.0,5,56.43333333333333,15,11,0,1,0,0,-22,97.7,114.7,0.357,0.142,0.012,96.8,114.2,-17.4,15.884229178972237,24.9,-0.028592663103344827,-1.1093163956454455,-0.6397472649122578,-1.7274798842771109,-3.225103204362649,-0.30534358576096526,-0.24240726885347655,-2.584497952786675,0.1601609039419894,False,-1.7731474657518438,3.8102137244636722,2.370228821900044,isaac humphries,47370.0,False,False,ATL,79180081,0.0,79180081.0,47370.0,0.002,7.5427006567401085,16.907441775717277,isaac humphries
1628515,Isaiah Briscoe,1610612753,ORL,23.0,39,559.23,136,74,87,11,2,31,20,102.8,100.9,0.455,0.139,0.057,102.7,100.2,2.4,18.951772973552924,294.40000000000003,-0.01436659275609106,-2.828737089037928,4.018868390087247,-1.285346906587501,-1.596433174043275,-0.8970979667382155,1.6245067508484659,-1.1996257938323085,0.5041779988708894,False,-0.8115781232865213,20.85168742402545,16.199261000550898,isaiah briscoe,838464.0,False,False,ORL,114394213,0.0,114394213.0,838464.0,0.006531088960704716,34.06805495123233,76.36570529750296,isaiah briscoe
203477,Isaiah Canaan,1610612749,MIL,28.0,30,627.9233333333333,181,58,84,14,2,35,-174,102.5,114.9,0.518,0.147,0.057,102.4,115.2,-12.8,18.632847959145757,325.0,-0.005932447015434429,-3.149779973237605,-3.8902247346027967,-1.2884210193153744,-0.6308509673023271,-1.0075878159861595,-1.5450178313664313,-1.1996257938323085,0.5342468502197246,False,-1.159511485176774,12.312387887082926,9.731847839206505,isaiah canaan,744671.0,False,False,MIL,130988604,11447307.0,142435911.0,809749.0090075394,0.006307417866086945,20.717833794375352,46.44033808823847,isaiah canaan
1628392,Isaiah Hartenstein,1610612745,HOU,21.0,28,221.26,53,47,15,7,12,13,39,113.0,103.4,0.562,0.112,0.031,112.3,104.4,7.9,20.84244779896954,128.10000000000002,0.00040804036919282006,1.3749763910902888,1.2553234570705911,-1.2560698361750575,0.0950390029348813,0.5496485321252668,0.5170316634824941,-1.999774152339276,0.31713203444736904,False,-0.7396918249641509,22.974350482849243,15.914548894496876,isaiah hartenstein,838464.0,False,False,HOU,126474100,4111650.0,130585750.0,865722.3122204466,0.006743413475568088,33.09660925574326,74.1881481754295,isaiah hartenstein
1628439,Isaiah Hicks,1610612752,NYK,24.0,3,32.333333333333336,12,7,2,1,3,1,-2,100.0,104.5,0.588,0.153,0.104,102.2,104.3,-2.1,29.505154639175256,26.5,0.004535412290058036,-0.41168043724682163,0.22546786963651566,-0.6387278706599196,0.567560703405211,-0.06524578055477065,0.10432282960698104,0.24679623885336321,0.12123105912665161,False,0.005352566859642249,50.21353550326716,30.3567925679966,isaiah hicks,1509235.8031775593,True,True,NYK,123387454,0.0,123387454.0,1509235.8031775593,0.011755964827629181,51.97118051227472,116.49669641090381,isaiah hicks
202738,Isaiah Thomas,1610612743,DEN,30.0,12,180.78,97,13,23,5,1,18,-22,99.0,104.5,0.437,0.274,0.039,99.7,105.0,-5.3,25.111184865582473,126.09999999999998,-0.03325175838251044,-2.3043947216463385,0.8742075556177404,-0.916690198083425,-3.7584991924574456,-0.7166407381912228,0.36430160969707476,-1.7535746574140552,0.28665785751087874,False,-1.3718706948878119,8.50518473314808,5.7749867182337535,isaiah thomas,2029463.0,False,False,DEN,118327016,0.0,118327016.0,2029463.0,0.015808196172356445,8.913315411948496,19.979761654926193,isaiah thomas
202397,Ish Smith,1610612765,DET,30.0,56,1250.99,501,145,203,28,11,61,83,110.8,108.1,0.485,0.193,0.086,110.2,106.9,3.3,25.464951758207505,884.9000000000001,-0.014157859006658814,1.6733263746248996,0.5087467527373205,-0.33320773799993986,-1.5725363147055789,0.6523284117495819,0.2178452486068924,-0.3071526247283835,0.7540767985966802,True,-0.28080212007086575,38.94310887218973,34.633452569288615,ish smith,2112930.124448583,False,True,DET,126557932,4237398.0,130795330.0,2183675.0058004544,0.017009407349808884,52.10167319022322,116.7892040225641,ish smith
1628397,Ivan Rabb,1610612763,MEM,22.0,49,720.6816666666666,284,206,54,17,14,35,-94,103.3,109.5,0.586,0.166,0.106,103.5,109.7,-6.2,25.98539808375866,520.1999999999999,0.004588774118625058,-2.7617823986179473,-0.9020703625708558,-0.5585133210241328,0.5736698262218942,-0.8740548967465278,-0.347531774710685,0.3083461125846685,0.5723482993401621,True,-0.14431202326593048,44.262704224829676,35.74464489293137,ivan rabb,1378242.0,False,False,MEM,125188633,2183449.5,127372082.5,1402280.2991144173,0.010922851048297695,62.789999416858095,140.74776496521767,ivan rabb
1627826,Ivica Zubac,1610612746,LAC,22.0,59,1039.2,525,362,63,14,51,70,41,106.5,104.7,0.604,0.199,0.127,106.6,104.0,2.6,31.22632794457274,901.3999999999999,0.009083000298833657,-1.0383039099697995,2.57375137688107,0.13889066723717192,1.088190794452271,-0.28090398836392755,1.0453842363802284,0.9546197867633731,0.6872871571356738,True,0.5990092592085906,72.54166449530135,62.33354493660522,ivica zubac,1544951.0,False,False,LAC,118026816,0.0,118026816.0,1544951.0,0.012034162970538642,105.84573455752151,237.2599252815586,ivica zubac
200826,J.J. Barea,1610612742,DAL,35.0,38,751.8083333333333,415,95,211,22,1,72,58,109.5,106.3,0.495,0.263,0.131,108.3,105.6,2.8,34.78812197257723,726.5,-0.016662833775913304,0.4096704945997268,1.3285288566122513,0.29530765085830324,-1.8593180635515312,0.2174296659533032,0.5463683155790324,1.0777195342259835,0.58457767713629,False,0.23281476067949147,59.20473747593854,48.137001170882805,jj barea,2389623.3550311355,False,True,DAL,86958881,0.0,86958881.0,2389623.3550311355,0.018613610977079535,70.16740345437141,157.28468388811532,jj barea
1629122,J.P. Macura,1610612766,CHA,24.0,2,16.833333333333332,6,3,2,0,0,0,1,89.5,91.7,0.333,0.209,0.083,98.5,91.2,7.3,23.310891089108907,10.899999999999999,-0.04709956752534555,-0.42985654606462353,0.5436635038539646,-1.1447321984634813,-5.343864032219534,-0.07150125489178814,0.23183794021521378,-0.39947743532534097,0.08747293953855187,False,-1.183555382247889,11.829455559252079,6.971841320497444,jp macura,1509235.8031775593,True,True,CHA,121427859,0.0,121427859.0,1509235.8031775593,0.011755964827629181,11.93587309854655,26.75501635819184,jp macura
200755,JJ Redick,1610612755,PHI,35.0,76,2379.116666666667,1372,186,206,32,17,101,307,110.3,104.7,0.602,0.209,0.099,110.5,105.2,5.3,26.53489040049878,1753.6,0.009121432474654443,1.9188564565491857,2.5550995000342764,0.38787537016924384,1.0925906976884703,0.7368298384212185,1.0379096016479847,0.09292155452510055,1.0,True,0.5549448295634922,71.0533801321938,71.0533801321938,jj redick,12250000.0,False,False,PHI,115127167,0.0,115127167.0,12250000.0,0.0954195287676427,58.45326782615931,131.0267061291982,jj redick
2747,JR Smith,1610612739,CLE,33.0,11,222.335,74,18,21,11,3,11,-14,101.5,104.9,0.444,0.176,0.051,102.8,103.9,-1.1,21.178851732745628,130.79999999999998,-0.020126793705554147,-1.790743548887233,1.1672050882041192,-1.2272335417772955,-2.2558891183771053,-0.539862982204939,0.48171872281233247,-1.3842754150262242,0.317901499896373,False,-1.0691960166176477,14.249067663659487,9.875397207093734,smith,14720000.0,False,False,CLE,123255073,0.0,123255073.0,14720000.0,0.11465922150691434,7.618307931331486,17.076920275680294,smith
203960,JaKarr Sampson,1610612741,CHI,26.0,4,127.26666666666668,80,32,4,4,3,4,-7,107.3,109.6,0.633,0.234,0.162,105.5,107.7,-2.1,33.15243583027763,117.2,0.01746651291420642,-0.38100320011940736,-0.07464670640156447,-0.2811380019795917,2.0479762736586076,-0.05468792840364409,-0.015946398639206175,2.031742577061214,0.2405171196578008,False,0.8358395646158298,79.83774173624995,52.55181261201128,jakarr sampson,85457.0,False,False,CHI,112598201,0.0,112598201.0,85457.0,0.002,167.23389228882502,374.86537322321675,jakarr sampson
203210,JaMychal Green,1610612746,LAC,29.0,65,1370.5833333333333,611,409,50,45,34,87,-214,103.3,109.1,0.587,0.185,0.103,102.7,109.6,-6.9,26.594515717152063,1012.5,0.005298995252684552,-3.7791924702280912,-0.9583145944682947,-0.1496476372711393,0.6549794112096721,-1.224205892043554,-0.37007133427791594,0.2160213019877106,0.7892986913978917,True,-0.11350019098824136,45.48170058370137,41.16932636000555,jamychal green,8066667.0,False,False,LAC,118026816,0.0,118026816.0,8066667.0,0.06283408684616279,39.201483213940676,87.87261023930324,jamychal green
201580,JaVale McGee,1610612747,LAL,31.0,75,1670.6933333333334,897,566,52,47,148,108,-158,106.7,111.1,0.634,0.197,0.127,105.6,110.5,-4.9,34.782685032960366,1614.2,0.014901713863669504,-1.5838599851415442,-2.037991665993875,0.9444287771012451,1.7543455488388449,-0.4686621087542713,-0.802745847664459,0.9546197867633731,0.8714390745233201,True,0.5949337691673404,72.40561282966766,68.21677316187795,javale mcgee,2393887.0,False,False,LAL,107225482,0.0,107225482.0,2393887.0,0.01864682199697844,99.37487138351393,222.75507518447802,javale mcgee
203953,Jabari Parker,1610612764,WAS,24.0,64,1724.2716666666668,930,421,152,46,30,151,-204,104.6,110.8,0.56,0.236,0.111,104.4,110.3,-6.0,28.964577314286323,1387.3000000000002,0.0003877993493705847,-2.80460143298628,-1.8666337790840237,0.31384492338924086,0.09272171210453341,-0.8887914596331142,-0.7340751383486601,0.46222079691293155,0.8853021227156571,True,-0.01239426296039653,49.50555310640442,46.95037127161307,jabari parker,20000000.0,False,False,WAS,123747588,21882.0,123769470.0,20003536.553779133,0.15581453319574862,32.53294207926021,72.92465245937534,jabari parker
1628980,Jacob Evans,1610612744,GSW,22.0,30,203.59666666666664,40,25,23,5,3,11,-35,99.8,105.9,0.374,0.134,0.021,100.8,108.3,-7.5,16.143682771492657,91.29999999999998,-0.024703808844001456,-2.2274995175392145,0.21762735138631523,-1.6581766989763798,-2.7798881709859122,-0.6901765493621637,0.10118078601999411,-2.307523520995802,0.3042103538572272,False,-1.6121338211920477,5.346641120114289,3.672579230256766,jacob evans,1646400.0,False,False,GSW,146291276,54593535.0,200884811.0,2260809.816372099,0.01761023733154992,5.45821258892855,12.234929602347636,jacob evans
203109,Jae Crowder,1610612762,UTA,28.0,80,2165.7316666666666,951,384,133,64,31,85,227,109.7,105.3,0.538,0.183,0.086,109.4,104.9,4.5,24.764286742201826,1489.8,-0.0037252911824795926,1.1553848512346687,2.4633691776775146,0.053469186406430586,-0.3781649851841471,0.47407409229535025,1.0011491909333052,-0.3071526247283835,0.9921811754152993,True,0.0857802538897689,53.417944813766624,53.229995320688296,jae crowder,7305825.0,False,False,UTA,113826156,0.0,113826156.0,7305825.0,0.056907622755825574,52.47396348307108,117.62371631947799,jae crowder
1626143,Jahlil Okafor,1610612740,NOP,23.0,59,934.8483333333334,484,278,40,15,40,52,-118,106.0,111.5,0.603,0.198,0.115,105.5,112.1,-6.6,29.83671148082844,774.8000000000001,0.008839357081251577,-1.5622887148298283,-2.454914242321555,-0.06470194974239513,1.0602973286616202,-0.46123815849052474,-0.9698252249986,0.585320544375542,0.6518673642744056,True,0.10380576765293807,54.133825536225956,45.65323742159983,jahlil okafor,1567007.0,False,False,NOP,116052756,0.0,116052756.0,1567007.0,0.012205964858416123,77.13801092112554,172.90974250425052,jahlil okafor
1627774,Jake Layman,1610612757,POR,25.0,71,1326.9366666666667,541,217,53,31,30,46,71,110.8,108.9,0.594,0.156,0.082,110.4,108.7,1.7,22.542447391360046,830.9,0.005560341942804272,1.7882868983146918,-0.4996453550125316,-0.6060723891305273,0.684899657021146,0.6918931289792267,-0.1862622165141363,-0.4302523721909936,0.7766292746884,True,-0.10201422351699443,45.937269262560356,41.31980074325479,jake layman,1544951.0,False,False,POR,130256600,10166300.0,140422900.0,1665531.7256699468,0.012973408360080416,68.3417953636134,153.19246759789473,jake layman
1627751,Jakob Poeltl,1610612759,SAS,23.0,77,1272.655,423,410,93,29,68,48,88,110.0,106.1,0.64,0.125,0.11,110.9,106.0,4.9,27.517905481061245,972.8,0.010205402197759839,1.7532940336575764,1.4732677736654909,-0.10496794551382055,1.2166888469807062,0.6798500140839792,0.6043716224526487,0.4314458600472789,0.7605784282074699,True,0.4783283441633287,68.37917372276947,61.0120215600085,jakob poeltl,2947320.0,False,False,SAS,121588790,0.0,121588790.0,2947320.0,0.022957704941016222,82.63947446550155,185.24162186561034,jakob poeltl
1628973,Jalen Brunson,1610612742,DAL,22.0,73,1591.2583333333334,678,169,230,37,4,88,-83,107.7,110.4,0.549,0.186,0.088,106.9,109.8,-2.9,24.535299631842722,1084.5,-0.0017403615297333546,-0.6679817275221273,-1.48218747782755,-0.2613840952522142,-0.15092054179194173,-0.15345421724125047,-0.580010445574956,-0.2456027509970783,0.8504700126543219,True,-0.27168462980339925,39.29322602771843,36.64924401190541,jalen brunson,1230000.0,False,False,DAL,86958881,0.0,86958881.0,1230000.0,0.009580899623200044,67.40155484444219,151.08485885713793,jalen brunson
1627883,Jalen Jones,1610612739,CLE,26.0,16,214.1233333333333,81,34,7,9,2,8,-25,105.7,112.5,0.548,0.162,0.054,108.2,112.5,-4.3,21.385805688310477,127.2,-0.0016777987517032444,-0.26921891576653284,-1.3216730710785782,-1.2133432448130796,-0.14375804933239658,-0.016216343035140697,-0.5156851999406223,-1.2919506044292663,0.3119756206481331,False,-0.7922699313782737,21.410165014251614,14.78134304116343,jalen jones,1618236.166740383,True,True,CLE,123255073,0.0,123255073.0,1618236.166740383,0.012605006731846844,24.695675704813553,55.35692295013977,jalen jones
2037,Jamal Crawford,1610612756,PHX,39.0,64,1210.9116666666666,508,85,229,33,12,99,-377,101.4,116.5,0.522,0.198,0.083,101.0,115.4,-14.4,25.1542708179925,846.0999999999999,-0.007198642918748415,-4.91033595576042,-5.483650361719195,-0.38640553814339096,-0.7758112599131921,-1.6134992835037678,-2.1835741886446924,-0.39947743532534097,0.741899180441247,True,-0.9023773249426981,18.34282310799803,16.21238915326004,jamal crawford,4698113.0,False,False,PHX,108692835,0.0,108692835.0,4698113.0,0.03659524314752132,18.652862674171537,41.81157439042616,jamal crawford
1627750,Jamal Murray,1610612743,DEN,22.0,75,2447.3116666666665,1367,317,363,67,27,158,245,112.8,108.0,0.538,0.241,0.108,111.4,107.8,3.5,30.557121521778665,2077.3,-0.004905984562719026,3.2069323191340726,0.1761051122547592,0.9458963269036365,-0.5133365312579127,1.1801329448946898,0.08454098224461122,0.3698959863159737,1.0,True,0.4601434870029095,67.72933841422721,67.72933841422721,jamal murray,3499800.0,False,False,DEN,118327016,0.0,118327016.0,3499800.0,0.02726116463518334,86.38401539990197,193.6352477970055,jamal murray
203516,James Ennis III,1610612755,PHI,28.0,58,1229.638333333333,389,182,41,41,23,34,-8,110.5,109.8,0.59,0.125,0.056,110.0,109.5,0.5,19.3930193566401,662.4,0.003955402197759833,1.4944489717266625,-1.0862291514087383,-0.9808389627337871,0.5011583145831134,0.5907661150820831,-0.421332373470921,-1.230400730697961,0.7476138810586084,True,-0.5137411514636937,30.371648838493414,26.922226679204236,james ennis,1621415.0,False,False,PHI,115127167,0.0,115127167.0,1621415.0,0.012629767774431625,44.94896487634507,100.7559548112862,james ennis
201935,James Harden,1610612745,HOU,29.0,78,2866.725,2818,518,586,158,58,387,357,116.6,110.3,0.616,0.396,0.201,114.4,108.7,5.7,49.26206734165294,3922.8,0.02282671416250316,6.115493155943842,-1.0625848023152824,3.789822717736733,2.661638298130929,2.1811407983741873,-0.41185703356776165,3.2319651148216653,1.0,True,2.5816835233212863,99.50840149890342,99.50840149890342,james harden,30570000.0,False,False,HOU,126474100,4111650.0,130585750.0,31563825.142855335,0.2458616588763697,58.77803501363548,131.75469237216413,james harden
201949,James Johnson,1610612748,MIA,32.0,55,1163.8383333333334,428,176,135,35,27,74,-105,103.2,107.9,0.522,0.177,0.079,102.7,106.7,-4.0,23.74350389444124,767.6,-0.006435150487972067,-3.6358602007412273,0.6379939557836634,-0.5564908091628248,-0.688402916637203,-1.1748767786216867,0.269640338230895,-0.5225771827879514,0.7273358400645634,True,-0.5349417606812907,29.634506496438785,25.99838597791006,james johnson,14420700.0,False,False,MIA,153171497,82613612.25,235785109.25,22198557.770584922,0.1729123201461638,17.37018343702386,38.936367550603265,james johnson
203263,James Nunnally,1610612745,HOU,28.0,15,101.49333333333334,36,5,7,1,0,1,-24,111.0,122.0,0.503,0.153,0.035,112.5,125.4,-12.8,17.770625328428796,50.1,-0.008469587709941958,0.6415541875041084,-2.6909809688769974,-1.5584184737282887,-0.9213152284076981,0.29723456284716016,-1.0644276378245079,-1.8766744048766655,0.2147867159144935,False,-1.2058831854028287,11.393126742531773,7.367411233054172,james nunnally,663255.0,False,False,HOU,126474100,4111650.0,130585750.0,684817.2994806841,0.005334281143540941,16.631654038785182,37.280907077143006,james nunnally
201162,Jared Dudley,1610612751,BKN,33.0,59,1219.6483333333333,287,155,83,36,16,43,35,109.4,108.6,0.554,0.104,0.049,108.8,107.8,1.0,16.609049876398796,562.6999999999999,-0.00045310537146381065,0.6681970311601036,-0.01979893310782967,-1.276082093210999,-0.0035491683105519597,0.30640394153133793,0.00603353799746796,-1.4458252887575291,0.7445707528909566,True,-0.7064348632472703,23.995887327161146,21.237724182000555,jared dudley,9530000.0,False,False,BKN,118850600,0.0,118850600.0,9530000.0,0.07423249870658245,19.076431813655788,42.76103147346991,jared dudley
1629123,Jared Terrell,1610612750,MIN,24.0,14,110.92166666666668,31,6,12,3,2,10,-27,94.1,106.4,0.372,0.197,-0.009,96.5,108.0,-11.4,15.773293465358435,48.6,-0.0367122861363305,-2.2800634729020954,0.1329205156303233,-1.7189957350151417,-4.154677315028247,-0.7082669160693981,0.06723499805447715,-3.2307716269653795,0.2245416206273113,False,-2.1183368067998742,1.7073276781830526,1.1115449787111684,jared terrell,1509235.8031775593,True,True,MIN,121962221,0.0,121962221.0,1509235.8031775593,0.011755964827629181,1.9029778790600052,4.265645576420174,jared terrell
1626185,Jarell Martin,1610612753,ORL,25.0,42,327.88,115,73,18,3,8,11,31,106.0,101.6,0.528,0.153,0.065,107.4,102.8,4.6,21.794558984994506,198.49999999999997,-0.004644587709941955,-0.49817766156018256,2.286020964976049,-1.128533553489714,-0.4834105425803714,-0.09501459258925482,0.9300778922512328,-0.9534262989070877,0.3860522809625189,True,-0.5154133644823139,30.313209772762917,21.938383074251306,jarell martin,2416221.0,False,False,ORL,114394213,0.0,114394213.0,2416221.0,0.01882078932395775,31.855063124353222,71.40514380025438,jarell martin
1628991,Jaren Jackson Jr.,1610612763,MEM,19.0,58,1514.6883333333333,798,272,64,52,82,98,-103,101.3,103.6,0.591,0.231,0.1,100.7,103.2,-2.5,28.977050284271904,1219.2,0.007540583261460172,-5.381450912515314,3.5576882688021705,0.19183731088174813,0.9116073570233166,-1.7756378111340039,1.439691411314936,0.12369649139075316,0.8297558056257859,True,0.1714174187183003,56.80522203349866,52.45338036589506,jaren jackson,5922720.0,False,False,MEM,125188633,2183449.5,127372082.5,6026019.794180515,0.046938772988178945,55.31392433366038,123.98966863706703,jaren jackson
1628417,Jaron Blossomgame,1610612739,CLE,25.0,27,439.16,114,98,13,7,8,11,-43,103.7,109.6,0.51,0.12,0.078,105.2,109.4,-4.3,17.772110392567626,216.79999999999998,-0.005802813890150555,-1.635638021030843,-0.6490023109219916,-1.4363207827483278,-0.6160099338382097,-0.48648199407590026,-0.2461161764835825,-0.5533521196536041,0.44678650585954566,False,-0.727377047242817,23.349750560655636,17.536921867919883,jaron blossomgame,1567928.3066344643,True,True,CLE,123255073,0.0,123255073.0,1567928.3066344643,0.012213141237592538,29.62517199093346,66.40670143587487,jaron blossomgame
1629020,Jarred Vanderbilt,1610612743,DEN,20.0,17,69.18666666666667,24,23,3,6,1,8,10,96.9,92.5,0.513,0.179,0.085,102.3,94.1,8.2,25.13201002119869,48.3,-0.00811886405280791,-0.9673077790945422,1.7785819767528845,-0.9719558500497559,-0.8811626707895293,-0.2564700196212483,0.7267245719916985,-0.3379275615940357,0.1773372066106965,False,-0.40600344875351163,34.23700332019887,21.562524365295726,jarred vanderbilt,838464.0,False,False,DEN,118327016,0.0,118327016.0,838464.0,0.006531088960704716,45.34733188996702,101.64891973123976,jarred vanderbilt
1628386,Jarrett Allen,1610612751,BKN,21.0,80,2095.97,873,672,110,43,120,103,-119,109.2,111.6,0.632,0.158,0.121,107.9,110.1,-2.2,28.989346221558517,1687.8,0.011635628377968435,0.2600835214019328,-2.1056147945925576,0.5357069960575939,1.3804281270084875,0.16594793895822424,-0.8298454360800656,0.7699701655694573,0.9760705078853864,True,0.4723973931682326,68.16784176428065,67.43379193989479,jarrett allen,2034120.0,False,False,BKN,118850600,0.0,118850600.0,2034120.0,0.015844471171986726,103.99619883412429,233.11407368561802,jarrett allen
201160,Jason Smith,1610612740,NOP,33.0,20,190.51666666666668,65,52,14,3,7,13,-49,96.0,108.1,0.492,0.169,0.062,98.0,108.3,-10.3,23.317645000437405,123.39999999999999,-0.011214296228628703,-3.0067723102490285,-0.0352924888280092,-1.0618734851855989,-1.2355428680320395,-0.95837041886397,-0.00017541730838447432,-1.0457511095040455,0.29427620503276314,False,-0.9083070097782724,18.18580200148649,12.410433060131172,jason smith,5450000.0,False,False,NOP,116052756,0.0,116052756.0,5450000.0,0.042451953614992065,13.555634302650072,30.38581380001714,jason smith
1628393,Jawun Evans,1610612760,OKC,22.0,8,64.34833333333333,6,12,10,3,0,6,-51,77.9,115.9,0.214,0.142,0.025,79.5,114.1,-34.6,14.881504312466008,26.6,-0.04889866310334483,-3.333771487512147,-0.7671328671080261,-1.8062998716534935,-5.5498332829011305,-1.0709101809274462,-0.2934563324078469,-2.184423773533191,0.17102409895755166,False,-2.1440320694087944,1.6015158645584509,1.0040877389731981,jawun evans,1378242.0,False,False,OKC,144916427,49437851.25,194354278.25,1848425.5698895783,0.014398032395177549,1.6012629635980409,3.5893324628299914,jawun evans
1629121,Jaylen Adams,1610612737,ATL,23.0,34,427.5883333333333,108,60,65,14,5,28,-57,102.5,109.1,0.474,0.131,0.055,103.6,108.9,-5.3,20.42525326150932,242.60000000000002,-0.011050738496747694,-2.276200239125127,-0.40930047678614073,-1.2055984045188568,-1.2168179798767496,-0.7069373487790628,-0.1500570147417802,-1.2611756675636137,0.44086090020927615,False,-0.9908241529084372,16.088572666118406,12.040485149265416,jaylen adams,236854.0,False,False,ATL,79180081,0.0,79180081.0,236854.0,0.002,38.316037001875465,85.88782641222079,jaylen adams
1627759,Jaylen Brown,1610612738,BOS,22.0,74,1913.3516666666667,964,313,100,69,32,99,66,108.3,105.9,0.547,0.215,0.084,108.1,105.1,3.0,26.346855561488518,1400.3,-0.0024417082198530714,0.06511205250124123,2.1184799674009263,0.11434185170246845,-0.23121413708420574,0.09884672205945923,0.862936779866876,-0.36870249845968833,0.9325799177712883,True,0.027560118114030085,51.099350464632884,49.5490453800612,jaylen brown,5169960.0,False,False,BOS,125334993,2402989.5,127737982.5,5269081.237397923,0.0410427141804847,54.76458010725849,122.75827872178293,jaylen brown
1628537,Jaylen Morris,1610612749,MIL,23.0,4,28.51333333333333,10,5,4,2,0,1,12,109.2,86.8,0.46,0.15,0.109,109.3,89.5,19.8,27.902735562310035,22.1,-0.014753517362688193,0.06269685004034055,1.06131040558185,-0.7698947976489287,-1.640730193204263,0.0980155080100545,0.4392820243937284,0.40067092318162634,0.11384465758482502,False,-0.23778732157781637,40.60230262927506,24.41132630409465,jaylen morris,1349927.579508817,True,True,MIL,130988604,11447307.0,142435911.0,1467899.9447262092,0.011433985388067237,42.200665570492745,94.59546765813106,jaylen morris
1628369,Jayson Tatum,1610612738,BOS,21.0,79,2454.6966666666667,1243,477,168,84,57,122,360,111.9,105.1,0.547,0.218,0.106,111.3,104.5,6.8,28.453047151786578,1940.1000000000001,-0.002475778567106835,2.8596432057951,2.784837618507581,0.6775005299975151,-0.23511467687771875,1.0606102154813528,1.1299758603824808,0.3083461125846685,1.0,True,0.5551996761226966,71.06209547840801,71.06209547840801,jayson tatum,6700800.0,False,False,BOS,125334993,2402989.5,127737982.5,6829271.320388553,0.05319557969125329,71.72633905920846,160.77913689246756,jayson tatum
201145,Jeff Green,1610612764,WAS,32.0,77,2096.688333333333,946,309,137,43,39,101,-94,111.3,113.2,0.608,0.174,0.088,110.0,112.5,-2.5,23.785509370729873,1385.2999999999997,0.00863791985928169,1.9557394888683188,-3.785243611324288,-0.10114823032734366,1.0372358114326916,0.7495234718306837,-1.5029472367162,-0.2456027509970783,0.9762377535801161,True,-0.056396075898883055,47.751314148058746,47.24070882591199,jeff green,2393887.0,False,False,WAS,123747588,21882.0,123769470.0,2394310.3055058336,0.018650119271418554,68.81370427159429,154.25028133706246,jeff green
201952,Jeff Teague,1610612750,MIN,31.0,42,1264.035,510,106,343,43,18,97,0,113.0,113.1,0.528,0.186,0.103,111.2,110.7,0.5,30.166253307859353,1059.2,-0.005646361529733358,2.7387793317448446,-2.556621712319038,0.16971430338974836,-0.5980985033191413,1.0190138061523444,-1.0105839215102863,0.2160213019877106,0.7579982609718598,True,0.01878467364218779,50.74935598356151,45.22271140240049,jeff teague,19000000.0,False,False,MIN,121962221,0.0,121962221.0,19000000.0,0.14799763645593564,31.90542402760454,71.51803095808336,jeff teague
1629203,Jemerrio Jones,1610612747,LAL,24.0,6,143.11666666666667,27,49,13,7,5,5,28,108.7,98.0,0.398,0.108,0.098,105.7,97.3,8.4,24.62606265284733,97.9,-0.0173185325011355,-0.2665699183656519,2.3393181338836437,-0.9760601775929207,-1.9343856568236366,-0.01530466631565456,0.9514364329020867,0.06214661765944792,0.25505495545672174,False,-0.3751091426359765,35.378964891274556,23.519041831703035,jemerrio jones,52170.0,False,False,LAL,107225482,0.0,107225482.0,52170.0,0.002,74.84386765986497,167.76727492133557,jemerrio jones
203924,Jerami Grant,1610612760,OKC,25.0,80,2612.26,1090,417,79,61,100,67,300,111.0,105.6,0.592,0.15,0.084,109.3,104.4,4.9,23.881390060713713,1732.9,0.005046482637311799,1.5797541621830513,2.696047123932694,0.1608562637221076,0.6260705334313083,0.6201246777460396,1.0943935691152817,-0.36870249845968833,1.0,True,0.28069163343651493,61.05265367843214,61.05265367843214,jerami grant,8333333.0,False,False,OKC,144916427,49437851.25,194354278.25,11176227.25153103,0.08705553777479,51.86482306339633,116.25828944552617,jerami grant
203087,Jeremy Lamb,1610612766,CHA,27.0,79,2250.09,1208,434,172,88,32,80,49,110.3,109.6,0.552,0.22,0.118,108.8,108.7,0.1,30.369985200591973,1898.1999999999998,-0.001398492131942677,1.0653845759185159,-0.7919366962486567,0.7999016283700405,-0.11178166303808447,0.4430996731714231,-0.30339632741800404,0.6776453549724994,1.0,True,0.4074572659915602,65.81639127154942,65.81639127154942,jeremy lamb,7000000.0,False,False,CHA,121427859,0.0,121427859.0,7000000.0,0.054525445010081545,65.8599559146802,147.62926710921832,jeremy lamb
202391,Jeremy Lin,1610612761,TOR,30.0,74,1436.3133333333333,707,179,231,47,13,124,-184,101.7,106.8,0.558,0.213,0.1,101.8,107.5,-5.7,27.858823747835896,1111.5,-7.59946550172269e-05,-4.7012903344658,0.6468924449866517,0.023743855949547657,0.039624308763345883,-1.5415543181438767,0.27320635772627816,0.12369649139075316,0.8080035253448447,True,-0.14126363634352507,44.3830837743695,40.54845574581798,jeremy lin,12516746.0,False,False,TOR,137793831,26402077.5,164195908.5,14915025.339078793,0.1161783419928448,31.137060048505372,69.7956943799283,jeremy lin
1626170,Jerian Grant,1610612753,ORL,26.0,60,938.7733333333332,250,98,156,44,6,51,-148,100.5,107.7,0.526,0.13,0.076,101.2,107.5,-6.3,22.027042381547552,574.4,-0.004206381714329767,-4.68343093834436,0.3341257290280831,-0.8349139192736141,-0.4332425794859384,-1.5354078433822995,0.14786685557341187,-0.6149019933849093,0.6532343771688317,True,-0.6663166129281003,25.260437456239725,21.31868435886439,jerian grant,2639313.0,False,False,ORL,114394213,0.0,114394213.0,2639313.0,0.020558530835127622,30.01305949677077,67.27617587466388,jerian grant
1629010,Jerome Robinson,1610612746,LAC,22.0,33,320.52,112,41,19,11,3,13,-23,107.8,111.2,0.491,0.159,0.043,108.7,111.8,-3.1,20.13852489704231,179.3,-0.01070972840444949,0.09458224187574552,-1.3546730180571198,-1.2748110230908463,-1.177777478613536,0.10898915767024862,-0.5289097430723451,-1.6304749099514448,0.38169478525506356,False,-1.04749993836049,14.743453029601971,10.641273778404504,jerome robinson,3050160.0,False,False,LAC,118026816,0.0,118026816.0,3050160.0,0.02375876162170719,14.24139010327277,31.922978908250357,jerome robinson
201573,Jerryd Bayless,1610612750,MIN,30.0,34,656.9966666666667,209,62,119,18,2,32,-161,105.0,117.4,0.431,0.172,0.059,103.6,117.2,-13.6,22.893266835448177,417.8,-0.021905366575882462,-2.236107808629762,-5.217326972400144,-0.8803377119131071,-2.4595088292273344,-0.6931391715901817,-2.0768465884056195,-1.1380759201010033,0.5464749294202329,False,-1.3459313923920484,8.916232180954314,7.0965515078265105,jerryd bayless,8575916.0,False,False,MIN,121962221,0.0,121962221.0,8575916.0,0.06680080518129693,6.61410159185132,14.82592809287437,jerryd bayless
1628975,Jevon Carter,1610612763,MEM,23.0,39,576.5016666666667,172,66,69,26,11,33,-89,99.8,106.7,0.432,0.172,0.053,98.7,106.8,-8.1,21.7185842191841,347.79999999999995,-0.021733366575882464,-4.797232312018458,0.7133745413682929,-1.0253528206711304,-2.439817428975753,-1.574573628516598,0.2998486838990465,-1.322725541294919,0.5119044951172163,False,-1.2103372235952539,11.307475987231458,8.823868296809497,jevon carter,838464.0,False,False,MEM,125188633,2183449.5,127372082.5,853087.8820386193,0.0066449994858376665,18.445179260634823,41.34603885057725,jevon carter
202690,Jimmer Fredette,1610612756,PHX,30.0,6,64.76666666666667,22,7,8,3,0,5,-38,92.1,117.6,0.348,0.242,0.033,90.5,120.0,-29.5,20.95522388059701,37.699999999999996,-0.05090634134513696,-1.9447055883822766,-1.2554919430194456,-1.3132133189349189,-5.779682095898345,-0.592850428340431,-0.489163485130196,-1.9382242786079706,0.17157911859953687,False,-1.939025014721467,2.6249146141824555,1.6463742789555618,jimmer fredette,198579.0,False,False,PHX,108692835,0.0,108692835.0,198579.0,0.002,5.239202325268926,11.744004209756232,jimmer fredette
202710,Jimmy Butler III,1610612755,PHI,29.0,65,2184.9766666666665,1215,342,263,123,39,95,160,111.9,108.3,0.571,0.218,0.126,111.3,107.9,3.4,33.581685845615446,2038.2000000000003,0.002756221432893145,2.801129627598974,0.02610960794340863,1.1587861852695713,0.36387024240295135,1.0404722315794057,0.024431127594849767,0.9238448498977204,0.9965797570296178,True,0.78116604152329,78.26475782095619,78.14429980146159,jimmy butler,19841627.0,False,False,PHI,115127167,0.0,115127167.0,19841627.0,0.15455336312843562,54.30213926857244,121.72168826027342,jimmy butler
201149,Joakim Noah,1610612763,MEM,34.0,42,692.485,298,238,89,20,31,50,4,103.5,101.7,0.571,0.191,0.142,103.8,102.2,1.6,32.502075857238786,625.2,0.0024148545581770217,-2.5654919116207866,3.5377191939026056,0.038651120743437684,0.32478889494558655,-0.8064997276880771,1.4316889168720928,1.4162438397481616,0.5610400244999542,True,0.5770326447297482,71.80412984027468,57.620517256304595,joakim noah,20261172.0,False,False,MEM,125188633,2183449.5,127372082.5,20614552.69290056,0.160573951323454,39.50826568550641,88.56028260121425,joakim noah
201975,Jodie Meeks,1610612761,TOR,31.0,8,104.04,51,12,8,1,1,2,13,118.8,113.0,0.647,0.169,0.09,119.7,115.5,4.2,24.91349480968858,72.0,0.014980703771371303,1.9363467939963448,-1.1037009766591894,-0.9720615315560981,1.7633886993527499,0.7428492982595819,-0.42833410916354986,-0.18405287726577305,0.21746473068272265,False,0.0134543371985609,50.536734203081124,32.740684593570435,jodie meeks,3774176.0,False,False,TOR,137793831,26402077.5,164195908.5,4497329.471584951,0.03503127011358919,38.24945865028314,85.73858681564941,jodie meeks
1629147,Joe Chealey,1610612766,CHA,23.0,1,7.75,2,0,1,0,0,0,-3,87.5,113.3,0.333,0.176,0.0,94.9,107.9,-13.0,15.793548387096774,3.4,-0.039662793705554145,-0.2466243504381996,-0.030037116335485694,-1.7504525742441817,-4.492465835324203,-0.008440216418368684,0.0019306436572843317,-2.953797195174506,0.05935256753272998,False,-1.9985986133261902,2.2825900275498365,1.3163894255942696,joe chealey,1349927.579508817,True,True,CHA,121427859,0.0,121427859.0,1349927.579508817,0.010515057429157213,2.343405279145295,5.252891519518609,joe chealey
203925,Joe Harris,1610612751,BKN,27.0,76,2293.5216666666665,1041,291,181,38,17,121,-78,109.6,111.2,0.645,0.167,0.089,108.1,109.8,-1.7,22.70168220197033,1446.2999999999997,0.014469417336207145,0.49435516258659784,-1.861991480133544,-0.14305245044131423,1.7048541305270415,0.24657467012558687,-0.7322147631565153,-0.21482781413142565,1.0,True,0.08267064877466078,53.29432880778049,53.29432880778049,joe harris,8333333.0,False,False,BKN,118850600,0.0,118850600.0,8333333.0,0.06491124146317112,50.17254403208927,112.46493869594768,joe harris
204060,Joe Ingles,1610612762,UTA,31.0,82,2567.5666666666666,994,330,469,98,20,193,428,109.2,101.6,0.581,0.17,0.104,109.4,101.6,7.8,26.177314448180507,1866.9999999999998,0.003849346988953372,1.0229258203382459,5.433902940228948,0.4423022273606382,0.48901659617978144,0.4284871035297875,2.191573887453117,0.24679623885336321,1.0,True,0.6509760665705715,74.24690316869902,74.24690316869902,joe ingles,12545455.0,False,False,UTA,113826156,0.0,113826156.0,12545455.0,0.09772093096127894,60.573097362864274,135.778438445959,joe ingles
203954,Joel Embiid,1610612755,PHI,25.0,64,2154.305,1761,871,234,46,122,226,373,112.5,104.8,0.593,0.327,0.196,112.6,104.6,7.9,45.57182014617242,2727.0999999999995,0.011328332149339725,3.6215819249334458,2.769339057027233,2.6202423562214463,1.3452473535565714,1.3228384047889423,1.1237648990463975,3.0780904304934023,0.9895602788383057,True,2.147265316812169,98.41139173286568,97.94906736289427,joel embiid,25467250.0,False,False,PHI,115127167,0.0,115127167.0,25467250.0,0.19837330563328562,62.370362848024634,139.80712298863685,joel embiid
1628381,John Collins,1610612737,ATL,21.0,61,1828.4016666666664,1188,595,121,22,39,120,-76,111.7,113.0,0.627,0.23,0.136,109.8,112.5,-2.7,34.107822770525445,1732.3000000000002,0.0157879400438781,1.9334110617566036,-3.6184137232352396,0.9769606021629351,1.8558050513267392,0.7418389391189021,-1.4360910974584995,1.2315942185542466,0.9116422909599283,True,0.787951350055079,78.46374183828173,75.34394742608774,john collins,2299080.0,False,False,ATL,79180081,0.0,79180081.0,2299080.0,0.017908337159111182,111.32075018767515,249.53251996622845,john collins
203089,John Henson,1610612739,CLE,28.0,14,188.40833333333333,79,71,14,7,11,12,1,105.6,103.9,0.553,0.173,0.127,106.2,105.7,0.5,32.27245787075943,168.89999999999998,-0.0009267233583003775,-0.5851077408285545,0.8517366925504517,-0.31357067933538396,-0.05777126915443108,-0.12493237562131965,0.35529653771821273,0.9546197867633731,0.29264338624877806,False,0.23388220013653516,59.24617838775645,40.38749913282755,john henson,10577466.0,False,False,CLE,123255073,0.0,123255073.0,10577466.0,0.08239157724700104,34.977202544898596,78.40361727425763,john henson
204066,John Holland,1610612739,CLE,30.0,1,0.7366666666666667,0,0,0,0,0,0,1,50.0,0.0,0.0,0.0,0.0,113.6,0.0,113.6,0.0,0.0,-0.0,-0.029331916850793893,0.15902137953215617,-3.0139977201414974,0.04832454811756152,0.06634296493026036,0.07769477244955317,-2.953797195174506,0.01829886567108696,False,-1.6107842457631198,5.361337801490412,2.992883670930784,john holland,2112930.124448583,True,True,CLE,123255073,0.0,123255073.0,2112930.124448583,0.016458350758680854,4.554615534416309,10.209459511045065,john holland
203098,John Jenkins,1610612752,NYK,28.0,26,333.105,121,37,22,0,2,9,-49,100.3,106.7,0.536,0.16,0.074,100.5,106.4,-5.9,18.275318593236364,169.1,-0.0035770851868674037,-3.0698865180904944,0.628575242650983,-1.4310448839169836,-0.36119763879296235,-0.9800917515986639,0.2658658419218721,-0.6764518671162145,0.38911613129805306,False,-0.7220103133845734,23.514406835983852,17.050349517795055,john jenkins,585809.0,False,False,NYK,123387454,0.0,123387454.0,585809.0,0.004563070916558694,40.65278992340583,91.12580625034511,john jenkins
202322,John Wall,1610612764,WAS,28.0,32,1103.78,663,116,279,49,29,121,-152,107.1,113.2,0.527,0.286,0.123,105.9,111.3,-5.5,36.894308648462555,1131.1999999999998,-0.008968039771525485,-1.1823028105109534,-2.730864501041631,0.759609438229128,-0.9783804554476242,-0.33046252896925704,-1.080410739000386,0.8315200393007626,0.7083206772487881,False,0.0809703128349206,53.226721905624395,46.24041151665957,john wall,19169800.0,False,False,WAS,123747588,21882.0,123769470.0,19173189.751431763,0.1493466719227931,32.5199855791099,72.89560964276657,john wall
1628405,Johnathan Motley,1610612746,LAC,24.0,22,156.01833333333337,102,51,11,5,3,16,-34,98.0,106.9,0.563,0.266,0.119,98.0,108.0,-10.0,34.080610184700504,147.7,0.0012350958768329184,-2.401538492267386,0.12654360204019854,-0.1847089487500313,0.18972435776753416,-0.7500736566564724,0.06467948580245106,0.7084202918381521,0.2663032561618882,False,0.09199837840096466,53.66503360110835,35.94679641611512,johnathan motley,1509235.8031775593,True,True,LAC,118026816,0.0,118026816.0,1509235.8031775593,0.011755964827629181,61.541331851687154,137.94879744467994,johnathan motley
1629140,Johnathan Williams,1610612747,LAL,24.0,24,371.7033333333333,157,99,13,8,7,16,55,110.0,102.4,0.599,0.158,0.078,109.7,103.6,6.1,24.571208221610426,253.70000000000002,0.00642162837796843,0.7343328961772783,2.120148309971423,-0.8664368288445021,0.7835039356611195,0.32916520526046983,0.8636053587678171,-0.5533521196536041,0.4110426505924423,False,-0.08617366815379578,46.566418129764116,34.22488274286466,johnathan williams,127250.0,False,False,LAL,107225482,0.0,107225482.0,127250.0,0.002,108.91271051818512,244.13474636253406,johnathan williams
202720,Jon Leuer,1610612765,DET,30.0,41,402.3683333333333,156,97,14,12,4,23,-116,93.9,107.2,0.616,0.157,0.091,94.0,107.9,-13.9,21.982843248930294,245.7,0.009049985160386353,-6.30411339972707,0.21050363847164738,-1.0789621637551747,1.0844110601178105,-2.0931805574026114,0.09832599813929555,-0.1532779404001204,0.42766189562515033,True,-0.4522904479306557,32.55298781884001,24.168895915852403,jon leuer,10002681.0,False,False,DET,126557932,4237398.0,130795330.0,10337589.605049253,0.08052309622098623,21.099965465931277,47.29691045953043,jon leuer
1628413,Jonah Bolden,1610612755,PHI,23.0,44,638.6716666666666,207,165,40,17,39,36,-29,106.2,107.9,0.595,0.131,0.072,107.3,108.2,-1.0,24.99876044811758,443.5,0.004800261503252305,-0.6943127554696424,0.006778047405142905,-0.6934163033910568,0.5978819351687277,-0.16251628169322213,0.01668411344637116,-0.7380017408475198,0.5387998728937331,True,-0.32694713306373857,37.18539356371133,29.46793485657523,jonah bolden,1690000.0,False,False,PHI,115127167,0.0,115127167.0,1690000.0,0.013164000295291117,48.490988570008994,108.69562550673129,jonah bolden
201973,Jonas Jerebko,1610612744,GSW,32.0,73,1217.9633333333334,459,288,96,27,18,43,56,109.6,108.1,0.588,0.144,0.092,110.5,107.7,2.8,24.538669746489354,830.1999999999999,0.004268623331819327,1.4477818268821023,0.16453802978787013,-0.44719352035311033,0.5370174001529963,0.574705189727636,0.07990553900917093,-0.1225030035344678,0.7440562458374347,True,0.030194938184852554,51.204420728210806,45.306967476306816,jonas jerebko,2165481.0,False,False,GSW,146291276,54593535.0,200884811.0,2973603.438998584,0.023162435827843813,61.17692030953587,137.1319458670137,jonas jerebko
202685,Jonas Valančiūnas,1610612763,MEM,27.0,49,1091.1733333333334,763,419,70,19,53,90,71,109.7,107.0,0.616,0.274,0.169,108.6,106.6,2.0,38.801901317236485,1176.1,0.01579424161748956,0.6460792756035374,0.913498835064431,0.9447783618495865,1.8565264862581234,0.2987919133649452,0.3800473689275733,2.2471671351207823,0.7042640689314477,True,1.2906495962812277,90.15873950795621,78.16030906039758,jonas valanciunas,16539326.0,False,False,MEM,125188633,2183449.5,127372082.5,16827792.949591476,0.131077557016284,57.537163184400825,128.9731994880252,jonas valanciunas
1628371,Jonathan Isaac,1610612753,ORL,21.0,75,1996.1833333333332,720,411,80,59,98,75,8,108.2,107.3,0.537,0.16,0.082,107.7,106.6,1.0,24.17513421445926,1340.5,-0.0034170851868674038,-0.1582377031156932,0.9692968726849807,-0.10281953634265276,-0.342880057163584,0.021978857851226226,0.4024081186481191,-0.4302523721909936,0.9525523925779938,True,-0.14255455784259705,44.33209942081799,43.385545998537445,jonathan isaac,4969080.0,False,False,ORL,114394213,0.0,114394213.0,4969080.0,0.03870589975581372,48.946332353121974,109.71630746817675,jonathan isaac
203613,Jonathon Simmons,1610612755,PHI,29.0,56,1064.265,366,126,128,29,15,68,-148,101.9,107.2,0.466,0.182,0.06,102.4,107.5,-5.2,21.37813420529661,632.0,-0.016808934400061672,-4.01268299111751,0.4844745072236507,-0.844579319512516,-1.8760443767324115,-1.3045637935064942,0.2081182827451588,-1.1073009832353509,0.6955262886345981,True,-0.9892086079727964,16.12805438513466,13.918298526049414,jonathon simmons,6000000.0,False,False,PHI,115127167,0.0,115127167.0,6000000.0,0.04673609572292704,14.699578881245063,32.95003810606316,jonathon simmons
1628395,Jordan Bell,1610612744,GSW,24.0,68,788.29,223,184,76,20,51,42,-100,105.7,111.2,0.531,0.133,0.083,107.9,111.4,-3.5,24.90758477210164,545.4,-0.00363845206158353,-0.6595380873538915,-1.975124839997185,-0.6261332310865715,-0.3682232183989153,-0.15054826113629596,-0.777552320763087,-0.39947743532534097,0.5985930473732854,True,-0.47082510841398995,31.88828163391616,26.128201554088438,jordan bell,1378242.0,False,False,GSW,146291276,54593535.0,200884811.0,1892579.5936202102,0.01474196350844875,41.32494150694056,92.63247664338458,jordan bell
203903,Jordan Clarkson,1610612739,CLE,27.0,81,2214.48,1364,270,196,57,13,135,-350,107.0,115.0,0.539,0.266,0.105,106.5,114.4,-7.8,29.09613092012572,1789.8000000000002,-0.005148904123167058,-1.1403883183600152,-5.341806944549632,0.6188696555197759,-0.5411471492446598,-0.31603727257210573,-2.1267312370626916,0.27757117571901585,1.0,True,-0.20959858223626987,41.69904931379646,41.69904931379646,jordan clarkson,12500000.0,False,False,CLE,123255073,0.0,123255073.0,12500000.0,0.09736686608943133,34.062720635168716,76.35374808981793,jordan clarkson
1628070,Jordan Loyd,1610612761,TOR,25.0,12,54.833333333333336,29,9,6,0,0,2,-20,94.5,110.2,0.635,0.159,0.121,93.7,110.9,-17.2,26.852279635258355,40.9,0.012186271595550514,-1.3912947251277101,-0.24983004775487386,-0.840013381637366,1.4434684525505077,-0.4023890106840257,-0.08615013730559314,0.7699701655694573,0.15787413475374118,False,0.16422709994562892,56.52238159694293,35.10284981829578,jordan loyd,1567928.3066344643,True,True,TOR,137793831,26402077.5,164195908.5,1868352.239736425,0.014553248186744448,55.7703659983819,125.01281156975047,jordan loyd
203895,Jordan McRae,1610612764,WAS,28.0,27,332.8433333333333,160,40,30,13,7,15,-22,106.5,109.7,0.55,0.191,0.089,107.6,110.6,-3.1,27.21280282014562,251.60000000000002,-0.0015961454418229608,-0.3748180301377965,-0.8584080053775306,-0.6570517585554198,-0.1344099795258902,-0.05255924550028454,-0.3300343306599026,-0.21482781413142565,0.3889632685002843,False,-0.3062618172311943,37.97026543500539,27.52971333649334,jordan mcrae,1878160.1106209627,True,True,WAS,123747588,21882.0,123769470.0,1878492.2213328143,0.014632232045164043,43.65561214484226,97.85682265710106,jordan mcrae
1626296,Jordan Sibert,1610612737,ATL,26.0,1,4.233333333333333,3,0,0,0,0,0,-5,133.3,170.0,1.5,0.083,0.09,127.1,188.9,-61.8,25.511811023622045,3.0,0.07815638705931253,0.18035500487490236,-0.6149590321860423,-0.9747774181536368,8.996049546969111,0.13850863970761443,-0.23247352401866875,-0.18405287726577305,0.04386618771038149,False,1.0364024816805675,84.99927934566983,48.427471094479344,jordan sibert,47370.0,False,False,ATL,79180081,0.0,79180081.0,47370.0,0.002,154.10913691268752,345.44540185735286,jordan sibert
101181,Jose Calderon,1610612765,DET,37.0,49,631.9633333333334,113,60,115,16,3,35,-172,93.8,107.8,0.453,0.104,0.056,93.5,108.2,-14.6,17.55671478830523,308.2,-0.010957105371463815,-8.082845497929494,0.02907818358287147,-1.3866393664733314,-1.2060984022792416,-2.705347501618791,0.025620767584555986,-1.230400730697961,0.5359627418077311,True,-1.2986538312747427,9.703137752964274,7.676959905527928,jose calderon,2393887.0,False,False,DET,126557932,4237398.0,130795330.0,2474038.8468714077,0.019271152728270357,11.05525274498397,24.781049998932158,jose calderon
1628404,Josh Hart,1610612747,LAL,24.0,67,1714.815,525,248,93,64,40,58,0,105.1,104.7,0.526,0.13,0.063,103.9,104.4,-0.5,20.330123074500744,968.3999999999999,-0.004206381714329767,-2.878553733334602,2.7656774621052844,-0.6821057751357922,-0.4332425794859384,-0.9142428211775201,1.1222975354773683,-1.014976172638393,0.8828710911771682,True,-0.5087974753533795,30.54470946088531,28.934758640626548,josh hart,1655160.0,False,False,LAL,107225482,0.0,107225482.0,1655160.0,0.012892619366126653,47.962029712271594,107.50993068786647,josh hart
1628367,Josh Jackson,1610612756,PHX,22.0,79,1988.1266666666668,910,347,183,74,56,173,-430,102.8,112.4,0.487,0.234,0.073,101.6,111.4,-9.7,26.10558012735607,1441.7,-0.016697487085793588,-4.808554758321192,-2.9627936391575043,0.12537044097394967,-1.8632853437544077,-1.5784703521216878,-1.1733550365324732,-0.7072268039818672,0.9506281814642039,True,-0.8730920408123581,19.130645589638107,18.705613946502197,josh jackson,6041520.0,False,False,PHX,108692835,0.0,108692835.0,6041520.0,0.047059509505329694,19.70799640438205,44.17672354866411,josh jackson
1629006,Josh Okogie,1610612750,MIN,20.0,74,1757.17,570,218,91,88,33,63,-51,109.6,110.6,0.492,0.148,0.051,109.1,110.2,-1.2,20.925920656510183,1021.3999999999999,-0.009820803797852353,0.935836428850641,-1.7655352660918193,-0.5957519080193632,-1.076009047090373,0.3985144917382245,-0.6935604779315442,-1.3842754150262242,0.8937078025639232,True,-0.7698788565052619,22.06858785435633,21.013014440548538,josh okogie,2163600.0,False,False,MIN,121962221,0.0,121962221.0,2163600.0,0.01685303611768749,31.71378678327442,71.08846392393689,josh okogie
1626196,Josh Richardson,1610612748,MIA,25.0,73,2539.43,1209,263,298,79,34,113,68,106.6,105.6,0.536,0.203,0.094,105.4,104.6,0.8,26.848702267831758,1893.8999999999999,-0.004538426830838019,-1.8530226515071986,2.583422521433563,0.5155935897844423,-0.47125672652516565,-0.5612969058283556,1.049259893160851,-0.06095312980316256,1.0,True,0.1131183976262613,54.50316552940265,54.50316552940265,josh richardson,9367200.0,False,False,MIA,153171497,82613612.25,235785109.25,14419433.893543523,0.11231800711984477,42.350792016737664,94.93198560632949,josh richardson
201950,Jrue Holiday,1610612740,NOP,29.0,67,2401.9283333333333,1420,334,518,109,54,210,231,113.5,109.1,0.555,0.25,0.127,111.8,108.2,3.6,36.46270323080692,2432.8,-0.0008391956044803139,3.627090112177957,-0.38729409659814584,1.6775649242197015,-0.047750664307961405,1.3247340978823827,-0.14123808166414623,0.9546197867633731,1.0,True,0.8761389698704786,80.95227551738452,80.95227551738452,jrue holiday,26641111.0,False,False,NOP,116052756,0.0,116052756.0,26641111.0,0.2075169189768541,50.74081380117127,113.73875141514509,jrue holiday
1627823,Juancho Hernangomez,1610612743,DEN,23.0,70,1358.1566666666668,408,265,55,27,24,37,36,108.6,107.3,0.58,0.119,0.076,107.6,107.0,0.6,19.246380510839447,726.1,0.00257554289226736,-0.07153678252699713,0.7105121684523448,-0.9459364448967261,0.34318528042426527,0.05181777382466003,0.29870160405341384,-0.6149019933849093,0.7857123770146041,True,-0.31689901049430347,37.566011643785885,33.943542540701024,juancho hernangomez,1349927.579508817,False,True,DEN,118327016,0.0,118327016.0,1349927.579508817,0.010515057429157213,60.42549053967267,135.44756839259418,juancho hernangomez
1627395,Julian Washburn,1610612763,MEM,27.0,18,253.88666666666663,40,41,14,13,2,7,-22,102.9,105.0,0.402,0.096,0.053,103.7,106.4,-2.7,15.753485807315602,111.10000000000001,-0.015010251112120444,-1.5888396004721017,0.7584352254675232,-1.6748442831549384,-1.6701223270307732,-0.47037588898197397,0.3179064995919838,-1.322725541294919,0.3397102151879309,False,-1.0889174906403247,13.809513621932956,9.706287271929504,julian washburn,1760775.1037071524,True,True,MEM,125188633,2183449.5,127372082.5,1791485.2682618035,0.01395450449728288,15.649490033701527,35.0793241845065,julian washburn
203944,Julius Randle,1610612740,NOP,24.0,73,2231.635,1565,634,229,52,45,208,-12,111.2,111.4,0.6,0.273,0.137,109.9,111.1,-1.2,36.17688376459412,2242.6000000000004,0.01136859839990748,1.8970837649542183,-2.55538016857323,1.5155685517093942,1.3498572306295955,0.7293365671778862,-1.0100863798376578,1.2623691554198992,1.0,True,0.917968997248792,82.0682451457931,82.0682451457931,julius randle,8641000.0,False,False,NOP,116052756,0.0,116052756.0,8641000.0,0.0673077671903021,76.28680542015432,171.001711402157,julius randle
1626147,Justin Anderson,1610612737,ATL,25.0,48,463.505,178,84,23,22,13,23,-79,101.9,107.6,0.516,0.166,0.067,104.2,108.8,-4.6,24.170613046245457,311.2,-0.007031225881374934,-2.3176922966822913,-0.10964137742318697,-0.8563485139237957,-0.7566445396117083,-0.7212172204414004,-0.029970316211159486,-0.8918764251757825,0.45900336699101774,True,-0.707824867473324,23.9527010806503,18.12145229440421,justin anderson,2516047.0,False,False,ATL,79180081,0.0,79180081.0,2516047.0,0.019598368905897234,25.942577409268193,58.1519321819155,justin anderson
203200,Justin Holiday,1610612763,MEM,30.0,82,2606.6116666666667,857,323,146,121,36,104,-448,102.4,110.1,0.52,0.153,0.068,101.0,109.0,-8.0,20.4417100872333,1480.1000000000001,-0.0058685877099419565,-5.485621395614399,-1.1309725445291712,-0.29877056812438274,-0.623540042045116,-1.8114890370610197,-0.4392630365888211,-0.8611014883101299,1.0,True,-0.7641669058783782,22.238389272255322,22.238389272255322,justin holiday,4500000.0,False,False,MEM,125188633,2183449.5,127372082.5,4578485.741992246,0.03566342465063438,25.817985852291987,57.872652307081964,justin holiday
1628382,Justin Jackson,1610612742,DAL,24.0,81,1613.25,583,212,96,32,14,29,-51,107.3,108.3,0.561,0.141,0.076,107.5,107.9,-0.5,20.610320781032076,923.5999999999999,0.00037269367907310363,-0.5174864495144457,0.02449316223338187,-0.692514439182816,0.09099234117490475,-0.10165988882606578,0.023783346068829817,-0.6149019933849093,0.856326721844796,True,-0.35563183804852644,36.105814854987194,33.7714665036808,justin jackson,2807880.0,False,False,DAL,86958881,0.0,86958881.0,2807880.0,0.021871558076415398,46.52529262172198,104.28939340142726,justin jackson
1628383,Justin Patton,1610612755,PHI,22.0,3,20.6,5,6,3,2,0,0,-3,89.4,102.3,0.317,0.14,0.051,97.3,105.8,-8.5,31.10679611650485,17.799999999999997,-0.03378994953850899,-0.5523092181628927,0.14609477305876295,-0.5172086733932559,-3.8201139451587762,-0.11364446362190489,0.07251450761563219,-1.3842754150262242,0.0967658842962558,False,-1.1237713780309386,13.055501336045594,7.749022944096108,justin patton,2667600.0,False,False,PHI,115127167,0.0,115127167.0,2667600.0,0.02077886815841336,10.86866948899467,24.362811800105604,justin patton
1626159,Justise Winslow,1610612748,MIA,23.0,66,1959.505,830,355,282,72,19,142,119,107.6,104.2,0.513,0.206,0.097,106.5,103.1,3.4,27.023355388223045,1470.9,-0.009343497178091785,-0.922485408226669,3.626677791919638,0.22001791764887235,-1.021364653529705,-0.2410439901284204,1.467338574648174,0.0313716807937953,0.9437606110180118,True,0.09515547329886397,53.79043316986301,52.429119677315704,justise winslow,3448926.0,False,False,MIA,153171497,82613612.25,235785109.25,5309116.967794377,0.04135456646850903,57.79449142635051,129.55001705854937,justise winslow
203994,Jusuf Nurkić,1610612757,POR,24.0,72,1973.5533333333333,1125,748,233,71,103,168,428,117.0,106.5,0.57,0.241,0.146,115.3,105.6,9.7,38.3393743265109,2101.8,0.002806015437280954,6.288847006924385,1.7011083765221082,1.5852081905149076,0.3695709032781221,2.2408021140552346,0.6956774624770082,1.539343587210772,0.9471376335938178,True,1.3540126957635132,91.21338363312417,89.04359374508132,jusuf nurkic,11111111.0,False,False,POR,130256600,10166300.0,140422900.0,11978313.79632126,0.093303270030688,73.83051076738732,165.49577119378444,jusuf nurkic
1628443,Kadeem Allen,1610612752,NYK,26.0,19,415.54833333333335,189,51,76,16,4,26,-37,107.1,111.4,0.574,0.195,0.101,108.2,111.8,-3.7,29.273129078446544,337.9,0.0030504274285053368,-0.1533534163053914,-1.6103250438945322,-0.4293940613290582,0.3975523820309442,0.023659829895504015,-0.6313608544210273,0.15447142825640578,0.4346097169422309,False,-0.09252938322952975,46.313872345629434,34.53043631788087,kadeem allen,1618236.166740383,True,True,NYK,123387454,0.0,123387454.0,1618236.166740383,0.012605006731846844,57.69113502591322,129.3183371335374,kadeem allen
203564,Kalin Lucas,1610612765,DET,30.0,1,5.583333333333333,2,3,1,0,0,0,-3,50.0,75.0,0.532,0.154,0.471,55.1,77.3,-22.2,35.462686567164184,5.5,-0.004058944492359876,-0.6078024518392939,0.3502076241136137,-0.17840695715503285,-0.4163632460569244,-0.1327429682919943,0.15431158457060495,11.541198068547864,0.05037736384407969,False,3.358538486808853,99.96082209540853,57.24454536965887,kalin lucas,648008.0,False,False,DET,126557932,4237398.0,130795330.0,669704.5286947325,0.005216562493192459,130.24068197084983,291.94274669831003,kalin lucas
1626157,Karl-Anthony Towns,1610612750,MIN,23.0,77,2544.66,1880,954,259,67,125,240,56,112.2,111.3,0.622,0.28,0.177,109.9,110.1,-0.2,42.04286623753272,2971.8,0.017820100922982036,2.2750941936913547,-2.079345241903121,2.517522174450547,2.0884567562455874,0.859432318682971,-0.8193180606022074,2.4933666300460025,1.0,True,1.6966761847753902,95.51210512225335,95.51210512225335,karl anthony towns,7839435.0,False,False,MIN,121962221,0.0,121962221.0,7839435.0,0.06106409742894409,91.86084445614856,205.91190739124508,karl anthony towns
202695,Kawhi Leonard,1610612761,TOR,28.0,60,2040.1833333333332,1596,439,199,106,24,121,356,115.7,107.8,0.606,0.3,0.172,114.9,105.6,9.3,40.47342150623719,2293.7,0.014292965274623603,5.720234870612567,1.2947678629651254,1.8960227471381226,1.6846530365162373,2.045109039037354,0.5328387872756518,2.3394919457177394,0.9629932817034917,True,1.8152433999242388,96.5256743581858,94.91823006047655,kawhi leonard,23114066.0,False,False,TOR,137793831,26402077.5,164195908.5,27542851.798633575,0.21454089302388865,58.805533994378266,131.81633308110366,kawhi leonard
1628966,Keita Bates-Diop,1610612750,MIN,23.0,30,503.37666666666667,151,83,17,18,14,14,-53,107.1,112.2,0.489,0.14,0.065,106.4,111.2,-4.9,20.089131399283502,280.9,-0.009709949538508985,-0.7113221687523436,-1.7598603945050593,-1.2044113146545499,-1.0633179099373327,-0.168370227075275,-0.6912863050634818,-0.9534262989070877,0.4783383486169343,False,-0.8755768846471772,19.06300481135153,14.588007454755695,keita bates diop,838464.0,False,False,MIN,121962221,0.0,121962221.0,838464.0,0.006531088960704716,30.679488377939133,68.77001846749458,keita bates diop
203482,Kelly Olynyk,1610612748,MIA,28.0,79,1812.253333333333,787,375,140,53,37,114,106,107.9,106.0,0.61,0.175,0.102,106.7,105.0,1.7,25.357381970143987,1276.5,0.009037563076863769,-0.7193926181997029,2.1099500111185048,-0.0552519761315977,1.0829889193119864,-0.17114774617533166,0.8595184478664657,0.18524636512205797,0.9076075777292271,True,0.30746485865418605,62.07552164308502,59.494633129338126,kelly olynyk,13537527.0,False,False,MIA,153171497,82613612.25,235785109.25,20839042.15331802,0.16232257814193043,40.63892962969586,91.09473752316632,kelly olynyk
1626162,Kelly Oubre Jr.,1610612756,PHX,23.0,69,1934.7933333333333,1047,325,84,84,59,103,-274,107.2,113.3,0.551,0.223,0.094,106.2,111.7,-5.5,28.853314221329406,1550.6999999999998,-0.001640562479196441,-1.190275249150311,-3.3755796234478,0.42452538148720065,-0.1394950589497894,-0.33320631675199214,-1.3387766978753644,-0.06095312980316256,0.9377907629911456,True,-0.18387630460572052,42.70552470149545,41.510019553011176,kelly oubre,3208630.0,False,False,PHX,108692835,0.0,108692835.0,3208630.0,0.024993139803242564,54.57738806124731,122.33867588152131,kelly oubre
202689,Kemba Walker,1610612766,CHA,29.0,82,2862.605,2102,361,484,102,34,211,36,112.1,111.8,0.558,0.308,0.14,110.0,110.5,-0.5,38.09634930421766,3029.2999999999997,-0.00010988898471974595,2.3343887049594403,-2.4925514017691026,2.2444815622607694,0.035743920318977405,0.8798390678547313,-0.9849081049436278,1.354693966016857,1.0,True,0.9571298128547616,83.07491312003287,83.07491312003287,kemba walker,12000000.0,False,False,CHA,121427859,0.0,121427859.0,12000000.0,0.09347219144585409,68.83798402450657,154.30470594270108,kemba walker
202702,Kenneth Faried,1610612745,HOU,29.0,37,728.1766666666666,384,250,20,17,23,33,62,113.7,109.6,0.622,0.194,0.124,112.7,109.2,3.5,30.859544158239984,624.1999999999999,0.012346784210923266,2.965723445572162,-0.7517375738378504,-0.09323077655739265,1.4618447208919791,1.0971187016618578,-0.28728675522612146,0.8622949761664152,0.5753167770362637,False,0.5761322988097337,71.7737119259171,58.057220838770945,kenneth faried,14242782.0,False,False,HOU,126474100,4111650.0,130585750.0,14705812.253706489,0.11454870819543665,44.802966461522054,100.42869010726254,kenneth faried
1629026,Kenrich Williams,1610612740,NOP,24.0,46,1079.22,279,219,83,45,19,36,-87,107.8,111.6,0.485,0.119,0.062,107.3,110.8,-3.5,21.1853004948018,635.1,-0.008729457107732637,-0.40857907467804866,-2.069241184002323,-0.8577080305469149,-0.951066346576499,-0.06417841821923352,-0.8152689162323266,-1.0457511095040455,0.7003959918892636,True,-0.8027293926421513,21.106558017559184,18.260933796792045,kenrich williams,838464.0,False,False,NOP,116052756,0.0,116052756.0,838464.0,0.006531088960704716,38.403881265248486,86.08473489843824,kenrich williams
203145,Kent Bazemore,1610612737,ATL,29.0,67,1643.4133333333334,779,261,152,89,42,121,-297,102.5,110.2,0.507,0.215,0.083,101.8,109.2,-7.4,28.146540533523723,1284.9,-0.01104170821985308,-4.614066819416847,-1.1561599188262268,0.17359868641783566,-1.2157841496632935,-1.5115355465001463,-0.44935673516302954,-0.39947743532534097,0.864295123557955,True,-0.5529450236921138,29.015052798930274,27.243184929163064,kent bazemore,18089888.0,False,False,ATL,79180081,0.0,79180081.0,18089888.0,0.14090845619750486,19.55361251239199,43.83066226587965,kent bazemore
203484,Kentavious Caldwell-Pope,1610612747,LAL,26.0,82,2035.135,938,238,110,73,13,65,-156,106.3,110.1,0.568,0.175,0.083,105.7,109.4,-3.7,23.954774498989007,1354.1999999999998,0.0016875630768637627,-1.7322795003967952,-1.2747339267635012,-0.110389778151424,0.24152501321241704,-0.5197420444048809,-0.49687460188225135,-0.39947743532534097,0.96180110398999,True,-0.26370442009666556,39.600384466058195,38.91967353037928,kentavious caldwell pope,12000000.0,False,False,LAL,107225482,0.0,107225482.0,12000000.0,0.09347219144585409,32.249830473517555,72.29003984408529,kentavious caldwell pope
201142,Kevin Durant,1610612744,GSW,30.0,78,2701.5316666666668,2027,497,457,58,84,225,657,118.7,107.3,0.631,0.283,0.162,118.0,106.0,12.1,39.914690370092515,2995.2999999999997,0.020558030575728272,8.591930994655494,1.3265637387277205,2.364790704816631,2.401908318181054,3.0334295639491073,0.5455808056403105,2.031742577061214,1.0,True,2.0978582524880927,98.20411655900323,98.20411655900323,kevin durant,30000000.0,False,False,GSW,146291276,54593535.0,200884811.0,41195514.146721914,0.32088624875273175,52.84499997141229,118.45541813409127,kevin durant
1628989,Kevin Huerter,1610612737,ATL,20.0,75,2048.53,727,245,214,65,25,109,-119,109.3,111.6,0.533,0.153,0.065,108.3,111.4,-3.0,21.764875300825466,1238.5,-0.003879587709941955,0.4839949708512723,-2.723235246494325,-0.3699062154694689,-0.3958296054149061,0.24300911524381613,-1.0773533581540065,-0.9534262989070877,0.9649611391139025,True,-0.563030520788258,28.670705059237022,28.2186400785024,kevin huerter,2250960.0,False,False,ATL,79180081,0.0,79180081.0,2250960.0,0.017533513671413307,42.00287729969402,94.15211270814228,kevin huerter
1628995,Kevin Knox II,1610612752,NYK,19.0,75,2157.893333333333,963,335,82,43,24,114,-638,101.4,115.1,0.475,0.219,0.055,100.7,113.9,-13.2,21.6094091768515,1295.3,-0.01825513534952477,-5.778866290914915,-5.105039755048358,-0.3407574491535704,-2.041612526384129,-1.9124119538085878,-2.0318481176512444,-1.2611756675636137,0.9903840699751818,True,-1.361422952234071,8.669003341681908,8.63149110339857,kevin knox,3744840.0,False,False,NYK,123387454,0.0,123387454.0,3744840.0,0.029169866784507684,10.751173422203914,24.0994369164205,kevin knox
201567,Kevin Love,1610612739,CLE,30.0,22,597.9116666666666,374,239,48,6,5,42,-56,110.5,114.7,0.561,0.259,0.148,109.8,114.7,-4.9,34.494058486900244,572.9000000000001,0.0006845933537583961,1.0794465840230363,-3.5986044627445533,0.15943428063183407,0.12670013962005724,0.44793924206411184,-1.4281526477410815,1.6008934609420773,0.5213233452503641,False,0.3920996185320447,65.25076953182528,51.19546049612517,kevin love,24119025.0,False,False,CLE,123255073,0.0,123255073.0,24119025.0,0.18787151019061174,33.22593610876317,74.47804251659191,kevin love
1626172,Kevon Looney,1610612744,GSW,23.0,80,1481.3233333333333,500,417,123,46,53,51,306,116.3,106.1,0.636,0.122,0.092,116.8,105.5,11.3,26.73042347270571,1099.8999999999999,0.009472472545013601,6.356559398001917,1.7585204093086055,-0.07484284160678131,1.1327794798383868,2.264105953668515,0.7186850116818183,-0.1225030035344678,0.8205661386377017,True,0.5618739553162725,71.28990501202261,65.53358469241621,kevon looney,1567007.0,False,False,GSW,146291276,54593535.0,200884811.0,2151788.634550409,0.016761033266642397,99.09591334752425,222.12977305915112,kevon looney
203920,Khem Birch,1610612753,ORL,26.0,50,642.8616666666667,240,190,38,18,29,20,44,105.9,102.7,0.64,0.136,0.116,106.4,103.2,3.2,27.764604619448974,495.79999999999995,0.011103477591162704,-1.0675567174335183,2.8643062991425037,-0.43430433600474355,1.319504905280663,-0.29097160999897104,1.161822487147094,0.6160954812411946,0.5405643795930772,True,0.4048059277354904,65.71899143952733,52.13185091748591,khem birch,1378242.0,False,False,ORL,114394213,0.0,114394213.0,1378242.0,0.010735608340226402,92.13208721837488,206.51991524123554,khem birch
203114,Khris Middleton,1610612749,MIL,27.0,77,2393.338333333333,1407,461,331,80,7,174,552,114.7,104.2,0.558,0.246,0.118,113.2,103.0,10.2,32.18182691818889,2139.5,-8.776847480862826e-05,4.716738285984762,3.8150665923954166,1.1211366332354396,0.03827638435635472,1.6997464977284114,1.5428343267790934,0.6776453549724994,1.0,True,0.9757063461301887,83.53949967607493,83.53949967607493,khris middleton,13000000.0,False,False,MIL,130988604,11447307.0,142435911.0,14136091.128965693,0.11011095135856007,65.36545457639228,146.52081100501832,khris middleton
1629017,Khyri Thomas,1610612765,DET,23.0,26,195.46833333333333,61,20,8,7,5,4,-34,94.6,102.7,0.413,0.158,0.031,94.2,104.0,-9.8,19.522343772648597,106.00000000000001,-0.02296637162203157,-3.861166590011249,1.2962724680418882,-1.377646527037268,-2.580977870114951,-1.2524180362237711,0.5334417492969786,-1.999774152339276,0.29807590044188814,False,-1.4393370010173614,7.502753212521212,5.132889730713655,khyri thomas,838464.0,False,False,DET,126557932,4237398.0,130795330.0,866537.354396088,0.006749762123757921,10.671072410241896,23.91988541921059,khyri thomas
202691,Klay Thompson,1610612744,GSW,29.0,78,2652.333333333333,1680,299,186,84,47,115,349,115.0,108.5,0.571,0.254,0.103,114.7,107.1,7.6,30.776674626115373,2267.5,0.0032113772658479765,5.65591269985009,0.36355034932975683,1.102601571966073,0.4159787056794378,2.0229719747988377,0.15965860665007522,0.2160213019877106,1.0,True,0.7302481766570841,76.73807504168781,76.73807504168781,klay thompson,18988725.0,False,False,GSW,146291276,54593535.0,200884811.0,26075009.645523738,0.2031073577949072,48.4622994881227,108.63131711061884,klay thompson
1628424,Kobi Simmons,1610612739,CLE,21.0,1,1.8,0,0,0,0,0,0,3,100.0,33.3,0.0,0.0,0.0,82.0,34.7,47.2,0.0,0.0,-0.0,-0.06778830406227712,0.26527252279540303,-3.0139977201414974,0.04832454811756152,0.05310784702316295,0.12027432046498958,-2.953797195174506,0.02860387767736777,False,-1.606382581246869,5.409493785248705,3.0448512062251685,kobi simmons,76236.0,False,False,CLE,123255073,0.0,123255073.0,76236.0,0.002,9.689529120846634,21.71969390014681,kobi simmons
201585,Kosta Koufos,1610612758,SAC,30.0,42,501.56166666666667,156,177,36,15,18,27,-32,106.0,107.4,0.477,0.15,0.088,106.1,108.2,-2.1,25.946958998062716,361.49999999999994,-0.012203517362688198,-1.0205251407773814,0.10620754956802968,-0.6777078292163918,-1.3487937359860458,-0.2747852620984904,0.05652992716158259,-0.2456027509970783,0.477475209573833,True,-0.4781651432416645,31.626633477009815,24.190068463752926,kosta koufos,8739500.0,False,False,SAC,101466920,0.0,101466920.0,8739500.0,0.06807501809508681,22.39692912657106,50.20413674033122,kosta koufos
1628961,Kostas Antetokounmpo,1610612742,DAL,21.0,2,10.566666666666666,2,1,0,2,0,1,3,104.5,87.0,0.21,0.24,-0.033,111.0,92.4,18.6,19.419558359621455,5.700000000000001,-0.08360562778030112,0.006252812772705051,0.369466002356802,-1.4592459199515109,-9.523256149014244,0.07858977557498359,0.16202927132597109,-3.9693701117410414,0.06930389818062403,False,-2.9480180788271833,0.15990918032661752,0.09293709747781596,kostas antetokounmpo,838464.335098644,True,True,DAL,86958881,0.0,86958881.0,838464.335098644,0.0065310915709051,0.1954524777943829,0.438119121865884,kostas antetokounmpo
1627739,Kris Dunn,1610612741,CHI,25.0,46,1389.3533333333332,519,187,277,68,21,104,-223,106.1,113.7,0.484,0.198,0.084,105.0,112.0,-7.0,28.080114009875093,1083.6999999999998,-0.014722642918748422,-1.9544911592758423,-3.3737658832753072,0.021071028937587027,-1.6371955360347106,-0.596218222196166,-1.338049851703264,-0.36870249845968833,0.7946849957210985,True,-0.6410625337936309,26.074102752679217,23.665070719473533,kris dunn,4221000.0,False,False,CHI,112598201,0.0,112598201.0,4221000.0,0.03287884334107917,28.267286255036307,63.362914460550236,kris dunn
203937,Kyle Anderson,1610612763,MEM,25.0,43,1281.5266666666666,346,251,128,54,37,58,-59,102.6,104.7,0.569,0.127,0.099,102.1,103.8,-1.6,22.82433971981335,812.5,0.001351688632923988,-4.170652451261305,2.8285128265577444,-0.59702811565875,0.20307246606186147,-1.3589304301649516,1.1474784543418568,0.09292155452510055,0.7632248169524634,True,-0.12263748902134236,45.119708327899325,40.312256088623904,kyle anderson,8641000.0,False,False,MEM,125188633,2183449.5,127372082.5,8791710.065901112,0.06848170053469593,37.24629791852046,83.4899384288402,kyle anderson
2594,Kyle Korver,1610612762,UTA,38.0,70,1333.89,600,162,81,25,12,59,130,107.5,103.9,0.582,0.174,0.078,107.7,103.5,4.2,22.217124350583628,823.1999999999999,0.004113919859281686,-0.34758339026923984,3.2237010257966894,-0.6376825563056113,0.5193061908620179,-0.04318619472888886,1.3058479023104141,-0.5533521196536041,0.7786614388575027,True,-0.05813109020595254,47.68221049274238,42.9329501545916,kyle korver,7560000.0,False,False,UTA,113826156,0.0,113826156.0,7560000.0,0.05888748061088807,41.819591603878024,93.7412661995298,kyle korver
1628398,Kyle Kuzma,1610612747,LAL,23.0,70,2313.5816666666665,1308,382,178,41,26,133,-58,108.4,109.7,0.546,0.233,0.096,106.8,108.5,-1.7,27.70665108716716,1780.6000000000001,-0.0028791303033756546,-0.5409625702356373,-0.7301246144608173,0.501192854945909,-0.28129235409306624,-0.1097394108060568,-0.27862548332554526,0.0005967439281426818,1.0,True,0.025028649681219827,50.998394418912085,50.998394418912085,kyle kuzma,1689840.0,False,False,LAL,107225482,0.0,107225482.0,1689840.0,0.013162753999405172,83.92323800264788,188.11925923263152,kyle kuzma
200768,Kyle Lowry,1610612761,TOR,33.0,65,2213.293333333333,926,312,564,91,31,182,536,116.2,105.5,0.562,0.191,0.115,115.1,103.3,11.8,31.577558630577663,1941.3999999999999,0.0006958545581770414,6.070707649225858,3.1911737071032658,0.9279326292424276,0.12798937731495508,2.1657274560162074,1.2928127623054866,0.585320544375542,1.0,True,0.9455587599687669,82.7813156481631,82.7813156481631,kyle lowry,32700000.0,False,False,TOR,137793831,26402077.5,164195908.5,38965504.97931943,0.3035159284342772,45.42196306414066,101.81621024022564,kyle lowry
203124,Kyle O'Quinn,1610612754,IND,29.0,45,370.7166666666666,156,119,56,9,25,31,5,106.7,107.0,0.537,0.196,0.111,107.5,107.0,0.5,33.4152767162703,344.1,-0.004185929353912569,-0.39079386577763625,0.46496628334305534,-0.09412195531892154,-0.4309010933518416,-0.058057475669304436,0.20030047175594734,0.46222079691293155,0.4104967426881433,True,0.07183703565436923,52.863420062226204,38.83999881852892,kyle o quinn,4449000.0,False,False,IND,110724804,0.0,110724804.0,4449000.0,0.0346548149785504,45.54692370782978,102.09631744632851,kyle o quinn
202681,Kyrie Irving,1610612738,BOS,27.0,67,2213.846666666667,1596,335,464,103,34,172,332,113.4,107.1,0.592,0.286,0.157,112.3,105.9,6.4,41.204479683928724,2533.8999999999996,0.009621960228474497,3.786860189962753,1.396649417075515,2.1301562247406864,1.149893560115772,1.379720433595075,0.5736672470163876,1.8778678927329508,1.0,True,1.5613916101141423,94.07843098878678,94.07843098878678,kyrie irving,20099189.0,False,False,BOS,125334993,2402989.5,127737982.5,20484541.3981568,0.15956124793741966,64.64911191524455,144.91508350952304,kyrie irving
200746,LaMarcus Aldridge,1610612759,SAS,33.0,81,2686.65,1727,744,194,43,107,144,90,112.5,111.0,0.576,0.268,0.143,111.6,109.2,2.4,35.192674892524145,2626.4,0.004728382311997079,3.2561417581935626,-1.5411072501777825,1.717820397122484,0.589652854210782,1.1970688240898106,-0.603622212929116,1.447018776613814,1.0,True,1.0410256520704868,85.10681785051477,85.10681785051477,lamarcus aldridge,22347015.0,False,False,SAS,121588790,0.0,121588790.0,22347015.0,0.17406870536028107,56.729532402631186,127.16284388192734,lamarcus aldridge
202362,Lance Stephenson,1610612747,LAL,28.0,68,1122.7683333333334,491,215,140,41,7,86,-110,103.9,108.4,0.529,0.197,0.088,104.2,109.2,-5.0,26.333838533030708,821.3000000000001,-0.005783286136330492,-2.7799040788175544,-0.5451466208470503,-0.3103682185411989,-0.6137743011842259,-0.8802916389760448,-0.20449659285928193,-0.2456027509970783,0.7143873196132771,True,-0.40605725988735614,34.23502642715219,29.83494547971604,lance stephenson,4449000.0,False,False,LAL,107225482,0.0,107225482.0,4449000.0,0.0346548149785504,34.986869900305415,78.42528726437183,lance stephenson
202498,Lance Thomas,1610612752,NYK,31.0,46,783.36,205,117,27,17,7,24,-189,97.1,107.9,0.482,0.127,0.043,96.8,109.0,-12.2,15.739889705882353,342.5,-0.009697311367076009,-6.822947894450293,-0.28561460249912757,-1.5066079447749348,-1.0618710303318977,-2.2717422011204254,-0.10049059633640924,-1.6304749099514448,0.5967182980877386,True,-1.380910033347477,8.365331229358276,6.847217972502348,lance thomas,7119650.0,False,False,NYK,123387454,0.0,123387454.0,7119650.0,0.05545744065228959,6.811226324148355,15.267795679239175,lance thomas
1629013,Landry Shamet,1610612746,LAC,22.0,79,1801.8933333333332,722,134,117,37,10,45,62,111.0,109.3,0.604,0.145,0.063,110.6,109.0,1.6,20.338606798774624,1018.0,0.006618266549401407,2.083879928890165,-0.8046394771186984,-0.6451346550888617,0.8060160341403398,0.793624177989843,-0.30848689540036855,-1.014976172638393,0.9050096266020734,True,-0.27210351805426114,39.27712122789442,37.598194442749424,landry shamet,1705920.0,False,False,LAC,118026816,0.0,118026816.0,1705920.0,0.013288006735942616,61.66704551843085,138.23059259970597,landry shamet
204038,Langston Galloway,1610612765,DET,27.0,80,1745.1716666666666,672,171,85,37,8,24,37,108.0,107.9,0.534,0.153,0.063,108.0,107.2,0.8,20.10232040209989,974.5,-0.003726587709941955,-0.07607648909821757,0.4757731386469998,-0.6958314452974171,-0.37831341798181306,0.0502553922259074,0.20463125823200545,-1.014976172638393,0.8906513619171356,True,-0.4969647282444572,30.960696231951317,29.4372167467738,langston galloway,7000000.0,False,False,DET,126557932,4237398.0,130795330.0,7234373.188082751,0.05635105963560205,29.119110953083627,65.27233353215071,langston galloway
1626204,Larry Nance Jr.,1610612739,CLE,26.0,67,1795.4433333333334,627,552,214,100,40,97,-324,105.8,114.6,0.583,0.152,0.123,105.3,114.4,-9.1,29.618979899114983,1477.2,0.003745769072475956,-2.031996726070841,-4.996481635020461,0.4318789620485827,0.47715849030430646,-0.6228924729349853,-1.988344061673785,0.8315200393007626,0.903388402660011,True,0.03731404565670479,51.48826967611261,49.249805886156004,larry nance,2272390.0,False,False,CLE,123255073,0.0,123255073.0,2272390.0,0.01770043942663703,73.06463218253228,163.77900578441685,larry nance
1628374,Lauri Markkanen,1610612741,CHI,22.0,52,1682.128333333333,974,470,75,37,33,85,-197,106.8,112.3,0.553,0.245,0.125,105.4,111.4,-6.0,30.74105523062549,1436.4,-0.001312411692390708,-1.6480132252031456,-2.8274710718337506,0.4916180709765395,-0.10192675379942222,-0.4907410339447292,-1.1191252788473434,0.8930699130320678,0.8744162554977966,True,0.13405653166503095,55.332106399568396,52.205140498784935,lauri markkanen,4536120.0,False,False,CHI,112598201,0.0,112598201.0,4536120.0,0.0353334230884473,60.80585019167926,136.30016866970936,lauri markkanen
2544,LeBron James,1610612747,LAL,34.0,55,1937.4016666666664,1505,465,454,72,33,197,116,109.6,107.6,0.588,0.311,0.188,107.9,106.3,1.6,44.868961091358614,2414.7,0.009219040668026464,0.3832253501124503,1.0111334912781877,2.3355296897548787,1.1037653604996462,0.20832832724890143,0.4191739082244197,2.831890935568181,0.9384226772686821,True,1.693139842505119,95.47855739975759,92.8328661254411,lebron james,35654150.0,False,False,LAL,107225482,0.0,107225482.0,35654150.0,0.27772262788659985,52.54542536398765,117.78390265667545,lebron james
1629022,Lonnie Walker IV,1610612759,SAS,20.0,17,117.79833333333332,45,17,9,7,3,4,-55,87.4,111.7,0.446,0.196,0.083,91.5,112.6,-21.0,26.068280535944204,85.30000000000001,-0.022021929353912575,-3.477495647755595,-0.7909013619784692,-0.8701241137297915,-2.4728535054867953,-1.1203741671427865,-0.3029814230328319,-0.39947743532534097,0.2313972708778065,False,-0.9218056233794123,17.831498685734754,11.664096336347212,lonnie walker,2360160.0,False,False,SAS,121588790,0.0,121588790.0,2360160.0,0.018384110613570582,17.076280320409033,38.277565079445054,lonnie walker
1628366,Lonzo Ball,1610612747,LAL,21.0,47,1422.5383333333334,465,251,255,69,19,103,-16,105.3,106.1,0.487,0.167,0.087,103.5,105.0,-1.4,26.402662845640947,1043.3,-0.011916582663792861,-2.8693433912362103,1.9623492918859322,-0.14242915691254265,-1.315944049927818,-0.9110729975805567,0.8003682898667048,-0.2763776878627309,0.8041196013860956,True,-0.3325179092332055,36.97491093516756,33.71571380345515,lonzo ball,7461960.0,False,False,LAL,107225482,0.0,107225482.0,7461960.0,0.05812381280677544,32.991762813851004,73.95312822801844,lonzo ball
203485,Lorenzo Brown,1610612761,TOR,28.0,26,212.19166666666663,55,31,28,12,5,16,-34,93.5,100.4,0.38,0.167,0.054,95.0,101.1,-6.1,22.038565762086165,129.9,-0.02978558266379286,-4.081168859456327,2.1666579144448828,-1.1592470657881164,-3.3616744632738302,-1.328133832404052,0.8822438211507593,-1.2919506044292663,0.31056522274034093,False,-1.2485316189548774,10.591821831185378,7.3057551849546,lorenzo brown,800000.0,False,False,TOR,137793831,26402077.5,164195908.5,953284.5254879371,0.007425466139064886,14.68956408929589,32.92758931490965,lorenzo brown
101150,Lou Williams,1610612746,LAC,32.0,75,1992.5883333333331,1498,222,402,57,11,181,196,113.1,109.2,0.554,0.308,0.147,112.2,109.6,2.6,38.124884467689846,2110.2,-0.001341888984719747,3.5670481763083184,-1.0775308711120426,1.574228475169472,-0.10530145822723609,1.3040701156878265,-0.41784658656858853,1.5701185240764246,0.9516942627214738,True,0.9817309866490957,83.68838022328123,81.86919721453218,lou williams,2389623.3550311355,False,True,LAC,118026816,0.0,118026816.0,2389623.3550311355,0.018613610977079535,119.33749198552802,267.50255501687525,lou williams
201601,Luc Mbah a Moute,1610612746,LAC,32.0,4,61.0,20,7,2,1,1,2,11,107.1,99.3,0.495,0.141,0.028,109.7,100.9,8.8,17.17377049180328,29.099999999999998,-0.008933306320926903,0.06112256913696763,0.851617021452495,-1.621441451941207,-0.9744040003438148,0.09747370481724676,0.3552485801988392,-2.092098962936234,0.1665150825819473,False,-1.1112423091653314,13.32320321281492,8.326093194505281,luc mbah a moute,4320500.0,False,False,LAC,118026816,0.0,118026816.0,4320500.0,0.03365388359515105,9.864522049171695,22.11195164461588,luc mbah a moute
1629029,Luka Dončić,1610612742,DAL,20.0,72,2317.74,1526,563,429,77,25,247,-118,107.6,110.6,0.545,0.296,0.149,106.8,110.0,-3.2,37.18915840430765,2394.3,-0.003953607595704694,-0.8043520070052673,-1.7667740382797579,1.7073981807865815,-0.4043037635377576,-0.20038729803372393,-0.6940569089179461,1.6316683978077298,1.0,True,0.72153786896555,76.4710674921383,76.4710674921383,luka doncic,6569040.0,False,False,DAL,86958881,0.0,86958881.0,6569040.0,0.05116854704128944,78.24258115874676,175.38570672842832,luka doncic
1628379,Luke Kennard,1610612765,DET,23.0,63,1436.63,613,183,114,26,10,57,52,108.5,108.2,0.56,0.179,0.09,107.5,107.5,0.0,22.505168345363806,898.1000000000001,0.000294135947192096,-0.14678588658636846,0.23151031767738067,-0.5598768407225632,0.08199866826022241,0.025920105404787418,0.1067443066714616,-0.18405287726577305,0.808092591454492,True,-0.162985611309902,43.52648818468,39.767613186906125,luke kennard,3275280.0,False,False,DET,126557932,4237398.0,130795330.0,3384942.5450662393,0.026366499800470674,51.31664484523855,115.02951321165337,luke kennard
1628436,Luke Kornet,1610612752,NYK,23.0,46,784.0033333333333,322,135,54,27,42,25,-57,102.5,106.0,0.531,0.178,0.093,102.9,105.1,-2.3,27.573862356027398,600.5,-0.004869507270389987,-3.2714791300913486,1.607132082762573,-0.37292245342610586,-0.5091604326338134,-1.049471695542913,0.6580169913559316,-0.09172806666881518,0.5969632748462433,True,-0.2558413038802903,39.903668955356295,32.666479129532405,luke kornet,1619260.0,False,False,NYK,123387454,0.0,123387454.0,1619260.0,0.012612981726717806,54.56488013614013,122.31063857431415,luke kornet
2736,Luol Deng,1610612750,MIN,34.0,22,392.225,157,73,18,15,8,14,87,115.1,105.1,0.588,0.155,0.093,115.2,105.1,10.1,24.111670597233722,262.69999999999993,0.0045946987252221926,3.10453400704057,1.3153299984555855,-0.8965436780413183,0.5743481041279253,1.1448916278517673,0.5410789474144163,-0.09172806666881518,0.4222370079814072,False,0.08739346239814219,53.48206171259078,39.57708151511551,luol deng,16747954.0,False,False,MIN,121962221,0.0,121962221.0,16747954.0,0.13045566355119648,29.182925950033027,65.41537889407627,luol deng
1627781,Malachi Richardson,1610612761,TOR,23.0,22,103.42333333333332,30,13,0,1,0,8,-11,91.6,96.2,0.481,0.142,0.003,91.9,99.2,-7.3,10.477326199761503,30.100000000000005,-0.010984663103344826,-2.796790745605132,1.7297259690637838,-2.1553963910708305,-1.20925334604956,-0.886103340027482,0.7071458017182667,-2.8614723845775485,0.2168192935617263,False,-1.6055224457947883,5.4189438780708015,3.5091383455112197,malachi richardson,1569360.0,False,False,TOR,137793831,26402077.5,164195908.5,1870058.2536496862,0.014566536925003586,5.573434178022264,12.493206100058941,malachi richardson
1627763,Malcolm Brogdon,1610612749,MIL,26.0,64,1831.5916666666667,1001,288,205,46,13,91,425,113.4,102.7,0.614,0.202,0.12,113.1,102.6,10.4,29.274210499974973,1489.3999999999999,0.011239929951579896,4.023708650137963,4.282907901425879,0.41327746797761267,1.3351266380960585,1.4612340006208755,1.730319099833369,0.7391952287038047,0.9124372124517208,True,1.0040798963880901,84.23299476906688,80.91394064758327,malcolm brogdon,1544951.0,False,False,MIL,130988604,11447307.0,142435911.0,1679966.7789066674,0.013085848031719902,133.42579319961774,299.0823754732442,malcolm brogdon
1626259,Malcolm Miller,1610612761,TOR,26.0,10,67.1,35,5,1,1,1,1,-8,105.5,110.2,0.63,0.18,0.069,107.2,111.6,-4.4,22.909090909090914,42.7,0.012895779164774166,-0.1866959312036274,-0.34880115687121316,-1.1535455170704338,1.524696345149983,0.01218469798645318,-0.12581225258579523,-0.8303265514444772,0.17464249196572978,False,-0.3258240261183555,37.22787498081233,23.401037225203755,malcolm miller,457418.0,False,False,TOR,137793831,26402077.5,164195908.5,545061.8763495515,0.004245677337998477,57.220382759780954,128.26311608041155,malcolm miller
1627736,Malik Beasley,1610612743,DEN,22.0,81,1878.7233333333331,917,200,97,55,10,55,135,111.2,107.3,0.599,0.181,0.089,110.3,108.3,2.1,24.082737035965916,1256.8,0.007356422382356239,2.023576323650872,0.15170888465461888,-0.1714427761771143,0.8905237199237893,0.7728701398849123,0.0747643312591059,-0.21482781413142565,0.9241023490475238,True,0.15341469037646488,56.09643696119265,54.18052245472147,malik beasley,1773840.0,False,False,DEN,118327016,0.0,118327016.0,1773840.0,0.01381705933952615,87.65865781871258,196.49243959894213,malik beasley
1628370,Malik Monk,1610612766,CHA,21.0,73,1258.095,653,137,117,37,19,86,-44,108.4,111.1,0.518,0.236,0.073,108.0,111.2,-3.2,26.088014021198713,911.6999999999999,-0.009524200650629424,0.044458327168556896,-2.195404266372712,-0.26384816795749433,-1.042052469835457,0.09173855330466633,-0.8658280618431732,-0.7072268039818672,0.7562151569734394,True,-0.5505513799400283,29.09706231047909,25.9050220649267,malik monk,3447480.0,False,False,CHA,121427859,0.0,121427859.0,3447480.0,0.026853625880479418,33.21467717149384,74.45280489481681,malik monk
202705,MarShon Brooks,1610612763,MEM,30.0,29,386.7533333333333,190,45,25,9,4,21,-23,101.3,104.1,0.518,0.233,0.084,100.7,104.6,-3.9,23.7267509006602,254.9,-0.00940313030337566,-3.1218728452309077,1.6102854074486206,-0.9329855937795003,-1.0281917450309697,-0.9979833222622455,0.65928066848687,-0.36870249845968833,0.41928149219464683,False,-0.5488913078037334,29.154002183495987,21.53538129344678,marshon brooks,1656092.0,False,False,MEM,125188633,2183449.5,127372082.5,1684976.3576505384,0.01312486939033742,35.474510788723485,79.51836523519388,marshon brooks
201188,Marc Gasol,1610612761,TOR,34.0,79,2435.985,1071,627,349,84,86,155,160,108.4,104.9,0.546,0.21,0.131,107.5,103.6,3.8,31.600687196349732,2138.3,-0.002594924307763465,-0.19736289164002144,3.2956360616577447,1.0738566707565043,-0.24875506331690977,0.008513565846306071,1.3346754633075621,1.0777195342259835,1.0,True,0.755945122832465,77.51589507310858,77.51589507310858,marc gasol,24119025.0,False,False,TOR,137793831,26402077.5,164195908.5,28740366.627945866,0.2238687543059493,47.31405205330431,106.05744767952051,marc gasol
101162,Marcin Gortat,1610612746,LAC,35.0,47,750.4816666666667,233,261,65,6,24,50,-98,106.0,112.5,0.562,0.148,0.097,105.3,112.1,-6.8,23.883861253550496,497.9,0.0005391962021476551,-1.5111115981201682,-2.501391521029993,-0.7426309185387737,0.11005436341187694,-0.44362508500879677,-0.9884507330130375,0.0313716807937953,0.5840616665242039,True,-0.3745494435880485,35.39977891730739,28.77392264558298,marcin gortat,13565218.0,False,False,LAC,118026816,0.0,118026816.0,13565218.0,0.10566422115839548,22.84132972810782,51.200288866408556,marcin gortat
201158,Marco Belinelli,1610612759,SAS,33.0,79,1815.3566666666663,829,198,132,35,8,72,33,111.0,110.1,0.557,0.187,0.075,111.8,109.8,2.0,22.698349451990158,1144.6000000000001,-0.0002537183121512745,2.6517587162708325,-1.4331782223635356,-0.3640809980931266,0.019277636281942324,0.9890648642558256,-0.5603702621177242,-0.6456769302505619,0.9083843466353442,True,-0.21752749283544362,41.3898641860774,39.68348243354057,marco belinelli,6153846.0,False,False,SAS,121588790,0.0,121588790.0,6153846.0,0.047934455953358615,41.54130561208518,93.11747050388188,marco belinelli
1629094,Marcus Derrickson,1610612744,GSW,23.0,11,67.32166666666667,46,13,1,0,1,3,-10,96.4,104.3,0.653,0.233,0.109,100.1,105.4,-5.3,29.036714282177602,54.3,0.022051869696624343,-1.1246991407849118,0.3716712317514902,-0.6557890778420173,2.572930318419633,-0.3106376984017615,0.16291300460179606,0.40067092318162634,0.1749307222181329,False,0.32003485118693364,62.55290443133785,39.32818857429292,marcus derrickson,1349927.579508817,True,True,GSW,146291276,54593535.0,200884811.0,1853698.6899568515,0.014439106569214644,62.65589342676769,140.44715788528507,marcus derrickson
202694,Marcus Morris Sr.,1610612738,BOS,29.0,75,2090.5066666666667,1046,458,109,43,25,92,74,110.3,108.9,0.568,0.203,0.099,110.1,107.9,2.3,26.433783197693696,1534.9999999999998,0.001957573169161965,1.680250786434678,-0.16778529534016187,0.2198465137838685,0.27243708762759394,0.6547115114993252,-0.05327116426526043,0.09292155452510055,0.9747975702833399,True,0.21391971003274612,58.46951651921657,57.80640827292737,marcus morris,5375000.0,False,False,BOS,125334993,2402989.5,127737982.5,5478052.373908858,0.04267046335370202,63.02727147092104,141.27962531890802,marcus morris
203935,Marcus Smart,1610612738,BOS,25.0,80,2199.7833333333333,708,234,321,143,28,123,163,110.5,106.7,0.568,0.144,0.079,110.8,105.2,5.6,24.868631001538027,1519.5999999999997,0.0013886233318193247,2.10391714927478,1.867590270061411,0.0836061996546876,0.20730093082418546,0.8005201709197689,0.7623941448763172,-0.5225771827879514,0.9999507563632897,True,0.12966068207032727,55.15825544705712,55.157033160165355,marcus smart,11160716.0,False,False,BOS,125334993,2402989.5,127737982.5,11374695.21457164,0.08860147406122339,46.56865152998063,104.3865851435106,marcus smart
1626209,Mario Hezonja,1610612752,NYK,24.0,58,1206.27,511,239,88,57,8,88,-262,102.0,112.0,0.497,0.208,0.082,101.2,111.0,-9.7,24.463179885100352,819.7,-0.012762210742927632,-4.650313597032536,-2.3385743981069207,-0.4609042581703066,-1.4127556834756032,-1.5240102070255308,-0.9232026868243784,-0.4302523721909936,0.7404758912041265,True,-0.8232970627987017,20.51695417614356,18.120864264647317,mario hezonja,6500000.0,False,False,NYK,123387454,0.0,123387454.0,6500000.0,0.05063077036650429,18.609337655659587,41.714010301677625,mario hezonja
1628365,Markelle Fultz,1610612753,ORL,21.0,19,426.85,155,70,59,17,5,25,-8,102.9,103.3,0.452,0.189,0.069,103.1,101.9,1.2,25.217289445941198,299.0,-0.020101431876987125,-2.3385553110905297,2.5937910455655038,-0.7817023043840985,-2.252985572345563,-0.7283974179485665,1.053415020885278,-0.8303265514444772,0.4404801099626716,False,-0.7337187369406957,23.156008826116175,17.325697445674805,markelle fultz,8339880.0,False,False,ORL,114394213,0.0,114394213.0,8339880.0,0.06496223833295413,16.306339459654065,36.55169382107453,markelle fultz
202693,Markieff Morris,1610612760,OKC,29.0,58,1270.5266666666666,547,265,79,36,22,54,-161,107.1,113.0,0.521,0.191,0.075,106.2,111.5,-5.4,25.237722939043653,890.7,-0.007135145441822966,-1.1035746570117613,-2.8760728263491195,-0.347107106573885,-0.7685417585579329,-0.3033675138176847,-1.1386021585915393,-0.6456769302505619,0.7599421828087458,True,-0.6120565703637134,27.02501650530533,24.105611592985785,markieff morris,9173294.0,False,False,OKC,144916427,49437851.25,194354278.25,12302738.69880228,0.0958303289135637,19.80109503404878,44.38541003008807,markieff morris
1627737,Marquese Chriss,1610612739,CLE,21.0,43,498.8016666666667,182,142,22,17,11,36,-170,100.7,117.9,0.455,0.196,0.054,101.4,119.7,-18.3,23.181959429432542,321.20000000000005,-0.020257929353912574,-3.4847504580041084,-5.437426291787778,-0.9279716180941295,-2.2709021680228987,-1.1228709765415648,-2.1650501526233836,-1.2919506044292663,0.47615966891687744,True,-1.4534015804304896,7.305614396822471,5.583475437843772,marquese chriss,3206160.0,False,False,CLE,123255073,0.0,123255073.0,3206160.0,0.024973900110503294,7.34313438946467,16.46010133389004,marquese chriss
1628963,Marvin Bagley III,1610612758,SAC,20.0,62,1567.495,923,471,62,33,59,98,-103,107.8,111.0,0.562,0.237,0.124,107.4,110.2,-2.8,31.990149888835372,1392.8999999999999,0.0008634425669526638,-0.40779439420020214,-1.8407519955832998,0.559523543628641,0.14717567125778283,-0.06390836324535924,-0.723703159192033,0.8622949761664152,0.8440958045581836,True,0.30250400108014336,61.886605808674425,57.54483413942262,marvin bagley,7314960.0,False,False,SAC,101466920,0.0,101466920.0,7314960.0,0.05697877846156373,56.70271339696673,127.10272738024048,marvin bagley
101107,Marvin Williams,1610612766,CHA,33.0,75,2133.2633333333333,756,407,92,71,61,47,-6,110.5,110.9,0.548,0.147,0.08,109.3,110.6,-1.3,23.323702808998423,1382.1000000000001,-0.0015224470154344253,1.362727496822437,-2.1289310109659847,-0.14036333163066,-0.12597262364258563,0.5454329629670132,-0.8391892786413725,-0.4918022459222988,0.984715771943941,True,-0.24559084758189637,40.299948742982274,40.02276961972642,marvin williams,14087500.0,False,False,CHA,121427859,0.0,121427859.0,14087500.0,0.10973245808278911,31.353566351635926,70.2810069862273,marvin williams
203486,Mason Plumlee,1610612743,DEN,29.0,82,1730.92,637,524,243,66,76,126,72,109.3,106.1,0.602,0.159,0.115,108.9,106.9,2.1,30.465186143784813,1464.8000000000002,0.006939271595550509,0.7464926004568613,1.1731918435723074,0.49037201477679876,0.8427662599920808,0.33335007886730883,0.484117881351501,0.585320544375542,0.8870072255522039,True,0.547224300038496,70.78876782113377,67.18938914700092,mason plumlee,12917808.0,False,False,DEN,118327016,0.0,118327016.0,12917808.0,0.10062131853639879,54.25706377838338,121.62064869095121,mason plumlee
203521,Matthew Dellavedova,1610612739,CLE,28.0,48,812.1933333333334,282,77,181,14,2,68,-61,103.3,107.0,0.532,0.173,0.082,104.0,107.0,-3.0,23.44318676177264,528.8999999999999,-0.004559723358300381,-2.709721947402921,0.67595502510057,-0.7551335919095216,-0.4736948570265038,-0.8561378156037153,0.2848530232341222,-0.4302523721909936,0.6076008458509483,True,-0.4746060570440931,31.753389410078313,26.14638799443223,matthew dellavedova,9607500.0,False,False,CLE,123255073,0.0,123255073.0,9607500.0,0.07483617327633692,23.419075540485593,52.49534273749289,matthew dellavedova
203090,Maurice Harkless,1610612757,POR,26.0,60,1415.13,460,269,74,67,53,45,237,114.6,106.8,0.547,0.135,0.073,113.4,106.1,7.3,23.971507918000462,942.3,-0.0015331656264193705,4.272535918149197,1.2650953260090936,-0.4104525782511378,-0.1271997425905249,1.5468701840855101,0.5209476849942498,-0.7072268039818672,0.8020230103250836,True,-0.023688466783959305,49.055055279950494,44.684757802252946,maurice harkless,1618236.166740383,False,True,POR,130256600,10166300.0,140422900.0,1744536.6716048792,0.01358880547938036,72.71818921108948,163.00243189731168,maurice harkless
1628467,Maxi Kleber,1610612742,DAL,27.0,71,1502.1616666666666,485,329,70,36,78,54,64,108.0,105.3,0.579,0.132,0.089,107.1,104.9,2.2,23.315999054695624,972.9,0.0027249047208343824,-0.47857674680164963,2.2748817177158807,-0.44040168442957356,0.3602849522185756,-0.08826875823696587,0.9256139015683748,-0.21482781413142565,0.826317588809386,True,0.005095748985676607,50.20329009227549,46.27954727945777,maxi kleber,1378242.0,False,False,DAL,86958881,0.0,86958881.0,1378242.0,0.010735608340226402,81.78937082296738,183.33606064906812,maxi kleber
1628982,Melvin Frazier Jr.,1610612753,ORL,22.0,10,44.43333333333333,15,5,1,1,0,1,-9,96.0,109.5,0.33,0.205,-0.02,101.4,109.5,-8.2,16.77119279819955,20.7,-0.046813140395673865,-0.7229256350223038,-0.11490549690362878,-1.6597323313800518,-5.311072455165599,-0.1723636662761392,-0.03207988248303601,-3.569295932487558,0.1421160430668181,False,-2.3130492631799964,1.0359965389634933,0.636052374366706,melvin frazier,1050000.0,False,False,ORL,114394213,0.0,114394213.0,1050000.0,0.008178816751512233,1.2363695686437686,2.7714007815534423,melvin frazier
203086,Meyers Leonard,1610612757,POR,27.0,61,877.6783333333333,357,233,75,13,9,43,-77,108.5,112.2,0.675,0.149,0.108,108.6,114.1,-5.5,25.082082083982936,611.5,0.01737983941972973,0.2944076646063246,-3.343292622598892,-0.5638330136217367,2.038053468594981,0.17776090724024143,-1.3258378638948731,0.3698959863159737,0.6316206907390677,True,0.10350701928041031,54.12197105804458,45.150134616653396,meyers leonard,10595506.0,False,False,POR,130256600,10166300.0,140422900.0,11422466.72711709,0.08897358305841557,38.0640300425951,85.32293683420194,meyers leonard
201563,Michael Beasley,1610612747,LAL,30.0,26,277.4833333333333,181,60,25,9,10,27,-39,102.8,108.8,0.532,0.288,0.105,103.2,109.7,-6.5,33.73175566100066,260.0,-0.007590753336361327,-1.8051517434007749,-0.4453803222175741,-0.1303906184462984,-0.8207019760529056,-0.5448216943212498,-0.16451580985451617,0.27757117571901585,0.3551461500267008,False,-0.17883222393017068,42.903472104751714,30.453560980964678,michael beasley,3500000.0,False,False,LAL,107225482,0.0,107225482.0,3500000.0,0.027262722505040773,38.84060183310678,87.06367174206389,michael beasley
203487,Michael Carter-Williams,1610612753,ORL,27.0,28,371.81666666666666,134,70,70,20,15,20,3,109.4,109.2,0.458,0.176,0.085,109.8,110.0,-0.2,31.660764713792638,327.0,-0.017662793705554146,0.6576940195307833,-0.6772220628997284,-0.24672589792167177,-1.9737983612846783,0.3027892338748641,-0.25742508335663816,-0.3379275615940357,0.41110530981437804,False,-0.45232487457359655,32.55174793706511,23.925449754685822,michael carter williams,1468082.0,False,False,ORL,114394213,0.0,114394213.0,1468082.0,0.011435403480184363,41.358919484720005,92.70864043499009,michael carter williams
203077,Michael Kidd-Gilchrist,1610612766,CHA,25.0,64,1179.1633333333334,427,246,61,32,39,43,-49,106.4,107.4,0.553,0.153,0.075,106.3,106.7,-0.4,23.59367800333004,772.8,-0.0008195877099419524,-1.234435667427783,0.7809419931299062,-0.5646488730767458,-0.04550585675304466,-0.34840452919755843,0.3269259601353717,-0.6456769302505619,0.7321088261545092,True,-0.3449129612166397,36.50799031171347,32.106914541008344,michael kidd gilchrist,13000000.0,False,False,CHA,121427859,0.0,121427859.0,13000000.0,0.10126154073300858,25.86962196058185,57.988397917860695,michael kidd gilchrist
1628969,Mikal Bridges,1610612756,PHX,22.0,82,2417.115,684,264,173,129,38,70,-388,105.3,112.0,0.556,0.119,0.064,104.8,111.3,-6.5,20.446193085558612,1372.8,-0.0002804571077326293,-2.566890482658717,-2.89007909881447,-0.37692706776613416,0.016216448339862775,-0.8069810587212463,-1.1442150934987723,-0.9842012357727403,1.0,True,-0.6797390932553791,24.83348390054012,24.83348390054012,mikal bridges,3557400.0,False,False,PHX,108692835,0.0,108692835.0,3557400.0,0.027709831154123444,31.492917063813127,70.59337044326512,mikal bridges
201144,Mike Conley,1610612763,MEM,31.0,70,2341.8,1478,239,449,94,22,130,23,106.3,105.6,0.569,0.262,0.151,105.7,105.4,0.4,36.01383551114527,2342.7,0.0027885230065046052,-1.7782062224520732,2.152501679320145,1.575795749679815,0.3675682843491095,-0.5355481464743594,0.8765707895512953,1.6932182715390351,1.0,True,1.008203057995571,84.33215049217144,84.33215049217144,mike conley,30521115.0,False,False,MEM,125188633,2183449.5,127372082.5,31053442.19049015,0.24188610779018813,50.098698889986274,112.29941012768741,mike conley
203488,Mike Muscala,1610612747,LAL,27.0,64,1305.881666666667,449,244,76,22,38,48,33,107.6,106.5,0.564,0.138,0.07,108.0,106.0,2.0,21.596443781914893,783.3999999999999,0.0007787640263268525,-0.1864747416258803,1.3682171921582904,-0.7163644251379486,0.13748125825672075,0.012260822405660971,0.5622731928079617,-0.7995516145788246,0.7704431035174343,True,-0.312154299637583,37.7461630770274,33.84696165448815,mike muscala,5000000.0,False,False,LAL,107225482,0.0,107225482.0,5000000.0,0.038946746435772533,38.102359594799196,85.40885495579688,mike muscala
203118,Mike Scott,1610612755,PHI,30.0,79,1395.7816666666668,459,276,66,26,13,44,42,108.2,106.4,0.528,0.139,0.063,108.4,106.8,1.6,19.76182999012501,766.2,-0.004219592756091058,0.163542630782277,1.0691066561809188,-0.8754373764715869,-0.4347550440851358,0.13272250716764242,0.4424063279685234,-1.014976172638393,0.7965213193136842,True,-0.5022961272517601,30.772961650672503,27.95522291380226,mike scott,4320500.0,False,False,PHI,115127167,0.0,115127167.0,4320500.0,0.03365388359515105,33.12056523757149,74.24184702765415,mike scott
1628970,Miles Bridges,1610612766,CHA,21.0,80,1696.3333333333333,597,323,95,55,49,50,-127,107.8,111.5,0.548,0.147,0.085,107.2,111.3,-4.1,23.452701906071923,1105.1000000000001,-0.0015224470154344253,-0.5081066178762064,-2.5394145447620065,-0.3327519736988671,-0.12597262364258563,-0.09843173385149369,-1.0036882458996341,-0.3379275615940357,0.8781005671679104,True,-0.36878015241198453,35.614579982795654,33.66095128759051,miles bridges,3206640.0,False,False,CHA,121427859,0.0,121427859.0,3206640.0,0.024977638998161127,44.26704141315272,99.22738013039688,miles bridges
203101,Miles Plumlee,1610612737,ATL,30.0,18,172.92166666666665,80,39,17,6,4,10,-43,101.3,111.5,0.654,0.166,0.122,101.9,116.4,-14.4,28.79222769462088,138.29999999999998,0.015876774118625068,-1.6543495975773839,-1.6312331701981262,-0.613845260247968,1.8659752101745386,-0.4929217545364772,-0.6397396684320069,0.80074510243511,0.28035826646588746,False,0.19675928374944912,57.799204247409364,39.081580453735306,miles plumlee,12400000.0,False,False,ATL,79180081,0.0,79180081.0,12400000.0,0.09658793116071589,32.01446229429786,71.76244714657348,miles plumlee
1628462,Milos Teodosic,1610612746,LAC,32.0,15,150.00333333333333,48,16,32,3,1,21,26,116.6,111.2,0.557,0.171,0.036,118.2,110.9,7.4,19.967556276527187,83.19999999999999,-0.00023200979346453445,2.1836051490298396,-0.6756843782711777,-1.358781337566421,0.021762933551300115,0.8279455259521842,-0.256808864891,-1.845899468011013,0.2611193852116946,False,-0.8045302356030365,21.05454073435176,14.053984333504301,milos teodosic,6300000.0,False,False,LAC,118026816,0.0,118026816.0,6300000.0,0.04907290050907339,14.591567761756657,32.70792433316029,milos teodosic
1628249,Mitchell Creek,1610612750,MIN,27.0,5,47.15,21,12,6,2,0,1,7,105.0,96.1,0.55,0.169,0.14,101.6,99.3,2.3,31.151643690349946,40.8,-0.001412296228628693,-0.4427500701960144,0.8679498856816376,-0.4967980063112634,-0.11336202346224653,-0.07593867932218311,0.36179388366866966,1.354693966016857,0.14639610029580086,False,0.30808266535987716,62.09902844093861,38.24544066067639,mitchell creek,47370.0,False,False,MIN,121962221,0.0,121962221.0,47370.0,0.002,121.70719878317469,272.8144030577928,mitchell creek
1629011,Mitchell Robinson,1610612752,NYK,21.0,66,1359.5083333333334,485,423,37,52,161,35,-202,103.3,109.6,0.692,0.119,0.115,103.4,108.7,-5.3,32.31374087445828,1220.2999999999997,0.015903542892267357,-3.463914300313897,-0.7076544301662641,0.4590647930884611,1.8690398301514823,-1.1157000220199065,-0.269620683361039,0.585320544375542,0.786103258696549,True,0.36292023030035836,64.16677629972392,57.99049734201761,mitchell robinson,1485440.0,False,False,NYK,123387454,0.0,123387454.0,1485440.0,0.01157061100511079,99.83417349740598,223.78462999534733,mitchell robinson
1628964,Mo Bamba,1610612753,ORL,21.0,47,766.1933333333334,292,233,39,13,64,43,-240,94.3,109.2,0.539,0.174,0.103,94.2,108.0,-13.8,28.477929852343618,606.1,-0.0033680801407183006,-8.38561493558808,-0.23473377312727872,-0.29663828057201574,-0.33726972008178613,-2.8095483768606657,-0.08010039016294522,0.2160213019877106,0.5901437934687588,True,-0.4933909526125004,31.0868186921377,25.353312180109885,mo bamba,4871280.0,False,False,ORL,114394213,0.0,114394213.0,4871280.0,0.037944101395530005,28.802574248355135,64.56279643812697,mo bamba
1628420,Monte Morris,1610612743,DEN,24.0,82,1970.2083333333333,851,194,297,73,4,52,179,109.4,105.1,0.577,0.168,0.113,108.7,105.7,3.1,27.379033520143807,1498.3999999999999,0.003132060553789214,0.7035740283185843,2.0993187373890994,0.26854004930585396,0.40689814100624855,0.31857925914546176,0.8552580247187832,0.5237706706442368,0.9463346355408547,True,0.4613765272503086,67.77357554841228,66.13688341378504,monte morris,1349383.0,False,False,DEN,118327016,0.0,118327016.0,1349383.0,0.010510815509148409,117.75194166957758,263.9484434500259,monte morris
1626149,Montrezl Harrell,1610612746,LAC,25.0,82,2158.148333333333,1361,535,162,71,110,132,59,111.9,109.9,0.636,0.227,0.14,111.2,109.6,1.6,35.92579750078964,2153.7,0.017625010391131866,2.745946176917857,-1.32170325953217,1.430469579491422,2.06612183910631,1.021480341564657,-0.5156972977935935,1.354693966016857,0.9904425854896967,True,1.1498113171095186,87.4889203496677,87.11264480508939,montrezl harrell,6000000.0,False,False,LAC,118026816,0.0,118026816.0,6000000.0,0.04673609572292704,92.00256708603294,206.22958765221773,montrezl harrell
1629021,Moritz Wagner,1610612747,LAL,22.0,43,446.18,207,85,24,11,13,39,-97,95.7,105.5,0.533,0.21,0.069,95.1,106.5,-11.3,23.858532430857508,295.70000000000005,-0.0053249243077634675,-6.01609384117957,0.9393859754333876,-0.8926088027416662,-0.5612987998681783,-1.9940559881610151,0.3904214948190131,-0.8303265514444772,0.4503433033909696,True,-0.7969901601002869,21.272837304379973,16.011096438277892,moritz wagner,1764240.0,False,False,LAL,107225482,0.0,107225482.0,1764240.0,0.013742281586369467,25.95359805178972,58.176635650904046,moritz wagner
1626167,Myles Turner,1610612754,IND,23.0,74,2118.8166666666666,984,531,115,60,199,100,121,107.3,104.5,0.567,0.199,0.119,106.2,103.6,2.6,32.39600720527968,1906.7,0.0017200002988336503,-1.1795270563940503,3.3431623634763765,0.9678917912556594,0.24523858484531502,-0.3295072277649007,1.3537213614328065,0.7084202918381521,0.9813758122393709,True,0.6449169431423436,74.05094943681766,73.4303369830438,myles turner,3294994.0,False,False,IND,110724804,0.0,110724804.0,3294994.0,0.025665859165078377,95.65288754922312,214.4120124232375,myles turner
1628513,Naz Mitrou-Long,1610612762,UTA,25.0,14,83.915,16,6,15,1,1,8,-39,103.3,124.5,0.383,0.139,0.016,110.4,122.3,-11.9,14.671989513197879,34.2,-0.024374592756091062,-0.07729822515709238,-2.1682992159829175,-1.8174677292990187,-2.7421979049608916,0.04983492057053223,-0.8549658653614504,-2.461398205324065,0.19530279521343727,False,-1.7248857213847455,4.227403464197284,2.69660257618222,naz mitrou long,1567928.3066344643,False,True,UTA,113826156,0.0,113826156.0,1567928.3066344643,0.012213141237592538,4.555378401766708,10.21116952658147,naz mitrou long
202357,Nemanja Bjelica,1610612758,SAC,31.0,77,1787.91,741,444,147,54,56,82,82,111.5,108.7,0.585,0.162,0.096,111.1,108.0,3.1,27.6577680084568,1373.6,0.004316201248296743,2.4710757430528,-0.14684850443791583,0.19947628554068486,0.5424643524581888,0.92688116402432,-0.04488086307760528,0.0005967439281426818,0.9014911888844859,True,0.2637177925743496,60.400130787213556,57.72265550343207,nemanja bjelica,6500000.0,False,False,SAC,101466920,0.0,101466920.0,6500000.0,0.05063077036650429,59.27865089417086,132.87685461051146,nemanja bjelica
2403,Nene,1610612745,HOU,36.0,42,545.7833333333333,151,123,26,18,15,11,101,111.1,101.9,0.552,0.114,0.069,111.4,103.0,8.5,21.615170855345532,327.70000000000005,-0.0007246731956430235,1.6607187680391662,2.887136726658011,-1.0483177404240287,-0.03463957948127322,0.6479893884614386,1.1709716525560816,-0.8303265514444772,0.49807964557220497,True,-0.24352918130891327,40.37977410008513,31.25943036247207,nene,3651480.0,False,False,HOU,126474100,4111650.0,130585750.0,3770188.9510184294,0.0293673186180532,38.84415267823251,87.07163118655865,nene
203457,Nerlens Noel,1610612760,OKC,25.0,77,1055.6166666666666,378,325,45,66,96,48,-75,99.0,101.7,0.608,0.137,0.122,99.9,102.1,-2.2,32.005936498413256,938.5,0.006801120808744779,-5.8072360089551776,4.174706389770103,0.22828668986222303,0.8269500830266007,-1.9221756521297308,1.6869579526551666,0.80074510243511,0.6926945629754556,True,0.3860550607288942,65.02720544758857,56.03475924273835,nerlens noel,1757429.0,False,False,OKC,144916427,49437851.25,194354278.25,2356971.2001705593,0.01835927193789225,82.07392390153224,183.97390441708734,nerlens noel
201156,Nick Young,1610612743,DEN,34.0,4,37.13333333333333,9,1,2,0,1,2,-5,98.7,103.8,0.5,0.126,0.003,98.8,105.3,-6.6,11.342908438061041,11.7,-0.007352954584658084,-0.645549848647623,0.23450304289399398,-2.0997466059096137,-0.793477613267353,-0.1457340806577198,0.10794362446837301,-2.8614723845775485,0.12991838930185318,False,-1.5080685772691729,6.576848822641063,4.001770975026277,nick young,284020.0,False,False,DEN,118327016,0.0,118327016.0,284020.0,0.002212330984537623,12.292827584945416,27.555152472565794,nick young
201587,Nicolas Batum,1610612766,CHA,30.0,75,2354.018333333333,699,390,247,71,43,117,-21,109.7,110.3,0.581,0.129,0.084,108.4,109.3,-0.9,21.352085193332538,1396.2,0.002920975068088147,0.6780974596491738,-1.3262223063342298,-0.28747244191341714,0.3827320434118343,0.3098112646806248,-0.5175082803805344,-0.36870249845968833,1.0,True,-0.15622360585947206,43.79283851962606,43.79283851962606,nicolas batum,24000000.0,False,False,CHA,121427859,0.0,121427859.0,24000000.0,0.18694438289170817,28.47087697328942,63.81927596441889,nicolas batum
203917,Nik Stauskas,1610612739,CLE,25.0,68,1014.7966666666666,399,127,81,21,7,51,-255,100.8,113.7,0.545,0.171,0.078,101.4,114.3,-12.9,20.933848817004396,590.1,-0.0022840097934645363,-4.6478384270478275,-3.9980421006559492,-0.910713305681747,-0.21316005084547757,-1.5231583546035241,-1.5882250343551458,-0.5533521196536041,0.6791695017602102,True,-0.8923654782871402,18.60985342016462,15.923079574932228,nik stauskas,2161886.0,False,False,CLE,123255073,0.0,123255073.0,2161886.0,0.01683968517300931,24.038494939538758,53.88381059547196,nik stauskas
203999,Nikola Jokić,1610612743,DEN,24.0,80,2503.5866666666666,1604,865,580,108,55,248,315,113.3,107.5,0.589,0.271,0.188,111.3,107.0,4.3,43.45301940149865,3021.9,0.008304311964743318,3.3359025371328843,0.743581219154799,2.6667773541919773,0.9990427499301184,1.224519226745124,0.31195384011379623,2.831890935568181,1.0,True,1.8965889917368044,97.10588976978025,97.10588976978025,nikola jokic,25467250.0,False,False,DEN,118327016,0.0,118327016.0,25467250.0,0.19837330563328562,61.833458374672105,138.60361756856983,nikola jokic
202703,Nikola Mirotic,1610612749,MIL,28.0,46,1245.195,697,339,55,31,34,48,118,112.0,108.3,0.584,0.206,0.116,111.9,107.6,4.3,31.23269849300712,1080.3,0.0052825028219082035,2.741354187573481,0.15132202843648823,0.2703055320592648,0.6530912771658431,1.0198999663706294,0.0746093008057003,0.6160954812411946,0.7523282044910501,True,0.5145451090385005,69.65645345733076,61.893080953877536,nikola mirotic,12500000.0,False,False,MIL,130988604,11447307.0,142435911.0,13592395.316313166,0.10587591476784622,49.09759130368428,110.0553639966104,nikola mirotic
202696,Nikola Vučević,1610612753,ORL,28.0,80,2510.1766666666667,1665,960,307,81,89,159,218,110.4,106.4,0.573,0.276,0.185,109.2,105.6,3.6,41.596434779490956,2900.4,0.004041528052653708,1.3193308256454024,1.811294222499129,2.4296308464498244,0.5110184231919793,0.5304976010817427,0.7398338204728561,2.7395661249712235,1.0,True,1.69648002581581,95.51024951297897,95.51024951297897,nikola vucevic,12750000.0,False,False,ORL,114394213,0.0,114394213.0,12750000.0,0.09931420341121996,77.48062199870604,173.6777269582977,nikola vucevic
203943,Noah Vonleh,1610612752,NYK,23.0,68,1721.695,571,528,129,46,51,88,-293,104.7,112.4,0.561,0.144,0.104,103.9,111.6,-7.7,25.11664377256134,1201.1999999999998,0.0003806233318193399,-3.005144338680249,-2.9664301945243032,-0.12957318757846856,0.09190016655910355,-0.9578101375368733,-1.17481236564062,0.24679623885336321,0.8846403994638931,True,-0.2644627757313667,39.571167232403056,37.51695591229818,noah vonleh,1621415.0,False,False,NYK,123387454,0.0,123387454.0,1621415.0,0.012629767774431625,62.63777337822796,140.4065406475607,noah vonleh
1626181,Norman Powell,1610612761,TOR,26.0,60,1126.465,516,139,91,39,13,65,15,105.8,105.5,0.596,0.182,0.092,105.8,104.7,1.1,24.33630871798059,761.5,0.006851065599938318,-1.5914718393162894,2.127679086466381,-0.513621047704441,0.8326680067119125,-0.47128179809067106,0.866623275088643,-0.1225030035344678,0.7155623980160957,True,0.0190452595700321,50.75974999843093,44.262658293345645,norman powell,9367200.0,False,False,TOR,137793831,26402077.5,164195908.5,11162008.508938255,0.08694478302231073,37.618316340287066,84.32384130948714,norman powell
1628384,OG Anunoby,1610612761,TOR,21.0,67,1352.2666666666669,469,197,47,46,22,55,-49,104.9,106.5,0.544,0.148,0.057,105.0,105.6,-0.6,19.72421613094064,740.9,-0.0021248037978523473,-2.2908368550823224,1.5565505391845402,-0.896953432984043,-0.19493337071727304,-0.7119746742274746,0.6377467222809,-1.1996257938323085,0.7840068026915754,True,-0.6245002947952805,26.61495383958641,24.02806180037363,og anunoby,1952760.0,False,False,TOR,137793831,26402077.5,164195908.5,2326919.86248978,0.01812519157215043,35.352238986261746,79.24428523719124,og anunoby
1627855,Okaro White,1610612764,WAS,26.0,3,6.276666666666666,0,2,0,0,0,0,-3,66.7,92.9,0.0,0.105,-0.028,76.9,93.7,-16.7,8.029739776951672,1.4,-0.05862746215388173,-0.4373645135927822,0.1823960215744822,-2.371827848533315,-6.663633725176308,-0.07408519068719659,0.08706202876903539,-3.815495427412779,0.053413765108165735,False,-2.735204123421333,0.31170801815676547,0.1789316844750918,okaro white,247827.0,False,False,WAS,123747588,21882.0,123769470.0,247870.82267567105,0.002,0.5694083716862357,1.2763649691292167,okaro white
1629016,Omari Spellman,1610612737,ATL,21.0,46,804.5416666666666,272,194,47,26,25,31,-202,102.6,112.8,0.516,0.146,0.079,102.4,113.9,-11.4,24.046486094567303,537.4,-0.006184090233016508,-3.464674861380002,-3.3105203653723865,-0.7007426483991511,-0.6596603121744468,-1.115961776077304,-1.312704566150557,-0.5225771827879514,0.6047319716831231,True,-0.7952078150965194,21.324631325509696,17.531606085131358,omari spellman,1622520.0,False,False,ATL,79180081,0.0,79180081.0,1622520.0,0.01263837500539393,29.263540371996868,65.59608123235863,omari spellman
201956,Omri Casspi,1610612763,MEM,31.0,36,520.435,226,115,26,20,9,23,19,104.3,103.2,0.606,0.17,0.118,104.1,103.6,0.5,25.780741110801543,372.7,0.008099346988953376,-1.9981655988595122,2.372622999142879,-0.6827843642415445,0.9755773582101448,-0.6112491806228503,0.9647831703196762,0.6776453549724994,0.48637574326477634,False,0.23196421761740926,59.17170969843283,45.49529826230833,omri casspi,2176260.0,False,False,MEM,125188633,2183449.5,127372082.5,2214216.7513040104,0.01724730767337546,68.11004290891273,152.6729797761515,omri casspi
203490,Otto Porter Jr.,1610612741,CHI,26.0,56,1683.7516666666668,780,314,120,82,31,65,-22,111.2,111.6,0.569,0.185,0.103,110.3,110.2,0.1,28.205584552749762,1319.2,0.0019689952526845494,1.9754929402624404,-2.057059595681696,0.2034114181405693,0.2737447435482347,0.7563218030632974,-0.8103872132325074,0.2160213019877106,0.874838080256379,True,0.14861114513830923,55.9069760937007,52.758135088973965,otto porter,26011913.0,False,False,CHI,112598201,0.0,112598201.0,26011913.0,0.20261587598407504,33.346542913817494,74.74839031733475,otto porter
200782,P.J. Tucker,1610612745,HOU,34.0,82,2802.1266666666666,601,479,96,132,39,63,242,114.0,109.5,0.547,0.094,0.056,112.4,108.1,4.3,17.355532345670785,1350.8999999999999,-0.0010675375472845986,4.193802331324305,-0.48192319031165987,-0.639729912671491,-0.07389236541251347,1.5197732990051305,-0.1791601586948746,-1.230400730697961,1.0,True,-0.3390445811425996,36.72880730516253,36.72880730516253,pj tucker,7959537.0,False,False,HOU,126474100,4111650.0,130585750.0,8218300.100951498,0.06401521003296837,34.74599962749566,77.88536127521131,pj tucker
1628408,PJ Dozier,1610612738,BOS,22.0,6,50.84333333333333,19,17,5,2,0,0,25,112.6,90.1,0.434,0.173,0.121,117.2,90.1,27.1,29.95082934504688,42.3,-0.021513723358300384,0.670300852046028,1.6606855156151097,-0.5915810621800532,-2.414671600429509,0.3071279907595584,0.6794782283412732,0.7699701655694573,0.1520217289094097,False,-0.1311140230734779,44.7842554059814,27.69502144392181,pj dozier,838464.335098644,True,True,BOS,125334993,2402989.5,127737982.5,854539.8216418676,0.006656309150551221,57.858488283630756,129.69347007193758,pj dozier
1627783,Pascal Siakam,1610612761,TOR,25.0,80,2547.613333333333,1354,549,248,73,52,154,593,114.8,104.2,0.628,0.205,0.124,114.2,102.6,11.6,30.162348027696517,2134.5,0.014276859604326132,5.301620033883114,4.056037819237559,0.9562299633525901,1.6828091807014265,1.9010389085982609,1.6394021905077913,0.8622949761664152,1.0,True,1.281233525659194,89.99441731552584,89.99441731552584,pascal siakam,1544951.0,False,False,TOR,137793831,26402077.5,164195908.5,1840972.3511713925,0.014339976671268042,143.72115867172016,322.1600899684835,pascal siakam
1626192,Pat Connaughton,1610612749,MIL,26.0,61,1261.1733333333334,421,258,122,33,25,33,118,111.0,106.1,0.573,0.13,0.094,111.2,106.0,5.2,24.228866240960794,848.8,0.0019036182856702244,2.1641403520982214,1.4694942781449716,-0.45832005390744635,0.26626006898594673,0.8212465377968239,0.6028594153481671,-0.06095312980316256,0.7571397533220707,True,0.12068895090183032,54.80312945383734,48.8138537617907,pat connaughton,1641000.0,False,False,MIL,130988604,11447307.0,142435911.0,1784409.6571255925,0.013899390090722852,78.81187893506316,176.6618237910236,pat connaughton
201976,Patrick Beverley,1610612746,LAC,30.0,78,2137.221666666667,596,388,300,67,43,85,149,112.7,108.7,0.561,0.12,0.079,112.0,108.4,3.6,23.615706684613123,1402.0,0.0003171861098494499,3.389223230891221,-0.3467855892211597,-0.10248649261259754,0.08463756348551321,1.2428700319026373,-0.12500452518731275,-0.5225771827879514,0.9856289331890546,True,-0.002019317459409059,49.91944094353741,49.59661291410333,patrick beverley,5027028.0,False,False,LAC,118026816,0.0,118026816.0,5027028.0,0.039157276968305746,55.72688214073884,124.91533974569941,patrick beverley
1627775,Patrick McCaw,1610612761,TOR,23.0,29,397.295,74,48,29,23,2,17,-60,103.6,109.9,0.532,0.093,0.049,104.6,110.1,-5.5,16.21968562403252,179.0,-0.0024511807648666785,-1.7258597902483188,-0.8536225256656967,-1.5879355729563924,-0.23229860031248517,-0.5175326423547812,-0.3281165765830163,-1.4458252887575291,0.42495721709795253,False,-0.9924236527538993,16.049545278259302,11.896416446754113,patrick mccaw,964104.0,False,False,TOR,137793831,26402077.5,164195908.5,1148831.7802012777,0.008948652008171265,22.40774161203798,50.228373612083445,patrick mccaw
202335,Patrick Patterson,1610612760,OKC,30.0,63,860.6716666666666,229,147,31,16,13,22,-110,101.5,107.3,0.493,0.118,0.06,101.5,107.4,-5.9,16.969537357451447,405.69999999999993,-0.007712100325314714,-4.173381638578588,0.4630685896396738,-1.3621798310027486,-0.8345943721506115,-1.3598697049786816,0.19953998167856973,-1.1073009832353509,0.6254713374243411,True,-0.9719738670389009,16.553177478254096,13.763339738215487,patrick patterson,5451600.0,False,False,OKC,144916427,49437851.25,194354278.25,7311398.750589537,0.056951038646006966,13.564236371454987,30.405095882667453,patrick patterson
201988,Patty Mills,1610612759,SAS,30.0,82,1907.7083333333333,811,182,245,49,10,93,201,113.6,109.1,0.572,0.175,0.081,114.4,109.0,5.4,24.135764988533364,1279.0,0.0023875630768637633,4.739840709830856,-0.75106541956387,-0.15096431834326232,0.3216644328409474,1.7076974085058931,-0.28701739318159436,-0.4610273090566462,0.9312036036845817,True,0.08530239492197753,53.39895061987602,51.745805703523416,patty mills,2112930.124448583,False,True,SAS,121588790,0.0,121588790.0,2112930.124448583,0.016458350758680854,78.74754798767665,176.51762189347886,patty mills
2200,Pau Gasol,1610612749,MIL,38.0,30,360.545,118,137,52,5,15,16,-33,104.9,111.1,0.529,0.151,0.13,107.0,110.9,-4.0,30.48385083692743,305.3,-0.004432874145106113,-0.8119160954366066,-1.209958254652195,-0.35657668595777636,-0.4591725394183262,-0.20299054835201158,-0.47091611563743013,1.0469445973603309,0.40482600078192965,False,0.05497732720748988,52.19217366320728,38.213632536050476,pau gasol,17133285.0,False,False,MIL,130988604,11447307.0,142435911.0,18630590.62296469,0.14512017778825745,27.146302768838684,60.85015889898746,pau gasol
202331,Paul George,1610612760,OKC,29.0,77,2841.306666666667,2159,628,318,170,34,205,496,112.1,103.9,0.583,0.285,0.161,110.4,103.1,7.3,40.52952162854648,3198.7999999999997,0.007023317010892417,2.5358755830145903,3.972944092486736,2.5627894565559814,0.8523881897177082,0.949182622493077,1.6061028469025913,2.000967640195561,1.0,True,1.7521387050646702,96.01250198571645,96.01250198571645,paul george,30560700.0,False,False,OKC,144916427,49437851.25,194354278.25,40986401.01935976,0.31925739356317867,51.75776875429442,116.01832042377231,paul george
200794,Paul Millsap,1610612743,DEN,34.0,70,1894.5183333333332,883,505,141,83,54,95,342,114.0,105.4,0.57,0.191,0.113,112.8,105.1,7.7,30.2419876292215,1591.5,0.0022238545581770215,4.1000458898887695,2.272363712840354,0.5652604074544292,0.3029222818755161,1.487506160905932,0.9246048252779206,0.5237706706442368,0.9279788235567107,True,0.7057012932657838,75.98130417228833,73.51878586090571,paul millsap,29230769.0,False,False,DEN,118327016,0.0,118327016.0,29230769.0,0.22768866967312806,44.60935310377029,99.99469348958371,paul millsap
203112,Quincy Acy,1610612756,PHX,28.0,10,122.93,17,25,8,1,4,4,4,99.3,96.4,0.379,0.088,0.017,102.1,96.9,5.2,14.730334336614334,50.300000000000004,-0.015783396852777073,-1.4046523672010052,2.2481321120693787,-1.8010282815730538,-1.7586358283800483,-0.4069861655552996,0.9148941475682011,-2.430623268458412,0.23638374040376114,False,-1.3670532278858591,8.580431108857406,5.6319605897764005,quincy acy,213948.0,False,False,PHX,108692835,0.0,108692835.0,213948.0,0.002,17.92240160390401,40.17419958569488,quincy acy
202347,Quincy Pondexter,1610612759,SAS,31.0,53,291.87833333333333,98,46,24,11,1,13,-14,99.2,101.4,0.641,0.129,0.09,102.1,105.3,-3.2,21.189650939032816,171.8,0.010660975068088155,-2.638319404827117,1.6041342347233734,-1.1963704026425577,1.2688450547330135,-0.831563976551691,0.6568156206166839,-0.18405287726577305,0.3642416364132054,True,-0.1901939590206704,42.45785723634797,30.31103520925592,quincy pondexter,2165481.0,False,False,SAS,121588790,0.0,121588790.0,2165481.0,0.01686768788369663,45.7328661781238,102.51311928338937,quincy pondexter
1626188,Quinn Cook,1610612744,GSW,26.0,74,1058.9016666666666,509,157,116,20,3,50,-133,105.8,112.1,0.565,0.2,0.093,107.0,111.7,-4.7,25.8822899828596,761.3,0.0013286435164157286,-1.0717880012742942,-2.5593994688646893,-0.3903264246376329,0.20043414854437036,-0.29242784508998715,-1.0116970918214774,-0.09172806666881518,0.6937715325623698,True,-0.29065364441511693,38.56581140019248,33.251334205936146,quinn cook,1544951.0,False,False,GSW,146291276,54593535.0,200884811.0,2121501.692549739,0.01652511769655939,50.53073037762599,113.2678361006866,quinn cook
1626154,RJ Hunter,1610612738,BOS,25.0,1,25.683333333333334,17,3,3,1,0,0,28,132.1,79.2,0.612,0.226,0.133,136.0,76.4,59.6,35.74302401038287,25.5,0.012123367173549783,1.286998448619038,1.4936616491689472,-0.14138846740455946,1.4362668470202127,0.5193701173738379,0.6125443533480595,1.1392694079572887,0.10804740822547491,False,0.6916609031973633,75.5424847494689,45.22134297184956,rj hunter,1567928.3066344643,True,True,BOS,125334993,2402989.5,127737982.5,1597989.4664702925,0.012447298111530784,75.88645580027564,170.1043023445696,rj hunter
200765,Rajon Rondo,1610612747,LAL,33.0,46,1368.565,424,243,367,57,7,127,-245,104.7,113.3,0.473,0.172,0.099,104.0,111.7,-7.7,28.13311753552079,1069.5000000000002,-0.014681366575882468,-2.796267211328039,-3.111237018177495,0.014912624850742615,-1.6324700186609022,-0.8859231609106132,-1.2328428857022025,0.09292155452510055,0.7887173131103438,True,-0.531080787220842,29.768139871407627,26.937868212325476,rajon rondo,9000000.0,False,False,LAL,107225482,0.0,107225482.0,9000000.0,0.07010414358439056,24.685960464779033,55.33514562359639,rajon rondo
203526,Raul Neto,1610612762,UTA,27.0,37,473.5883333333333,196,62,93,14,4,35,175,116.1,98.6,0.558,0.184,0.096,117.5,100.6,16.9,27.3199297561525,359.40000000000003,-6.564796489751057e-05,4.301128266015837,4.033567680848148,-0.5696177483180891,0.04080884839373204,1.5567105025006194,1.6303974089395128,0.0005967439281426818,0.4639692061359506,False,0.34196210007400024,63.38102927769879,48.09264672985834,raul neto,2100000.0,False,False,UTA,113826156,0.0,113826156.0,2100000.0,0.016357633503024466,73.34552288934297,164.40864011393225,raul neto
1628959,Rawle Alkins,1610612741,CHI,21.0,10,120.35333333333334,37,26,13,1,0,8,-13,106.3,111.8,0.418,0.173,0.051,105.9,111.2,-5.3,19.26328034121753,64.4,-0.024281723358300387,-0.3953630408594481,-0.6495214570074653,-1.4287716966033241,-2.731565762617755,-0.05962999912589928,-0.24632422135721446,-1.3842754150262242,0.23389326755180578,False,-1.2281035461238288,10.970405000970912,7.188379492953692,rawle alkins,838464.335098644,True,True,CHI,112598201,0.0,112598201.0,838464.335098644,0.0065310915709051,15.117607729889547,33.887076275901045,rawle alkins
1629034,Ray Spalding,1610612756,PHX,22.0,14,147.6266666666667,54,48,5,9,8,9,-21,99.1,105.9,0.516,0.164,0.092,100.6,107.2,-6.6,28.726517341040452,117.79999999999998,-0.006946512316539092,-1.845912197624212,0.3218850076593596,-0.6340924233986203,-0.7469461168679822,-0.5588497779950315,0.1429614553371828,-0.1225030035344678,0.2590425260512843,False,-0.3696991728388701,35.58033240884695,23.716751458085263,ray spalding,838464.335098644,False,True,PHX,108692835,0.0,108692835.0,838464.335098644,0.0065310915709051,49.877798678001525,111.80424829609089,ray spalding
101109,Raymond Felton,1610612760,OKC,35.0,33,379.37,142,34,52,10,6,14,15,100.9,98.3,0.505,0.165,0.089,100.9,98.0,2.9,24.00822416110921,253.00000000000003,-0.008803869098957015,-3.105242379389551,4.302068142848,-0.9119012637756876,-0.9595853948481063,-0.9922597951131693,1.737997458809698,-0.21482781413142565,0.41526004995774524,False,-0.32450081985608636,37.27794508287946,27.468888397431076,raymond felton,2393887.0,False,False,OKC,144916427,49437851.25,194354278.25,3210555.143600509,0.02500813541917486,36.108522786688084,80.93954332889348,raymond felton
203493,Reggie Bullock Jr.,1610612747,LAL,28.0,63,1878.89,711,173,129,40,12,65,-48,109.0,110.3,0.563,0.154,0.069,107.5,109.6,-2.1,19.80594925727424,1033.7,0.0007150555076401106,0.001680127729703829,-1.412127808402103,-0.6761772832704328,0.13018759580965092,0.07701604413309529,-0.5519344271282133,-0.8303265514444772,0.9241433379573264,True,-0.46985190432877144,31.923041414789832,30.83333250100064,reggie bullock,2500000.0,False,False,LAL,107225482,0.0,107225482.0,2500000.0,0.019473373217886267,44.239799170507965,99.16631491618286,reggie bullock
202704,Reggie Jackson,1610612765,DET,29.0,82,2288.8683333333333,1260,216,344,55,9,148,44,108.9,108.4,0.547,0.237,0.1,107.9,107.7,0.2,28.69784995641951,1824.6,-0.002691557433047339,0.16588901674613302,0.09198944768222075,0.6125325185227888,-0.25981809556996793,0.133530037389252,0.05083210280561087,0.12369649139075316,1.0,True,0.1789236837416574,57.100118703688295,57.100118703688295,reggie jackson,17043478.0,False,False,DET,126557932,4237398.0,130795330.0,17614125.753554035,0.13720257788229595,41.36731298580449,92.72745499987057,reggie jackson
1626158,Richaun Holmes,1610612756,PHX,25.0,70,1183.6883333333333,572,331,60,42,79,52,-172,103.5,108.9,0.647,0.174,0.125,102.9,109.5,-6.6,32.39940693848183,1065.3,0.015423919859281696,-3.4855477910315122,-0.8210831128003186,0.3524870235771485,1.8141302422887018,-1.1231453860062626,-0.315076589906706,0.8930699130320678,0.7335122027036438,True,0.41242896976026744,65.9987483451743,58.08421086330439,richaun holmes,1600520.0,False,False,PHX,108692835,0.0,108692835.0,1600520.0,0.012467009321076531,97.41781623855796,218.3682119877206,richaun holmes
201937,Ricky Rubio,1610612762,UTA,28.0,68,1898.95,864,243,416,91,10,180,250,110.4,104.1,0.52,0.221,0.103,109.8,103.5,6.3,30.042497169488403,1584.7,-0.008476848914360605,1.5373402994530316,3.4450033102578588,0.5443560687071334,-0.9221465265618616,0.6055275583900218,1.394533548014893,0.2160213019877106,0.9290635559040571,True,0.36258259474955457,64.15416429472907,62.10627356467233,ricky rubio,14800000.0,False,False,UTA,113826156,0.0,113826156.0,14800000.0,0.11528236944988669,47.820658824573336,107.19303887930664,ricky rubio
203496,Robert Covington,1610612750,MIN,28.0,35,1202.6016666666667,465,193,46,74,47,47,63,108.5,106.2,0.58,0.154,0.083,107.4,103.7,3.7,25.60947723061529,855.5,0.003333055507640113,-0.18214372980926535,2.3959370211450457,-0.34318071898968827,0.4299090252203546,0.0137513797930386,0.9741261334990436,-0.39947743532534097,0.7393491199779176,False,0.0070295704318412144,50.28043697620455,44.38289891062039,robert covington,10464092.0,False,False,MIN,121962221,0.0,121962221.0,10464092.0,0.08150846756091917,38.58262807043608,86.48540719591357,robert covington
1629057,Robert Williams III,1610612738,BOS,21.0,32,282.84,81,81,7,9,40,10,-50,98.2,104.1,0.703,0.101,0.111,100.7,102.5,-1.9,29.69452694102673,233.3,0.014608964975789946,-3.0341504433607707,1.7891875155071568,-0.47228576224521823,1.720830226022323,-0.9677928541493604,0.7309746819928519,0.46222079691293155,0.35855771692105076,False,0.24319660659244705,59.60734522439599,42.401743000340744,robert williams,1656600.0,False,False,BOS,125334993,2402989.5,127737982.5,1688361.2209520768,0.013151235272882372,69.79792534619615,156.4564752814549,robert williams
201577,Robin Lopez,1610612741,CHI,31.0,74,1605.6816666666666,704,286,89,11,78,96,-142,105.5,109.9,0.598,0.183,0.088,104.2,109.2,-5.0,24.09294494861476,1074.6,0.007254708817520396,-2.5757874318073672,-1.0583511517282567,-0.30394861482889113,0.8788790541319417,-0.8100430252639764,-0.4101604219086832,-0.2456027509970783,0.8543156928386034,True,-0.20086663796245396,42.040142752778245,39.28407767132113,robin lopez,14357750.0,False,False,CHI,112598201,0.0,112598201.0,14357750.0,0.11183752972764262,30.570884842698465,68.52657675712021,robin lopez
1629066,Rodions Kurucs,1610612751,BKN,21.0,63,1293.75,534,246,52,41,25,77,-2,107.0,107.4,0.545,0.175,0.069,106.4,106.8,-0.4,22.578086956521744,811.4000000000001,-0.002337436923136221,-1.0514970819575773,0.7588204632554931,-0.617495402362388,-0.21927664965163052,-0.28544453934877706,0.31806088146860595,-0.8303265514444772,0.7668560372183176,True,-0.4314708621537104,33.3063017360267,29.811978308473837,rodions kurucs,1690000.0,False,False,BKN,118850600,0.0,118850600.0,1690000.0,0.013164000295291117,49.057129603467914,109.96466653005461,rodions kurucs
203918,Rodney Hood,1610612757,POR,26.0,72,1892.5633333333333,805,157,126,59,12,55,-273,106.3,113.7,0.545,0.178,0.075,105.5,112.5,-7.0,22.219388518922308,1168.1,-0.002377507270389985,-1.8018409019738413,-3.866434669632452,-0.3851286667811997,-0.22386409875624524,-0.543682237917917,-1.5354840966452394,-0.6456769302505619,0.9274998979008356,True,-0.6354398107683787,26.257080521439626,25.400442063055966,rodney hood,3472887.0,False,False,POR,130256600,10166300.0,140422900.0,3743939.7613042253,0.02916285451086448,31.640829479029254,70.92492550052933,rodney hood
203585,Rodney McGruder,1610612746,LAC,27.0,66,1549.715,503,238,112,36,12,64,-38,104.9,106.3,0.51,0.147,0.068,103.9,105.7,-1.8,19.513265342337142,840.0,-0.00710844701543443,-2.8714335374727273,1.6271127898632074,-0.8412828061743486,-0.7654851922782582,-0.9117923405529282,0.6660241473379239,-0.8611014883101299,0.8392948880404961,True,-0.6203391558606155,26.751726053891694,24.817113445121404,rodney mcgruder,1544951.0,False,False,LAC,118026816,0.0,118026816.0,1544951.0,0.012034162970538642,42.14080243419053,94.46128064241844,rodney mcgruder
1627758,Ron Baker,1610612764,WAS,26.0,15,151.985,14,11,15,6,1,5,-20,89.7,94.9,0.309,0.075,0.013,91.2,97.2,-6.0,12.056452939434813,50.900000000000006,-0.018701758681344098,-4.078949964049805,2.7535290675640764,-2.0140889275527654,-2.092744147247788,-1.3273701792255217,1.117429134697941,-2.5537230159210225,0.26283852630292026,False,-1.6150419154308033,5.315080906029842,3.551948112951167,ron baker,4697823.0,False,False,WAS,123747588,21882.0,123769470.0,4698653.705184218,0.03659945488906257,4.08646320726243,9.16006638599141,ron baker
1626178,Rondae Hollis-Jefferson,1610612751,BKN,24.0,59,1233.9633333333334,527,310,96,44,27,68,-10,106.3,105.6,0.464,0.21,0.088,105.5,105.5,0.0,27.248783729392283,934.0,-0.01981492430776347,-1.6210328194193422,1.816173690340043,-0.1548473959395311,-2.2201847861787565,-0.4814554801623046,0.7417892397638015,-0.2456027509970783,0.7489275160136822,True,-0.4063703282705952,34.22352589635455,30.35686235044904,rondae hollis jefferson,2470356.0,False,False,BKN,118850600,0.0,118850600.0,2470356.0,0.01924246574761786,43.738383151163006,98.04235911596012,rondae hollis jefferson
1626220,Royce O'Neale,1610612762,UTA,26.0,82,1671.105,426,285,124,54,24,70,172,106.7,101.9,0.589,0.108,0.073,107.4,101.3,6.2,18.696850287683898,867.9000000000001,0.0033094674988644957,-0.7526711367262727,5.043155913073672,-0.8860553517256271,0.427208554743968,-0.18260085314688718,2.03498421421614,-0.7072268039818672,0.8715464312463116,True,-0.09174309175398374,46.34510797351858,43.66617044245551,royce o neale,1378242.0,False,False,UTA,113826156,0.0,113826156.0,1378242.0,0.010735608340226402,77.17077665368933,172.9831889713413,royce o neale
200752,Rudy Gay,1610612759,SAS,32.0,69,1842.2933333333333,946,470,182,54,34,114,161,110.9,106.8,0.583,0.216,0.128,111.1,106.1,5.0,30.425122311322124,1557.0,0.00532293499772899,2.298352407913978,1.3466125913908222,0.5546384165978209,0.6577201501724096,0.8674368461455255,0.5536152705731527,0.9853947236290257,0.9150989348731975,True,0.7460938612718261,77.2194641326871,74.26925749366336,rudy gay,10087200.0,False,False,SAS,121588790,0.0,121588790.0,10087200.0,0.07857272412938494,65.39748463699246,146.59260841675652,rudy gay
203497,Rudy Gobert,1610612762,UTA,27.0,81,2576.6866666666665,1284,1041,161,66,187,130,384,110.5,103.6,0.682,0.175,0.17,109.0,102.3,6.7,35.98062628233157,2575.2999999999997,0.021637563076863778,1.2580128025120412,4.415304864487735,1.7433441253365793,2.525498472625533,0.5093944417668232,1.7833764380666441,2.277942071986435,1.0,True,1.8419590557989256,96.72594304123764,96.72594304123764,rudy gobert,23491573.0,False,False,UTA,113826156,0.0,113826156.0,23491573.0,0.18298406740168804,63.35711917017542,142.01899985116052,rudy gobert
201566,Russell Westbrook,1610612760,OKC,30.0,73,2629.4333333333334,1675,807,784,142,33,325,294,112.4,107.4,0.501,0.301,0.164,110.5,106.0,4.6,44.645512974912215,3260.9,-0.01726439150779431,2.656903620622816,1.2872981748150867,2.9368766921557103,-1.9281873314172437,0.990835530214247,0.5298453517654391,2.0932924507925192,1.0,True,1.3010809408610498,90.33846246014589,90.33846246014589,russell westbrook,35665000.0,False,False,OKC,144916427,49437851.25,194354278.25,47832019.30438327,0.3725803054717584,46.13630694100185,103.41745733400737,russell westbrook
201583,Ryan Anderson,1610612748,MIA,31.0,25,321.2916666666667,63,54,19,4,1,14,-73,95.8,108.6,0.414,0.12,0.036,95.7,107.5,-11.7,13.288860070029825,118.6,-0.017322813890150557,-4.834435436919965,0.059495859603839824,-1.8661477019158732,-1.9348758111534519,-1.5873774247202332,0.03781048015493188,-1.845899468011013,0.3821539829266034,False,-1.5429731792400854,6.141864179299665,4.434237335035936,ryan anderson,20421546.0,False,False,MIA,153171497,82613612.25,235785109.25,31435982.209300343,0.2448658456130154,2.622956908478757,5.8795242219630355,ryan anderson
1627853,Ryan Arcidiacono,1610612741,CHI,25.0,81,1961.3,544,219,269,65,4,63,-250,104.4,110.2,0.588,0.117,0.078,103.9,109.8,-6.0,20.864324682608473,1136.6999999999998,0.0034682564571032037,-3.1857261835514317,-1.4884584755486996,-0.516301844586819,0.4453874903963523,-1.0199590335215072,-0.5825235126382518,-0.5533521196536041,0.9441927769264071,True,-0.468645355407297,31.966157607206913,31.163383487430952,ryan arcidiacono,1349383.0,False,False,CHI,112598201,0.0,112598201.0,1349383.0,0.010510815509148409,55.48415234023252,124.37124550730157,ryan arcidiacono
1629151,Ryan Broekhoff,1610612742,DAL,28.0,42,453.5866666666666,167,63,22,6,4,16,70,111.2,102.8,0.621,0.14,0.075,110.4,104.3,6.1,19.103736147447016,240.69999999999996,0.008770050461491017,1.247251029517311,2.0891556028139178,-1.3125070128494185,1.052362768255868,0.5056906790162718,0.851185205703941,-0.6456769302505619,0.45406580753868436,True,-0.16044403434111104,43.62656522483649,32.90881007968958,ryan broekhoff,838464.0,False,False,DAL,86958881,0.0,86958881.0,838464.0,0.006531088960704716,69.20927751805503,155.13698385078214,ryan broekhoff
1626257,Salah Mejri,1610612742,DAL,33.0,36,399.12666666666667,141,131,35,10,26,21,-50,104.3,108.7,0.559,0.153,0.108,104.1,110.6,-6.5,29.431258247172998,326.3,9.841229005804841e-05,-1.7391626290402902,-0.7759081659485925,-0.4252560723300486,0.05959126784551378,-0.522110936174807,-0.29697298405841743,0.3698959863159737,0.42593569012376986,False,-0.10926912004587669,45.64945192711698,33.85687742457113,salah mejri,2098196.0,False,False,DAL,86958881,0.0,86958881.0,2098196.0,0.016343581516910437,51.650254474509765,115.7773203485681,salah mejri
1626155,Sam Dekker,1610612764,WAS,25.0,47,788.605,287,148,46,38,7,24,-89,106.9,112.2,0.519,0.157,0.083,107.5,112.4,-4.9,23.69246961406534,519.0,-0.0061790148396136425,-0.5127643090616409,-2.5874145867280474,-0.7424733753672295,-0.6590792563434581,-0.10003472093592963,-1.022923992724233,-0.39947743532534097,0.59871263405896,True,-0.5727672699399529,28.340114146382323,23.22247575606075,sam dekker,2760094.0,False,False,WAS,123747588,21882.0,123769470.0,2760582.061043323,0.021503137909319327,32.183255283512636,72.14080733441256,sam dekker
203159,Scott Machado,1610612747,LAL,29.0,4,19.166666666666668,10,0,3,1,0,0,0,110.3,110.3,0.776,0.13,0.135,102.2,113.4,-11.2,30.80347826086956,16.4,0.028293618285670234,-0.09812371366538708,-0.15017986927870053,-0.5424519182137467,3.287516188981541,0.04266763794555703,-0.04621588879910446,1.200819281688594,0.09333874443188751,False,0.7172279956723406,76.33832861307773,45.19247642234084,scott machado,76236.0,False,False,LAL,107225482,0.0,107225482.0,76236.0,0.002,143.81452053951827,322.3693665148698,scott machado
1628400,Semi Ojeleye,1610612738,BOS,24.0,56,594.4383333333334,186,86,23,10,4,19,70,106.3,100.2,0.531,0.137,0.057,108.5,99.5,9.0,17.06619413844441,281.79999999999995,-0.003747879191255215,-0.2595540395463689,4.514664237316744,-1.4451232805002032,-0.3807509707753507,-0.012890087356781616,1.8231941478457714,-1.1996257938323085,0.5198069280263995,True,-0.5067355948176975,30.617017588791327,24.001081710007167,semi ojeleye,1378242.0,False,False,BOS,125334993,2402989.5,127737982.5,1404666.3925434216,0.010941437163447993,42.13586189162005,94.4502061029859,semi ojeleye
201586,Serge Ibaka,1610612761,TOR,29.0,74,2010.375,1112,601,99,29,103,114,257,113.5,107.4,0.582,0.227,0.123,113.0,105.8,7.2,31.90151091214326,1781.5,0.005367010391131855,4.085919051314216,1.3230330913001944,0.8367956767647824,0.6627661165255593,1.4826442800131547,0.5441659185431105,0.8315200393007626,0.9559324338999164,True,0.8620913782436981,80.56813822727919,78.9704394366781,serge ibaka,21666667.0,False,False,TOR,137793831,26402077.5,164195908.5,25818122.96250018,0.2011063776936182,50.04522031737927,112.17953451631824,serge ibaka
203552,Seth Curry,1610612757,POR,28.0,74,1399.3916666666669,581,120,66,36,12,61,132,109.4,105.1,0.595,0.164,0.071,108.7,106.2,2.5,19.942379724523153,775.2,0.006009487683460902,0.6499141394240697,1.7181814299599407,-0.854435583256712,0.7363200555709298,0.3001117168749133,0.702519392608764,-0.7687766777131724,0.7975507013426302,True,-0.18339922436993863,42.72423922043138,38.83196770080067,seth curry,2795000.0,False,False,POR,130256600,10166300.0,140422900.0,3013144.8655960616,0.023470437810923943,52.19201654613683,116.99171438316914,seth curry
203894,Shabazz Napier,1610612751,BKN,27.0,56,982.8366666666668,529,100,143,41,16,66,14,105.6,104.3,0.534,0.234,0.106,105.9,104.2,1.7,30.365167491376997,829.0000000000001,-0.0056994870857935784,-1.5363056458693831,2.5531940818229586,0.017153012366225462,-0.6041805765050113,-0.45229584731114675,1.0371460160175008,0.3083461125846685,0.6683890628922196,True,0.09389252569715831,53.74027343808331,45.72088534222928,shabazz napier,1942422.0,False,False,BKN,118850600,0.0,118850600.0,1942422.0,0.01513020342105323,71.6582271146143,160.62645964994337,shabazz napier
1628983,Shai Gilgeous-Alexander,1610612746,LAC,20.0,82,2173.9066666666668,889,232,270,96,45,141,-110,108.8,110.8,0.554,0.182,0.083,108.6,110.4,-1.9,25.38986647694167,1533.2000000000003,-0.0007929344000616687,0.4732739145455322,-2.0064343381416987,0.13517645781002968,-0.04245445563163708,0.23931936551473265,-0.7900994260331032,-0.39947743532534097,0.9940520076632782,True,-0.175034293567596,43.05263435755968,42.93739982490418,shai gilgeous alexander,3375360.0,False,False,LAC,118026816,0.0,118026816.0,3375360.0,0.026291858009889837,55.46198255575738,124.32155052969978,shai gilgeous alexander
1629003,Shake Milton,1610612755,PHI,22.0,20,268.225,87,35,18,8,8,6,-1,110.9,112.1,0.483,0.147,0.049,113.0,112.4,0.6,21.72951812843694,161.89999999999998,-0.011077447015434434,1.4182877117923887,-1.4622065918428613,-1.160508085992724,-1.2198757015720254,0.5645545198628054,-0.572003217906185,-1.4458252887575291,0.3491710963774845,False,-0.9079732680677505,18.194617263059587,12.865905000742824,shake milton,838464.335098644,True,True,PHI,115127167,0.0,115127167.0,838464.335098644,0.0065310915709051,27.057795860932476,60.651765053033124,shake milton
1627885,Shaquille Harrison,1610612741,CHI,25.0,73,1429.97,474,222,139,89,30,60,-316,100.3,110.5,0.494,0.16,0.082,100.2,110.3,-10.1,25.069616845108634,995.8,-0.01029708518686741,-5.8221227889135525,-1.6951821301107084,-0.28362511703760546,-1.130536067226854,-1.927299073810571,-0.665366854413326,-0.4302523721909936,0.8062173178717781,True,-0.7584622902343121,22.408713992369822,20.454624677151283,shaquille harrison,1325531.0,False,False,CHI,112598201,0.0,112598201.0,1325531.0,0.0103250239499512,36.64601351315045,82.14436287247828,shaquille harrison
2733,Shaun Livingston,1610612744,GSW,33.0,64,966.8916666666668,258,117,114,31,27,38,46,110.5,107.3,0.555,0.118,0.073,111.4,106.3,5.1,21.166797383367665,568.5,-0.00039610032531470815,1.9392831588440234,0.9175829724209175,-0.9079185438907219,0.0029770478527147,0.7438598751180777,0.3816840640005035,-0.7072268039818672,0.6629451049077987,True,-0.26986952912154627,39.36303149611335,33.39265539296827,shaun livingston,8307692.0,False,False,GSW,146291276,54593535.0,200884811.0,11407988.110420283,0.08886080405576932,28.164332849159685,63.13213787339836,shaun livingston
202714,Shelvin Mack,1610612766,CHA,29.0,57,1246.645,430,104,183,47,4,66,-244,99.3,108.4,0.489,0.179,0.077,99.7,108.6,-8.9,22.466700624476093,778.0,-0.012414864052807915,-6.108069638723449,-0.3054191493908015,-0.6508289214658559,-1.3729897375383389,-2.025710301354769,-0.10842715710553637,-0.5841270565192567,0.7527661112070722,True,-0.8640144267220377,19.37899827199976,17.22298297533569,shelvin mack,2512601.0,False,False,CHA,121427859,0.0,121427859.0,2512601.0,0.019571526808253702,24.668163651616915,55.29525293846604,shelvin mack
1628414,Sindarius Thornwell,1610612746,LAC,24.0,64,313.45166666666665,62,44,18,14,7,20,-38,96.9,97.7,0.485,0.105,0.032,101.2,101.6,-0.3,15.481812719664383,134.8,-0.007702462153881738,-3.3207708487861085,3.1027526059727504,-1.6791944273050374,-0.8334909472007273,-1.0664358920281676,1.257378503383335,-1.9689992154736233,0.3774626210673453,True,-1.1068806218451803,13.417277254574628,9.658536778060602,sindarius thornwell,1378242.0,False,False,LAC,118026816,0.0,118026816.0,1378242.0,0.010735608340226402,17.06943331528032,38.262217083306794,sindarius thornwell
1627746,Skal Labissiere,1610612757,POR,23.0,22,176.47,67,43,11,5,6,11,-30,112.6,120.8,0.593,0.154,0.064,117.1,121.9,-4.8,24.50048166827223,120.1,0.005335055507640115,1.8788111712540518,-3.4872737358573342,-0.969842992341335,0.6591077653579516,0.7230478866848321,-1.3835374851602613,-0.9842012357727403,0.283220119983797,False,-0.5379283937847774,29.53132425154842,20.00596767736341,skal labissiere,1544951.0,False,False,POR,130256600,10166300.0,140422900.0,1665531.7256699468,0.012973408360080416,33.08931128571884,74.17178931288356,skal labissiere
203524,Solomon Hill,1610612740,NOP,28.0,44,878.525,191,133,55,23,10,31,-127,106.5,113.0,0.497,0.104,0.042,105.1,112.8,-7.8,15.911670128909256,388.30000000000007,-0.006381105371463816,-1.5536404284141734,-3.0513074070813797,-1.4593787462525625,-0.6822155676790208,-0.4582617715050264,-1.2088264311508268,-1.6612498468170973,0.6319252688843401,True,-1.215615206158501,11.206576939928842,9.350390932677774,solomon hill,12763467.0,False,False,NOP,116052756,0.0,116052756.0,12763467.0,0.09941910257807007,7.582500041476193,16.9966546201291,solomon hill
203915,Spencer Dinwiddie,1610612751,BKN,26.0,68,1914.003333333333,1143,166,311,40,17,152,-84,107.1,109.8,0.58,0.242,0.11,106.8,108.9,-2.2,30.165464706609708,1603.8,0.0052376586548630345,-0.9339060840823573,-0.9260112861756281,0.568150589581155,0.6479572978505221,-0.24497452033391096,-0.3571259651810657,0.4314458600472789,0.9327387175149936,True,0.27834992725980423,60.962812331053364,59.117615707477626,spencer dinwiddie,1656092.0,False,False,BKN,118850600,0.0,118850600.0,1656092.0,0.012899879039662282,97.97359245197836,219.61401960973427,spencer dinwiddie
1626169,Stanley Johnson,1610612740,NOP,23.0,66,1207.37,454,217,88,60,14,81,-199,95.5,103.4,0.485,0.186,0.079,95.6,103.7,-8.1,23.128949700588883,775.6999999999999,-0.013644361529733365,-8.866180992550587,3.1907292236560023,-0.59963372188501,-1.513748615017693,-2.9749395871964213,1.292634638064151,-0.5225771827879514,0.7408134349851826,True,-0.7860896199301324,21.590749251932788,19.07253479131567,stanley johnson,3940401.0,False,False,NOP,116052756,0.0,116052756.0,3940401.0,0.030693159720452907,23.336781077432864,52.310874480584864,stanley johnson
201939,Stephen Curry,1610612744,GSW,31.0,69,2331.1666666666665,1881,369,361,92,25,192,689,119.5,105.8,0.641,0.292,0.152,118.4,104.7,13.7,40.58860370343891,2628.3,0.02413181953396698,8.845006983262062,2.4307296549342405,2.150055927782864,2.8110531367354827,3.1205279835235546,0.9880690857865317,1.7239932084046876,1.0,True,2.092659475373958,98.1810218384337,98.1810218384337,stephen curry,37457154.0,False,False,GSW,146291276,54593535.0,200884811.0,51435557.25009805,0.4,48.91067393083244,109.63637685365137,stephen curry
1628425,Sterling Brown,1610612749,MIL,24.0,58,1034.3633333333332,372,184,84,25,8,46,-1,106.4,106.1,0.563,0.149,0.078,106.8,105.7,1.1,21.75251120657152,625.0,0.0006918394197297174,-0.9827985985163639,1.504719397859052,-0.8198087789739273,0.12752970465081687,-0.26180132701624315,0.6169756839373823,-0.5533521196536041,0.6856858985826904,True,-0.2985522214037697,38.26408626634639,32.8519624152339,sterling brown,1378242.0,False,False,MIL,130988604,11447307.0,142435911.0,1498688.8084436872,0.011673810601717271,56.38115759141759,126.38193965348538,sterling brown
203500,Steven Adams,1610612760,OKC,25.0,80,2669.258333333333,1108,760,124,117,76,135,389,112.6,105.9,0.591,0.16,0.103,110.6,104.9,5.7,27.432339195344525,2034.0,0.005222914813132587,2.781165089918351,2.351589487503635,0.6647100112462709,0.6462693508228464,1.0336012530678094,0.9563541088407094,0.2160213019877106,1.0,True,0.6264176003175859,73.44794658655482,73.44794658655482,steven adams,24157304.0,False,False,OKC,144916427,49437851.25,194354278.25,32398503.61053849,0.2523632610036207,42.990016214039436,96.36484717532888,steven adams
1629004,Svi Mykhailiuk,1610612765,DET,22.0,42,440.13,133,36,37,14,1,21,-7,105.2,105.7,0.447,0.157,0.039,105.5,108.0,-2.5,17.454842887328745,213.4,-0.017483014839613644,-1.272395669124652,0.473816080278895,-1.4641413129186343,-1.9532163984590396,-0.3614688114830681,0.2038469780991576,-1.7535746574140552,0.4472796562656197,True,-1.2087334602303175,11.338263118945951,8.518163209141358,svi mykhailiuk,1487694.0,False,False,DET,126557932,4237398.0,130795330.0,1537504.797953083,0.011976161901932481,14.48878181871694,32.477523124575505,svi mykhailiuk
1628388,T.J. Leaf,1610612754,IND,22.0,58,521.5666666666667,225,125,24,9,19,12,44,105.1,101.5,0.572,0.158,0.111,107.0,103.1,3.9,26.718732025308366,387.1,0.0021556283779684267,-0.9485474978485746,2.8754926997632477,-0.5973523207209314,0.29511141546781855,-0.2500134969922441,1.166305374273972,0.46222079691293155,0.4869042591472759,True,0.17103865280607852,56.79033135793006,43.67783664431409,tj leaf,2407560.0,False,False,IND,110724804,0.0,110724804.0,2407560.0,0.018753325769781705,63.50103611394895,142.34159880584866,tj leaf
204456,T.J. McConnell,1610612755,PHI,27.0,76,1470.285,483,174,258,79,17,91,-9,108.1,108.8,0.555,0.148,0.097,109.2,109.3,-0.1,25.621155082177943,1046.3999999999999,-0.0004968037978523458,0.49409894534396903,-0.7521364536826847,-0.20256134529693764,-0.008551977638348049,0.24648649061466776,-0.2874466040802974,0.0313716807937953,0.8175031276003558,True,-0.04865564575169248,48.059686177187885,44.11285209005755,tj mcconnell,1600520.0,False,False,PHI,115127167,0.0,115127167.0,1600520.0,0.012467009321076531,73.98529918537379,165.84273924723925,tj mcconnell
203933,T.J. Warren,1610612756,PHX,25.0,43,1359.9983333333332,772,174,64,51,29,52,-225,106.4,114.1,0.58,0.221,0.099,105.5,112.7,-7.2,28.609446825302484,1080.8,0.004783151085639383,-1.6362935262709581,-3.7786897239083475,0.061214312593529205,0.5959230509728686,-0.48670759220850524,-1.5003208031989306,0.09292155452510055,0.7862449113387384,True,-0.16548575715927266,43.42808297079465,39.250744794179774,tj warren,11750000.0,False,False,PHX,108692835,0.0,108692835.0,11750000.0,0.09152485412406546,32.764710291735675,73.4441756031699,tj warren
1628769,Tahjere McCall,1610612751,BKN,24.0,1,7.966666666666667,4,1,0,0,0,0,15,142.9,78.9,0.581,0.136,0.033,151.2,80.0,71.3,21.238493723849373,4.7,0.0030794775911626975,0.623920756543893,0.44748134221978886,-1.3147422896691765,0.4008781865673375,0.2911658560655875,0.19329347995106264,-1.9382242786079706,0.060176508051000444,False,-0.7773522276120871,21.8475494640255,12.60777136151148,tahjere mccall,47370.0,False,False,BKN,118850600,0.0,118850600.0,47370.0,0.002,40.12129312150949,89.93442246872677,tahjere mccall
201959,Taj Gibson,1610612750,MIN,34.0,70,1686.35,753,458,84,53,39,73,-81,109.5,111.6,0.612,0.167,0.108,108.6,109.7,-1.1,27.402140718119007,1283.5999999999997,0.00895841733620714,0.6649659301498759,-1.8263930544101,0.11320982773424373,1.07392792828014,0.3052919285228113,-0.7179488942838399,0.3698959863159737,0.875512836726411,True,0.23846189720621974,59.42385676797998,56.094978456060126,taj gibson,14000000.0,False,False,MIN,121962221,0.0,121962221.0,14000000.0,0.10905089002016309,44.04035961774725,98.71925851297486,taj gibson
1627752,Taurean Prince,1610612737,ATL,25.0,55,1552.2916666666667,742,199,118,53,19,100,-243,108.4,115.4,0.575,0.19,0.075,107.7,114.9,-7.2,24.60851966179036,1061.1,0.0031622113405949436,-0.08915541346258041,-5.300576495589756,-0.2726601858757112,0.41034995037189814,0.045754160607128024,-2.110208366557332,-0.6456769302505619,0.8399923340198535,True,-0.5099837638808422,30.503141830174695,28.30681039198626,taurean prince,2526840.0,False,False,ATL,79180081,0.0,79180081.0,2526840.0,0.019682439352753493,40.46321711197908,90.7008667734493,taurean prince
1628390,Terrance Ferguson,1610612760,OKC,21.0,74,1931.0783333333331,513,141,72,40,16,47,141,111.0,107.1,0.566,0.104,0.027,109.9,106.7,3.1,14.29315399772321,766.7,0.0007948946285361788,1.780988816017359,0.9786815493160954,-1.3117253563901854,0.13932796839859804,0.689381427108489,0.40616897502058996,-2.1228738998018866,0.936890003569191,True,-0.7795617534589607,21.782443778988164,21.163833301872355,terrance ferguson,2118840.0,False,False,OKC,144916427,49437851.25,194354278.25,2841676.595623145,0.02213481156444079,29.034535869255173,65.0827531191685,terrance ferguson
203093,Terrence Jones,1610612745,HOU,27.0,2,5.1,2,4,0,0,0,1,-12,42.9,138.5,0.225,0.333,0.0,45.0,140.2,-95.1,24.000000000000004,3.4,-0.11100780854516781,-0.6455813722146311,-0.3173279934803452,-1.095197326342546,-12.660391667660665,-0.14574492978205147,-0.11319955938889582,-2.953797195174506,0.04814750064314677,False,-3.0978389136627302,0.09746867869815501,0.055719566255623,terrence jones,198579.0,False,False,HOU,126474100,4111650.0,130585750.0,205034.7671914645,0.002,0.17731452976453815,0.3974617612994732,terrence jones
203082,Terrence Ross,1610612753,ORL,28.0,81,2150.0533333333333,1223,280,135,72,29,90,5,105.3,105.9,0.561,0.23,0.11,104.9,105.1,-0.3,28.437620152058248,1698.4,0.0006079400438781125,-2.464700760625031,2.1679276870695987,0.4994100008958857,0.11792449423946894,-0.7718115298580284,0.8827526753878269,0.4314458600472789,0.9885833144945193,True,0.2886161042035452,61.35624148232344,61.04102327156254,terrence ross,10500000.0,False,False,ORL,114394213,0.0,114394213.0,10500000.0,0.08178816751512231,53.00016653610887,118.80323382737365,terrence ross
1626179,Terry Rozier,1610612738,BOS,25.0,79,1791.385,708,307,231,68,21,68,-39,104.8,105.9,0.501,0.181,0.103,105.0,105.2,-0.2,26.983144326875575,1342.7,-0.010381577617643755,-2.484433477819415,2.0421050288526845,0.12299963798298355,-1.1402091734631687,-0.7786027252258838,0.8323299528416486,0.2160213019877106,0.902366837317789,True,-0.06741599178505157,47.31252692739912,45.23385469011496,terry rozier,3050389.0,False,False,BOS,125334993,2402989.5,127737982.5,3108872.6888921796,0.024216095263076415,60.13457610302883,134.7954652370916,terry rozier
200757,Thabo Sefolosha,1610612762,UTA,35.0,50,608.6566666666666,190,123,27,43,5,25,123,108.3,99.5,0.599,0.129,0.098,109.7,98.6,11.1,22.682738489679462,383.50000000000006,0.005242975068088149,0.5721317588016023,5.013548580074853,-0.9222459149337963,0.648565946808188,0.27334219812184424,2.023119242053828,0.06214661765944792,0.5259868070704067,True,0.22983661461196433,59.08906340558546,46.485015380140126,thabo sefolosha,5250000.0,False,False,UTA,113826156,0.0,113826156.0,5250000.0,0.04089408375756116,51.443310218453995,115.31344167707987,thabo sefolosha
201152,Thaddeus Young,1610612754,IND,31.0,81,2488.838333333333,1024,523,204,123,36,123,134,109.0,106.5,0.569,0.179,0.104,108.0,105.4,2.6,26.703060263054446,1846.0999999999997,0.0019051359471920775,0.2515846486643486,1.8753352926496856,0.4689879920050612,0.26643381829102364,0.1630229740586157,0.7654979191139366,0.24679623885336321,1.0,True,0.37052907637681065,64.45058420149846,64.45058420149846,thaddeus young,13764045.0,False,False,IND,110724804,0.0,110724804.0,13764045.0,0.10721295410911255,50.902300736858884,114.1007346207543,thaddeus young
1629033,Theo Pinson,1610612751,BKN,23.0,18,211.3733333333333,81,36,21,6,0,18,-1,93.6,94.3,0.49,0.191,0.083,93.5,94.3,-0.8,21.05090519144641,123.59999999999998,-0.01305614544182297,-4.325641612586382,4.098099716195679,-1.2427180507582205,-1.4464067637301163,-1.4122713696863585,1.6562582591216728,-0.39947743532534097,0.30996578501310085,False,-0.6108857244313779,27.063761812415,18.66004707584501,theo pinson,1349927.579508817,True,True,BKN,118850600,0.0,118850600.0,1349927.579508817,0.010515057429157213,33.218173875025144,74.46064297749474,theo pinson
1628418,Thomas Bryant,1610612764,WAS,21.0,72,1496.3433333333332,758,454,92,25,67,60,-107,109.0,112.6,0.674,0.17,0.135,108.6,112.1,-3.5,31.507207570455087,1309.6,0.019659346988953386,0.4962922239685285,-3.1540098011111906,0.46000938928815216,2.299022630932732,0.24724132754304398,-1.2499838378721646,1.200819281688594,0.8247157453365739,True,0.6696901499191579,74.84723339260955,68.94343970913017,thomas bryant,1378242.0,False,False,WAS,123747588,21882.0,123769470.0,1378485.711347683,0.010737506693038749,121.835496308584,273.10199009585034,thomas bryant
1629118,Thomas Welsh,1610612743,DEN,23.0,11,36.306666666666665,18,4,5,0,0,1,2,100.0,97.7,0.648,0.153,0.106,109.9,103.3,6.6,26.177010650018367,26.400000000000002,0.013715412290058043,-0.14608277705018302,0.47605513883945216,-0.904541209589235,1.6185319493907953,0.026162086991925175,0.2047442682229204,0.3083461125846685,0.12846412068367688,False,0.1437842770689379,55.71645905322384,33.864957143219335,thomas welsh,1349927.579508817,True,True,DEN,118327016,0.0,118327016.0,1349927.579508817,0.010515057429157213,60.28559467622848,135.1339829444254,thomas welsh
1627748,Thon Maker,1610612765,DET,22.0,64,972.3016666666666,323,202,45,21,51,33,-4,104.3,103.4,0.53,0.148,0.074,104.9,103.0,1.9,23.303878597348902,629.4,-0.004196803797852349,-2.27035633773946,3.257127259277553,-0.6927181430302085,-0.432146052817723,-0.704926116588909,1.3192432773601426,-0.6764518671162145,0.6647971893971145,True,-0.34878942969938986,36.36236997803504,30.877424100466342,thon maker,2799720.0,False,False,DET,126557932,4237398.0,130795330.0,2893459.900305577,0.022538169811855396,42.09365454840697,94.3555956669685,thon maker
204025,Tim Frazier,1610612749,MIL,28.0,59,1119.6633333333334,310,168,248,30,5,76,-67,107.9,110.6,0.544,0.132,0.081,107.7,111.0,-3.2,23.934337404993762,744.4,-0.0018950952791656072,-0.21974349435055715,-1.899617201575991,-0.5582295464059714,-0.16863521732972336,0.0008110764242785458,-0.7472930593853361,-0.4610273090566462,0.7133988216894381,True,-0.4151331593621038,33.9022213125997,29.529833853608267,tim frazier,1832107.0,False,False,MIL,130988604,11447307.0,142435911.0,1992217.8084627653,0.015518080366205955,45.87380886147744,102.82905124475994,tim frazier
203501,Tim Hardaway Jr.,1610612742,DAL,27.0,65,2056.6066666666666,1174,222,159,54,8,105,-401,105.4,114.5,0.527,0.246,0.085,104.1,113.2,-9.2,26.953525386478052,1539.8,-0.007713768474808635,-2.7976991569456247,-4.527254376632096,0.2648583290673791,-0.8347853500538922,-0.8864159781110713,-1.8003038772100943,-0.3379275615940357,0.9668615268595664,True,-0.5633894670176247,28.658485398140293,28.23112109626499,tim hardaway,17325000.0,False,False,DAL,86958881,0.0,86958881.0,17325000.0,0.13495047639995184,20.57141536616034,46.11213189756521,tim hardaway
1627789,Timothe Luwawu-Cabarrot,1610612741,CHI,24.0,50,669.29,231,97,26,19,8,21,-209,98.5,112.9,0.489,0.156,0.049,98.4,113.8,-15.4,19.562820302111195,363.7,-0.010819658057195725,-5.528070592775309,-3.0610938475129768,-1.1858482308791571,-1.1903627622864632,-1.8260983170850804,-1.2127482921064776,-1.4458252887575291,0.5515638922851344,True,-1.3645910500687513,8.619080965408838,6.879782761315586,timothe luwawu cabarrot,1509235.8031775593,False,True,CHI,112598201,0.0,112598201.0,1509235.8031775593,0.011755964827629181,11.778267778873081,26.401734040996693,timothe luwawu cabarrot
202699,Tobias Harris,1610612755,PHI,26.0,82,2847.82,1644,645,229,51,37,151,17,110.9,110.5,0.592,0.225,0.131,109.9,109.8,0.1,30.22396078403831,2390.8999999999996,0.0075697239559677,1.8732375038331217,-1.6910185656199153,1.148764663343209,0.9149435260881817,0.7211296579888996,-0.6636983293630886,1.0777195342259835,1.0,True,0.7563632543106963,77.52842835574216,77.52842835574216,tobias harris,14800000.0,False,False,PHI,115127167,0.0,115127167.0,14800000.0,0.11528236944988669,59.69542702871524,133.81108474226417,tobias harris
203107,Tomas Satoransky,1610612764,WAS,27.0,80,2163.5666666666666,709,279,399,82,13,120,-54,110.1,110.5,0.59,0.139,0.092,109.3,110.5,-1.2,24.98041813671869,1501.3,0.004398407243908935,1.236396215473424,-1.955905955344194,0.07914136632900712,0.5518756964272553,0.5019548953364269,-0.7698504608418467,-0.1225030035344678,0.991685128425043,True,0.02563146016018679,51.022435363548404,50.83152511467815,tomas satoransky,3129187.0,False,False,WAS,123747588,21882.0,123769470.0,3129740.3269055234,0.02437864058436025,67.41816329680924,151.12208775619678,tomas satoransky
1628396,Tony Bradley,1610612762,UTA,21.0,3,35.9,17,15,1,2,2,3,-18,107.3,126.2,0.504,0.2,0.085,106.7,128.6,-21.9,33.19220055710306,33.099999999999994,-0.010871356483584262,-0.07756602405753406,-1.3095170174778412,-0.339501286753932,-1.1962814506957287,0.049742755125992556,-0.5108137298361699,-0.3379275615940357,0.12774263899803315,False,-0.43485645397757966,33.183331220467835,20.15834900663908,tony bradley,1679520.0,False,False,UTA,113826156,0.0,113826156.0,1679520.0,0.013082367914761738,33.24388953697313,74.51828626428235,tony bradley
2225,Tony Parker,1610612766,CHA,37.0,56,1002.8016666666666,530,83,207,21,7,75,19,107.4,107.5,0.512,0.247,0.109,107.1,107.4,-0.3,29.90780829043962,833.1,-0.01145012525722656,-0.5857940486745006,0.43512816632303203,-0.01636536651801168,-1.2625417272940285,-0.1251685747528634,0.18834301419526464,0.40067092318162634,0.6751436435262791,True,-0.06379515785275916,47.45666669403522,40.519196769359795,tony parker,5000000.0,False,False,CHA,121427859,0.0,121427859.0,5000000.0,0.038946746435772533,45.613459239224,102.24546105871079,tony parker
203503,Tony Snell,1610612749,MIL,27.0,74,1303.915,444,157,68,26,18,23,172,110.0,103.4,0.585,0.127,0.069,110.5,103.5,7.0,19.6052656806617,710.0999999999999,0.00338368863292399,1.5917527891137742,3.348186773765022,-0.9289884256764216,0.43570575275496687,0.6242541151078512,1.3557348655944002,-0.8303265514444772,0.7698627386512717,True,-0.11899086183386581,45.26412977722495,40.57649648830616,tony snell,10607143.0,False,False,MIL,130988604,11447307.0,142435911.0,11534118.46661312,0.08984327745586854,34.09193774366962,76.41924009106715,tony snell
1628470,Torrey Craig,1610612743,DEN,28.0,75,1503.015,430,263,72,37,46,44,72,112.0,108.7,0.547,0.121,0.055,110.9,108.8,2.1,19.800999990020056,826.6999999999999,-0.0013741706725684728,2.432815463140426,-0.5011880339845474,-0.8280402302818031,-0.10899722355413076,0.9137135382404914,-0.18688043643482558,-1.2611756675636137,0.8265522587009465,True,-0.4926873761018046,31.111674940827015,28.68336255489445,torrey craig,2000000.0,False,False,DEN,118327016,0.0,118327016.0,2000000.0,0.015578698574309014,44.498077434330256,99.74526202097171,torrey craig
1629027,Trae Young,1610612737,ATL,20.0,81,2503.2816666666668,1549,301,653,72,15,308,-335,108.5,114.8,0.539,0.277,0.119,107.5,113.9,-6.4,34.96194661807268,2431.1000000000004,-0.0053618287297641926,-0.164930007222517,-5.141052931645799,1.556491040934909,-0.565523798383699,0.01967564009348749,-2.0462801956037606,0.7084202918381521,1.0,True,0.2128295947010771,58.42700603495985,58.42700603495985,trae young,5363280.0,False,False,ATL,79180081,0.0,79180081.0,5363280.0,0.04177646124481002,64.1777742408959,143.8585502267617,trae young
1626203,Treveon Graham,1610612751,BKN,25.0,35,715.3616666666667,184,107,34,13,7,17,29,109.5,107.1,0.458,0.123,0.038,108.0,106.2,1.8,16.370460629471808,325.3,-0.012343884237404318,0.2955520031473217,0.9017846188196691,-1.4688448824459335,-1.364863621521504,0.17815474183090235,0.3753529626582567,-1.7843495942797079,0.5702318773441151,False,-1.0242194864502474,15.286580836364411,12.33022251982212,treveon graham,1512601.0,False,False,BKN,118850600,0.0,118850600.0,1512601.0,0.011782177521099195,21.093034532826188,47.281374333511565,treveon graham
1628979,Trevon Duval,1610612745,HOU,20.0,3,5.6033333333333335,5,1,2,0,0,0,2,107.7,100.0,0.833,0.231,0.222,128.7,109.1,19.6,54.61035098155859,8.5,0.06344258326146017,0.13522969838463775,0.02916999422402808,1.352659436077065,7.311541408557749,0.12297835214554666,0.02565756018257792,3.87823878900037,0.05046751130152642,False,2.620663093852258,99.56120529192718,57.01973572452872,trevon duval,838464.335098644,True,True,HOU,126474100,4111650.0,130585750.0,865722.6582130867,0.006743416170625611,118.58078175352941,265.8063410517654,trevon duval
2772,Trevor Ariza,1610612764,WAS,33.0,69,2348.866666666667,863,371,252,91,21,106,-332,107.6,114.4,0.534,0.164,0.085,106.2,113.3,-7.1,24.05193994266739,1569.3000000000002,-0.003994512316539089,-1.1030648715896378,-4.656659021555168,0.05476329395119667,-0.4089867358059511,-0.3031920664951887,-1.8521620607806082,-0.3379275615940357,1.0,True,-0.47233857445267374,31.834257046131242,31.834257046131242,trevor ariza,15000000.0,False,False,WAS,123747588,21882.0,123769470.0,15002652.41533435,0.11686089989681145,24.395379897477778,54.68379085739463,trevor ariza
203504,Trey Burke,1610612742,DAL,26.0,58,1124.595,631,99,159,33,7,49,-35,107.0,108.4,0.524,0.242,0.108,106.1,108.2,-2.1,30.119643071505738,940.9,-0.00831434134513695,-1.1337862809263308,-0.13008099401876927,0.07942918347607053,-0.9035418661578233,-0.3137651209167419,-0.03816137759195269,0.3698959863159737,0.71496821289799,True,-0.05749416293616799,47.7075777860686,41.58839851646652,trey burke,1795015.0,False,False,DAL,86958881,0.0,86958881.0,1795015.0,0.013981998810681648,67.00698107131898,150.20039672627712,trey burke
1626168,Trey Lyles,1610612743,DEN,23.0,64,1119.695,546,246,87,30,23,68,4,105.7,105.7,0.5,0.229,0.094,105.2,106.4,-1.1,27.547501775036952,856.8,-0.01336370317370398,-1.8650391873217216,1.3633017660183435,-0.187485276583144,-1.4816174753518467,-0.5654325066965666,0.560303363430939,-0.06095312980316256,0.7134089099017987,True,-0.28816925087935596,38.66085925541035,33.67492324624682,trey lyles,3364249.0,False,False,DEN,118327016,0.0,118327016.0,3364249.0,0.02620531054996026,43.54792355348798,97.61543185146111,trey lyles
202684,Tristan Thompson,1610612739,CLE,28.0,43,1197.6883333333333,470,438,86,28,16,59,-302,106.5,118.8,0.551,0.175,0.121,105.1,117.4,-12.3,27.292576115377813,907.9999999999999,-0.0012874369231362203,-1.7198750279586965,-6.9616355039489255,-0.1703756703465138,-0.09906752020883493,-0.5154729315942903,-2.775868420940648,0.7699701655694573,0.7378372367119919,True,-0.32016419882735736,37.44219305440662,33.02501609678878,tristan thompson,17469565.0,False,False,CLE,123255073,0.0,123255073.0,17469565.0,0.13607654367964933,23.99473675388638,53.78572384779391,tristan thompson
1628972,Troy Brown Jr.,1610612764,WAS,19.0,52,729.7366666666667,248,145,80,21,5,30,-1,110.0,110.3,0.487,0.158,0.077,110.6,110.8,-0.2,23.467643579190668,475.70000000000005,-0.011274371622031569,1.3423664042898111,-1.4882193987038048,-0.7921087517925947,-1.2424205925481269,0.5384255064707837,-0.5824277039374328,-0.5841270565192567,0.5759327086114183,True,-0.566228723406142,28.561915319347985,23.111436989492315,troy brown,2752680.0,False,False,WAS,123747588,21882.0,123769470.0,2753166.750042837,0.021445377461863663,32.05953745543207,71.8634859782984,troy brown
1628505,Troy Caupain,1610612753,ORL,23.0,4,15.633333333333333,10,3,4,1,0,0,8,125.0,100.0,0.625,0.216,0.218,133.5,108.8,24.7,45.82515991471215,19.9,0.014394934997728998,0.6670759372187615,0.08525874901293294,0.6595356554033809,1.6963270285581635,0.30601810678256136,0.04813481317310008,3.755139041537759,0.08429745314100899,False,1.5989976185892463,94.50894341288435,55.565007330025644,troy caupain,1349927.579508817,True,True,ORL,114394213,0.0,114394213.0,1349927.579508817,0.010515057429157213,98.91551009242318,221.72538772416564,troy caupain
203584,Troy Daniels,1610612756,PHX,27.0,51,759.73,318,73,26,26,5,27,-113,104.4,110.8,0.558,0.171,0.056,104.0,111.5,-7.5,20.60784752477854,434.9,-6.100979346453428e-05,-2.374889917971097,-1.8864132082916214,-1.050307558685983,0.041339848917698256,-0.7409023057199468,-0.7420016333471771,-1.230400730697961,0.5876494007329696,True,-0.8479317224032978,19.823799831204603,16.14533974813851,troy daniels,3258539.0,False,False,PHX,108692835,0.0,108692835.0,3258539.0,0.02538189843681516,21.113529955562534,47.327316123111004,troy daniels
1627786,Troy Williams,1610612758,SAC,24.0,21,311.9716666666667,111,59,11,10,8,9,-67,100.1,109.6,0.531,0.144,0.069,100.4,109.2,-8.9,22.28279277498491,193.10000000000002,-0.003939376668180663,-3.0037437224243235,-0.4871521457167352,-1.093501198050754,-0.4026745374341125,-0.9573281026231975,-0.18125563316134083,-0.8303265514444772,0.37657044896048736,False,-0.7536620059288293,22.552610076644203,16.225626467961035,troy williams,1509235.8031775593,True,True,SAC,101466920,0.0,101466920.0,1509235.8031775593,0.011755964827629181,27.778460461601952,62.26718045000393,troy williams
1628463,Tyler Cavanaugh,1610612762,UTA,25.0,11,39.498333333333335,9,8,1,0,0,1,-37,83.5,124.2,0.414,0.118,0.034,90.7,127.8,-37.1,13.306890586100678,14.6,-0.017034100325314716,-1.4846054719873538,-1.3374503213100926,-1.9408077781308597,-1.9018224718322685,-0.4345027589125107,-0.5220078442261515,-1.9074493417423182,0.13399174556213483,False,-1.4861867083010503,6.861487114245857,4.1875400988506755,tyler cavanaugh,1567928.3066344643,True,True,UTA,113826156,0.0,113826156.0,1567928.3066344643,0.012213141237592538,7.074023399415222,15.856871986401504,tyler cavanaugh
1629093,Tyler Davis,1610612760,OKC,22.0,1,0.9116666666666666,0,1,0,0,0,0,0,0.0,0.0,0.0,0.333,1.0,0.0,0.0,0.0,27.64168190127971,0.7,-0.1859328085451678,-0.1967397325639445,0.19672919767122224,-0.8063979673569452,-21.238171690042996,0.008728031750276722,0.09280596846776196,27.821139670478086,0.02035666818008142,False,4.9742467558304435,99.99996724908463,55.91603175508544,tyler davis,838464.335098644,True,True,OKC,144916427,49437851.25,194354278.25,1124504.1991441252,0.00875915598200554,106.1137464137945,237.86069085099533,tyler davis
1628416,Tyler Dorsey,1610612763,MEM,23.0,48,697.8533333333334,296,113,56,14,2,27,-35,106.4,108.4,0.509,0.182,0.072,106.2,108.7,-2.5,23.239840272072453,450.5,-0.008982934400061676,-1.0590683632889484,-0.2842530976935251,-0.8287375696279624,-0.9800856652854428,-0.28805026516949533,-0.0999449809438316,-0.7380017408475198,0.5632104940482382,True,-0.633797051371062,26.31066388809682,21.139164041671716,tyler dorsey,1378242.0,False,False,MEM,125188633,2183449.5,127372082.5,1402280.2991144173,0.010922851048297695,37.13362104520217,83.23736607289014,tyler dorsey
204020,Tyler Johnson,1610612756,PHX,27.0,57,1529.075,619,173,166,54,27,77,-127,104.4,108.5,0.532,0.18,0.085,103.6,108.1,-4.5,24.42653238068767,1037.5,-0.00474422083522583,-3.14837095690139,-0.12653821576646387,-0.3044599956964853,-0.4948170294889805,-1.0071028901079102,-0.03674162913495645,-0.3379275615940357,0.8336870461444695,True,-0.4082924997121091,34.152947253465854,31.59691236019764,tyler johnson,19245370.0,False,False,PHX,108692835,0.0,108692835.0,19245370.0,0.14990890909052473,22.192290889567886,49.74542715676518,tyler johnson
1628399,Tyler Lydon,1610612743,DEN,23.0,25,93.53666666666666,23,18,6,2,0,4,-11,97.6,105.9,0.595,0.097,0.057,103.5,109.5,-6.0,16.472684508748795,42.8,0.003554392105461631,-1.096505510365998,0.005056248366802911,-1.66739593391822,0.45524872020888313,-0.30093460224841223,0.015994112166626908,-1.1996257938323085,0.2061956999228322,False,-0.7511904871101829,22.626901222871055,14.54430205320969,tyler lydon,1874640.0,False,False,DEN,118327016,0.0,118327016.0,1874640.0,0.014602225747671324,23.080398928029837,51.7361776364921,tyler lydon
1627755,Tyler Ulis,1610612741,CHI,23.0,1,0.8283333333333334,0,0,0,0,0,0,0,0.0,0.0,0.0,0.0,0.0,0.0,0.0,0.0,0.0,0.0,-0.0,-0.1787859538185258,0.17877638030320595,-3.0139977201414974,0.04832454811756152,0.014906989156410849,0.08561147788952993,-2.953797195174506,0.019403998338361903,False,-1.6173121363132008,5.290546044119301,2.955996310257719,tyler ulis,1349927.579508817,True,True,CHI,112598201,0.0,112598201.0,1349927.579508817,0.010515057429157213,5.262194624105849,11.79554290545242,tyler ulis
203092,Tyler Zeller,1610612763,MEM,29.0,6,92.84666666666666,46,24,4,1,3,4,12,112.9,106.2,0.607,0.191,0.081,113.5,106.0,7.5,27.529259711352054,71.0,0.009290854558177028,0.8084490198772137,0.3151157644331137,-0.7639339672379222,1.1119869654681225,0.35467294811190314,0.1402487191902786,-0.4610273090566462,0.20543376135151278,False,-0.08825538961092874,46.483684723831544,29.863219785539908,tyler zeller,213948.0,False,False,MEM,125188633,2183449.5,127372082.5,217679.52611727937,0.002,95.0327349864051,213.02190113219243,tyler zeller
201936,Tyreke Evans,1610612754,IND,29.0,69,1401.9833333333331,706,201,166,58,18,118,64,105.9,103.9,0.483,0.255,0.082,106.2,102.6,3.6,27.667946599460286,1077.4999999999998,-0.019215979516569937,-1.4874073483541554,3.6650055513898483,-0.016375752088467505,-2.151614660527641,-0.43546705032844113,1.4826982086677585,-0.4302523721909936,0.7982888897605624,True,-0.29882717500766354,38.253595757034695,34.781316885173744,tyreke evans,12400000.0,False,False,IND,110724804,0.0,110724804.0,12400000.0,0.09658793116071589,28.49181494296489,63.86620975104256,tyreke evans
1627820,Tyrone Wallace,1610612746,LAC,25.0,62,627.7183333333334,218,101,42,21,7,36,56,108.0,104.2,0.45,0.174,0.043,108.5,104.6,3.9,20.491356261168093,357.3,-0.018854080140718304,0.11250945100320643,2.032848337685003,-1.116391080526922,-2.110182652035245,0.11515897089899332,0.8286203859237489,-1.6304749099514448,0.5341596345209129,True,-0.9432007373990392,17.2789118149687,13.65676524723403,tyrone wallace,1349383.0,False,False,LAC,118026816,0.0,118026816.0,1349383.0,0.010510815509148409,24.31488364406712,54.503353401416845,tyrone wallace
2199,Tyson Chandler,1610612747,LAL,36.0,55,874.7566666666667,173,307,37,21,23,42,-36,102.5,104.4,0.63,0.084,0.085,102.1,103.9,-1.8,19.47010025645227,473.09999999999997,0.006018030276894611,-3.7146341929896702,2.54016040552625,-1.1132005083228047,0.7372980533993584,-1.201987569598682,1.0319228435541385,-0.3379275615940357,0.6305685265430448,True,-0.2945933964556896,38.4152253645068,32.02891837519097,tyson chandler,13585000.0,False,False,LAL,107225482,0.0,107225482.0,13585000.0,0.10581831006599397,25.41224778043117,56.96316469271556,tyson chandler
1626145,Tyus Jones,1610612750,MIN,23.0,68,1560.4233333333334,468,134,327,81,5,47,-2,108.4,108.7,0.491,0.139,0.095,108.0,108.7,-0.7,26.346696516116353,1142.0,-0.009362592756091062,0.047050906628529725,-0.46039357803368575,-0.0746762773156149,-1.023550808584467,0.09263081327301856,-0.17053228767543088,-0.030178192937509937,0.8421896065217935,True,-0.19294036965818862,42.35028342843412,39.34279172714448,tyus jones,2444052.0,False,False,MIN,121962221,0.0,121962221.0,2444052.0,0.019037574703968545,56.898157446682625,127.54082761003406,tyus jones
2617,Udonis Haslem,1610612748,MIA,39.0,10,74.5,25,27,2,0,0,3,-32,82.4,103.6,0.36,0.196,0.067,84.2,102.3,-18.1,20.53691275167785,42.5,-0.03887792935391258,-3.1923960331636914,0.6836732612277627,-1.3431016417659518,-4.402610730141806,-1.0222545233592657,0.287946062948133,-0.8918764251757825,0.18402074981815603,False,-1.3738762165771636,8.474005718551169,5.362429944034151,udonis haslem,2393887.0,False,False,MIA,153171497,82613612.25,235785109.25,3685038.7890845956,0.028704054264892802,6.717050180640318,15.056693882218916,udonis haslem
203506,Victor Oladipo,1610612754,IND,27.0,36,1146.6733333333334,675,202,186,60,11,82,127,110.1,104.6,0.519,0.278,0.13,108.3,103.1,5.1,35.037005598804654,1116.0,-0.010941185512182119,0.6421302197505893,3.0584609401357894,0.6001882890364107,-1.2042758190172376,0.29743280962105856,1.2396288674333855,1.0469445973603309,0.7219523194194694,False,0.514048330172783,69.63908994872865,60.92574560163632,victor oladipo,21000000.0,False,False,IND,110724804,0.0,110724804.0,21000000.0,0.16357633503024463,41.50455703232965,93.03509623227376,victor oladipo
1713,Vince Carter,1610612737,ATL,42.0,76,1330.3566666666666,562,194,87,44,27,48,-179,101.8,108.0,0.565,0.164,0.079,102.2,107.8,-5.5,24.44096445314164,903.1999999999998,0.0010894876834608973,-4.403038799254978,0.15414914176008856,-0.4015787631729831,0.17305442046754477,-1.4389083204119488,0.07574225056802969,-0.5225771827879514,0.7776294591626373,True,-0.4356845930360873,33.15327928035668,29.835738590509408,vince carter,2393887.0,False,False,ATL,79180081,0.0,79180081.0,2393887.0,0.01864682199697844,43.46325027758604,97.4256313347202,vince carter
1629053,Vincent Edwards,1610612745,HOU,23.0,2,15.716666666666669,3,2,0,0,0,0,-2,109.1,115.2,0.375,0.111,0.023,109.6,117.3,-7.7,10.07847295864263,4.4,-0.020352602848389266,0.03968283559593486,-0.2550154930351241,-2.206048786810185,-2.2817408521679945,0.09009502413796576,-0.08822817533427389,-2.2459736472644964,0.08452182791409207,False,-1.5672853913865405,5.852399923859132,3.441414950784513,vincent edwards,1349927.579508817,True,True,HOU,126474100,4111650.0,130585750.0,1393813.4797230698,0.010856900034707236,6.058109145901332,13.579635771935196,vincent edwards
1627735,Wade Baldwin IV,1610612757,POR,23.0,16,93.65333333333334,30,15,12,1,2,14,-66,81.7,118.5,0.396,0.227,0.021,82.7,117.1,-34.3,16.875000000000004,43.900000000000006,-0.036854989608868134,-4.069810850485599,-1.5094115331349065,-1.6344676072522444,-4.171014705697022,-1.324224869581029,-0.5909203326080065,-2.307523520995802,0.20632425201535803,False,-2.0137979442947103,2.201537582621437,1.4152494381999208,wade baldwin,1544951.0,False,False,POR,130256600,10166300.0,140422900.0,1665531.7256699468,0.012973408360080416,2.3407830084881738,5.247013533572577,wade baldwin
1627215,Walt Lemon Jr.,1610612741,CHI,26.0,6,167.15,86,27,30,11,1,10,-23,103.4,111.2,0.468,0.253,0.109,102.7,110.6,-8.0,34.266227938976975,159.10000000000002,-0.022860265951734085,-1.2822490186681543,-0.6884719940049568,-0.1615463446090334,-2.568830374633613,-0.3648599319820097,-0.2619334299678235,0.40067092318162634,0.27563975171820326,False,-0.39952886968528745,34.47517779599097,23.237576039452573,walt lemon,1618236.166740383,False,True,CHI,112598201,0.0,112598201.0,1618236.166740383,0.012605006731846844,38.82378214470407,87.02596934403748,walt lemon
201961,Wayne Ellington,1610612765,DET,31.0,53,1296.8483333333334,545,107,72,54,6,40,-13,106.7,107.2,0.569,0.167,0.075,105.5,106.6,-1.1,22.08276732437229,795.5,0.0017774173362071339,-1.528542902367458,0.9036731429731817,-0.6686793500783506,0.25181196777660164,-0.44962422803069974,0.3761097780901017,-0.6456769302505619,0.7677737395558115,True,-0.33412828891935564,36.91413770530833,33.05654323473682,wayne ellington,8653076.0,False,False,DET,126557932,4237398.0,130795330.0,8942797.286977477,0.06965857167248526,30.360815676281966,68.05569340091986,wayne ellington
1627782,Wayne Selden,1610612741,CHI,24.0,75,1438.58,514,180,109,33,13,79,-291,102.6,112.1,0.491,0.178,0.054,102.7,112.0,-9.3,19.534262953746055,780.6,-0.011989507270389993,-4.035332564780965,-2.929666255133219,-0.8830708867465431,-1.324292815141151,-1.3123588517456573,-1.1600794237214835,-1.2919506044292663,0.8086408349817612,True,-1.1778625666066596,11.942570028684807,10.914175925697371,wayne selden,1544951.0,False,False,CHI,112598201,0.0,112598201.0,1544951.0,0.012034162970538642,18.53286170584943,41.54258461113236,wayne selden
1628976,Wendell Carter Jr.,1610612741,CHI,20.0,44,1109.8,455,307,78,26,58,65,-292,97.8,109.5,0.541,0.192,0.1,95.9,109.2,-13.3,27.939088123986306,861.3,-0.0033325022242408834,-7.885297052734132,-0.8465279670331078,-0.15292575647033474,-0.3331965863987968,-2.637359394723933,-0.32527347211687224,0.12369649139075316,0.7102496360115543,True,-0.4954969096862981,31.01247014414724,26.968826613545883,wendell carter,4446840.0,False,False,CHI,112598201,0.0,112598201.0,4446840.0,0.034637989984090144,31.63120293385515,70.90334698913938,wendell carter
1628411,Wes Iwundu,1610612753,ORL,24.0,68,1233.2,339,184,73,28,22,44,34,104.9,103.1,0.531,0.125,0.056,104.8,103.2,1.6,17.924099902692184,614.0,-0.0034195978022401596,-2.318029480032229,3.50925830539717,-1.1335424783455175,-0.34316771364604454,-0.7213332651797737,1.42028337589192,-1.230400730697961,0.7486958358007973,True,-0.5991384792358523,27.454027183944174,24.3493370740307,wes iwundu,1509235.8031775593,False,True,ORL,114394213,0.0,114394213.0,1509235.8031775593,0.011755964827629181,41.686347119648524,93.44259023960917,wes iwundu
202325,Wesley Johnson,1610612764,WAS,31.0,38,533.9583333333334,128,72,23,14,12,18,-92,104.6,111.9,0.469,0.115,0.029,103.8,111.7,-7.9,16.194522044479125,240.2,-0.010276029978060954,-2.0542590970704375,-1.9045189716151334,-1.5451630187459053,-1.1281255640641301,-0.6305542718307282,-0.7492574161567751,-2.061324026070581,0.49265437512858173,False,-1.3808785503153957,8.365815307269242,6.4558533996878165,wesley johnson,6134000.0,False,False,WAS,123747588,21882.0,123769470.0,6135084.66104406,0.0477883173311361,6.765316942440238,15.164886889203135,wesley johnson
202083,Wesley Matthews,1610612754,IND,32.0,69,2091.023333333333,840,170,160,54,17,91,-90,107.4,109.4,0.546,0.175,0.062,106.4,109.0,-2.6,20.804358950242865,1208.3999999999999,-0.002162436923136221,-1.0474171351852106,-0.8618357029598114,-0.4686249678669841,-0.1992417947444979,-0.2840403882960533,-0.33140796118569865,-1.0457511095040455,0.974918022971753,True,-0.5530850964518971,29.010257070817026,28.682821500171826,wesley matthews,19360228.0,False,False,IND,110724804,0.0,110724804.0,19360228.0,0.15080357817094872,20.103648861644736,45.063603618418774,wesley matthews
203115,Will Barton,1610612743,DEN,28.0,43,1188.9783333333332,494,199,124,18,22,65,7,109.7,109.1,0.501,0.195,0.08,108.3,108.3,-0.1,24.20733767225924,799.5,-0.011184572571494654,0.5365094097516662,-0.37163306684683245,-0.4961132387305427,-1.2321399585578108,0.2610824404069307,-0.13496201208233408,-0.4918022459222988,0.7351494385291312,True,-0.43747191299430743,33.088457055069185,29.144883661911273,will barton,11830358.0,False,False,DEN,118327016,0.0,118327016.0,11830358.0,0.09215079065408262,24.27083675076733,54.404619497241306,will barton
1626161,Willie Cauley-Stein,1610612758,SAC,25.0,81,2212.5466666666666,965,678,194,96,51,84,54,110.0,108.7,0.566,0.173,0.118,109.1,107.7,1.4,31.025243911992817,1906.8,0.0013222766416996052,1.111048192691735,-0.0064565198391191535,0.8585145116985011,0.19970523762351652,0.45881522514812056,0.011380435065759276,0.6776453549724994,1.0,True,0.5184073690919846,69.79129628524223,69.79129628524223,willie cauley stein,4696874.0,False,False,SAC,101466920,0.0,101466920.0,4696874.0,0.036585592143754536,80.30449030698932,180.0076068219416,willie cauley stein
1626195,Willy Hernangomez,1610612766,CHA,25.0,58,811.8533333333334,421,311,60,16,20,58,-94,109.2,115.3,0.587,0.206,0.118,107.6,114.3,-6.7,31.780617188654766,716.7,0.005900502821908204,0.08795683626059016,-4.089373530930339,0.04799841881987543,0.7238429362093171,0.10670896364118646,-1.624825591311525,0.6776453549724994,0.6074736557450392,True,0.09615215747756542,53.83001362561275,44.32164931876733,willy hernangomez,1496500.0,False,False,CHA,121427859,0.0,121427859.0,1496500.0,0.011656761208226719,76.10457137297034,170.59322223063418,willy hernangomez
201163,Wilson Chandler,1610612746,LAC,32.0,51,1176.3283333333334,305,215,82,25,21,46,107,112.7,108.5,0.537,0.115,0.056,112.9,108.8,4.1,18.4509710299137,602.9,-0.0024560299780609462,3.3136539833708816,-0.4125574637702287,-1.0995959238950914,-0.23285376192826177,1.2168621831782604,-0.15136223395557288,-1.230400730697961,0.7312282112785973,True,-0.5191222720889972,30.183773892853637,26.533127788058543,wilson chandler,12800562.0,False,False,LAC,118026816,0.0,118026816.0,12800562.0,0.09970804848987706,21.494629769164636,48.181575519373325,wilson chandler
1628999,Yante Maten,1610612748,MIA,22.0,2,13.033333333333331,2,3,0,1,0,0,4,100.0,85.2,0.25,0.133,0.063,92.1,88.5,3.6,17.40153452685422,6.3,-0.041011452061583534,-0.3261391885796969,0.5312601523272875,-1.6199387300834585,-4.64686683236615,-0.035805976295371286,0.22686736685795592,-1.014976172638393,0.07696910045104088,False,-1.3778483505829175,8.412505716302594,4.9182544928517995,yante maten,385000.0,False,False,MIA,153171497,82613612.25,235785109.25,592651.1710024613,0.004616366976379306,11.678927958267497,26.179057534353383,yante maten
1627812,Yogi Ferrell,1610612758,SAC,26.0,71,1066.6483333333333,420,109,137,36,4,40,-55,106.4,108.9,0.55,0.16,0.092,107.7,109.0,-1.4,24.276792257366928,719.3000000000001,-0.0013370851868674016,-0.6249312210199932,-0.5909180110275715,-0.5492521560237306,-0.10475149598166503,-0.13863799109960526,-0.22283922001667764,-0.1225030035344678,0.6963046398776556,True,-0.2439982461309652,40.361608913027034,34.8456739037455,yogi ferrell,3000000.0,False,False,SAC,101466920,0.0,101466920.0,3000000.0,0.02336804786146352,46.905969024708135,105.1427036959471,yogi ferrell
1629139,Yuta Watanabe,1610612763,MEM,24.0,15,174.35,39,31,8,4,1,6,20,108.5,103.0,0.352,0.148,0.036,109.8,103.5,6.3,15.341554344708923,74.30000000000001,-0.030540803797852355,0.3056333999877475,1.2389707376800263,-1.73466311176552,-3.448135868094871,0.18162434689592086,0.5104784031684061,-1.845899468011013,0.28151376520518495,False,-1.4008405860492654,8.063087445734956,5.456139642866603,yuta watanabe,1509235.8031775593,True,True,MEM,125188633,2183449.5,127372082.5,1535558.8013672603,0.011961003854813898,9.284615057122004,20.812053352264844,yuta watanabe
1628380,Zach Collins,1610612757,POR,21.0,77,1355.736666666667,512,324,71,25,66,77,-11,107.9,107.8,0.562,0.166,0.08,107.3,108.4,-1.2,24.360482984650403,917.3999999999999,0.0006047741186250726,-0.40756244003971354,-0.04961676767124447,-0.3976143726623314,0.11756204365037476,-0.06382853409640081,-0.005915791482814773,-0.4918022459222988,0.7850120632155531,True,-0.23977160923159863,40.52536587843313,36.604756719495505,zach collins,3628920.0,False,False,POR,130256600,10166300.0,140422900.0,3912150.864278662,0.030473109545909885,44.90179992510754,100.65023158253916,zach collins
203897,Zach LaVine,1610612741,CHI,24.0,63,2170.855,1492,294,283,60,26,215,-301,105.8,112.4,0.574,0.298,0.125,103.5,111.2,-7.7,32.785238995695245,1977.0,0.0046616788394594376,-2.98935302852967,-2.9162363727140206,1.0504110331229914,0.5820163148159617,-0.9523754135051772,-1.1546974738831355,0.8930699130320678,0.9933540520515698,True,0.3017652463045155,61.85844870366643,61.673450090051595,zach lavine,19500000.0,False,False,CHI,112598201,0.0,112598201.0,19500000.0,0.15189231109951287,43.11792111543839,96.65155412177243,zach lavine
1629155,Zach Lofton,1610612765,DET,26.0,1,3.75,0,0,0,1,0,1,0,100.0,100.0,0.0,0.25,-0.056,107.5,94.8,12.7,7.680000000000002,0.8000000000000003,-0.13958919560448033,-0.02678317195389022,0.08346464821643208,-2.40019233188731,-15.932528483534508,0.0672201388322217,0.0474158373704598,-4.677193659651052,0.04128614119223852,False,-4.3758900569669175,0.0006046898210688344,0.00034381379078642977,zach lofton,1618236.166740383,True,True,DET,126557932,4237398.0,130795330.0,1672417.7623789194,0.013027046105210771,0.0005678378090242985,0.0012728444533391474,zach lofton
2585,Zaza Pachulia,1610612765,DET,35.0,68,878.165,267,265,91,31,17,57,-97,100.8,105.3,0.539,0.147,0.088,100.9,105.8,-4.9,24.69103186758753,602.3000000000001,-0.0028454470154344264,-4.611963398710571,1.5879530435509501,-0.6017888486951469,-0.27743612674050805,-1.5108116349974172,0.6503310992711947,-0.2456027509970783,0.6317957811594733,True,-0.3948155368429198,34.64895138881536,28.9079008529224,zaza pachulia,2393887.0,False,False,DET,126557932,4237398.0,130795330.0,2474038.8468714077,0.019271152728270357,41.62899822179254,93.31403904879198,zaza pachulia
1629015,Zhaire Smith,1610612755,PHI,20.0,6,110.61666666666666,40,13,10,2,2,6,14,118.1,110.8,0.533,0.166,0.054,117.3,110.1,7.2,20.53578423986741,63.1,-0.004209225881374932,1.724987265697139,-0.41446886393881094,-1.3281181455481432,-0.43356819362354715,0.6701079806094107,-0.15212821682178276,-1.2919506044292663,0.22423269839678384,False,-0.7069529821912035,23.97978485105801,15.608555006939083,zhaire smith,2615160.0,False,False,PHI,115127167,0.0,115127167.0,2615160.0,0.020370394681794978,22.044994259040433,49.41525241992515,zhaire smith
1627753,Zhou Qi,1610612745,HOU,23.0,1,0.955,2,0,0,0,0,0,-2,66.7,133.3,1.0,0.333,0.333,100.0,138.9,-38.9,75.39267015706807,2.0,0.1470671914548322,-0.04083015139352767,-0.054460698841334976,3.007295634278398,16.885295076100718,0.062385742192210235,-0.007856969652816471,7.294256781087808,0.020834848429756074,False,5.481074520191959,99.99999788624821,55.93756699695768,zhou qi,1378242.0,False,False,HOU,126474100,4111650.0,130585750.0,1423048.3968773051,0.0110846210158026,97.75711398518658,219.1287694003536,zhou qi
