PLAYER_ID,PLAYER_NAME,TEAM_ID,TEAM_ABBREVIATION,AGE,GP,MIN,PTS,REB,AST,STL,BLK,TOV,PLUS_MINUS,OFF_RATING,DEF_RATING,TS_PCT,USG_PCT,PIE,E_OFF_RATING,E_DEF_RATING,E_NET_RATING,BOX36,BOX_TOTAL,EFF,OFF_IMP,DEF_IMP,z_box,z_eff,z_off,z_dfn,z_adv,AVAIL,ELIGIBLE,CPI,PS,WPS,norm_name,salary,two_way,salary_imputed,team,payroll,tax,total_expenditure,effective_cost,cost_index,R_raw,R_VALUE,nn
203932,Aaron Gordon,1610612743,DEN,26.0,75,2375.418333333333,1126,439,188,44,44,133,321,117.3,111.1,0.602,0.194,0.096,115.4,110.5,4.9,25.689622389319496,1695.1,0.006854445277406307,5.383024123961167,-0.9281613312471167,0.337288147294713,0.7868138076610918,1.8726408660513973,-0.3659925774182124,-0.04765221598908501,1.0,True,0.41404568647109435,66.05796757923247,66.05796757923247,aaron gordon,16409091.0,False,False,DEN,137963926,2036889.0,140000815.0,16651353.582161507,0.10568538487062988,49.46945578416929,120.63833655430615,aaron gordon
1630565,Aaron Henry,1610612755,PHI,22.0,6,16.983333333333334,2,1,0,0,2,2,-20,71.1,127.0,0.2,0.149,-0.079,71.5,123.6,-52.0,8.26692836113837,3.9000000000000004,-0.054633503369414735,-1.2583152730803164,-0.5040477243423918,-2.4803824044625156,-5.8425016591837275,-0.3751718499946762,-0.20395957224802685,-5.87107246605195,0.08786180609170842,False,-3.3446623031451783,0.04119140582019691,0.024283891290976856,aaron henry,223338.0,False,False,PHI,148922969,22042422.5,170965391.5,256394.75806332464,0.002,0.07290795777681189,0.1777964727596785,aaron henry
1628988,Aaron Holiday,1610612756,PHX,25.0,63,1020.75,400,122,153,42,9,67,-39,106.8,108.2,0.544,0.182,0.088,106.6,108.8,-2.2,25.2590742101396,716.1999999999999,-0.004125541028412629,-1.989418571961703,0.7091188310638278,-0.48044863276939254,-0.39699203795273896,-0.6226194194865909,0.25953185916127314,-0.3138657131348162,0.6811587720401704,True,-0.3282838118745015,37.13485414120664,31.806799018685467,aaron holiday,3980551.0,False,False,PHX,136476474,0.0,136476474.0,3980551.0,0.025264376397775196,39.30602376914068,95.85335534640299,aaron holiday
1630174,Aaron Nesmith,1610612738,BOS,22.0,52,573.8783333333333,196,89,22,20,5,31,22,107.3,104.3,0.507,0.164,0.048,107.7,104.0,3.8,18.8005006868471,299.70000000000005,-0.009785520487141056,-1.124323613372584,2.937302433606892,-1.3569697920815444,-1.007222012988867,-0.3298213358093404,1.1108115146901953,-1.6449331988634708,0.5107384730748095,True,-0.8666571827956291,19.306493607910408,15.055827563930453,aaron nesmith,3631200.0,False,False,BOS,136557646,0.0,136557646.0,3631200.0,0.023047061468525663,19.213493503991366,46.85484929996401,aaron nesmith
1630598,Aaron Wiggins,1610612760,OKC,23.0,50,1208.75,416,178,68,30,10,54,-235,104.5,112.6,0.556,0.149,0.062,105.2,112.3,-7.1,19.24566701137539,646.1999999999999,-0.0015895033694147333,-3.3416373667263817,-1.9831842264359891,-1.042856091935119,-0.12356945601131206,-1.0802883353535562,-0.7690650736732205,-1.1790595788584417,0.7412366816218813,True,-0.9103703263970255,18.131362070359362,16.020082933140756,aaron wiggins,1305761.0,False,False,OKC,82022873,0.0,82022873.0,1305761.0,0.008287605758483018,29.243660448840288,71.31484459216571,aaron wiggins
1627846,Abdel Nader,1610612756,PHX,28.0,14,145.23833333333334,34,27,7,8,4,11,-2,95.1,96.0,0.431,0.139,0.036,97.5,97.5,0.0,18.069609721951277,72.9,-0.01885782529093053,-2.9495917186777,2.8623826488149375,-1.5995925392595618,-1.9853514168684279,-0.9475974517425004,1.0821883399584518,-2.0442534445820675,0.2569385612212076,False,-1.2907882474873822,9.838855707824123,6.548962282637397,abdel nader,2000000.0,False,False,PHX,136476474,0.0,136476474.0,2000000.0,0.01269390915869446,10.297487084469997,25.11189364968618,abdel nader
1630278,Ade Murkey,1610612758,SAC,24.0,1,1.4666666666666666,0,0,0,0,0,0,-1,33.3,66.7,0.0,0.0,0.0,53.2,66.7,-13.5,0.0,0.0,-0.0,-0.1883655887805875,0.12552012168293433,-3.1798413709760616,0.04780265028529037,-0.013039099036369758,0.03656741955141439,-3.242214181737857,0.025819888974716113,False,-1.7569249516453223,3.9465301001732107,2.2164460911550976,ade murkey,53176.0,False,False,SAC,130457848,0.0,130457848.0,53176.0,0.002,6.654475433620473,16.227889194009848,ade murkey
1629678,Admiral Schofield,1610612753,ORL,25.0,38,468.8233333333333,146,89,25,4,5,21,-128,100.3,113.8,0.538,0.143,0.055,100.2,114.0,-13.9,17.868564562344027,232.70000000000002,-0.004099496522324209,-4.550645073109556,-2.0825210172566466,-1.4889563751485566,-0.39418405279730606,-1.489486350051678,-0.8070167886820933,-1.4119963888609564,0.4616291965977836,False,-1.1994410891750877,11.517823930842685,8.727436875450813,admiral schofield,300000.0,False,False,ORL,126786646,0.0,126786646.0,300000.0,0.002,26.202538612565288,63.89863445256282,admiral schofield
1629958,Ahmad Caver,1610612754,IND,25.0,1,0.8433333333333334,2,0,0,0,0,0,2,200.0,66.7,1.0,0.5,0.4,212.8,100.0,112.8,85.37549407114625,2.0,0.21666609607578946,0.16507578200576922,0.038621039752543176,4.013162001081862,23.40763060789559,0.10658586817796058,0.0033675430030664236,10.068460675548693,0.01957890020745122,False,7.551466305796566,99.99999999999784,55.8810505093341,ahmad caver,53176.0,False,False,IND,138181486,2363229.0,140544715.0,54085.43489567046,0.002,167.77266963685761,409.137627722652,ahmad caver
201143,Al Horford,1610612738,BOS,36.0,69,2004.7916666666667,701,530,232,49,92,65,386,112.8,103.4,0.574,0.147,0.123,112.6,102.8,9.8,28.68806817000935,1597.6,0.0010778322462820947,2.4300358343276254,5.263692714125899,0.512019561278453,0.16400899865419793,0.8731791263411297,1.9996111245454056,0.8508183368777569,0.9546040746790992,True,0.8387702788140503,79.92008839868883,78.28746753462484,al horford,27000000.0,False,False,BOS,136557646,0.0,136557646.0,27000000.0,0.1713677736423752,49.503304720453336,120.72088202206417,al horford
202692,Alec Burks,1610612752,NYK,30.0,81,2317.6766666666667,944,397,239,85,26,91,125,110.3,108.1,0.559,0.171,0.099,109.7,106.4,3.3,25.910257830039562,1668.1,-0.0013111951420799956,0.24355077319846805,2.086371021906983,0.33431835697257967,-0.09356368940787979,0.1331463362626261,0.7857123629847927,0.05217784544056419,1.0,True,0.22302719435124504,58.824282926440986,58.824282926440986,alec burks,9536000.0,False,False,NYK,120644081,0.0,120644081.0,9536000.0,0.06052455886865519,53.54238618148581,130.57075930375896,alec burks
1630758,Aleem Ford,1610612753,ORL,24.0,5,73.53,14,15,2,1,0,4,-35,98.6,120.7,0.35,0.148,0.022,99.5,121.4,-21.8,11.701346389228885,23.9,-0.03206683556156632,-1.3466641636500996,-1.474821735160258,-2.1751258669114524,-3.4094792015146504,-0.4050742157373136,-0.5748447024420911,-2.5101270645870963,0.18281883730274426,False,-1.9552293040581001,2.527800561868909,1.598248610872244,aleem ford,53176.0,False,False,ORL,126786646,0.0,126786646.0,53176.0,0.002,4.798450167729871,11.701706378158889,aleem ford
1630197,Aleksej Pokusevski,1610612760,OKC,20.0,61,1232.705,464,318,131,39,38,94,-44,103.6,106.1,0.485,0.195,0.095,103.5,106.7,-3.3,26.289501543353843,900.1999999999999,-0.015925222530442113,-4.342526251043026,2.245620119169771,-0.24676301624984184,-1.6691732182772672,-1.4190469240982218,0.8465536314091877,-0.08092890313230142,0.7485455594320592,True,-0.42221940164709615,33.643244064865655,29.836359663015987,aleksej pokusevski,3113160.0,False,False,OKC,82022873,0.0,82022873.0,3113160.0,0.01975908511824062,40.18320697384428,97.99249193061183,aleksej pokusevski
1627936,Alex Caruso,1610612741,CHI,28.0,41,1146.8316666666667,304,148,165,71,15,57,110,110.5,105.5,0.528,0.13,0.077,110.1,104.9,5.1,23.386169722670722,745.0000000000001,-0.005026815020294737,0.42903881781000247,3.117354646691576,-0.6152169266944951,-0.4941627802809258,0.19592620044756198,1.179600633215713,-0.6799092717101962,0.7220021615010036,True,-0.22557240517933022,41.0767002586737,35.938045010611596,alex caruso,8600000.0,False,False,CHI,136083814,0.0,136083814.0,8600000.0,0.05458380938238618,33.91558055299268,82.70798933057876,alex caruso
203458,Alex Len,1610612758,SAC,29.0,39,620.2,235,161,45,13,25,43,-76,106.0,111.4,0.577,0.165,0.074,105.7,110.8,-5.1,24.90744920993228,429.1,0.0017048117050105151,-2.1171105668005996,-0.7881386133783068,-0.7392631854486801,0.2316067103133785,-0.6658377633441603,-0.31249676544942284,-0.7797393331398453,0.5309511191334763,False,-0.5307467690761543,29.779713590907164,23.49404999135389,alex len,3732000.0,False,False,SAC,130457848,0.0,130457848.0,3732000.0,0.023686834490123862,29.695974488344127,72.41787700804613,alex len
1628035,Alfonzo McKinnie,1610612741,CHI,29.0,17,206.31333333333333,59,33,5,2,3,7,-55,108.6,121.5,0.457,0.148,0.02,106.2,122.3,-16.1,15.65192102627072,89.7,-0.016230835561566317,-0.7255465156326699,-3.6113730581246264,-1.789829247501772,-1.7021228488746076,-0.194852140955809,-1.3911161587786065,-2.576680438873529,0.3062332246487763,False,-1.7136751158288552,4.329420474902766,2.9777968379969812,alfonzo mckinnie,1090007.0,False,False,CHI,136083814,0.0,136083814.0,1090007.0,0.006918224920170536,5.790473510109386,14.120897047444666,alfonzo mckinnie
1628993,Alize Johnson,1610612740,NOP,26.0,23,167.22,41,61,9,5,0,12,-45,105.1,115.7,0.463,0.14,0.069,105.2,114.2,-9.0,19.483315392895584,90.49999999999999,-0.01451349309877895,-1.1237657220736395,-1.29910639716053,-1.466461976717805,-1.5169677867693725,-0.32963251318170933,-0.5077124911499717,-0.9461227688559269,0.27569746264536227,False,-1.0035992435013874,15.778590968170626,10.635777904813496,alize johnson,1003740.0,False,False,NOP,135793968,0.0,135793968.0,1003740.0,0.006370692189473988,21.287325161790005,51.91218412454779,alize johnson
1630578,Alperen Sengun,1610612745,HOU,19.0,72,1489.2933333333333,692,393,185,59,68,145,-309,106.4,116.6,0.552,0.214,0.099,104.9,115.5,-10.6,31.15598449376438,1288.8999999999999,-0.003138910879562101,-3.1023546357348692,-4.734138439343472,0.4734589290205332,-0.2906186322728868,-0.9993012432479254,-1.8200697359761593,0.05217784544056419,0.8227706333793854,True,-0.3324803558372432,36.976328530984006,34.02734745250808,alperen sengun,3214680.0,False,False,HOU,132267085,0.0,132267085.0,3214680.0,0.020403427947135955,45.31574757712973,110.50892557361007,alperen sengun
1629599,Amir Coffey,1610612746,LAC,25.0,69,1567.3666666666666,619,197,124,38,15,45,-47,110.1,111.0,0.598,0.154,0.086,109.7,110.5,-0.8,22.534356989430258,981.0999999999999,0.00482515759134315,0.1638299717462345,-0.8214738787039981,-0.4984852254638696,0.5680264104563594,0.1061642140543345,-0.3252325351369081,-0.380419087421249,0.8440612501112664,True,-0.18640331918627423,42.60642448567384,39.61662782848772,amir coffey,573576.0,False,False,LAC,168378382,93418814.5,261797196.5,891804.4406655718,0.005660242278564547,82.64230088438103,201.53505935479959,amir coffey
203083,Andre Drummond,1610612751,BKN,28.0,73,1436.785,580,680,131,78,68,115,39,112.2,109.8,0.574,0.181,0.14,110.8,108.8,2.0,34.72753404301966,1386.0,0.0013271267794357764,1.273066637251755,0.30895471005064923,0.8518165086621156,0.19088665746061192,0.48159394784245696,0.10664877775705622,1.4165220183124356,0.8081361833930535,True,0.7547801401182783,77.48095440153513,70.79134816991284,andre drummond,2401537.0,False,False,BKN,174811922,125581090.5,300393012.5,4126749.0558236213,0.02619228881767659,86.3846597930188,210.6613362941898,andre drummond
2738,Andre Iguodala,1610612744,GSW,38.0,31,602.8316666666667,124,100,114,27,22,28,114,105.7,97.0,0.478,0.113,0.103,107.0,94.6,12.5,24.95024868744453,417.8,-0.010019462286871584,-1.7294601881425786,7.683571222050056,-0.7446790302109398,-1.0324444187679755,-0.5346344926732258,2.924128000217775,0.18528459401342934,0.5234638420553935,False,0.07297298396777993,52.90861920751332,41.56282765382714,andre iguodala,2641691.0,False,False,GSW,178980766,191029670.5,370010436.5,5461219.447502653,0.034662111781147115,45.980425058168194,112.12983658600184,andre iguodala
203952,Andrew Wiggins,1610612744,GSW,27.0,73,2329.5133333333333,1256,325,161,76,51,111,266,111.2,105.4,0.56,0.224,0.097,110.0,103.6,6.4,28.16777180927633,1822.7000000000003,-0.0014935889580463097,0.6883478015112117,4.360537538104837,0.6478943103104373,-0.11322845578653255,0.2836913327653316,1.6545598342231518,-0.01437552884586861,1.0,True,0.43141432560414145,66.69164323007813,66.69164323007813,andrew wiggins,31579390.0,False,False,GSW,178980766,191029670.5,370010436.5,65284690.30188269,0.4,31.344949399640804,76.43913794907057,andrew wiggins
1629014,Anfernee Simons,1610612757,POR,23.0,57,1681.013333333333,988,151,221,30,6,115,-85,110.5,112.9,0.583,0.244,0.102,109.7,111.9,-2.3,28.27080491132333,1320.1,0.0039850548849852474,0.2898730468838589,-2.068326897622026,0.2553399461153035,0.47745084260019266,0.14882446827807044,-0.801593911833298,0.15200790687021293,0.8741264037294433,True,0.0831395684466345,53.31297181662361,50.29315884593045,anfernee simons,3938818.0,False,False,POR,124788473,0.0,124788473.0,3938818.0,0.024999498942315297,62.38068066630347,152.12420329710702,anfernee simons
203076,Anthony Davis,1610612747,LAL,29.0,40,1404.2483333333332,927,394,122,49,90,82,-92,105.9,108.9,0.578,0.263,0.159,104.6,107.2,-2.6,39.649397245738825,1546.6,0.0029803665358652453,-3.336061300707581,1.280524203292338,1.3946076297333172,0.3691304943245251,-1.078401072656493,0.47783782276449493,2.0487790740335465,0.7989334746834037,True,0.9285707163082723,82.34441981109097,74.89390194430875,anthony davis,35361360.0,False,False,LAL,164409293,75663995.25,240073288.25,51635268.40415292,0.32772670325356174,37.74283073066356,92.04128575950654,anthony davis
1630162,Anthony Edwards,1610612750,MIN,20.0,72,2465.9933333333333,1533,343,275,105,46,190,188,114.6,110.6,0.56,0.262,0.111,112.6,109.6,3.1,32.3373136991449,2215.1,-0.0017469656562863088,3.122899722800738,-0.31887485977341373,1.312364807173901,-0.1405462327094311,1.1076842714467658,-0.13321410397347666,0.45149809115916056,1.0,True,0.5886292193558021,72.19449857606209,72.19449857606209,anthony edwards,10245480.0,False,False,MIN,137432702,1240053.0,138672755.0,10337924.79680273,0.06561433913001437,63.88099772746391,155.78294082905217,anthony edwards
1630264,Anthony Gill,1610612764,WAS,29.0,44,463.4,180,85,27,5,11,18,60,114.7,108.9,0.682,0.138,0.081,117.0,108.6,8.4,22.148467846353046,285.1,0.0159158425169179,3.0957913586619235,0.43120668492137015,-1.0866169419227363,1.7637672138668925,1.0985092358132038,0.15335526053383466,-0.5468025231373306,0.45895137393449825,True,0.016649764110206466,50.66419879847972,38.328890980697615,anthony gill,1517981.0,False,False,WAS,128019790,0.0,128019790.0,1517981.0,0.009634556459312087,66.37465872904968,161.86408949731631,anthony gill
1630237,Anthony Lamb,1610612745,HOU,24.0,2,7.683333333333334,0,1,2,0,0,0,5,105.9,76.5,0.0,0.105,0.036,106.1,84.9,21.3,16.399132321041215,3.5,-0.05950011982408421,-0.054844595638378284,0.42491228096859135,-1.7957043899336138,-6.367195301501389,0.03215211440739091,0.1509504775426279,-2.0442534445820675,0.059096736309412576,False,-1.9898160372907292,2.3305602069160605,1.3437859397044312,anthony lamb,136095.0,False,False,HOU,132267085,0.0,132267085.0,136095.0,0.002,4.034472374262678,9.83863736502038,anthony lamb
1629717,Armoni Brooks,1610612761,TOR,24.0,54,843.755,288,103,62,28,11,27,-80,108.3,112.1,0.483,0.159,0.054,106.4,112.0,-5.6,21.021742093380183,492.7,-0.013303181447898955,-1.559666111134608,-1.5217543141375265,-1.0157938788138337,-1.3864781880194221,-0.4771663732788393,-0.5927753386873512,-1.4452730760041728,0.619293952820468,True,-1.0559933775025523,14.54856202423036,12.056135531054414,armoni brooks,1739065.0,False,False,TOR,134896484,0.0,134896484.0,1739065.0,0.011037766565532492,19.907505830057023,48.54729752357149,armoni brooks
1629083,Arnoldas Kulboka,1610612766,CHA,24.0,2,5.3,0,0,0,0,0,0,-12,50.0,150.0,0.0,0.071,-0.114,54.5,141.1,-86.5,0.0,0.0,-0.040233414357237894,-0.5972743088426471,-0.36756521930402547,-3.1798413709760616,-4.289957869494274,-0.15143741987313883,-0.1518163019438288,-7.035756516064523,0.04908249086070214,False,-3.5946690362600586,0.016240210423575745,0.009290815223827627,arnoldas kulboka,1665464.798696386,True,True,CHA,122139566,0.0,122139566.0,1665464.798696386,0.010570629430827639,0.015575273366358429,0.037982529633919265,arnoldas kulboka
1630559,Austin Reaves,1610612747,LAL,24.0,61,1417.6816666666666,444,193,110,29,20,40,54,110.8,109.0,0.6,0.121,0.076,110.2,108.8,1.4,19.829839562007926,780.9,0.004033195250341046,0.588526323674275,0.5444495930002906,-0.8861166415419366,0.4826410900495887,0.2499059810761329,0.19661982081086582,-0.7131859588534125,0.8027457614810293,True,-0.29610991425101973,38.35730714264489,34.952543507217584,austin reaves,925258.0,False,False,LAL,164409293,75663995.25,240073288.25,1351077.7066574849,0.008575228837323676,63.04634807441296,153.74752838811085,austin reaves
203085,Austin Rivers,1610612743,DEN,29.0,67,1479.878333333333,403,114,90,51,6,54,53,113.0,111.1,0.546,0.123,0.043,113.5,111.1,2.4,15.99212547878373,657.4,-0.0025421403653557877,2.732780293044579,-1.108877670796433,-1.3079694893979532,-0.22627789417624541,0.9756453313237574,-0.4350354260884967,-1.8113166345795528,0.8201658184153797,True,-0.8232375610645019,20.51864564500233,18.85816641394511,austin rivers,2401537.0,False,False,DEN,137963926,2036889.0,140000815.0,2436993.111174982,0.015467484586809705,27.67067309062802,67.4788901570978,austin rivers
202340,Avery Bradley,1610612747,LAL,31.0,62,1405.9116666666666,394,136,47,53,9,38,-181,105.4,111.2,0.55,0.119,0.045,105.2,110.1,-4.9,16.295760639300475,636.4,-0.001983469133962103,-3.2190726244450207,-0.6812491085180735,-1.2991581008190398,-0.1660448254747272,-1.0388053498037315,-0.27165952888901335,-1.74476326029312,0.7994065033359171,True,-1.0696949589178169,14.237831808619372,12.952624398286643,avery bradley,2641691.0,False,False,LAL,164409293,75663995.25,240073288.25,3857442.8083601743,0.024483014297091647,16.183491112425564,39.46575551512714,avery bradley
1630245,Ayo Dosunmu,1610612741,CHI,22.0,77,2109.641666666667,679,214,256,60,29,108,-199,109.1,114.1,0.596,0.138,0.07,108.9,112.7,-3.8,20.921088494491553,1225.9999999999998,0.004047842516917888,-0.5367044636411477,-2.9454393424446907,-0.438867812375057,0.48422028325739264,-0.13093708701655823,-1.1366955520377156,-0.9128460817127105,0.9792487070724324,True,-0.5010826309771096,30.815648511612913,30.527889464555066,ayo dosunmu,925258.0,False,False,CHI,136083814,0.0,136083814.0,925258.0,0.005872570500177659,62.867189956107424,153.31062571695801,ayo dosunmu
1629168,BJ Johnson,1610612753,ORL,26.0,4,64.595,26,15,0,0,1,0,-12,103.8,113.0,0.52,0.169,0.083,101.9,115.0,-13.2,21.456769099775524,38.5,-0.00788685952638316,-0.7990249413840157,-0.5243990390101855,-1.341745060468469,-0.8025181197797462,-0.21972148279858525,-0.21173481129035138,-0.48024914885089776,0.17135157903084416,False,-0.664607171852689,25.31508904470938,15.875300191092979,bj johnson,95930.0,False,False,ORL,126786646,0.0,126786646.0,95930.0,0.002,47.66269549462561,116.23229342268395,bj johnson
1628389,Bam Adebayo,1610612748,MIA,24.0,56,1825.2616666666668,1068,564,190,80,44,148,300,113.1,104.9,0.608,0.248,0.161,111.8,104.6,7.2,35.21774503564329,1785.6,0.010250383653591568,2.100653720176547,3.8435847416267337,1.212114968416014,1.1529464775116862,0.7616972007288423,1.4570575287540999,2.1153324483199794,0.910859151537379,True,1.4433836576491914,92.55437874324024,88.84170961069378,bam adebayo,28103500.0,False,False,MIA,140840240,6351360.0,147191600.0,29370861.130313326,0.18641552155041372,54.54630473852128,133.01895815367465,bam adebayo
203463,Ben McLemore,1610612757,POR,29.0,64,1284.885,655,103,59,38,10,55,-352,101.9,115.0,0.567,0.207,0.07,101.8,114.2,-12.4,23.431513326095335,836.3000000000001,6.876377537682598e-05,-5.61779796820311,-3.5299031873355546,-0.5385113539937119,0.05521640809794108,-1.8506725060588909,-1.3599905174884757,-0.9128460817127105,0.7642242055598844,True,-0.881798655329655,18.894284947622197,16.889618177865604,ben mclemore,2389641.0,False,False,POR,124788473,0.0,124788473.0,2389641.0,0.015166942887945895,24.95299418899592,60.851441829951504,ben mclemore
202687,Bismack Biyombo,1610612756,PHX,29.0,36,505.89666666666665,210,167,23,12,26,25,52,111.8,106.2,0.596,0.167,0.102,110.8,107.7,3.0,28.642212836613535,402.49999999999994,0.004898476089313676,0.782607376342422,1.265611248908148,-0.4459092119177741,0.5759312351138489,0.31559421533884924,0.47214031441886184,0.15200790687021293,0.47953418053672703,False,0.13867493381235435,55.5146486697719,42.512583969314065,bismack biyombo,1518213.0,False,False,PHX,136476474,0.0,136476474.0,1518213.0,0.009636028952774496,73.6156787801015,179.5223515515112,bismack biyombo
201933,Blake Griffin,1610612751,BKN,33.0,56,958.085,359,228,105,27,14,31,-94,107.8,112.5,0.518,0.167,0.091,106.8,111.5,-4.6,26.663187504240227,709.6,-0.008127523910686317,-1.6058534635921813,-1.5004716280515786,-0.3674452848250735,-0.8284653201708929,-0.4927988401605777,-0.5846442683126756,-0.21403565170516703,0.6599190721733854,True,-0.44195828101444046,32.9259697683337,27.88709731155101,blake griffin,32405817.0,False,False,BKN,174811922,125581090.5,300393012.5,55685452.569726415,0.3534330381904481,13.687148007258891,33.37806615403878,blake griffin
1626246,Boban Marjanovic,1610612742,DAL,33.0,23,127.94333333333331,98,39,3,0,3,15,35,108.3,95.5,0.615,0.311,0.131,108.0,96.3,11.7,32.21738790610427,114.5,0.015031311759141042,-0.3104958025336486,2.778428280162982,-0.3746773511762207,1.6684016412225484,-0.05437501504298866,1.050113493906889,1.1170318340234882,0.24115567711762584,False,0.6410612304259585,73.92585490856341,48.68165801834816,boban marjanovic,3500000.0,False,False,DAL,126696965,0.0,126696965.0,3500000.0,0.022214341027715304,62.930446168089205,153.46488502847143,boban marjanovic
1626171,Bobby Portis,1610612749,MIL,27.0,72,2028.34,1052,657,86,53,51,90,314,114.7,108.5,0.571,0.207,0.117,115.2,108.2,7.0,30.61439403650276,1724.9,0.0008967637753768267,4.296881444890442,1.0400829676107741,0.7759046525458342,0.14448712418697593,1.505027470695768,0.38597702096506414,0.651158214018459,0.960194109163729,True,0.6946473697191674,75.63618408095047,74.2813395218912,bobby portis,4347600.0,False,False,MIL,160875421,61010328.75,221885749.75,5996382.042805036,0.03805876446609692,79.53123725896438,193.94828616848574,bobby portis
203992,Bogdan Bogdanović,1610612737,ATL,29.0,63,1848.54,950,250,194,68,14,70,192,116.6,112.1,0.562,0.212,0.098,116.5,111.2,5.3,28.748742250641044,1476.1999999999998,-0.000989575263865257,5.42792686105637,-1.529755363206838,0.42021486084452425,-0.05888828260027368,1.8878385449221433,-0.5958321470615893,0.01890115829734779,0.916649035643116,True,0.29569177998937746,61.62672623736223,59.3152350594434,bogdan bogdanovic,18000000.0,False,False,ATL,135166020,0.0,135166020.0,18000000.0,0.11424518242825014,43.22551180831982,105.41158698036378,bogdan bogdanovic
202711,Bojan Bogdanovic,1610612762,UTA,33.0,69,2131.31,1248,296,120,34,1,118,219,116.2,111.4,0.599,0.232,0.102,114.8,109.4,5.4,25.924337613955736,1534.8,0.007501068579166305,4.629924146559181,-0.4726474045872814,0.22908894552493267,0.8565294177914915,1.6177483504825803,-0.19196305034825142,0.15200790687021293,0.9842648387132767,True,0.4452218161311702,67.19202688119266,66.71625206012182,bojan bogdanovic,18700000.0,False,False,UTA,149760719,24136797.5,173897516.5,21713861.82080229,0.13781689471885408,45.52950530650989,111.0302043402607,bojan bogdanovic
1629626,Bol Bol,1610612753,ORL,22.0,14,80.84,33,20,5,1,2,4,5,102.3,101.7,0.565,0.16,0.113,105.7,106.4,-0.7,24.3146956952004,54.6,-0.00026684925574738116,-0.7381858335267351,0.7093152865108949,-1.08816137025822,0.019032331265490015,-0.19913001591234025,0.2596069151508762,0.5180514654455933,0.19169103929358447,False,-0.10469851835527319,45.830751884143424,29.16031854340392,bol bol,2161152.0,False,False,ORL,126786646,0.0,126786646.0,2161152.0,0.013716733583065426,44.624325979525125,108.82279521154065,bol bol
1630538,Bones Hyland,1610612743,DEN,21.0,69,1309.8583333333331,698,188,191,41,20,86,42,113.4,111.7,0.558,0.231,0.096,113.1,112.5,0.7,30.41916746721974,1106.8,-0.0020022636129852574,2.58814452176448,-1.8553166071160456,0.26602169424700534,-0.1680711498719704,0.9266922352023084,-0.7202131286163808,-0.04765221598908501,0.7716152872482189,True,0.057970952272119416,52.31141168345431,46.935204654519666,bones hyland,2096880.0,False,False,DEN,137963926,2036889.0,140000815.0,2127838.178200293,0.013505292269238215,72.21700481370111,176.11148522978476,bones hyland
202954,Brad Wanamaker,1610612764,WAS,32.0,23,319.62,83,39,55,7,6,23,-44,104.0,110.3,0.472,0.146,0.053,105.3,111.1,-5.7,20.555659846067208,182.50000000000003,-0.013821499945869481,-1.8967351030787287,-0.4537312856358795,-1.3026905487375968,-1.4423606318310427,-0.5912499821686883,-0.1847361291885611,-1.4785497631473892,0.3811585210667842,False,-1.1019895776068598,13.523310136563788,9.757356776321132,brad wanamaker,814918.0,False,False,WAS,128019790,0.0,128019790.0,814918.0,0.005172247531892486,21.006881309927024,51.22828171953167,brad wanamaker
203078,Bradley Beal,1610612764,WAS,29.0,40,1438.95,928,189,265,36,15,135,-102,107.1,110.5,0.539,0.297,0.123,106.3,109.6,-3.3,33.812154696132595,1351.5,-0.00821733893098105,-2.2441276423314034,-0.2549428777632165,0.7471697848332022,-0.8381487153125137,-0.7088276755387264,-0.10878882970038403,0.8508183368777569,0.8087448187272558,True,0.19367316418888392,57.678409708098336,52.71432709118766,bradley beal,33724200.0,False,False,WAS,128019790,0.0,128019790.0,33724200.0,0.21404596562482187,30.836732439163228,75.19977827250182,bradley beal
1630527,Brandon Boston,1610612746,LAC,20.0,51,760.245,343,111,51,26,13,31,-37,102.9,104.9,0.481,0.212,0.083,101.9,104.0,-2.1,25.187143618175718,531.9,-0.018161575263865273,-4.430224871630951,3.1709751388280765,-0.6336369937146596,-1.9102853075772135,-1.4487292009330806,1.200086393017174,-0.48024914885089776,0.5878485426459005,True,-0.6263232104079023,26.555148267066205,21.630013890729717,brandon boston,925258.2214979922,False,True,LAC,168378382,93418814.5,261797196.5,1438605.155540397,0.009130761579829656,38.167744752748185,93.07749931775822,brandon boston
1629634,Brandon Clarke,1610612763,MEM,25.0,64,1246.0266666666666,666,342,86,39,68,34,176,113.2,105.7,0.66,0.171,0.141,112.5,104.4,8.1,34.67020502503959,1200.0,0.015959804857920003,2.238027236042803,3.3515683565543557,0.6985009419390903,1.7685070081449215,0.808192330303109,1.2690822028783657,1.4497987054556511,0.7525794028378384,True,1.1864320783204274,88.22741450893574,78.40423869619224,brandon clarke,2726880.0,False,False,MEM,117284457,0.0,117284457.0,2726880.0,0.017307383503330376,110.60523887620138,269.7266792347971,brandon clarke
1629164,Brandon Goodwin,1610612739,CLE,26.0,36,501.54,171,67,91,25,1,36,-53,106.3,112.6,0.501,0.177,0.088,107.7,112.6,-5.0,25.25900227299916,351.90000000000003,-0.01162320198917053,-1.253878653253687,-1.494058437430149,-0.7712808464332224,-1.2053514135078818,-0.3736702416794917,-0.5821941027622152,-0.3138657131348162,0.4774648963774481,False,-0.6111622892411888,27.054607304828714,20.69296539065546,brandon goodwin,1785748.367491125,True,True,CLE,136385911,0.0,136385911.0,1785748.367491125,0.011334063778609635,33.85360362491373,82.55684973565758,brandon goodwin
1627742,Brandon Ingram,1610612740,NOP,24.0,55,1869.1816666666664,1246,320,307,34,26,151,123,112.7,109.4,0.554,0.291,0.139,111.0,108.5,2.5,34.96032577536159,1815.1999999999998,-0.0036863320838905196,1.6063889706345515,0.5968225970705668,1.2140619780035213,-0.34963878071820054,0.5944094711469526,0.21662897661520575,1.3832453311692192,0.9217526947630965,True,0.7876990439082397,78.45636175206623,75.69381225346035,brandon ingram,29467800.0,False,False,NOP,135793968,0.0,135793968.0,29467800.0,0.1870307881532883,46.42030013310056,113.20253480938766,brandon ingram
202688,Brandon Knight,1610612742,DAL,30.0,5,64.54166666666667,32,8,8,1,0,4,-6,103.6,107.2,0.561,0.216,0.109,100.8,107.1,-6.3,25.323176242737247,45.4,-0.0012242464952589413,-0.8830417212707432,0.2831244451391941,-1.010558848175579,-0.08418933196260431,-0.24815761215447374,0.09678030058535989,0.38494471687272774,0.17128082558220348,False,-0.17249129351183418,43.152565277394736,27.05995405558305,brandon knight,274672.0,False,False,DAL,126696965,0.0,126696965.0,274672.0,0.002,81.24258028036809,198.1216406577023,brandon knight
1630314,Brandon Williams,1610612757,POR,22.0,24,639.705,309,74,94,24,10,58,-272,101.2,121.6,0.476,0.246,0.069,99.5,120.3,-20.8,27.237554810420423,483.99999999999994,-0.02230428073071159,-5.311996321177313,-6.288428772175601,-0.4991646506670928,-2.356930577590897,-1.7471715720336505,-2.4138878296086372,-0.9461227688559269,0.5392355700433716,False,-1.386326490208529,8.282361576775155,6.565063651997287,brandon williams,925258.2214979922,True,True,POR,124788473,0.0,124788473.0,925258.2214979922,0.005872571906015355,13.51967254671257,32.969653313151206,brandon williams
1630296,Braxton Key,1610612765,DET,25.0,11,197.15,79,50,11,10,11,11,27,113.2,105.2,0.508,0.184,0.084,111.9,105.5,6.4,28.85112858229774,158.0,-0.010794876644109478,0.7850630307215579,1.1980494837555609,-0.6234996958954433,-1.1160456203819191,0.31642535056770005,0.44632827805867203,-0.44697246170768135,0.29935536802208235,False,-0.3429604612494973,36.581410274261714,25.047654341782223,braxton key,53176.0,False,False,DET,131120355,0.0,131120355.0,53176.0,0.002,75.20101713836065,183.38842566501137,braxton key
1630271,Brodric Thomas,1610612738,BOS,25.0,12,59.855,21,10,11,1,1,6,3,106.7,103.7,0.52,0.172,0.066,105.4,107.2,-1.8,23.576977696098908,39.2,-0.008026862949928422,-0.3981289201041224,0.4080250305414761,-1.162595386000254,-0.817612571319362,-0.08403512187466503,0.1444986875240594,-1.045952830285576,0.16494489437935986,False,-0.7180070464362314,23.63764710375459,14.755215049272447,brodric thomas,1730232.8742012454,True,True,BOS,136557646,0.0,136557646.0,1730232.8742012454,0.010981709464248715,24.407776223108097,59.52184991466551,brodric thomas
201572,Brook Lopez,1610612749,MIL,34.0,13,298.4066666666667,161,53,6,8,15,12,-7,110.2,111.6,0.57,0.211,0.081,109.4,112.4,-3.0,28.628046737114897,237.3,0.0007030925439831421,0.028439884365886712,-0.9207507886768526,-0.5789840983218422,0.12360648467929551,0.06034039120081413,-0.36316137261116826,-0.5468025231373306,0.3682925385334245,False,-0.33566895603131847,36.8560259173854,26.37902395997737,brook lopez,13302325.0,False,False,MIL,160875421,61010328.75,221885749.75,18347093.283088714,0.11644816773081072,19.09543003928227,46.56693467133976,brook lopez
1628971,Bruce Brown,1610612751,BKN,25.0,72,1773.9616666666666,647,345,148,77,52,56,-45,111.7,112.0,0.575,0.146,0.093,110.8,110.8,0.1,26.192899696254244,1290.7,0.001216500054130516,1.1827334281262403,-1.297751523685174,0.056841958381135434,0.17895945095507382,0.4510199741280531,-0.5071948604555936,-0.1474822774187342,0.8979678235444809,True,-0.011616508936206388,49.53657876608894,47.262132540539994,bruce brown,4736102.0,False,False,BKN,174811922,125581090.5,300393012.5,8138414.880463788,0.05165414959418728,45.47195641994449,110.88986315728725,bruce brown
1628981,Bruno Fernando,1610612745,HOU,23.0,30,152.58,88,55,7,1,11,14,-33,100.0,110.1,0.671,0.197,0.138,101.6,113.4,-11.8,33.244199764058195,140.9,0.020553441853861057,-2.0303879423254596,-0.5759988067275413,-0.26711071970294664,2.2637694043776997,-0.6364858199468773,-0.23144855141377288,1.3499686440260028,0.26335251176805863,False,0.5475881682346215,70.80126422960672,47.33125617333312,bruno fernando,1782621.0,False,False,HOU,132267085,0.0,132267085.0,1782621.0,0.011314214519190539,77.4812537506458,188.9491084640394,bruno fernando
1627854,Bryn Forbes,1610612743,DEN,28.0,75,1285.878333333333,663,93,75,25,5,56,25,109.3,109.8,0.574,0.201,0.074,108.4,110.0,-1.6,22.948671919453247,819.7,0.001473770622467354,-0.6364359317011753,-0.21854890617034015,-0.5924344090733114,0.20669704499379665,-0.16469197420017925,-0.09488447838680578,-0.7797393331398453,0.7645195560056992,True,-0.3899623133492597,34.8282207364513,31.137606539303324,bryn forbes,4500000.0,False,False,DEN,137963926,2036889.0,140000815.0,4566437.660667906,0.028982972421679815,36.67349961922574,89.43356904896798,bryn forbes
1627741,Buddy Hield,1610612754,IND,29.0,81,2498.795,1265,353,229,73,25,153,-164,111.4,115.1,0.548,0.214,0.084,109.9,114.4,-4.5,26.351741539421994,1829.0999999999997,-0.003994910879562102,0.7133533175433808,-4.21926864245859,0.5000344282227231,-0.3829081648480243,0.2921546431833239,-1.62336324247438,-0.44697246170768135,1.0,True,-0.26620064607748567,39.50423427370555,39.50423427370555,buddy hield,23073234.0,False,False,IND,138181486,2363229.0,140544715.0,23467840.667586323,0.14894931879252818,26.235981589167494,63.98018992962967,buddy hield
1629604,CJ Elleby,1610612757,POR,22.0,58,1174.4016666666666,339,227,87,35,19,56,-348,102.6,116.9,0.491,0.143,0.06,101.8,116.0,-14.2,20.118159459923564,656.3,-0.010820496522324214,-5.2771621966151265,-4.729816155935522,-0.9613007325056871,-1.11880782433644,-1.7353816929953807,-1.81841840350678,-1.2456129531448745,0.7306291394366498,True,-1.3149002571956745,9.427171315500637,8.284438953030095,cj elleby,1517981.0,False,False,POR,124788473,0.0,124788473.0,1517981.0,0.009634556459312087,14.346274942991059,34.9854413685911,cj elleby
203468,CJ McCollum,1610612740,NOP,30.0,62,2145.08,1370,269,315,70,22,127,-69,112.1,114.0,0.553,0.269,0.119,111.5,112.9,-1.4,33.89244223991646,2019.5000000000002,-0.003676640311225258,1.6998679448952494,-3.019669817430381,1.287207039342925,-0.34859386346457727,0.626048153416337,-1.1650553753051724,0.7177115883048912,0.9874392961779289,True,0.4039750735241867,65.68844754380248,65.31715563344427,cj mccollum,30864198.0,False,False,NOP,135793968,0.0,135793968.0,30864198.0,0.19589366283397963,39.4127992014802,96.11374249516214,cj mccollum
101139,CJ Miles,1610612738,BOS,35.0,1,1.95,0,0,0,0,0,0,-5,80.0,180.0,0.0,0.0,-0.091,103.1,232.0,-128.9,0.0,0.0,-0.0,-0.061318097571723,-0.3946366812310976,-3.1798413709760616,0.04780265028529037,0.029961107579821886,-0.16215897961080392,-6.270392711770547,0.02977185980693239,False,-2.688737439537033,0.3586140391981376,0.20204219466388784,cj miles,151821.0,False,False,BOS,136557646,0.0,136557646.0,151821.0,0.002,0.6065948665798276,1.4792682576869896,cj miles
1630595,Cade Cunningham,1610612765,DET,20.0,64,2088.055,1114,354,356,78,43,234,-275,106.9,113.1,0.504,0.273,0.1,105.0,111.7,-6.7,30.86470423432333,1790.1999999999998,-0.017108311542618954,-3.1335546915270345,-2.132811931003989,0.8491189209924187,-1.7967278116517784,-1.0098611435870373,-0.8262304799067349,0.08545453258378059,0.9742257998487358,True,-0.30700682524859374,37.941908857067155,37.501843798215766,cade cunningham,10050120.0,False,False,DET,131120355,0.0,131120355.0,10050120.0,0.06378765515698918,33.51289525953097,81.72598370330745,cade cunningham
1628997,Caleb Martin,1610612748,MIA,26.0,60,1372.1683333333333,551,230,64,58,30,52,157,111.8,106.2,0.611,0.158,0.094,112.8,105.7,7.1,24.042531224910455,916.4000000000001,0.007004486359949468,2.02002307759011,2.7239128604017946,-0.4230986469114106,0.8029904681458767,0.7344071357474474,1.0292858261588849,-0.11420559027551781,0.7897549485681484,True,0.2449661756973234,59.675868929184176,54.02991866966863,caleb martin,844011.0,False,False,MIA,140840240,6351360.0,147191600.0,882072.6910689729,0.005598475305897352,113.1428325571733,275.9149640192264,caleb martin
1629629,Cam Reddish,1610612752,NYK,22.0,49,1012.25,497,105,48,47,15,57,-217,103.2,113.0,0.543,0.213,0.079,104.1,112.7,-8.6,24.585626080513713,691.3000000000001,-0.005041243071713682,-3.951879703721795,-2.1443362794317578,-0.5570530176017825,-0.49571833883399175,-1.2868295769559683,-0.8306333681375745,-0.6133558974237634,0.6783167669781106,True,-0.7152472162167048,23.72281490467209,20.28876059696044,cam reddish,4670160.0,False,False,NYK,120644081,0.0,120644081.0,4670160.0,0.02964129339828426,23.708750527047787,57.81717587197232,cam reddish
1630560,Cam Thomas,1610612751,BKN,20.0,67,1176.06,570,161,78,33,8,55,-139,106.3,112.7,0.519,0.212,0.089,105.7,111.7,-6.1,24.5956838936789,803.5000000000001,-0.010105575263865265,-2.598962521282102,-1.742646130780208,-0.46663487812633786,-1.0417286785756863,-0.8289242863755942,-0.6771672664289097,-0.2805890259915998,0.7311448059534631,True,-0.583008462036093,27.994380186316846,24.60748465357471,cam thomas,2036280.0,False,False,BKN,174811922,125581090.5,300393012.5,3499099.354868371,0.022208624673972745,31.81279245402666,77.58004008666103,cam thomas
1629661,Cameron Johnson,1610612756,PHX,26.0,66,1729.9733333333334,822,273,99,57,16,47,219,110.8,104.6,0.625,0.167,0.105,110.7,104.1,6.6,25.87253753429726,1243.3000000000002,0.00974147608931368,0.8503291292610091,4.124422652516792,-0.007983136315923539,1.0980786723350997,0.3385151667106678,1.564351918574173,0.25183796829986216,0.8867646334577823,True,0.5236974700539689,69.97555122162392,66.40988298541548,cameron johnson,4437000.0,False,False,PHX,136476474,0.0,136476474.0,4437000.0,0.02816143746856366,79.00792939585818,192.6721251695381,cameron johnson
1630787,Cameron McGriff,1610612757,POR,24.0,3,45.96666666666667,14,15,3,0,1,0,8,122.3,115.1,0.47,0.122,0.084,118.9,116.3,2.6,24.043509789702682,30.7,-0.011793472557507375,0.8938025487302148,-0.5222948233120978,-1.130083814559945,-1.2237091134647864,0.3532290819694508,-0.2109308936901221,-0.44697246170768135,0.1445473603838527,False,-0.5788243309301093,28.135385602317786,17.304565156263383,cameron mcgriff,53176.0,False,False,POR,124788473,0.0,124788473.0,53176.0,0.002,51.953803063997725,126.69677238123973,cameron mcgriff
1628419,Cameron Oliver,1610612737,ATL,25.0,2,43.3,23,6,3,1,1,0,-2,122.5,123.3,0.705,0.167,0.104,127.9,123.8,4.0,29.598152424942267,35.6,0.023101476089313674,1.28282867188995,-1.11446129005839,-0.6582896308931309,2.538485395704066,0.4848979840138341,-0.43716865311543396,0.21856128115664575,0.1402919034792036,False,0.28892818561408096,61.368183293415576,37.62675747266084,cameron oliver,85578.0,False,False,ATL,135166020,0.0,135166020.0,85578.0,0.002,112.96748170316592,275.4873459060795,cameron oliver
1626166,Cameron Payne,1610612756,PHX,27.0,58,1277.5983333333334,626,175,282,40,17,103,148,109.1,102.7,0.5,0.235,0.107,108.6,103.0,5.6,31.590210277356338,1121.1,-0.015666934844378953,-0.6065343534922425,4.841647053564981,0.3760776739898183,-1.6413259638185254,-0.15457155364798963,1.838368180234298,0.3183913425862949,0.7620541418767536,True,0.19590742068851047,57.76586855258814,51.58055142924703,cameron payne,6500000.0,False,False,PHX,136476474,0.0,136476474.0,6500000.0,0.041255204765756996,53.68903166248903,130.92837526316268,cameron payne
1627747,Caris LeVert,1610612739,CLE,27.0,58,1780.3733333333332,986,214,248,51,23,108,-62,112.7,114.5,0.525,0.252,0.098,111.4,113.3,-2.0,30.128512371936974,1490.0,-0.010500287577802107,1.777031345303788,-3.250624114082023,0.547453344067323,-1.0842845371678382,0.6521647034497435,-1.2532916830637177,0.01890115829734779,0.8995891318044066,True,-0.11027804401123677,45.609443469454504,43.548585751945915,caris levert,17500000.0,False,False,CLE,136385911,0.0,136385911.0,17500000.0,0.11107170513857653,32.05014538797908,78.15885913114842,caris levert
1630637,Carlik Jones,1610612743,DEN,24.0,5,23.258333333333333,4,3,5,1,0,3,-20,88.7,121.8,0.202,0.22,0.016,94.6,122.7,-28.1,17.180938731637408,11.100000000000001,-0.08022691772665264,-0.7735870594019366,-0.5655487297400769,-1.7237835460919237,-8.601852416229633,-0.21111183477877943,-0.22745608960407893,-2.709787187446395,0.10282008411283126,False,-2.599945093848773,0.4661933865516653,0.2779766820515555,carlik jones,106352.0,False,False,DEN,137963926,2036889.0,140000815.0,107922.1729083007,0.002,0.8345743256346877,2.0352287442733434,carlik jones
2546,Carmelo Anthony,1610612747,LAL,38.0,69,1793.19,919,288,68,47,52,59,-88,108.7,111.7,0.579,0.195,0.089,108.6,111.2,-2.6,26.913823967343117,1340.6000000000001,0.0024047774695578816,-0.7850184176580401,-1.3946541340651086,0.1574032608638057,0.3070734313749149,-0.21498086644748082,-0.5442165945218238,-0.2805890259915998,0.9028213353905432,True,-0.11264449702068693,45.51562030057056,43.52520406071432,carmelo anthony,2641691.0,False,False,LAL,164409293,75663995.25,240073288.25,3857442.8083601743,0.024483014297091647,54.38201027247074,132.61830262239312,carmelo anthony
1629035,Carsen Edwards,1610612765,DET,24.0,4,79.16666666666667,23,6,14,2,0,5,-12,108.5,114.4,0.378,0.179,0.042,104.4,111.5,-7.2,20.099368421052628,44.199999999999996,-0.03377153760486737,-0.49262041116546973,-0.41602199127481765,-1.4515321630906182,-3.5932714383792943,-0.116016498291065,-0.1703292575657353,-1.844593321722769,0.18969672765983203,False,-1.4982036164248997,6.7040178171125815,4.25948840834768,carsen edwards,1859365.0,False,False,DET,131120355,0.0,131120355.0,1859365.0,0.011801305201427963,6.8706698106797335,16.755110074195272,carsen edwards
1630199,Cassius Stanley,1610612765,DET,22.0,9,155.0,52,19,4,5,2,6,-15,100.9,105.2,0.516,0.148,0.056,101.6,104.0,-2.4,18.0,77.5,-0.0074988355615663175,-1.9697795707963084,1.215500698913946,-1.6017837037544633,-0.7606833647086036,-0.6159724475565488,0.45299553133691894,-1.37871970171774,0.2654327512846624,False,-0.9526108785931728,17.03936316535518,11.406912011248792,cassius stanley,256734.0,False,False,DET,131120355,0.0,131120355.0,256734.0,0.002,34.247174364058885,83.51662821986146,cassius stanley
1630216,Cassius Winston,1610612764,WAS,24.0,7,38.995,14,1,7,0,0,3,-6,107.7,111.1,0.549,0.184,0.02,106.6,116.7,-10.1,18.74086421336069,20.3,-0.0032508766441094704,-0.18838646367115555,-0.3504177686851746,-1.5850423428922764,-0.3026902071262684,-0.013046164304632634,-0.14526510219558794,-2.576680438873529,0.13313526955694346,False,-1.2384149384291012,10.778112219446662,6.573687814738622,cassius winston,1665464.798696386,True,True,WAS,128019790,0.0,128019790.0,1665464.798696386,0.010570629430827639,11.020236897733936,26.874422342087907,cassius winston
1627760,Cat Barber,1610612737,ATL,27.0,3,12.85,0,3,3,0,0,1,11,131.0,96.4,0.0,0.219,-0.074,135.9,101.4,34.6,13.727626459143966,4.899999999999999,-0.12410024991880422,0.6087643409221734,0.25598449534176754,-2.0196148495122896,-13.33205022058407,0.2567556946350651,0.08641145706265518,-5.704689030335868,0.07642584046583388,False,-4.164642881811785,0.0015592014372599475,0.0009111842666271287,cat barber,1943042.2651457835,False,True,ATL,135166020,0.0,135166020.0,1943042.2651457835,0.012332401002632245,0.0014472937637007774,0.0035294326446614404,cat barber
1626224,Cedi Osman,1610612739,CLE,27.0,66,1461.745,709,146,135,52,10,67,-57,107.5,109.2,0.563,0.206,0.081,108.0,109.1,-1.1,25.63292503138373,1040.8000000000002,-0.0007555684167747536,-1.3739411376834278,0.35503016786732894,-0.18982512713101934,-0.03365886374821267,-0.4143063186945405,0.12425195005118607,-0.5468025231373306,0.8151254783495271,True,-0.26005402358268903,39.74110509471942,36.43490208730808,cedi osman,8133334.0,False,False,CLE,136385911,0.0,136385911.0,8133334.0,0.05162190147666052,35.06249845272716,85.5049125106515,cedi osman
1628990,Chandler Hutchison,1610612756,PHX,26.0,6,22.376666666666665,4,5,2,0,0,4,15,109.6,82.4,0.694,0.111,0.067,115.9,85.6,30.4,7.561447936838971,4.700000000000001,0.014133873328825255,0.16004027006076538,1.083606387334114,-2.5391682598688807,1.5716444294832856,0.10488156019050496,0.4026051846887532,-1.0126761431423597,0.1008524274433299,False,-0.6267252317555465,26.5419680729018,15.802652299269967,chandler hutchison,4224186.0,False,False,PHX,136476474,0.0,136476474.0,4224186.0,0.026810716676714457,19.126662221401446,46.64309881016224,chandler hutchison
1629646,Charles Bassey,1610612755,PHI,21.0,23,167.86,69,62,7,5,17,8,-34,98.6,107.4,0.66,0.152,0.128,99.2,109.3,-10.1,33.45645180507566,156.0,0.014186493207040001,-2.6852943217168725,0.27056025354357854,-0.23717760479044447,1.5773176350494065,-0.8581439523518393,0.0919801392874723,1.017201772593839,0.27622454633866267,False,0.3675392038782964,64.33915727853481,43.383961042177965,charles bassey,925258.0,False,False,PHI,148922969,22042422.5,170965391.5,1062207.510840769,0.006741782825147841,85.12854054242808,207.59811001641867,charles bassey
1629718,Charlie Brown Jr.,1610612755,PHI,25.0,22,177.7,30,32,6,10,4,5,-21,99.7,103.4,0.346,0.105,0.03,101.2,104.2,-3.0,16.97692740574001,83.8,-0.023170119824084214,-2.3714066884050893,1.5041623765301066,-1.6829304665489215,-2.4502809107832335,-0.7519062536909126,0.5632789986441139,-2.2439135674413655,0.2842054314623971,False,-1.489742911744145,6.814592343006133,4.619560659341356,charlie brown,95930.0,False,False,PHI,148922969,22042422.5,170965391.5,110128.81435767641,0.002,13.86938894854246,33.82248672952399,charlie brown
1630602,Chaundee Brown Jr.,1610612737,ATL,23.0,5,103.65833333333332,31,16,4,2,0,1,-20,104.1,112.8,0.447,0.146,0.049,105.1,112.7,-7.6,17.642575769756416,50.800000000000004,-0.017471499945869474,-0.8489523860247812,-0.536362746859954,-1.6532055153368121,-1.8358849237694197,-0.23661981282418115,-0.21630555720445643,-1.6116565117202544,0.21706548376566975,False,-1.2401198764199879,10.746552910311525,6.960321668501901,chaundee brown,93058.0,False,False,ATL,135166020,0.0,135166020.0,93058.0,0.002,20.897097266644536,50.96055764309169,chaundee brown
1627767,Cheick Diallo,1610612765,DET,25.0,3,30.633333333333333,11,12,0,1,0,1,-33,82.2,132.9,0.517,0.145,0.075,84.9,124.3,-39.4,23.73884657236126,20.2,-0.007201832138021054,-1.490807885785897,-1.0462669408202592,-1.1641287215957852,-0.7286619778719122,-0.4538607740179209,-0.41111493740628025,-0.7464626459966289,0.11800102721689512,False,-0.754016627592352,22.5419618752107,13.595067626907413,cheick diallo,102831.0,False,False,DET,131120355,0.0,131120355.0,102831.0,0.002,40.81671280103956,99.5373864110309,cheick diallo
1629002,Chimezie Metu,1610612758,SAC,25.0,60,1278.7416666666666,534,335,60,51,32,61,-155,106.1,111.8,0.546,0.184,0.104,105.7,111.1,-5.4,26.556419396672517,943.3000000000001,-0.003802876644109471,-2.720260009536927,-1.267805462944058,-0.1898724334405566,-0.3622040178522916,-0.8699783599928985,-0.4957539395893551,0.21856128115664575,0.7623950499060261,True,-0.2410901716283273,40.474261502527185,36.14666330454789,chimezie metu,1762796.0,False,False,SAC,130457848,0.0,130457848.0,1762796.0,0.01118838614465498,59.404146335827626,144.86549901921802,chimezie metu
1628449,Chris Boucher,1610612761,TOR,29.0,80,1690.111666666667,754,494,25,49,75,42,189,111.0,105.7,0.57,0.172,0.111,109.8,105.3,4.5,28.41043047451499,1333.8,0.000573137050071566,0.4908735236716653,3.2075531679000298,0.27803789710305715,0.10959534941215712,0.21685463518329187,1.2140610636649432,0.45149809115916056,0.8764887767436477,True,0.4360355588625713,66.85945347996507,63.14340168146232,chris boucher,7020000.0,False,False,TOR,134896484,0.0,134896484.0,7020000.0,0.044555621147017554,63.97779243281908,156.01898854892718,chris boucher
1629185,Chris Chiozza,1610612744,GSW,26.0,34,371.8833333333333,67,36,65,13,0,32,-49,100.4,108.3,0.407,0.132,0.039,102.3,108.3,-6.0,16.16636041769372,167.0,-0.021076150635991588,-3.4565496485955327,0.561512637904452,-1.6847868890045707,-2.224519885554485,-1.1191812864547173,0.20313877327587407,-1.9444233831524182,0.4111421637194108,False,-1.4756080970068675,7.002456510262692,5.146903385085696,chris chiozza,1785748.367491125,True,True,GSW,178980766,191029670.5,370010436.5,3691712.510240087,0.023431131622501777,6.530335974239315,15.925157384186985,chris chiozza
1630537,Chris Duarte,1610612754,IND,25.0,55,1540.8266666666666,720,226,114,56,10,90,-53,107.6,109.7,0.537,0.207,0.089,105.4,109.2,-3.7,24.649106107544004,1055.0,-0.0061412362246231565,-2.5397541256963847,0.16343564374588923,-0.26135875954028476,-0.6143139625698177,-0.808884746677691,0.051053080663054175,-0.2805890259915998,0.836884554509018,True,-0.35533824197021935,36.116810469396256,33.465766136153235,chris duarte,3749400.0,False,False,IND,138181486,2363229.0,140544715.0,3813523.57450404,0.024204260914647037,41.98129049814268,102.37737553037196,chris duarte
101108,Chris Paul,1610612756,PHX,37.0,65,2138.958333333333,958,283,702,121,20,153,460,115.6,105.5,0.581,0.197,0.15,114.7,103.9,10.8,37.547435472874255,2230.8999999999996,0.00282344185386104,4.389912732879933,4.114638401340495,1.7638407085680214,0.35221167942771414,1.5365146300820327,1.560613836146199,1.7492888897445988,0.9860293037627166,True,1.483147865913777,93.09824354964744,92.5129522732619,chris paul,30800000.0,False,False,PHX,136476474,0.0,136476474.0,30800000.0,0.1954862010438947,55.863617420891174,136.23141335868726,chris paul
1629735,Chris Silva,1610612748,MIA,25.0,10,91.16166666666666,26,36,7,0,1,8,-29,101.5,117.6,0.641,0.123,0.074,103.4,120.8,-17.4,20.455966506389746,51.8,0.009142859634644208,-1.0800562540188803,-1.5272002367460935,-1.4154277563930546,1.0335389143990816,-0.31483870545237314,-0.5948559585774568,-0.7797393331398453,0.20356109945694734,False,-0.5692021014848295,28.460949734462282,18.260616352745483,chris silva,479650.0,False,False,MIA,140840240,6351360.0,147191600.0,501280.3935863785,0.003181603889610047,46.60220285077603,113.6461305782762,chris silva
1626174,Christian Wood,1610612745,HOU,26.0,68,2093.6266666666666,1218,686,155,54,65,126,-406,106.6,115.7,0.595,0.233,0.142,104.6,114.4,-9.8,34.176866935843385,1987.6,0.006601400771317883,-3.4257657193913436,-4.28111359365648,1.285698645498421,0.7595318459933263,-1.1087622273796964,-1.6469911646491306,1.4830753925988676,0.9755247228279172,True,0.46691404724894037,67.97193126621494,67.22329693026687,christian wood,13666667.0,False,False,HOU,132267085,0.0,132267085.0,13666667.0,0.08674171470006367,53.94574053110503,131.55439652007092,christian wood
1629643,Chuma Okeke,1610612753,ORL,23.0,70,1748.825,605,347,118,97,42,57,-315,100.3,109.1,0.501,0.159,0.093,99.3,109.1,-9.8,25.33426729375438,1230.7,-0.010441181447898951,-7.7329954716082066,0.4016394623420497,-0.06338185067301985,-1.0779120171899321,-2.5665774705335114,0.14205907514608476,-0.1474822774187342,0.8915831170145914,True,-0.5854547077804791,27.912100626394974,26.550336300025005,chuma okeke,3277080.0,False,False,ORL,126786646,0.0,126786646.0,3277080.0,0.02079947791288722,35.12115796522217,85.64796211365014,chuma okeke
203991,Clint Capela,1610612737,ATL,28.0,74,2041.53,820,877,92,55,93,44,127,116.6,113.3,0.604,0.149,0.133,116.0,113.0,3.0,31.883734258129937,1808.1000000000001,0.005562496630585256,5.298430982975581,-2.8142733633671466,0.9492443902206256,0.6475225264389001,1.8440096628211597,-1.0865834655118083,1.183585208309921,0.9633110514357145,True,0.8031289686103704,78.90499021779678,77.60226671039199,clint capela,17603448.0,False,False,ATL,135166020,0.0,135166020.0,17603448.0,0.11172828489590084,56.99469874788429,138.98971679326343,clint capela
1629632,Coby White,1610612741,CHI,22.0,61,1674.9266666666667,772,182,176,29,11,70,-34,112.3,113.6,0.564,0.195,0.08,111.4,113.0,-1.6,24.36500702518319,1133.6,-0.000520222530442121,1.6296182685842677,-2.7905059755447663,-0.22254162792993043,-0.008285076548306042,0.6022716068088426,-1.0775031124856187,-0.580079210280547,0.8725424362346528,True,-0.302186657400409,38.12548874656029,35.938766885710415,coby white,5837760.0,False,False,CHI,136083814,0.0,136083814.0,5837760.0,0.037051997565130085,38.84152332452155,94.72060464034976,coby white
1628998,Cody Martin,1610612766,CHA,26.0,71,1865.618333333333,544,285,179,88,32,61,-25,113.1,113.0,0.579,0.12,0.08,112.8,112.2,0.6,22.5055678590923,1166.3,0.0014798630581894655,2.5836537824789674,-2.289835780220677,-0.35306227324039535,0.20735390018659774,0.9251723097374361,-0.8862215902077203,-0.580079210280547,0.920873679357453,True,-0.22534363843681587,41.08559769876104,39.62266921897476,cody martin,1782621.0,False,False,CHA,122139566,0.0,122139566.0,1782621.0,0.011314214519190539,64.86229895928605,158.1759840996757,cody martin
203469,Cody Zeller,1610612757,POR,29.0,27,354.535,140,125,22,8,6,19,-28,108.8,110.9,0.627,0.153,0.103,108.1,110.9,-2.7,26.53278237691624,261.3,0.009230825399191575,-0.5243779900416432,-0.5325189278410173,-0.7363142724301887,1.043022932264375,-0.1267650966326132,-0.21483702250802417,0.18528459401342934,0.4014377569776823,False,-0.02328006793495776,49.07134354445438,35.85382948741508,cody zeller,2389641.0,False,False,POR,124788473,0.0,124788473.0,2389641.0,0.015166942887945895,52.971025717159236,129.17741517056334,cody zeller
1630175,Cole Anthony,1610612753,ORL,22.0,65,2059.398333333333,1062,348,369,46,17,170,-231,105.7,111.1,0.519,0.245,0.106,104.1,110.2,-6.1,30.056545641566835,1719.3999999999999,-0.01167861292286316,-3.9458876803680187,-0.7592029157852898,0.7245248542529406,-1.2113255363700837,-1.284801530279802,-0.30144185478076907,0.2851146554430785,0.9675175200042382,True,-0.15296972801843958,43.921107391761645,43.279107470251574,cole anthony,3449400.0,False,False,ORL,126786646,0.0,126786646.0,3449400.0,0.021893185126000334,56.232490094603534,137.1309620812596,cole anthony
1629012,Collin Sexton,1610612739,CLE,23.0,11,316.44166666666666,176,36,23,10,0,31,-30,99.2,105.0,0.523,0.264,0.074,98.9,104.2,-5.3,24.118189239722955,211.99999999999997,-0.01152830127198316,-4.11768169607035,1.975322606399974,-0.9790588549289669,-1.1951197045940176,-1.3429465444027575,0.743286210673131,-0.7797393331398453,0.37925864685214655,False,-0.7479035194227421,22.725917728988616,16.377805113809984,collin sexton,6349671.0,False,False,CLE,136385911,0.0,136385911.0,6349671.0,0.040301073430798307,17.18747327715321,41.91410948148902,collin sexton
1630557,Corey Kispert,1610612764,WAS,23.0,77,1801.0583333333334,634,209,85,35,22,50,38,113.0,112.9,0.586,0.142,0.067,113.1,112.6,0.6,18.994831742447726,950.3,0.0027451712855242017,2.6738054756744476,-2.429159328906642,-0.8212170278271566,0.34377294792514734,0.9556848479805737,-0.9394502839280634,-1.0126761431423597,0.9047999109128376,True,-0.45510597310284834,32.451650051988054,31.06142006279945,corey kispert,3383640.0,False,False,WAS,128019790,0.0,128019790.0,3383640.0,0.021475809392862463,40.630869791791014,99.0841816781184,corey kispert
202709,Cory Joseph,1610612765,DET,30.0,65,1599.8383333333334,521,174,237,42,17,85,-204,105.3,111.7,0.579,0.141,0.081,104.8,110.6,-5.8,22.097232741224893,982.0,0.001738839093372622,-3.5381298963373267,-1.0845676612114803,-0.5345868892429498,0.23527536891932652,-1.146792752649907,-0.4257477639040321,-0.5468025231373306,0.8527597800226289,True,-0.49827725139712853,30.914431977099554,28.86610048294693,cory joseph,7310000.0,False,False,DET,131120355,0.0,131120355.0,7310000.0,0.04639623797502825,28.836085352209516,70.32091448116918,cory joseph
1628591,Craig Sword,1610612764,WAS,28.0,3,18.98333333333333,6,0,1,4,0,1,1,102.9,94.6,0.75,0.125,0.033,109.9,92.3,17.6,28.06672519754171,14.800000000000002,0.022916524018947365,-0.09305084690906863,0.5997488718993099,-0.8038908037230732,2.5185448114483293,0.019220912987844972,0.21774696268482419,-2.1440835060117163,0.0928912691203424,False,-0.4308708496661333,33.328114006467956,19.723613566909098,craig sword,53176.0,False,False,WAS,128019790,0.0,128019790.0,53176.0,0.002,59.21655503690557,144.40803083212586,craig sword
1626156,D'Angelo Russell,1610612750,MIN,26.0,65,2076.6116666666667,1176,216,460,62,22,165,210,114.5,109.8,0.544,0.246,0.114,112.4,109.2,3.2,33.29539225356691,1920.6,-0.005576280730711576,2.8982591055659035,0.14222597438922835,1.1579625649882666,-0.5534033568935846,1.031652916056942,0.04294990639895236,0.5513281525888097,0.9715525687987212,True,0.5330690068580561,70.30070937435353,69.40076580735592,d angelo russell,30013500.0,False,False,MIN,137432702,1240053.0,138672755.0,30284311.31472988,0.19221314838140194,42.15579969108297,102.80294113274287,d angelo russell
201571,D.J. Augustin,1610612747,LAL,34.0,55,883.2283333333334,294,68,107,17,1,56,-177,106.9,117.5,0.61,0.139,0.071,106.5,118.0,-11.5,18.439625842317106,452.4,0.006023174709069469,-1.9053046672990706,-5.225402613796253,-1.265464547300676,0.6971904756572651,-0.5941504174986518,-2.0077576790723035,-0.8795693945694946,0.6336145707308382,True,-0.8659445983330709,19.32602721067217,16.13967856162984,dj augustin,7622467.0,False,False,LAL,164409293,75663995.25,240073288.25,11130457.919231566,0.07064451086069842,13.916646155853323,33.9377301820709,dj augustin
1628391,D.J. Wilson,1610612761,TOR,26.0,4,54.075,30,16,5,5,1,2,-16,100.0,116.5,0.773,0.159,0.162,102.5,110.9,-8.5,38.87933425797504,58.400000000000006,0.032806818552101054,-0.7948053654140892,-0.34387916283115977,0.14169077807516672,3.5848656753445796,-0.2182933346563975,-0.14276702163674512,2.1486091354631958,0.15677865114404274,False,1.163576233015466,87.77021061399792,54.46583869150987,dj wilson,308493.0,False,False,TOR,134896484,0.0,134896484.0,308493.0,0.002,163.523754081157,398.77604001819475,dj wilson
1629610,DaQuan Jeffries,1610612763,MEM,24.0,3,8.791666666666666,2,2,1,0,0,0,-3,89.5,100.0,0.5,0.091,0.078,87.4,118.5,-31.0,19.654976303317536,4.8,-0.006066770514206318,-0.3698488594798997,-0.025634647716679594,-1.5204181134714845,-0.6062854513464001,-0.07446351649789429,-0.021181403247208686,-0.6466325845669798,0.06321560029938908,False,-0.6793838594016905,24.84473370544038,14.371362177952756,daquan jeffries,95930.0,False,False,MEM,117284457,0.0,117284457.0,95930.0,0.002,43.14739570814897,105.2210897081917,daquan jeffries
1630227,Daishen Nix,1610612745,HOU,20.0,24,261.43,77,33,40,15,0,26,-46,104.4,111.0,0.48,0.167,0.059,103.7,112.0,-8.4,21.027426079638907,152.7,-0.014473523910686324,-1.9446505445534565,-0.6810265764401464,-1.2867422011387846,-1.5126585137711528,-0.6074673341519093,-0.2715745102978947,-1.278889640288091,0.3447199126563741,False,-1.064107496104267,14.364000271715376,10.128400763021293,daishen nix,923078.0,False,False,HOU,132267085,0.0,132267085.0,923078.0,0.005858734139194683,20.87501048683207,50.906695874568456,daishen nix
1629751,Dakota Mathias,1610612763,MEM,26.0,6,16.225,6,2,1,1,0,0,-11,66.7,92.1,0.5,0.15,0.102,68.2,105.8,-37.6,24.406779661016948,11.0,-0.010000171177263161,-1.3214439335959896,0.2921889428699428,-1.1152114249216014,-1.0303645502065069,-0.39653823369693036,0.10024340052782763,0.15200790687021293,0.08587782018658835,False,-0.43219939167567795,33.27982507268153,19.590003265019632,dakota mathias,171156.0,False,False,MEM,117284457,0.0,117284457.0,171156.0,0.002,58.815414456428506,143.4297922081896,dakota mathias
1630625,Dalano Banton,1610612761,TOR,22.0,64,695.6866666666666,205,124,99,28,10,53,34,106.6,105.1,0.463,0.159,0.07,106.7,105.8,0.9,22.655026688260044,437.8,-0.016483181447898947,-1.7361274691523343,2.383450549910942,-0.9220454322985377,-1.7293294889410764,-0.5368910855288563,0.8992118780046808,-0.9128460817127105,0.5623354978313321,True,-0.7094164870582356,23.90330297517401,19.195570736606644,dalano banton,925258.0,False,False,TOR,134896484,0.0,134896484.0,925258.0,0.005872570500177659,39.53013500049815,96.39988260702336,dalano banton
1627745,Damian Jones,1610612758,SAC,27.0,56,1016.645,454,246,69,26,47,59,-174,106.7,113.5,0.701,0.163,0.11,105.8,114.1,-8.3,28.023941493835117,791.4000000000001,0.021896147320707358,-2.3353499692932136,-2.8445436142698792,-0.18752316140925018,2.408533025781119,-0.7397025780656795,-1.0981482435363132,0.41822140401594415,0.6797877342497168,True,0.16418796147933956,56.52084110764311,48.37644114070754,damian jones,1977011.0,False,False,SAC,130457848,0.0,130457848.0,1977011.0,0.012547999019869846,76.37478507349552,186.25082649297372,damian jones
203081,Damian Lillard,1610612757,POR,31.0,29,1056.19,695,120,212,17,11,83,-30,113.0,114.8,0.55,0.288,0.126,111.5,113.5,-1.9,34.73238716518808,1019.0,-0.004800328660345257,1.6669562424027085,-2.9886862248275166,0.5592436954492566,-0.4697441818061807,0.6149089330051027,-1.1532180644085694,0.9506483983074061,0.6928826478101207,False,0.2737974463730888,60.78798569199405,52.38691534718739,damian lillard,39344900.0,False,False,POR,124788473,0.0,124788473.0,39344900.0,0.24972029322895883,29.03562215117827,70.80751347700178,damian lillard
1627814,Damion Lee,1610612744,GSW,29.0,63,1256.5233333333333,467,203,63,39,6,38,94,109.3,106.5,0.561,0.156,0.081,109.6,105.9,3.7,21.25579310106988,741.8999999999999,-0.0008841780243536799,-0.11725050312270845,2.486882162927663,-0.7971390371885505,-0.047524892449300235,0.011030352061957814,0.9387280237115171,-0.5468025231373306,0.7557426610275284,True,-0.22799049373971061,40.982681541082144,36.47803720935072,damion lee,1910860.0,False,False,GSW,178980766,191029670.5,370010436.5,3950358.23397018,0.02507274428315907,45.19890970965372,110.22399973896266,damion lee
1628422,Damyean Dotson,1610612752,NYK,28.0,2,20.541666666666668,4,2,1,0,0,0,3,109.8,110.5,0.5,0.089,0.064,116.2,112.3,3.9,11.917241379310344,6.800000000000001,-0.005933434898509476,0.1576942080578338,-0.07748498736593289,-2.1705916396071765,-0.5919098886731761,0.10408751734951247,-0.04099087461451307,-1.1125062045720089,0.09662878045448578,False,-0.9557217581641233,16.96064133991126,10.065851476731895,damyean dotson,205662.0,False,False,NYK,120644081,0.0,120644081.0,205662.0,0.002,30.220884522157125,73.69794512919431,damyean dotson
1629655,Daniel Gafford,1610612764,WAS,23.0,72,1444.0083333333334,677,407,68,30,99,65,-210,108.6,115.5,0.708,0.16,0.122,108.7,114.5,-5.9,30.66713603915028,1230.1,0.022613150744252623,-0.7308457471181184,-3.924602695584145,0.385340991220527,2.4858366599093498,-0.19664570686264538,-1.5107858384107788,0.8175416497345405,0.8101650598751,True,0.4583585099208827,67.66525526901253,61.88490191187445,daniel gafford,1782621.0,False,False,WAS,128019790,0.0,128019790.0,1782621.0,0.011314214519190539,101.30556794876013,247.0481028606464,daniel gafford
1630187,Daniel Oturu,1610612761,TOR,22.0,3,27.281666666666663,9,5,0,0,2,0,-24,94.8,131.7,0.549,0.125,0.067,95.3,134.8,-39.5,21.77286333923881,16.5,-0.0022084759810526294,-0.7525048827794683,-1.2388433480740046,-1.3326825252685157,-0.1903039104562577,-0.20397640894660107,-0.4846889361749915,-1.0126761431423597,0.11135868882021543,False,-0.7688188625965144,22.10004247716446,13.2624876513481,daniel oturu,1603559.0,False,False,TOR,134896484,0.0,134896484.0,1603559.0,0.010177716138303466,22.530173049648326,54.94304628796866,daniel oturu
1628464,Daniel Theis,1610612738,BOS,30.0,47,977.42,384,228,41,20,31,46,-88,104.4,108.4,0.595,0.162,0.09,104.7,107.9,-3.1,23.668023981502326,642.6,0.004589815128555781,-3.350140240102344,1.0032548544815767,-0.673223042789455,0.5426529923655558,-1.0831661986511212,0.3719068054663853,-0.2473123388483834,0.6665446858102,True,-0.2677904224747558,39.44303216633921,33.52441225870794,daniel theis,8280351.0,False,False,BOS,136557646,0.0,136557646.0,8280351.0,0.05255501169805241,32.05998955287891,78.18286553387627,daniel theis
201568,Danilo Gallinari,1610612737,ATL,33.0,66,1672.0633333333333,771,308,101,28,12,38,107,116.0,112.6,0.579,0.182,0.099,116.4,112.8,3.6,24.98374264132738,1160.3999999999999,0.002244458971587356,5.077699491497393,-2.389109688696699,-0.14902902628411294,0.28978871263560657,1.7693013812962743,-0.9241492809572731,0.05217784544056419,0.8717962995326304,True,0.1486372190073322,55.90800486525628,52.68257896599318,danilo gallinari,20475000.0,False,False,ATL,135166020,0.0,135166020.0,20475000.0,0.12995389501213453,36.6993120591637,89.49651637206185,danilo gallinari
201980,Danny Green,1610612755,PHI,35.0,62,1353.405,366,157,64,60,37,45,80,111.5,108.5,0.561,0.121,0.054,111.3,108.4,2.9,18.845800037682736,708.5,-0.000685804749658944,1.2677405375027933,0.8590897950108619,-1.0268029346515088,-0.02613730273320619,0.4797912881639019,0.3168284079656279,-1.4452730760041728,0.7843367203625563,True,-0.5747102974546805,28.27436210077021,25.530378353631274,danny green,10000000.0,False,False,PHI,148922969,22042422.5,170965391.5,11480122.418187888,0.07286381555358441,21.776858763562576,53.10598176127417,danny green
1627863,Danuel House Jr.,1610612762,UTA,29.0,42,726.9833333333333,248,111,44,21,17,33,62,109.4,105.5,0.555,0.146,0.073,108.2,105.9,2.3,20.862651596781216,421.29999999999995,-0.0017034999458694702,-0.5711116554816011,2.2967953281505116,-1.0861941887778714,-0.13585998259562698,-0.1425824673711387,0.8661051684652116,-0.8130160202830617,0.5748451701953924,True,-0.4273039455046195,33.45789797151732,27.05674385855215,danuel house,4997424.0,False,False,UTA,149760719,24136797.5,173897516.5,5802854.235078131,0.036830452260613614,29.303548482006896,71.46089011836374,danuel house
1629647,Darius Bazley,1610612760,OKC,22.0,69,1923.9133333333332,745,436,97,58,70,90,-472,101.8,113.1,0.515,0.18,0.093,101.3,112.4,-11.1,24.841867443786448,1327.6,-0.009300205412715791,-6.4639983070705505,-2.4315905998387093,-0.027501286650143786,-0.9548978291449702,-2.1370755594664694,-0.9403791532901686,-0.1474822774187342,0.9351502877110505,True,-0.6559728861733976,25.592078496109405,24.845240978802394,darius bazley,2513040.0,False,False,OKC,82022873,0.0,82022873.0,2513040.0,0.015950150736082764,36.0655606772066,87.95102307126908,darius bazley
1629636,Darius Garland,1610612739,CLE,22.0,68,2429.9533333333334,1473,224,583,89,7,248,376,113.6,106.9,0.576,0.272,0.134,113.0,105.9,7.1,34.20213831266993,2308.6000000000004,0.002538356265229455,2.98241529716669,2.75051105064762,1.5440864360571949,0.32147521246659627,1.0601362303863566,1.0394476899318326,1.2168618954531374,1.0,True,1.1142390475679578,86.74116760116912,86.74116760116912,darius garland,7040880.0,False,False,CLE,136385911,0.0,136385911.0,7040880.0,0.044688145558634325,87.79607464643577,214.1032730894345,darius garland
201954,Darren Collison,1610612747,LAL,34.0,3,37.16666666666666,4,4,2,1,0,1,-14,98.9,117.2,0.286,0.077,0.0,94.7,118.4,-23.7,10.073542600896864,10.4,-0.021611421204328424,-0.9177323331465624,-0.574522815675907,-2.3230173963428924,-2.282230014705227,-0.2598989182134025,-0.23088464763467453,-3.242214181737857,0.1299766878864798,False,-1.9693706406900757,2.4455272317305474,1.4880776658242392,darren collison,151821.0,False,False,LAL,164409293,75663995.25,240073288.25,221691.6454680165,0.002,4.467681984264316,10.89508089975321,darren collison
1630561,David Duke Jr.,1610612751,BKN,22.0,22,341.0733333333333,104,67,17,14,7,9,-10,110.7,110.6,0.444,0.15,0.053,108.2,110.2,-2.0,21.83811887961533,206.9,-0.01840017117726316,-0.1800139282902453,-0.30151713090496257,-1.175186700318002,-1.936009496037294,-0.010212414910174727,-0.12658256722083425,-1.4785497631473892,0.39374272480051403,False,-1.0482822757489627,14.72542866231218,10.708099446681173,david duke,925258.2214979922,True,True,BKN,174811922,125581090.5,300393012.5,1589943.6452404782,0.01009130010006308,18.245175916573455,44.49346850143584,david duke
1630525,David Johnson,1610612761,TOR,21.0,2,1.985,0,0,0,0,0,0,-2,50.0,125.0,0.0,0.143,-0.167,77.3,128.9,-51.5,0.0,0.0,-0.08103349652232421,-0.17107852989387087,-0.07008417715591117,-3.1798413709760616,-8.688813607862281,-0.007188160172153747,-0.03816338806491647,-8.799420934654991,0.03003785490464869,False,-4.744911396555415,0.00010429881099173245,5.877415669353651e-05,david johnson,925258.2214979922,True,True,TOR,134896484,0.0,134896484.0,925258.2214979922,0.005872571906015355,0.00012103574235172044,0.00029516295236059123,david johnson
1628021,David Nwaba,1610612745,HOU,29.0,46,608.905,233,151,35,28,20,21,-117,106.9,115.9,0.567,0.15,0.099,106.5,115.5,-9.0,27.19044842791569,459.90000000000003,4.9828822736830423e-05,-1.6384776197210547,-3.3185306326610866,-0.522371939029789,0.05317493855532712,-0.5038407382797163,-1.279235432796988,0.05217784544056419,0.5260940980471079,True,-0.37442481600348465,35.40441414830221,27.854151779273007,david nwaba,4650000.0,False,False,HOU,132267085,0.0,132267085.0,4650000.0,0.02951333879396462,32.59872914001394,79.49665899688665,david nwaba
1630558,Davion Mitchell,1610612758,SAC,23.0,75,2075.825,861,166,313,55,24,114,-275,105.3,111.3,0.489,0.202,0.074,104.5,110.4,-5.9,24.709597388989927,1424.8000000000002,-0.01568889718538106,-3.8875262107858375,-0.9215558971201097,0.03895346996342011,-1.6436938308574744,-1.2650486392421292,-0.3634689650543839,-0.7797393331398453,0.9713685285110992,True,-0.7150151477241967,23.729984165976465,23.424243201690366,davion mitchell,4603200.0,False,False,SAC,130457848,0.0,130457848.0,4603200.0,0.02921630131965117,27.511475809651984,67.0906648399504,davion mitchell
202722,Davis Bertans,1610612742,DAL,29.0,56,806.29,311,117,31,17,12,19,30,109.5,108.5,0.531,0.165,0.06,110.4,109.0,1.4,21.03411923749519,471.0999999999999,-0.005885188294989473,0.24448296226290078,0.5039555971511455,-1.0319949227666614,-0.586708187169439,0.1334618428656653,0.18114905134729614,-1.2456129531448745,0.6053886805560991,True,-0.6724972105785993,25.063360766382715,20.612732128608364,davis bertans,16000000.0,False,False,DAL,126696965,0.0,126696965.0,16000000.0,0.10155127326955568,15.653549492520785,38.17341715233752,davis bertans
1628432,Davon Reed,1610612743,DEN,27.0,48,667.8516666666667,209,108,53,24,9,16,-26,109.8,109.5,0.624,0.117,0.083,110.1,110.0,0.1,21.949784258480552,407.20000000000005,0.006707866481734734,0.19219917277892354,-0.10495369870223864,-1.0058783317630984,0.7710104332008628,0.1157659896922055,-0.05148532179449666,-0.48024914885089776,0.5509709061229453,True,-0.27025066243125817,39.3483709587815,31.39751744805956,davon reed,1943042.2651457835,True,True,DEN,137963926,2036889.0,140000815.0,1971729.1946291511,0.012514475641084117,49.61557539094481,120.99467009426414,davon reed
1630549,Day'Ron Sharpe,1610612751,BKN,20.0,32,390.67,198,160,17,10,15,30,57,115.6,108.8,0.593,0.205,0.111,115.4,108.8,6.6,31.680958353597664,343.8,0.0053980993910736725,2.559855352642749,0.358124340750266,-0.23680862114092482,0.6297980586922097,0.9171175469840657,0.12543408173141535,0.45149809115916056,0.4213991845356048,False,0.3270997251736706,62.82037701645721,46.463812400180906,day ron sharpe,2009160.0,False,False,BKN,174811922,125581090.5,300393012.5,3452496.9355036323,0.021912841234977058,60.35141413175821,147.17554689342768,day ron sharpe
1628368,De'Aaron Fox,1610612758,SAC,24.0,59,2083.455,1367,231,330,68,25,168,-192,112.1,116.5,0.549,0.284,0.11,110.3,114.8,-4.5,33.78215512214087,1955.1000000000001,-0.005017657428951574,1.1097647863133704,-4.728706111503168,1.2265057738046634,-0.49317545571950683,0.4263231726044559,-1.8179943099801437,0.41822140401594415,0.9731520949985156,True,0.1493658756916699,55.93675315568548,55.26095007001859,de aaron fox,28103500.0,False,False,SAC,130457848,0.0,130457848.0,28103500.0,0.17837163802068487,34.45652443571281,84.02715828334229,de aaron fox
1629631,De'Andre Hunter,1610612737,ATL,24.0,53,1577.16,709,176,68,36,21,69,28,114.6,113.9,0.547,0.194,0.058,114.5,113.2,1.2,21.730198584797993,952.0000000000001,-0.003815554722593681,3.7175382210465275,-2.9335264871393196,-0.5894526101675481,-0.36357090329301434,1.3089442730667489,-1.1321442343863568,-1.3121663274313071,0.8466941059738807,True,-0.5690286804631725,28.466833826813886,26.50297379235318,de andre hunter,7775400.0,False,False,ATL,135166020,0.0,135166020.0,7775400.0,0.04935011063625645,25.909612226865935,63.18429160517408,de andre hunter
1629001,De'Anthony Melton,1610612763,MEM,24.0,73,1656.81,791,328,194,104,39,112,221,112.0,106.4,0.529,0.205,0.103,111.3,104.9,6.4,31.336846107882014,1442.2,-0.007721900608926315,1.487260297046741,3.1621746064155576,0.6110750770114688,-0.7847330947958759,0.554089449638088,1.1967241412745215,0.18528459401342934,0.8678107250693866,True,0.3532662218744061,63.80555669447462,60.01007207028058,de anthony melton,8805976.0,False,False,MEM,117284457,0.0,117284457.0,8805976.0,0.055891129698821804,56.16571467765092,136.9681206855703,de anthony melton
201599,DeAndre Jordan,1610612755,PHI,33.0,48,622.41,206,264,21,12,35,37,-147,100.7,111.5,0.641,0.132,0.12,101.3,111.2,-9.9,26.883886827011132,464.7999999999999,0.00981184936400842,-4.760033937583393,-0.9446580790170461,-0.5442827010148227,1.105665958114725,-1.5603556316867058,-0.3722951755267817,0.7509882754481076,0.5318962646641132,True,-0.034821919984087846,48.61108708048631,38.37132293198514,deandre jordan,11109327.0,False,False,PHI,148922969,22042422.5,170965391.5,12753643.394368,0.08094679534524553,31.546707827224065,76.93115470372518,deandre jordan
1627761,DeAndre' Bembry,1610612749,MIL,27.0,56,1026.03,284,163,66,49,25,31,-27,110.0,110.5,0.601,0.111,0.069,111.3,108.4,2.9,21.223940820443847,604.9,0.003810873328825258,0.763854758147234,0.25312099212471567,-0.9091911950652569,0.4586714799819503,0.3092472465847636,0.08531745294673056,-0.9461227688559269,0.6829182035407115,True,-0.38314920249607565,35.08045698767537,30.074938542656163,deandre bembry,2271045.0,False,False,MIL,160875421,61010328.75,221885749.75,3132315.175361616,0.01988066214622023,40.41765426970484,98.56422516142946,deandre bembry
1630610,DeJon Jarreau,1610612754,IND,24.0,1,0.8616666666666667,0,0,0,0,0,0,2,200.0,100.0,0.0,0.0,0.0,212.8,200.0,12.8,0.0,0.0,-0.0,0.16865821224097766,-0.0866782400013069,-3.1798413709760616,0.04780265028529037,0.10779836941538215,-0.04450316549022886,-3.242214181737857,0.019790570145063194,False,-1.7509599191338059,3.997640715073885,2.234304408334531,dejon jarreau,172821.0,False,False,IND,138181486,2363229.0,140544715.0,175776.64630857276,0.002,6.7080917762107894,16.358640306584075,dejon jarreau
201942,DeMar DeRozan,1610612741,CHI,32.0,76,2742.9483333333333,2118,392,374,68,24,181,77,113.1,112.0,0.59,0.308,0.148,113.4,111.7,1.7,37.53887696268431,2860.2,0.007186315182686298,3.075477500604201,-1.8637876439006287,2.265499431302402,0.8225943198503972,1.091633853345257,-0.723449496242335,1.682735515458166,1.0,True,1.2498123140060482,89.43159416366443,89.43159416366443,demar derozan,26000000.0,False,False,CHI,136083814,0.0,136083814.0,26000000.0,0.16502081906302798,57.30197168780519,139.7390457630814,demar derozan
202326,DeMarcus Cousins,1610612743,DEN,31.0,48,717.225,430,270,71,35,21,85,38,113.8,111.7,0.567,0.267,0.117,113.6,112.7,0.9,36.05897730837603,718.4,8.869530447155816e-05,2.3781853356548273,-1.5812148990401715,0.43101245080403955,0.05736532340595578,0.8556299237959375,-0.6154923114609149,0.651158214018459,0.5709740481286024,True,0.34772601726769437,63.59770221877894,51.31942308971855,demarcus cousins,2038942.0,False,False,DEN,137963926,2036889.0,140000815.0,2069044.7859372313,0.01313213327897882,79.7409800084212,194.45977383289815,demarcus cousins
1629731,Dean Wade,1610612739,CLE,25.0,51,980.175,269,150,52,29,7,16,37,105.8,103.8,0.584,0.107,0.068,105.4,103.9,1.5,18.444869538602806,502.20000000000005,0.0018545445602189405,-2.7043719546128315,3.81194700888343,-1.2252667697453579,0.24775013930675038,-0.8646009248466795,1.4449703029973457,-0.9793994559991434,0.6674834012236491,True,-0.47591860161746996,31.70661846717571,26.962278848043596,dean wade,1782621.0,False,False,CLE,136385911,0.0,136385911.0,1782621.0,0.011314214519190539,44.137243293744206,107.63497448366802,dean wade
1629028,Deandre Ayton,1610612756,PHX,23.0,58,1712.645,997,593,84,40,40,91,344,117.2,107.7,0.656,0.217,0.148,116.8,105.7,11.1,33.00789130263422,1570.2999999999997,0.01938508569689263,5.662846828897978,2.412229686253959,0.8540958449355676,2.1378032319385643,1.9673490260764017,0.9102069742995024,1.682735515458166,0.8823123029857398,True,1.4706485007185122,92.93068998670768,88.00913048779087,deandre ayton,12632950.0,False,False,PHX,136476474,0.0,136476474.0,12632950.0,0.08018075985316458,72.59727567403849,177.0388300591139,deandre ayton
1629686,Deividas Sirvydis,1610612765,DET,22.0,3,26.615,3,6,1,3,1,0,-28,67.2,109.5,0.15,0.149,0.007,68.2,107.6,-39.4,23.26507608491452,17.2,-0.06208350336941473,-2.114781368971788,0.06350173762302971,-1.2064306248450358,-6.645722474236033,-0.6650494283134101,0.012873237187483441,-3.009277371735342,0.10998966893634725,False,-2.2990756675361554,1.0750321470969584,0.6444767743831334,deividas sirvydis,1603559.0,False,False,DET,131120355,0.0,131120355.0,1603559.0,0.010177716138303466,1.0948302939121093,2.6699001105463016,deividas sirvydis
1627749,Dejounte Murray,1610612759,SAS,25.0,68,2365.931666666667,1438,563,627,138,23,180,49,112.9,111.0,0.533,0.268,0.163,111.1,110.6,0.5,42.718900729029215,2807.4999999999995,-0.009022972503376843,1.7964443748519094,-0.9440253670235768,2.6597555194024984,-0.9250079978163055,0.6587351935371323,-0.37205344731047363,2.181885822606412,1.0,True,1.223755688894101,88.94777976443675,88.94777976443675,dejounte murray,15428880.0,False,False,SAS,127655401,0.0,127655401.0,15428880.0,0.09792640057019888,68.41279546781182,166.83437716143015,dejounte murray
1626153,Delon Wright,1610612737,ATL,30.0,77,1452.5166666666669,342,220,188,93,19,45,60,111.6,108.8,0.576,0.101,0.097,112.9,109.5,3.4,23.267753668919458,938.8000000000001,0.0009425514073094667,2.035434797809763,0.2949425747601358,-0.47047798151084197,0.1494237119776135,0.7396233517266086,0.10129542819927337,-0.01437552884586861,0.8125483668587665,True,0.026619219754053253,51.0618278228056,46.75459746535297,delon wright,8526316.0,False,False,ATL,135166020,0.0,135166020.0,8526316.0,0.05411614038116156,44.256502440192826,107.92580495306349,delon wright
1630166,Deni Avdija,1610612764,WAS,21.0,82,1984.0516666666667,685,425,167,59,44,87,-63,109.2,110.1,0.536,0.158,0.086,109.7,110.0,-0.3,23.811275076001884,1312.3,-0.004845513640050526,-0.11494098959127877,-0.33827960743685853,-0.12652506411029307,-0.4746157947225549,0.011812024789923005,-0.14062770619535356,-0.380419087421249,0.9496534455614146,True,-0.2362717136731458,40.661091742117726,39.73987610110064,deni avdija,4692840.0,False,False,WAS,128019790,0.0,128019790.0,4692840.0,0.029785242328143856,46.35998239312896,113.05544138174542,deni avdija
203471,Dennis Schröder,1610612745,HOU,28.0,64,1837.4833333333331,867,214,296,53,8,143,-34,106.9,107.9,0.539,0.223,0.098,106.1,106.4,-0.3,26.71567089043891,1363.5999999999997,-0.006169921150197893,-2.5342964793710467,2.0567938288210024,0.15907354096458157,-0.617406624220805,-0.8070375640423265,0.7744123683555308,0.01890115829734779,0.913903549051921,True,-0.05206604025579037,47.9238036098734,46.06707237683912,dennis schroder,5890000.0,False,False,HOU,132267085,0.0,132267085.0,5890000.0,0.037383562472355185,49.63288558138844,121.03688346709097,dennis schroder
1628372,Dennis Smith Jr.,1610612757,POR,24.0,37,638.535,206,88,132,45,12,51,-138,100.7,110.6,0.474,0.173,0.095,102.3,110.4,-8.1,28.41504381122413,504.0,-0.01603153075777685,-4.477687726579958,-0.48430103993818996,-0.38401529550790936,-1.6806348264660689,-1.4647933715041184,-0.19641533277051623,-0.08092890313230142,0.5387422220488959,False,-0.6215590244277733,26.71159357918944,21.167174944247986,dennis smith,1789256.0,False,False,POR,124788473,0.0,124788473.0,1789256.0,0.011356326562824507,34.60563283556576,84.39078042228424,dennis smith
1627756,Denzel Valentine,1610612762,UTA,28.0,24,221.99666666666667,69,42,11,8,0,12,-27,101.9,107.0,0.523,0.15,0.061,104.7,108.1,-3.4,18.58406282376612,114.60000000000001,-0.006550171177263159,-1.8645061004281416,0.6015678366181157,-1.5229690398705351,-0.6584032331688618,-0.580341826802356,0.21844189987827495,-1.2123362660016581,0.3176595280446909,False,-0.8974886137820727,18.472912323893997,12.800745252830303,denzel valentine,1005633.0,False,False,UTA,149760719,24136797.5,173897516.5,1167709.9467614368,0.007411401993946811,24.29893711625262,59.25643020072349,denzel valentine
202324,Derrick Favors,1610612760,OKC,30.0,39,652.46,206,184,25,17,12,9,-143,95.5,106.5,0.534,0.131,0.096,97.0,106.4,-9.4,23.09658829660055,418.5999999999999,-0.004279482828143158,-7.497977980840718,1.7983444717626325,-0.900179162264718,-0.4135892537715543,-2.487033981990262,0.6756715467296934,-0.04765221598908501,0.5445849128214325,False,-0.5730832087177234,28.329417789987144,22.52367786734187,derrick favors,9720900.0,False,False,OKC,82022873,0.0,82022873.0,9720900.0,0.06169811077037649,20.36391643538832,49.66032000057499,derrick favors
1627884,Derrick Jones Jr.,1610612741,CHI,25.0,51,899.41,286,169,30,25,33,30,41,112.8,110.1,0.633,0.119,0.069,112.8,109.8,3.1,21.025783569228714,525.3,0.007893530866037892,2.028441563648414,-0.19508027800344174,-0.9894283854949785,0.8988426899979731,0.7372564375042802,-0.08591826676993006,-0.9461227688559269,0.639392467325607,True,-0.2986667979206742,38.259714638592925,32.05118105510071,derrick jones,9720900.0,False,False,CHI,136083814,0.0,136083814.0,9720900.0,0.06169811077037649,28.9778417408435,70.6666076902346,derrick jones
201565,Derrick Rose,1610612752,NYK,33.0,26,635.8633333333333,311,78,103,22,12,39,92,109.1,103.3,0.541,0.217,0.129,108.4,100.9,7.5,29.870569671679974,527.6,-0.005569914303107366,-0.5396012345935538,4.342120364791012,-0.2425722162959872,-0.5527169613003999,-0.13191752156341968,1.6475235357168188,1.0504784597370553,0.5376139766401055,False,0.39893384177506963,65.5029023711704,51.8734704254988,derrick rose,13445120.0,False,False,NYK,120644081,0.0,120644081.0,13445120.0,0.08533556595387302,41.86652645837646,102.09750702092136,derrick rose
1628476,Derrick Walton Jr.,1610612765,DET,27.0,3,108.22,19,10,21,7,4,11,-3,103.5,103.0,0.342,0.142,0.048,100.7,100.5,0.2,21.090371465533174,63.4,-0.031902828714475785,-1.3921002913237313,1.4441558295638575,-1.3527296719674204,-3.391796823877842,-0.4204524247772219,0.5403534405471028,-1.6449331988634708,0.22179023668978104,False,-1.3224467488670908,9.300971526483682,6.0438234439027045,derrick walton,95930.0,False,False,DET,131120355,0.0,131120355.0,95930.0,0.002,18.145478382300844,44.25034181846428,derrick walton
1628401,Derrick White,1610612738,BOS,27.0,75,2198.8016666666667,992,261,366,64,58,119,202,111.3,106.4,0.549,0.196,0.101,110.6,105.7,4.9,29.09894101408267,1777.3,-0.003462890338290523,1.0070850709885149,2.9627511812414995,0.6900856877662394,-0.325548436957457,0.39157042831766076,1.1205342328249601,0.11873121972699699,0.9997276144181989,True,0.3861242214874336,65.029766395318,65.02179546847871,derrick white,15678571.0,False,False,BOS,136557646,0.0,136557646.0,15678571.0,0.09951117800607068,49.73028588542438,121.27440802588225,derrick white
1630217,Desmond Bane,1610612763,MEM,24.0,76,2266.225,1384,334,208,92,29,111,361,114.7,107.8,0.592,0.226,0.116,113.5,106.2,7.3,31.993292810731507,2014.0,0.00572507542625683,3.5523364381766345,2.2746187680708423,1.1228458591467918,0.6650509388911878,1.2530304511630153,0.8576325926847009,0.6178815268752426,1.0,True,0.8824330202601064,81.12286571111764,81.12286571111764,desmond bane,2033160.0,False,False,MEM,117284457,0.0,117284457.0,2033160.0,0.012904374172545615,126.82430885103571,309.2791988897242,desmond bane
1626164,Devin Booker,1610612756,PHX,25.0,68,2344.593333333333,1822,342,329,77,26,162,469,117.6,108.1,0.576,0.313,0.137,116.6,106.5,10.1,38.641072083573846,2516.6,0.002920976143444189,6.063097277463656,2.0411763659204727,2.0840392474007685,0.3627273266189255,2.102816887919129,0.7684457018640329,1.3166919568827866,1.0,True,1.4011158863753415,91.94102891297479,91.94102891297479,devin booker,31650600.0,False,False,PHX,136476474,0.0,136476474.0,31650600.0,0.20088492060908744,54.99142113791377,134.10443809568235,devin booker
1629962,Devin Cannady,1610612753,ORL,26.0,5,144.53333333333333,50,6,10,5,3,5,-11,107.0,109.6,0.531,0.156,0.044,105.8,110.5,-4.7,19.477859778597786,78.2,-0.005564178024353684,-0.7543391445764477,-0.11739879316817639,-1.4767407922256972,-0.5520985051264538,-0.2045972290470833,-0.05623998192120121,-1.7780399474363364,0.25631420112231335,False,-1.024537539701536,15.279072457862314,10.165799314741387,devin cannady,185578.0,False,False,ORL,126786646,0.0,126786646.0,185578.0,0.002,30.52095968993665,74.4297213031655,devin cannady
1630170,Devin Vassell,1610612759,SAS,21.0,71,1936.8866666666668,872,306,136,76,41,58,32,111.2,110.2,0.54,0.184,0.087,110.1,110.2,-0.1,26.850099644446583,1444.6,-0.004906876644109472,0.712232613963412,-0.46380085915714425,0.23506035022867194,-0.48123163930433804,0.29177533238359354,-0.18858321928864175,-0.3471424002780326,0.9382979432477886,True,-0.1020835614576497,45.93451744499571,44.65910305397126,devin vassell,4235160.0,False,False,SAS,127655401,0.0,127655401.0,4235160.0,0.026880368156268215,54.003862615575734,131.69613552803992,devin vassell
1629653,Devon Dotson,1610612741,CHI,22.0,11,85.17,29,9,15,1,0,5,-2,109.6,112.0,0.538,0.156,0.064,110.3,114.9,-4.6,21.768228249383586,51.5,-0.004472178024353683,0.05473934446077513,-0.6001691660062615,-1.3051319263411496,-0.43436466216845127,0.0692416470006263,-0.24068286006648704,-1.1125062045720089,0.19675781144248472,False,-0.7509057242420368,22.63546975584293,14.453675836273108,devon dotson,239291.0,False,False,CHI,136083814,0.0,136083814.0,239291.0,0.002,43.39452746530294,105.8237558103391,devon dotson
1629719,Devontae Cacok,1610612759,SAS,25.0,15,121.01666666666668,46,42,6,8,7,3,-1,104.5,106.1,0.675,0.122,0.153,104.3,106.3,-2.0,33.079741082495524,111.2,0.013216527442492633,-1.0257703849526243,0.6618655892052283,-0.30467347081131635,1.4727408978718803,-0.29646523295026,0.24147871335852014,1.849118951174248,0.23453693900444714,False,0.6912304743914662,75.52896421320519,49.51237974999656,devontae cacok,726128.0,False,False,SAS,127655401,0.0,127655401.0,726128.0,0.004608701434792245,110.98861999516879,270.66160887421626,devontae cacok
1628984,Devonte' Graham,1610612740,NOP,27.0,76,2161.575,902,177,316,71,12,105,40,111.4,111.1,0.514,0.191,0.081,110.1,110.8,-0.7,25.00676589986469,1501.5000000000002,-0.010059551299048423,0.7927252676005511,-1.0586499935444007,0.12521553072811378,-1.0367666105847972,0.3190186939372063,-0.4158458944267756,-0.5468025231373306,0.9912285765196093,True,-0.3027759459203257,38.10303079362433,37.95263277508457,devonte graham,11000000.0,False,False,NOP,135793968,0.0,135793968.0,11000000.0,0.06981650037281953,32.86046719050685,80.13494463241484,devonte graham
203473,Dewayne Dedmon,1610612748,MIA,32.0,67,1065.1816666666666,422,386,47,24,42,70,48,109.5,106.0,0.632,0.164,0.113,109.7,105.3,4.4,26.929490900613196,796.8,0.010714479512858945,-0.0162700160739018,2.747013125923764,-0.2754007679072079,1.2029829143362691,0.04520797938844989,1.0381113044784114,0.5180514654455933,0.6958257575345173,True,0.42951057738734555,66.62241510185632,57.50324491168368,dewayne dedmon,5256308.0,False,False,MIA,140840240,6351360.0,147191600.0,5493347.530597789,0.034866027265273436,63.48463713116191,154.81635887953234,dewayne dedmon
1629712,Didi Louzada,1610612757,POR,22.0,9,129.36666666666667,35,17,5,2,2,5,-81,83.0,112.1,0.517,0.13,0.042,84.6,113.5,-28.9,15.388817315124966,55.3,-0.006456815020294738,-5.279341343948982,-0.6831532880203198,-1.8394532143978282,-0.6483380508211671,-1.7361192422748768,-0.2723870224711793,-1.844593321722769,0.24249336135867783,False,-1.4117679474513714,7.900914953447474,5.207666965587845,didi louzada,1786878.0,False,False,POR,124788473,0.0,124788473.0,1786878.0,0.011341233504834819,8.517835578037227,20.77195915921785,didi louzada
1628415,Dillon Brooks,1610612763,MEM,26.0,32,885.0266666666666,590,102,88,36,8,50,206,116.9,105.9,0.515,0.283,0.091,115.0,103.8,11.2,32.940024406044266,809.8,-0.01462198962110316,3.9081595594393144,3.179945467709558,0.24126067741126628,-1.5286653257078415,1.3734615402583494,1.2035135156615977,-0.21403565170516703,0.6342592912089254,False,0.15335093337308234,56.09392316945645,46.861799120965365,dillon brooks,12200000.0,False,False,MEM,117284457,0.0,117284457.0,12200000.0,0.07743284586803621,39.13021935809709,95.4246311696152,dillon brooks
1627734,Domantas Sabonis,1610612758,SAC,26.0,62,2135.8366666666666,1171,752,323,59,27,195,-14,109.5,110.1,0.637,0.221,0.161,108.0,110.3,-2.4,34.728498277802146,2060.4,0.015543414465498943,-0.845885233376837,-0.4890439663623493,1.3902813641978602,1.723613930241513,-0.23558171127388625,-0.19822737230260384,2.1153324483199794,0.9853095191283034,True,1.1756408025452123,88.0130778308351,87.43124833448523,domantas sabonis,18500000.0,False,False,SAC,130457848,0.0,130457848.0,18500000.0,0.11741865971792376,63.10675362225919,153.8948359478021,domantas sabonis
1628378,Donovan Mitchell,1610612762,UTA,25.0,67,2265.6116666666667,1733,282,358,99,12,200,276,117.6,111.7,0.572,0.322,0.135,116.3,109.7,6.6,38.03052450147753,2393.4,0.0017169658728083974,5.878713820434844,-0.7237944229286559,1.9342587798913529,0.23291711038920368,2.0404108799499343,-0.28791400655165933,1.2501385825963538,1.0,True,1.1564183673198662,87.62449638446263,87.62449638446263,donovan mitchell,28103500.0,False,False,UTA,149760719,24136797.5,173897516.5,32632915.27705439,0.20711963105515055,51.851968007282366,126.44843304436378,donovan mitchell
1628978,Donte DiVincenzo,1610612758,SAC,25.0,42,1005.4,380,170,118,48,8,72,-75,107.5,111.2,0.51,0.187,0.08,108.0,112.0,-4.0,24.52755122339368,685.0000000000001,-0.01059688006765474,-1.2314762305741835,-1.3781535557554383,-0.5669742030002289,-1.0946986443392963,-0.366087968351967,-0.5379125329519189,-0.580079210280547,0.6760177512462229,True,-0.6155721856806987,26.908845667073823,22.985750918309712,donte divincenzo,4675830.0,False,False,SAC,130457848,0.0,130457848.0,4675830.0,0.029677280630749158,26.8489565362923,65.47501692536679,donte divincenzo
1627827,Dorian Finney-Smith,1610612742,DAL,29.0,80,2643.625,880,375,150,88,39,80,241,114.8,110.4,0.604,0.138,0.076,113.3,108.1,5.2,20.591271454915127,1512.1,0.005151842516917889,3.5791525005124063,0.5016008086698349,-0.23825126453031215,0.6032479047094391,1.262106554989223,0.1802494021779343,-0.7131859588534125,1.0,True,0.03332197549288776,51.32910852100585,51.32910852100585,dorian finney smith,4000000.0,False,False,DAL,126696965,0.0,126696965.0,4000000.0,0.02538781831738892,63.32307405386264,154.4223642300053,dorian finney smith
203926,Doug McDermott,1610612759,SAS,30.0,51,1223.24,578,115,64,13,6,43,-38,112.3,114.1,0.593,0.178,0.068,111.3,114.2,-2.9,21.439782871717732,728.5,0.004687130202981043,1.4595151772300106,-3.2252192303718585,-0.79233850655235,0.5531450049020301,0.5446988991175031,-1.2435857231828273,-0.9793994559991434,0.745666267051274,True,-0.5137657363123247,30.37078930422338,26.894847006869313,doug mcdermott,13750000.0,False,False,SAS,127655401,0.0,127655401.0,13750000.0,0.08727062546602442,21.53686069466925,52.520712177273566,doug mcdermott
203110,Draymond Green,1610612744,GSW,32.0,46,1328.9633333333334,346,336,320,61,50,139,191,110.0,102.8,0.582,0.14,0.119,108.9,101.7,7.2,28.952491791847784,1068.8000000000002,0.002146506901221044,-0.2208253947993204,5.432561296258054,0.11214370024567276,0.27922802246168843,-0.024025371588831043,2.0641275262741723,0.7177115883048912,0.7772221319701611,True,0.59124892812494,72.2823178120868,65.03601251579244,draymond green,24026712.0,False,False,GSW,178980766,191029670.5,370010436.5,49670891.42293529,0.3152588917770582,33.22289603849335,81.01877916520502,draymond green
1629234,Drew Eubanks,1610612757,POR,25.0,71,1244.6083333333331,546,382,85,31,40,81,-326,103.1,115.9,0.638,0.171,0.119,102.2,114.7,-12.5,27.976029942485255,967.1999999999999,0.012197804857919999,-5.053678690100279,-3.969036948256529,-0.051215102963807824,1.3629074502621323,-1.6597419706835799,-1.5277619867252448,0.7177115883048912,0.7521509559962418,True,-0.0711797753214885,47.162733876893995,41.90257655009767,drew eubanks,2239820.0,False,False,POR,124788473,0.0,124788473.0,2239820.0,0.014216035805913513,63.32648779963873,154.43068913686585,drew eubanks
1630613,Duane Washington Jr.,1610612754,IND,22.0,48,967.99,473,83,85,26,3,57,-125,110.2,116.1,0.521,0.214,0.064,109.6,117.6,-8.0,23.56016074546225,633.5000000000001,-0.009772910879562106,0.12930323199660188,-4.868686116083583,-0.6895733188158231,-1.005862509730202,0.09447837178471487,-1.8714738032966507,-1.1125062045720089,0.6633215317969517,True,-0.9235738822618791,17.785410860350865,15.09082666217971,duane washington,1346676.0,False,False,IND,138181486,2363229.0,140544715.0,1369707.3326982458,0.00869347022763461,27.09022253668945,66.06337854151249,duane washington
1629130,Duncan Robinson,1610612748,MIA,28.0,79,2042.77,863,203,129,42,14,60,106,110.4,107.9,0.573,0.174,0.067,109.3,106.6,2.6,21.53722641315469,1222.1000000000001,0.0011018014343747242,0.07719748589568128,2.0055748032514957,-0.3900822922272251,0.16659323366035952,0.07684277877212276,0.754844091130273,-1.0126761431423597,0.9636035586182827,True,-0.2515814004651008,40.068231828996694,39.41197835603179,duncan robinson,15650000.0,False,False,MIA,140840240,6351360.0,147191600.0,16355755.570993064,0.10380923771999839,29.700433399468764,72.42875069995144,duncan robinson
2730,Dwight Howard,1610612747,LAL,36.0,60,970.7233333333334,372,356,35,34,36,47,-128,109.3,115.0,0.657,0.145,0.112,107.6,114.6,-7.0,27.858813187416946,751.2,0.013098167861978947,-0.9002213615014489,-3.3948899826947416,-0.23352462430585919,1.4599799745524908,-0.25397219434325324,-1.308408594792648,0.4847747783023769,0.6642573889599414,True,0.07169115522673666,52.85761524210639,44.87166605247537,dwight howard,2641691.0,False,False,LAL,164409293,75663995.25,240073288.25,3857442.8083601743,0.024483014297091647,56.06433000991068,136.72087968656567,dwight howard
203939,Dwight Powell,1610612742,DAL,30.0,82,1798.1966666666667,717,404,97,37,39,64,74,113.2,110.6,0.725,0.136,0.102,112.3,109.6,2.6,24.132176866082503,1205.4,0.021533178132614732,2.3599059491586907,-0.3000879459467767,-0.18483451946505697,2.369399548318215,0.8494431239727211,-0.12603654575406506,0.15200790687021293,0.9040808156421202,True,0.4633146611753303,67.8430580830853,64.91470522503208,dwight powell,11080125.0,False,False,DAL,126696965,0.0,126696965.0,11080125.0,0.07032505010848973,56.06240488274347,136.7161849888896,dwight powell
1629685,Dylan Windler,1610612739,CLE,25.0,50,459.2366666666667,110,89,34,14,3,16,-9,101.6,101.6,0.519,0.115,0.069,103.2,103.3,-0.2,18.36700031211213,234.30000000000004,-0.005481797902568422,-3.391436181559614,3.3495757535589306,-1.4456944917296848,-0.543216702634579,-1.0971431296253304,1.2683209270168903,-0.9461227688559269,0.4568850395821025,True,-0.7010662893756522,24.163082346207187,18.257583165791566,dylan windler,2239200.0,False,False,CLE,136385911,0.0,136385911.0,2239200.0,0.014212100694074317,27.59497740966938,67.29429542302518,dylan windler
202334,Ed Davis,1610612739,CLE,33.0,31,201.3583333333333,28,64,7,3,9,5,16,99.5,94.9,0.632,0.062,0.075,100.0,97.4,2.6,17.914331829656913,100.19999999999999,0.0040505959133978935,-2.826162685755638,3.7944177538016097,-1.5908780129218631,0.48451714035334326,-0.9058219403366125,1.4382732344924436,-0.7464626459966289,0.3025334942638833,False,-0.46911303185307834,31.949442227782754,21.92179260390945,ed davis,2641691.0,False,False,CLE,136385911,0.0,136385911.0,2641691.0,0.016766692789670364,31.27062950640636,76.25789826994789,ed davis
203901,Elfrid Payton,1610612756,PHX,28.0,50,549.11,150,88,99,25,6,47,-43,103.0,105.0,0.397,0.175,0.067,103.7,107.1,-3.4,23.038006956711765,351.4,-0.029691866373473683,-3.2576276012667824,1.7567954013944078,-0.9587603935153581,-3.1534221965503706,-1.0518545800848138,0.6597976850469125,-1.0126761431423597,0.49959529075588227,True,-1.0753148050597883,14.111690499909862,10.933990128212194,elfrid payton,2239544.0,False,False,PHX,136476474,0.0,136476474.0,2239544.0,0.014214284046449614,16.525023389532834,40.29863077394514,elfrid payton
1630190,Elijah Hughes,1610612757,POR,24.0,36,434.465,126,58,22,14,8,17,-230,98.2,121.8,0.426,0.158,0.037,98.1,121.6,-23.5,18.262460727561482,220.39999999999998,-0.022225513640050532,-5.348563134731686,-5.608750738998737,-1.4655967196771043,-2.348438313596256,-1.7595478930705517,-2.1542161933516364,-2.010976757438851,0.44439182137961414,False,-1.9090225671536982,2.8129590267085054,2.109652658095027,elijah hughes,1517981.0,False,False,POR,124788473,0.0,124788473.0,1517981.0,0.009634556459312087,3.653314031141877,8.909128282112626,elijah hughes
1629150,Emanuel Terry,1610612756,PHX,25.0,3,18.21,0,15,2,1,0,5,-19,60.0,110.3,0.0,0.189,0.0,60.4,115.7,-55.4,16.803953871499175,8.5,-0.10710021568335158,-1.736062890429294,-0.13787358143720488,-1.7576136104883262,-11.499193662930733,-0.5368692283602706,-0.06406239416981181,-3.242214181737857,0.090979518174547,False,-3.2270864499625613,0.06252883515559418,0.036950838818089034,emanuel terry,85578.0,False,False,PHX,136476474,0.0,136476474.0,85578.0,0.002,0.11093815913135915,0.27053855284753087,emanuel terry
1626144,Emmanuel Mudiay,1610612758,SAC,26.0,2,10.983333333333333,3,0,4,1,0,1,-7,84.0,107.7,0.399,0.192,0.067,92.8,110.2,-17.5,30.8103186646434,9.4,-0.03219221910689685,-0.43771208640232406,0.008951831053705225,-0.5771014719008045,-3.4229974127192855,-0.09743235084117441,-0.007967606278229991,-1.0126761431423597,0.07065708911655108,False,-0.9773378163937123,16.420096858042427,9.553141583073833,emmanuel mudiay,111457.0,False,False,SAC,130457848,0.0,130457848.0,111457.0,0.002,28.681566509624876,69.94409820453505,emmanuel mudiay
202683,Enes Freedom,1610612738,BOS,30.0,35,411.3683333333333,128,160,8,5,14,20,70,111.6,103.8,0.585,0.129,0.105,111.6,103.8,7.7,22.945859550038286,262.2,0.002364852787553676,0.8829302027831962,2.6254059619362224,-1.0377319145381252,0.3027689567950327,0.34954925234293793,0.9916511723102129,0.25183796829986216,0.43241832299361005,False,0.06271381907265483,52.50028034863434,39.09109162502177,enes freedom,2331650.7181749404,False,True,BOS,136557646,0.0,136557646.0,2331650.7181749404,0.014798881203158696,58.25253651735944,142.05713392489113,enes freedom
202339,Eric Bledsoe,1610612757,POR,32.0,54,1360.6166666666666,534,182,225,69,19,116,-40,105.2,106.4,0.514,0.198,0.095,104.6,106.0,-1.4,26.559133726129087,1003.8000000000001,-0.010428225953987371,-3.5129623117679136,2.527619858660038,-0.1413457407426823,-1.076515222239722,-1.1382745888812411,0.954291898946268,-0.08092890313230142,0.7864236270688472,True,-0.2486897929515653,40.180037244456024,36.318359265946725,eric bledsoe,18125000.0,False,False,POR,124788473,0.0,124788473.0,18125000.0,0.11503855175066854,26.402690223807646,64.38673275597431,eric bledsoe
201569,Eric Gordon,1610612745,HOU,33.0,57,1669.53,765,113,154,28,18,107,-176,108.6,113.6,0.614,0.182,0.081,107.4,113.5,-6.1,21.724677004905573,1007.5,0.008614458971587361,-1.357388936104257,-3.0192944462124176,-0.5456112251891009,0.9765694632239542,-0.40870409797310103,-1.164911964375858,-0.5468025231373306,0.8711356224648793,True,-0.39000055310722515,34.826806896498624,32.80723623998471,eric gordon,18218818.0,False,False,HOU,132267085,0.0,132267085.0,18218818.0,0.11563401033539375,23.80711895871192,58.057061348319415,eric gordon
1629672,Eric Paschall,1610612762,UTA,25.0,58,736.5066666666667,334,106,36,9,5,27,-29,108.9,111.3,0.612,0.174,0.085,109.2,111.2,-2.0,22.02505521561244,450.59999999999997,0.00788780143437473,-0.3358828844374197,-0.9670309013232142,-0.9648911862909589,0.8982249720422321,-0.06296746938315094,-0.38084273347679426,-0.41369577456446494,0.5785980967612645,True,-0.2971693135647362,38.31686242107867,31.05080298340797,eric paschall,1782621.0,False,False,UTA,149760719,24136797.5,173897516.5,2069924.388923016,0.013137716079177453,48.240081433693526,117.64033153700842,eric paschall
1630647,Eugene Omoruyi,1610612742,DAL,25.0,4,17.816666666666666,7,7,2,0,0,0,3,100.0,88.1,0.518,0.156,0.138,105.5,99.8,5.7,29.70252572497661,14.7,-0.0075921780243536855,-0.21827663640943226,0.4987842277959985,-0.66618277150818,-0.7707470706198868,-0.023162724587012132,0.17917332478767245,1.3499686440260028,0.08999158209790985,False,0.14623442976787177,55.813183666299636,32.957473531487985,eugene omoruyi,281831.0,False,False,DAL,126696965,0.0,126696965.0,281831.0,0.002,98.94880766316686,241.30080614989086,eugene omoruyi
203095,Evan Fournier,1610612752,NYK,29.0,80,2357.9666666666667,1125,210,171,79,20,105,-93,109.7,112.5,0.554,0.201,0.074,108.3,111.1,-2.7,24.09499710202293,1578.2,-0.0025462293775326272,-0.6467629985343238,-1.6860147596467545,0.10964556103467207,-0.22671875051093535,-0.16818724989070485,-0.6555311974552421,-0.7797393331398453,1.0,True,-0.3640759893618179,35.79006329671315,35.79006329671315,evan fournier,17142857.0,False,False,NYK,120644081,0.0,120644081.0,17142857.0,0.10880493473924471,26.530938372546697,64.69948419188154,evan fournier
1630596,Evan Mobley,1610612739,CLE,21.0,69,2331.036666666667,1034,570,174,56,115,133,95,108.5,106.8,0.549,0.201,0.116,108.7,105.9,2.8,28.47213900539245,1843.6,-0.0035512293775326284,-0.8430711257653181,2.763671821603916,0.6902167586764864,-0.335072699387119,-0.2346292547744771,1.0444757749394524,0.6178815268752426,1.0,True,0.4291347208483728,66.60874070932097,66.60874070932097,evan mobley,8075160.0,False,False,CLE,136385911,0.0,136385911.0,8075160.0,0.051252673740961575,64.26101643061708,156.7096707370572,evan mobley
1630267,Facundo Campazzo,1610612743,DEN,31.0,65,1184.05,332,117,220,63,23,67,-212,102.1,110.7,0.503,0.143,0.073,102.2,110.8,-8.7,24.709429500443395,812.7,-0.009104496522324214,-5.261910478962089,-0.8040116820160572,-0.44970928274434757,-0.9337974996881507,-1.730219631123145,-0.3185610863548945,-0.8130160202830617,0.7336242535893599,True,-0.803718859345934,21.07796798983711,18.551371234586515,facundo campazzo,3100000.0,False,False,DEN,137963926,2036889.0,140000815.0,3145768.1662378907,0.01996604766826832,24.89378485331239,60.707051404544146,facundo campazzo
1630624,Feron Hunt,1610612752,NYK,22.0,2,8.366666666666667,0,1,1,1,0,1,-1,72.2,82.4,0.0,0.136,-0.083,75.1,74.2,0.9,12.47808764940239,2.9,-0.07706682186738527,-0.5876126622418275,0.528900016034886,-2.1264634832455194,-8.261147077743171,-0.1481673608099113,0.19067909020517315,-6.004179214624815,0.06166871413472397,False,-3.565664937451011,0.018146741035868802,0.010484296353165877,feron hunt,53176.0,False,False,NYK,120644081,0.0,120644081.0,53176.0,0.002,0.03147718900060403,0.07676162311155975,feron hunt
1628402,Frank Jackson,1610612765,DET,24.0,53,1163.96,560,87,55,27,9,38,-185,104.1,110.9,0.53,0.203,0.064,103.0,110.8,-7.8,22.33375717378604,722.0999999999999,-0.007443564993229474,-4.339707592776217,-0.8558734400886683,-0.7221458704985738,-0.7547243753196207,-1.4180929273943121,-0.33837492014165643,-1.1125062045720089,0.7273738566052036,True,-0.8909671624245845,18.647339354560227,16.359650858796734,frank jackson,3000000.0,False,False,DET,131120355,0.0,131120355.0,3000000.0,0.019040863738041692,22.32034262736132,54.4313448208324,frank jackson
1626163,Frank Kaminsky,1610612756,PHX,29.0,9,180.93833333333333,95,41,13,8,7,5,39,105.5,96.0,0.635,0.185,0.141,105.7,96.4,9.2,33.12730856737563,166.5,0.012641455548042102,-1.0692290769474335,3.554383994893945,-0.25651991458461965,1.4107395937411114,-0.3111741635813581,1.3465681095803774,1.4497987054556511,0.28678336243530056,False,0.73772966395156,76.96606288708017,52.26399842656774,frank kaminsky,2089448.0,False,False,PHX,136476474,0.0,136476474.0,2089448.0,0.013261631551907911,80.93024380638631,197.35996353655523,frank kaminsky
1628373,Frank Ntilikina,1610612742,DAL,23.0,58,684.655,240,79,69,27,7,31,63,106.6,102.3,0.513,0.165,0.073,107.0,102.9,4.1,22.184019688748347,421.9,-0.008855188294989477,-1.6204794616999454,4.020396186202993,-0.9744128230401787,-0.9069183644453249,-0.49774912241029123,1.524608508601839,-0.8130160202830617,0.5578591382973108,True,-0.4695168585830298,31.93501187227341,25.581113721811754,frank ntilikina,1789256.0,False,False,DAL,126696965,0.0,126696965.0,1789256.0,0.011356326562824507,41.82186008825096,101.98858169505222,frank ntilikina
1630532,Franz Wagner,1610612753,ORL,20.0,79,2429.0466666666666,1197,356,231,68,34,119,-244,105.9,110.8,0.559,0.208,0.102,104.6,109.5,-5.0,26.982437554376613,1820.6,-0.0015949040324715735,-3.7516581331823557,-0.33464523572470445,0.5463739668525585,-0.12415172782102185,-1.2190630368984379,-0.1392391910408324,0.15200790687021293,1.0,True,-0.04017222958984034,48.397790866442314,48.397790866442314,franz wagner,5007840.0,False,False,ORL,126786646,0.0,126786646.0,5007840.0,0.03178453302063823,55.190858307868254,134.5907941319278,franz wagner
1627832,Fred VanVleet,1610612761,TOR,28.0,65,2462.0216666666665,1320,289,434,111,35,170,212,112.2,108.5,0.552,0.233,0.118,110.3,106.7,3.6,32.25788021091067,2206.0999999999995,-0.003417599228682101,1.1770511840725097,1.8256984758605175,1.2984890765202128,-0.32066538165889324,0.4490967746533594,0.6861221699006061,0.6844349011616749,1.0,True,0.6521357739128166,74.28432060264343,74.28432060264343,fred vanvleet,19675926.0,False,False,TOR,134896484,0.0,134896484.0,19675926.0,0.12488220862859722,52.47338823095753,127.96385505370327,fred vanvleet
1630273,Freddie Gillespie,1610612753,ORL,25.0,9,118.685,21,36,5,3,9,5,-29,96.7,110.4,0.419,0.109,0.057,96.5,110.2,-13.6,21.47533386695876,70.80000000000001,-0.016095791055477898,-2.5061054142751127,-0.1272876754975468,-1.3143957258859,-1.6875630423982755,-0.7974960798908387,-0.06001803878029695,-1.3454430145745235,0.2322665005392023,False,-1.1139934100042437,13.264100689823222,8.681618191913959,freddie gillespie,221156.0,False,False,ORL,126786646,0.0,126786646.0,221156.0,0.002,26.064976365861636,63.56316925788986,freddie gillespie
1627788,Furkan Korkmaz,1610612755,PHI,24.0,67,1413.7816666666668,509,175,127,33,9,48,31,108.8,108.0,0.502,0.17,0.076,108.8,107.6,1.2,21.20355689056184,832.7,-0.010993527334231585,-0.623425636634027,1.3714439215246708,-0.7290520313089587,-1.1374631196075007,-0.16028853914843727,0.5125737872197,-0.7131859588534125,0.8016408362246963,True,-0.5139954762136991,30.362757673880346,27.652528623933954,furkan korkmaz,4629630.0,False,False,PHI,148922969,22042422.5,170965391.5,5314871.915091519,0.0337332506401341,30.88386424463478,75.31471591474507,furkan korkmaz
1629216,Gabe Vincent,1610612748,MIA,26.0,68,1588.945,591,126,210,62,12,98,99,109.1,106.0,0.551,0.174,0.07,109.8,105.6,4.3,22.574978995497016,996.4000000000001,-0.0027261985656252597,-0.09424937245419698,2.9334041006915537,-0.4828493055048881,-0.24612210593966902,0.01881526274174466,1.109322152908016,-0.9128460817127105,0.8498515913221126,True,-0.2622638544335214,39.655901345141984,36.97647962839482,gabe vincent,1669178.0,False,False,MIA,140840240,6351360.0,147191600.0,1744451.5892957866,0.011071955003130445,60.990782325472615,148.7347375922694,gabe vincent
1628221,Gabe York,1610612754,IND,28.0,2,21.305,8,2,4,2,1,1,-4,105.8,120.4,0.435,0.179,0.044,109.9,120.0,-10.1,33.79488383008683,20.0,-0.023568537604867372,-0.0565583358891695,-0.43089917003343214,-0.31724140793806666,-2.4932362738183986,0.031572085756928554,-0.1760130977997363,-1.7780399474363364,0.09840777870214788,False,-1.0083739290945986,15.663749196124904,9.30870770191089,gabe york,2072578.4161555027,True,True,IND,138181486,2363229.0,140544715.0,2108024.3905737596,0.013379535059127777,14.369848440010687,35.042928709459034,gabe york
1630466,Gabriel Deck,1610612760,OKC,27.0,7,55.605,18,6,5,1,0,2,-14,100.0,113.6,0.643,0.119,0.082,102.3,112.2,-9.9,18.516320474777448,28.599999999999998,0.009083530866037894,-0.8270526019135119,-0.3146047047483311,-1.5973302494614972,1.027142390657335,-0.22920766140997942,-0.1315826872021394,-0.5135258359941142,0.15898113095584646,False,-0.45343750685682616,32.511686685997596,20.207362800678595,gabriel deck,1690507.0,False,False,OKC,82022873,0.0,82022873.0,1690507.0,0.010729571145068548,33.699461669014156,82.18095255105781,gabriel deck
1630994,Gabriel Lundberg,1610612756,PHX,27.0,4,44.2,13,7,11,3,0,3,19,121.4,103.1,0.342,0.191,0.047,116.8,104.3,12.5,29.076923076923077,35.7,-0.042911551299048424,0.7306639120564793,0.4707901593846864,-0.7021143446996301,-4.578700867779206,0.2980135478624303,0.1684781644396489,-1.6782098860066872,0.14174240399721283,False,-1.2958229252984828,9.751824894892803,5.985514888973929,gabriel lundberg,79764.0,False,False,PHX,136476474,0.0,136476474.0,79764.0,0.002,17.970417573065806,43.823431020938905,gabriel lundberg
202066,Garrett Temple,1610612740,NOP,36.0,59,1098.4083333333333,309,143,74,43,23,42,-326,101.0,114.7,0.494,0.136,0.057,101.3,115.2,-13.9,19.48455720019119,594.5000000000001,-0.009882821867385268,-5.8163023975242965,-3.6995011397204074,-1.0640066163674722,-1.0177125490889303,-1.9178578663822017,-1.4247855758130277,-1.3454430145745235,0.7065950149495219,True,-1.3236879571568492,9.28033498375656,8.055031537528926,garrett temple,4910000.0,False,False,NOP,135793968,0.0,135793968.0,4910000.0,0.0311635469845949,9.24928130345937,22.55569407596466,garrett temple
1629726,Garrison Mathews,1610612745,HOU,25.0,65,1711.888333333333,650,190,64,57,24,41,-218,110.7,116.5,0.602,0.137,0.061,108.7,115.8,-7.1,20.7896737812922,988.6,0.0048405103247663095,-0.11137681987156242,-5.00244078416472,-0.6394572067753836,0.5696816634836656,0.013018345614558724,-1.9225749009079707,-1.2123362660016581,0.8821173734861254,True,-0.7245464152658053,23.43651711921791,22.193275931760052,garrison mathews,2000000.0,False,False,HOU,132267085,0.0,132267085.0,2000000.0,0.01269390915869446,34.896364096533226,85.09977014435583,garrison mathews
1629109,Gary Clark,1610612740,NOP,27.0,38,378.2216666666667,101,90,18,13,7,10,-18,105.6,107.8,0.547,0.11,0.087,108.3,107.8,0.5,20.730700250734795,217.79999999999998,-0.002163458863326314,-1.0438984402605977,0.7822951766573784,-1.2597659067289155,-0.1854503955580783,-0.3026008135616953,0.28748895129616114,-0.3471424002780326,0.41463108831097,False,-0.44916853543918056,32.665504173284,24.060887390824075,gary clark,1943042.2651457835,True,True,NOP,135793968,0.0,135793968.0,1943042.2651457835,0.012332401002632245,38.217486347464074,93.1988013039831,gary clark
203914,Gary Harris,1610612753,ORL,27.0,61,1730.2033333333334,679,122,108,59,9,61,-209,104.2,110.1,0.571,0.16,0.066,103.0,109.3,-6.3,20.349053386788835,977.9999999999999,0.0006931507442526197,-4.781991245574764,-0.0027380528374902247,-0.6850339828203962,0.12253461078900868,-1.5677872525033036,-0.012433737489640174,-1.045952830285576,0.8868235791892661,True,-0.7036973016713621,24.081065055382346,22.854631116856975,gary harris,20932143.0,False,False,ORL,126786646,0.0,126786646.0,20932143.0,0.13285536086940106,15.798239326255452,38.52626398643702,gary harris
1627780,Gary Payton II,1610612744,GSW,29.0,71,1247.685,502,247,64,96,22,40,179,110.6,102.3,0.679,0.14,0.114,111.4,100.9,10.4,27.806056817225503,963.7,0.015726506901221057,1.025237054762713,5.822963600193001,-0.06832649746919092,1.743354018221463,0.39771410770367144,2.2132810962188265,0.5513281525888097,0.7530800392086789,True,0.8014692047309393,78.85699674344829,70.09488179864218,gary payton,1669178.0,False,False,GSW,178980766,191029670.5,370010436.5,3450724.3106569173,0.021901590465588736,91.06195726339595,222.06759450850666,gary payton
1629018,Gary Trent Jr.,1610612761,TOR,23.0,70,2447.901666666666,1283,191,141,122,19,73,170,113.5,110.2,0.546,0.212,0.086,111.7,108.9,2.8,26.740780028609542,1818.3,-0.00438157526386526,2.305233659396382,0.16314687432924063,0.5241823811184031,-0.42459633691670623,0.8309388643955312,0.05094275603394761,-0.380419087421249,1.0,True,0.08551266158014201,53.40730850713565,53.40730850713565,gary trent,16225000.0,False,False,TOR,134896484,0.0,134896484.0,16225000.0,0.1029793380499088,40.36038592249324,98.42456811375617,gary trent
201588,George Hill,1610612749,MIL,36.0,54,1253.2033333333334,334,155,120,42,6,41,313,112.5,100.8,0.552,0.115,0.073,112.3,101.2,11.0,18.88759738377119,657.5,-0.0016867979025684187,1.955780330130219,6.130527737070323,-1.0639962970980519,-0.13405925389316933,0.7126636806970388,2.3307862659881193,-0.8130160202830617,0.7547435847941198,True,-0.07349527644063317,47.07060013828643,41.87563514510894,george hill,5275491.0,False,False,MIL,160875421,61010328.75,221885749.75,7276166.045491668,0.04618149540252417,41.900071296385484,102.17931090158355,george hill
1628994,George King,1610612742,DAL,28.0,4,19.161666666666665,1,5,0,0,0,1,-27,87.8,150.0,0.085,0.159,-0.065,90.4,138.9,-48.5,5.824128033400018,3.1,-0.07658518144789896,-0.7486559462575795,-1.244697112379461,-2.686784676778532,-8.20921907636036,-0.20267370659396874,-0.4869253723716357,-5.405198846046921,0.0933265690189481,False,-3.628078546307604,0.014276919965554826,0.008451893161499663,george king,85578.0,False,False,DAL,126696965,0.0,126696965.0,85578.0,0.002,0.0253752688302351,0.061881218880873966,george king
1627777,Georges Niang,1610612755,PHI,29.0,76,1736.378333333333,700,203,102,30,13,59,67,110.9,109.0,0.594,0.16,0.066,109.9,109.2,0.8,20.614631795873983,994.3000000000001,0.004373150744252623,0.5094063349778851,0.38547187915244074,-0.6496510669680567,0.5192933489624969,0.22312720859472768,0.13588223467715868,-1.045952830285576,0.8884046818808863,True,-0.34445319699252946,36.525274410876534,34.69105208310518,georges niang,3300000.0,False,False,PHI,148922969,22042422.5,170965391.5,3788440.398002003,0.024045059132682855,43.61898701292992,106.3711324899531,georges niang
1630686,Georgios Kalaitzakis,1610612760,OKC,23.0,13,213.47833333333327,86,21,12,11,2,20,-134,95.7,124.9,0.536,0.2,0.043,95.4,124.8,-29.4,19.84838430129522,117.69999999999999,-0.00613356156968421,-4.225984213254272,-4.554999796856595,-1.4139970759007596,-0.6134865206107163,-1.3796023694934412,-1.7516296479627214,-1.8113166345795528,0.3115053868885834,False,-1.4586020400590876,7.233733589679792,4.992559615549851,georgios kalaitzakis,499852.0,False,False,OKC,82022873,0.0,82022873.0,499852.0,0.003172537940395872,12.754047281928123,31.102566705800598,georgios kalaitzakis
203507,Giannis Antetokounmpo,1610612749,MIL,27.0,67,2204.225,2002,778,388,72,91,219,397,115.9,107.9,0.633,0.34,0.21,115.5,107.8,7.7,51.01548163186607,3123.6,0.022552945331536838,4.903742148395121,1.448008623021868,3.610946141744213,2.479345620892956,1.710424172272886,0.5418254039364824,3.7458901183375812,1.0,True,2.7362428505026766,99.68927427689961,99.68927427689961,giannis antetokounmpo,39344900.0,False,False,MIL,160875421,61010328.75,221885749.75,54266043.7565461,0.3444241149236674,49.372241355440515,120.40126527901087,giannis antetokounmpo
1629048,Goga Bitadze,1610612754,IND,22.0,50,728.9133333333333,349,177,55,21,42,46,-32,114.0,116.4,0.595,0.191,0.088,113.1,115.9,-2.7,30.40855337168571,615.7,0.005411448700951569,2.263463853963045,-3.8456177738375774,-0.12692485557750366,0.6312373128614056,0.8168015504914036,-1.480609574255681,-0.3138657131348162,0.5756077157441885,True,-0.13077653447025153,44.79760431656971,36.24231338527605,goga bitadze,3098400.0,False,False,IND,138181486,2363229.0,140544715.0,3151389.940588712,0.020001728814728323,48.60259144110641,118.5243639886566,goga bitadze
201609,Goran Dragic,1610612751,BKN,36.0,21,497.4983333333333,157,65,86,19,4,34,6,112.1,111.7,0.474,0.166,0.072,111.9,111.1,0.8,23.5249029309981,325.1,-0.015382856102837903,1.1651169996559863,-0.8596033976508675,-0.9387435247988485,-1.610698049950118,0.445057557579308,-0.33979995396071083,-0.8462927074262782,0.47553717631811504,False,-0.7143897603773237,23.74931009717802,18.144276491849812,goran dragic,19348907.0,False,False,BKN,174811922,125581090.5,300393012.5,33248741.823869072,0.2110282541765396,10.666884557851912,26.012722171240657,goran dragic
202330,Gordon Hayward,1610612766,CHA,32.0,49,1563.8733333333332,778,224,177,47,22,81,-20,110.7,111.0,0.57,0.202,0.102,109.6,110.1,-0.5,28.005848726026404,1216.6,0.0006731028146189322,0.30013418385131346,-0.6391734240793127,0.1503963739111756,0.12037314577149434,0.15229742949532274,-0.25558447380185983,0.15200790687021293,0.8431201071920389,True,0.08576438075860138,53.417313892535034,49.64626777763749,gordon hayward,29925000.0,False,False,CHA,122139566,0.0,122139566.0,29925000.0,0.18993261578696585,30.282652637193426,73.84857550367397,gordon hayward
203476,Gorgui Dieng,1610612737,ATL,32.0,44,371.1816666666667,154,121,34,11,13,20,-63,100.3,109.5,0.624,0.164,0.118,103.3,111.1,-7.8,29.92065879690537,308.49999999999994,0.009402479512858943,-3.214209115838415,-0.35939991064973387,-0.41326389132121977,1.0615297989874601,-1.0371592576772852,-0.14869673803958885,0.6844349011616749,0.41075411062330147,True,0.08336556800878536,53.321956703577555,39.18307199308014,gorgui dieng,4000000.0,False,False,ATL,135166020,0.0,135166020.0,4000000.0,0.02538781831738892,48.33889855032735,117.88131119576612,gorgui dieng
1629684,Grant Williams,1610612738,BOS,23.0,77,1875.08,602,274,78,38,57,62,146,112.5,108.0,0.635,0.123,0.067,111.9,106.7,5.2,19.464129530473365,1013.8,0.008404859634644208,1.970617264549256,1.8919675427987288,-0.7309938145895383,0.9539715370153767,0.7176853559737321,0.7114403296837577,-1.0126761431423597,0.9232058767734805,True,-0.12908671318916237,44.864451769054185,43.31405496211484,grant williams,2617800.0,False,False,BOS,136557646,0.0,136557646.0,2617800.0,0.01661505769781518,61.982679430736404,151.1536204143106,grant williams
1628960,Grayson Allen,1610612749,MIL,26.0,66,1804.755,733,222,100,46,18,43,233,112.5,107.5,0.609,0.148,0.081,112.2,107.1,5.1,22.04975190538328,1105.4,0.0062651644384336775,2.095533723900592,1.8452513477118686,-0.4400742564332362,0.7232805679598432,0.7599642983657545,0.693592363108752,-0.5468025231373306,0.9057279844512821,True,0.052466263365644306,52.092141188545035,49.882267173703404,grayson allen,4054695.0,False,False,MIL,160875421,61010328.75,221885749.75,5592395.870607085,0.03549468258047218,54.727572140472326,133.4610046143898,grayson allen
1630535,Greg Brown III,1610612757,POR,20.0,48,639.8266666666667,225,135,35,26,24,36,-241,99.1,116.8,0.515,0.168,0.064,99.7,115.6,-15.9,23.81707545793652,423.3,-0.008680191718534739,-5.7166020060994445,-3.628216930519656,-0.8357385166718254,-0.8880511305162863,-1.8841134973262568,-1.397551376178936,-1.1125062045720089,0.5392868467061875,True,-1.1681438911427808,12.13743642659732,9.621091952546944,greg brown,925258.0,False,False,POR,124788473,0.0,124788473.0,925258.0,0.005872570500177659,19.813063594462303,48.31698663734858,greg brown
202328,Greg Monroe,1610612750,MIN,32.0,14,194.78833333333333,76,64,22,8,10,12,5,109.8,108.9,0.566,0.164,0.11,111.7,110.6,1.0,31.86227785716119,172.39999999999998,-0.00010952048714106556,0.36336786419166456,-0.08509637327263463,-0.3583667841320798,0.03599471270859611,0.1736993579699843,-0.04389881180844973,0.41822140401594415,0.297556971881271,False,0.06074401400228287,52.42184608633911,35.85133394933121,greg monroe,612805.0,False,False,MIN,137432702,1240053.0,138672755.0,618334.3293925415,0.00392453990350559,85.01516637082246,207.32163089907405,greg monroe
1628977,Hamidou Diallo,1610612765,DET,23.0,58,1268.8216666666667,636,277,73,71,17,58,-211,103.1,110.7,0.541,0.213,0.107,101.5,109.4,-7.9,29.538902892841516,1041.1,-0.005467243071713682,-5.382747307401038,-0.21772944406381836,0.13942535386815344,-0.5416474753725532,-1.7711177908607345,-0.09457140211294635,0.3183913425862949,0.7594321044123176,True,-0.23072675900900835,40.87635418313355,36.45126185582361,hamidou diallo,5200000.0,False,False,DET,131120355,0.0,131120355.0,5200000.0,0.0330041638126056,41.02330652537406,100.04119472772253,hamidou diallo
203084,Harrison Barnes,1610612758,SAC,30.0,77,2586.728333333333,1265,432,186,53,14,118,-374,110.0,116.7,0.623,0.184,0.105,108.3,115.4,-7.1,25.151152968647015,1807.2,0.01036512335589052,-0.5563650011959581,-5.282459643790651,0.3814225358605747,1.1653171241156357,-0.1375913481042676,-2.0295563714169105,0.25183796829986216,1.0,True,0.02063243514427096,50.82305667674293,50.82305667674293,harrison barnes,20284091.0,False,False,SAC,130457848,0.0,130457848.0,20284091.0,0.12874220426034594,35.520216492399435,86.62112335311302,harrison barnes
202355,Hassan Whiteside,1610612762,UTA,33.0,65,1162.2483333333332,534,494,26,22,103,53,230,119.2,109.0,0.662,0.164,0.132,117.9,109.1,8.8,33.96038425522945,1096.3999999999999,0.01563447951285895,6.136266768270569,0.3890857492952335,0.5560054016790209,1.7334320968943024,2.127581668339124,0.13726291718768954,1.1503085211667046,0.7268388383745717,True,1.083835409132934,86.07811088567128,75.4971723436477,hassan whiteside,2401537.0,False,False,UTA,149760719,24136797.5,173897516.5,2788590.51206118,0.017699057320450944,105.67330494842533,257.699453634449,hassan whiteside
1629755,Hassani Gravett,1610612753,ORL,25.0,8,171.095,50,21,20,5,1,9,-2,105.8,107.6,0.629,0.13,0.084,107.3,108.2,-0.9,19.58911715713493,93.10000000000001,0.00810318497970526,-0.7505462051628511,0.4223155494099458,-1.455474391482398,0.9214465219521977,-0.2033134793491123,0.14995839379144063,-0.44697246170768135,0.2788735457971131,False,-0.367746620923725,35.65310871371403,24.08342877310024,hassani gravett,106352.0,False,False,ORL,126786646,0.0,126786646.0,106352.0,0.002,72.30610560188423,176.3287702332622,hassani gravett
1629312,Haywood Highsmith,1610612748,MIA,25.0,19,163.32666666666665,43,26,6,2,3,3,-37,105.6,114.0,0.446,0.131,0.036,107.0,115.5,-8.5,16.70762071921303,75.8,-0.01580748282814316,-0.7888775057706784,-1.3009295011320416,-1.7120014107117387,-1.6564791270498065,-0.21628700468456516,-0.5084090097488387,-2.0442534445820675,0.27246906969304596,False,-1.3984526572750364,8.098858996868408,5.447382307680976,haywood highsmith,547701.0,False,False,MIA,140840240,6351360.0,147191600.0,572400.2352708288,0.003632998294471619,13.27126098650519,32.36386622838873,haywood highsmith
1630529,Herbert Jones,1610612740,NOP,23.0,78,2335.1833333333334,742,296,167,130,60,100,68,112.2,110.2,0.573,0.136,0.068,110.9,109.6,1.3,22.338288928064177,1449.0,0.000861178132614727,1.4628691601663468,-0.18410869605923508,-0.1414689757742488,0.14065046257844788,0.545834080598675,-0.08172656349762708,-0.9793994559991434,1.0,True,-0.23847338379138078,40.57569782964296,40.57569782964296,herbert jones,1700000.0,False,False,NOP,135793968,0.0,135793968.0,1700000.0,0.010789822784890291,67.53488121958429,164.69345782313042,herbert jones
1629649,Ignas Brazdeikis,1610612753,ORL,23.0,42,535.5916666666667,210,72,37,10,3,17,-173,100.6,116.4,0.52,0.172,0.061,101.1,117.0,-16.0,21.266947768044684,316.4,-0.008026862949928422,-4.522210820238885,-3.694520619736454,-1.135882481841783,-0.817612571319362,-1.4798625571158077,-1.4228827634364103,-1.2123362660016581,0.4934072938007277,True,-1.2057251840416803,11.396173561716521,8.798225279490564,ignas brazdeikis,1489665.7366117674,True,True,ORL,126786646,0.0,126786646.0,1489665.7366117674,0.009454840768684723,15.336746988834053,37.40084897960987,ignas brazdeikis
1630193,Immanuel Quickley,1610612752,NYK,23.0,78,1802.4333333333332,882,247,275,54,3,99,264,111.4,104.8,0.543,0.217,0.11,111.4,103.3,8.1,28.48349453516543,1426.1000000000001,-0.005135914303107366,1.3747369445749544,4.475073037408751,0.3578767532287576,-0.5059253057658093,0.5160050501793148,1.6983182302018263,0.41822140401594415,0.9051452252472411,True,0.4711953057042725,68.12493646661031,65.21704748999646,immanuel quickley,2210640.0,False,False,NYK,120644081,0.0,120644081.0,2210640.0,0.014030831671288161,99.0145664746733,241.46116840793823,immanuel quickley
1629067,Isaac Bonga,1610612761,TOR,22.0,15,68.65666666666667,12,7,4,8,2,2,-32,84.1,106.7,0.363,0.108,0.021,87.6,107.3,-19.7,21.65558090984124,41.300000000000004,-0.02199612324762948,-2.8304961809409726,0.3086550579047173,-1.3227633267299521,-2.323706617225034,-0.9072886453188723,0.10653429537092059,-2.5434037517303127,0.17665666066575514,False,-1.5623811022775298,5.909911813916901,3.720262876298341,isaac bonga,1729217.0,False,False,TOR,134896484,0.0,134896484.0,1729217.0,0.010975261756835079,6.1552482018634205,15.01045225545645,isaac bonga
1630171,Isaac Okoro,1610612739,CLE,21.0,67,1980.9016666666664,588,201,121,56,22,58,99,112.4,109.3,0.589,0.123,0.057,112.3,108.5,3.8,17.884582862518,984.1000000000001,0.0027468596346442034,2.152723244160216,0.6359502874250343,-0.8877532203898444,0.3439549770736387,0.7793205340855287,0.23157774777058887,-1.3454430145745235,0.9488992825821129,True,-0.4223432206303547,33.63872576265117,32.8651924038784,isaac okoro,6720720.0,False,False,CLE,136385911,0.0,136385911.0,6720720.0,0.042656104580510515,33.81114775369588,82.45331502722999,isaac okoro
1628392,Isaiah Hartenstein,1610612746,LAC,24.0,68,1215.7983333333334,563,332,160,50,77,84,169,112.1,105.0,0.664,0.177,0.132,111.5,105.4,6.1,34.51954065846995,1165.8000000000002,0.017227798010829475,1.4852713519524212,3.101125391015638,0.6585077054663135,1.9052155307973628,0.5534162757785318,1.1734002307149787,1.1503085211667046,0.7433946502770962,True,1.0545242883102208,85.4178526690105,75.55444758849059,isaiah hartenstein,1729217.0,False,False,LAC,168378382,93418814.5,261797196.5,2688612.144640637,0.01706449916351547,107.11355791155323,261.2117162808629,isaiah hartenstein
1630543,Isaiah Jackson,1610612754,IND,20.0,36,541.045,297,149,10,25,52,40,-39,113.3,116.1,0.607,0.214,0.093,112.2,116.9,-4.7,34.48659538485708,518.3,0.008631089120437885,1.5571094611207195,-3.619039246719979,0.13882367477269864,0.9783624406352508,0.577730439779417,-1.3940450333916425,-0.1474822774187342,0.4959128405824409,False,0.01476841252100819,50.58915300052461,39.11354890550598,isaiah jackson,2451240.0,False,False,IND,138181486,2363229.0,140544715.0,2493161.9797213646,0.01582398584424692,56.93558857776837,138.84556819726228,isaiah jackson
1630198,Isaiah Joe,1610612755,PHI,22.0,55,609.4683333333334,198,56,35,14,3,19,23,108.2,106.5,0.519,0.144,0.051,108.6,106.7,1.8,17.50771847593941,296.4,-0.006864164330172632,-0.661346794602714,1.6460623036686097,-1.468498742921779,-0.6922563655448069,-0.17312324853359204,0.6174920001921806,-1.545103137433822,0.5263374018688589,True,-0.8678387690435241,19.27413015057985,15.165884596851214,isaiah joe,1517981.0,False,False,PHI,148922969,22042422.5,170965391.5,1742660.7708483269,0.011060588759784561,25.024333134675146,61.02541204251716,isaiah joe
1630587,Isaiah Livers,1610612765,DET,23.0,19,383.25666666666666,121,57,21,13,7,15,-10,113.8,114.6,0.629,0.125,0.066,111.9,114.1,-2.2,19.90415474399228,211.9,0.007791524018947366,1.3087222654626551,-2.0322448697576805,-1.334098109077908,0.8878448345803934,0.493661871148225,-0.7878087389166278,-1.045952830285576,0.4173818105255376,False,-0.5582556813333512,28.833490172805266,21.273978044485986,isaiah livers,1057260.0,False,False,DET,131120355,0.0,131120355.0,1057260.0,0.006710381198560653,41.81232730160082,101.96533463267866,isaiah livers
1629676,Isaiah Roby,1610612760,OKC,24.0,45,948.4233333333332,454,217,71,36,34,43,-185,104.6,113.4,0.607,0.185,0.101,104.4,112.7,-8.3,30.07391214190569,792.3,0.0074614555480420975,-3.381311239958948,-2.202429083686225,-0.014130154617922053,0.8522585438121254,-1.0937162647839793,-0.85282777901916,0.11873121972699699,0.6565832126634941,True,-0.13205599773503354,44.74699998717188,37.831908046828325,isaiah roby,1782621.0,False,False,OKC,82022873,0.0,82022873.0,1782621.0,0.011314214519190539,61.93082339739182,151.02716206736034,isaiah roby
1630191,Isaiah Stewart,1610612765,DET,21.0,71,1815.6433333333332,589,617,82,22,78,85,-367,102.6,112.1,0.55,0.144,0.096,101.3,110.8,-9.5,24.21158340569826,1221.1000000000001,-0.0024001643301726286,-6.134547914806636,-1.3356986287536232,-0.16561234827116117,-0.21097076576044516,-2.02557052459849,-0.5216925878843929,-0.04765221598908501,0.9084560662147753,True,-0.4694338336010151,31.937978465919,30.62230078225589,isaiah stewart,3277080.0,False,False,DET,131120355,0.0,131120355.0,3277080.0,0.02079947791288722,40.507609804970436,98.78359458780116,isaiah stewart
202738,Isaiah Thomas,1610612766,CHA,33.0,22,333.3066666666667,184,29,34,7,5,15,-10,107.8,109.0,0.516,0.245,0.074,107.0,110.4,-3.4,27.682614609168734,256.3,-0.01241361292286316,-0.9295182669640842,-0.08940742993579368,-0.643452396008729,-1.2905694691302774,-0.26388795872491505,-0.045545855089349545,-0.7797393331398453,0.38923390179046624,False,-0.6347853913858172,26.278419614784944,19.05593409792916,isaiah thomas,910926.0,False,False,CHA,122139566,0.0,122139566.0,910926.0,0.005781605947146455,39.45757794255603,96.22294185365018,isaiah thomas
1630225,Isaiah Todd,1610612764,WAS,20.0,12,74.14833333333333,20,12,4,4,2,4,-24,87.7,103.2,0.349,0.188,0.033,89.8,106.7,-16.9,20.0031468452876,41.199999999999996,-0.040921547875503166,-2.671221282087434,0.5574502081869659,-1.4620321093677369,-4.36414889840781,-0.8533808231784433,0.20158671815502807,-2.1440835060117163,0.18358591416224687,False,-1.7611245296601328,3.910866405330734,2.4740675158169823,isaiah todd,1500000.0,False,False,WAS,128019790,0.0,128019790.0,1500000.0,0.009520431869020846,4.302281981158001,10.491729358392444,isaiah todd
202397,Ish Smith,1610612764,WAS,33.0,65,1126.02,410,140,244,47,23,78,-155,107.1,113.8,0.465,0.195,0.092,107.2,112.5,-5.2,28.447807321361964,889.8,-0.019825222530442107,-1.7201075055688269,-2.35694645056876,-0.07326561052761463,-2.0896512288415603,-0.5314690048760223,-0.9118612853706447,-0.18075896456195062,0.7154210457676463,True,-0.602491319863723,27.34235696915801,23.8408802605192,ish smith,2636985.931269278,False,True,WAS,128019790,0.0,128019790.0,2636985.931269278,0.016736829932143763,34.029362818772626,82.98546364387947,ish smith
1630688,Ish Wainright,1610612756,PHX,27.0,45,358.73,108,54,15,20,6,13,39,106.2,100.6,0.494,0.134,0.043,106.5,102.1,4.4,20.53243386390879,204.60000000000002,-0.009737486251688425,-1.3634802982333813,3.3906135019908787,-1.2870041739973663,-1.0020432079216621,-0.41076576662656367,1.283999437669675,-1.8113166345795528,0.40380575888549547,True,-0.88446746440499,18.82219591491603,13.77243775059518,ish wainright,1943042.2651457835,False,True,PHX,136476474,0.0,136476474.0,1943042.2651457835,0.012332401002632245,21.875666643342488,53.34693889464374,ish wainright
1627826,Ivica Zubac,1610612746,LAC,25.0,76,1851.6616666666664,785,644,120,36,77,114,-130,108.7,112.2,0.66,0.168,0.123,107.5,111.2,-3.7,28.723605914327408,1477.4,0.015679808281465264,-1.3101345559636912,-1.5617999944797698,0.4190555378498303,1.7383192123929978,-0.39271048731436003,-0.6080748287869366,0.8508183368777569,0.9174226909878531,True,0.47063946996953976,68.1050891745008,65.57431842717266,ivica zubac,7518518.0,False,False,LAC,168378382,93418814.5,261797196.5,11689902.88928413,0.07419528267526633,55.58008853972228,135.53998766889296,ivica zubac
1630550,JT Thor,1610612766,CHA,19.0,33,261.8833333333333,67,43,19,8,11,10,-7,107.2,106.9,0.525,0.116,0.06,108.7,107.4,1.2,20.523642843505378,149.29999999999998,-0.004833465710416843,-0.530689609623176,0.8306171994177987,-1.3318914846684173,-0.4733168487010704,-0.12890131312540906,0.3059504258546323,-1.2456129531448745,0.34501866440509965,False,-0.7510969175063438,22.62971653610431,15.959797653676091,jt thor,1250000.0,False,False,CHA,122139566,0.0,122139566.0,1250000.0,0.007933693224184038,29.582041465440042,72.14003505195672,jt thor
1629630,Ja Morant,1610612763,MEM,22.0,57,1888.7866666666664,1564,325,384,66,22,196,189,115.3,111.2,0.575,0.33,0.163,113.6,109.3,4.3,42.76840864329128,2243.8999999999996,0.0027496234100210294,3.6657062571837153,-0.3506936171715474,2.213995370198063,0.3442529531690475,1.291401343771437,-0.14537049037104602,2.181885822606412,0.9265740088840145,True,1.431607160316855,92.38718603589794,89.33455672040171,ja morant,9603360.0,False,False,MEM,117284457,0.0,117284457.0,9603360.0,0.060952089729120015,81.11303069807579,197.80571549011538,ja morant
203210,JaMychal Green,1610612743,DEN,32.0,67,1085.42,432,281,59,43,26,57,-89,106.8,110.3,0.587,0.168,0.093,106.9,110.6,-3.7,25.807152991468744,778.1000000000001,0.0034158082814652532,-1.9059356972492154,-0.5911947482607002,-0.3848667892667588,0.41607759148004686,-0.5943639944687994,-0.23725417526766943,-0.1474822774187342,0.702404959601459,True,-0.2027924672807733,41.96486229245556,36.345021592296426,jamychal green,8200000.0,False,False,DEN,137963926,2036889.0,140000815.0,8321064.181661516,0.05281341641283877,34.69777218611973,84.6154753942791,jamychal green
1630605,JaQuori McLaughlin,1610612742,DAL,24.0,4,10.9,0,0,2,0,0,0,-9,100.0,134.6,0.0,0.065,-0.021,101.4,141.6,-40.2,9.247706422018346,2.8,-0.036833407510147374,-0.18783047305135447,-0.6226276559405461,-2.3986469856029453,-3.923386557963607,-0.012857984976566983,-0.24926314741495212,-3.9410246117454006,0.07038853212381584,False,-2.4097952834776253,0.7980736952630842,0.4642193885659855,jaquori mclaughlin,220679.0,False,False,DAL,126696965,0.0,126696965.0,220679.0,0.002,1.3937341085578887,3.398819772527762,jaquori mclaughlin
201580,JaVale McGee,1610612756,PHX,34.0,74,1171.7483333333332,680,496,42,22,81,98,120,110.4,104.6,0.651,0.214,0.152,109.2,105.5,3.7,35.614473528872104,1159.2,0.018047089120437895,0.02529786074487097,3.1376116679620747,0.7454679574650307,1.9935472989617633,0.05927694899025906,1.1873398473763013,1.8158422640310317,0.7298033151390029,True,1.2171442828748158,88.82253376454679,78.02273439068625,javale mcgee,5000000.0,False,False,PHX,136476474,0.0,136476474.0,5000000.0,0.03173477289673615,89.02273448259382,217.09465837569513,javale mcgee
203953,Jabari Parker,1610612738,BOS,27.0,12,112.455,53,28,6,4,1,8,-7,103.9,104.7,0.632,0.191,0.117,105.2,106.2,-1.0,25.802320928371348,80.6,0.012478448700951576,-0.9114403282843285,0.7374782017493411,-0.9420985188317601,1.3931650309788082,-0.25776934047415107,0.27036658358911086,0.651158214018459,0.22608827720806113,False,0.17068717561166277,56.776512638830845,37.0035087191347,jabari parker,1168286.0,False,False,BOS,136557646,0.0,136557646.0,1168286.0,0.007415058177687258,70.22956221829928,171.26482247787362,jabari parker
1630183,Jaden McDaniels,1610612750,MIN,21.0,70,1802.6666666666667,647,293,79,52,54,75,2,109.9,109.3,0.553,0.149,0.061,108.0,108.4,-0.5,21.570044378698228,1080.1000000000001,-0.002036503369414734,-0.6919760043124498,0.6704970354343116,-0.5006786768956524,-0.17176270491445045,-0.18348994159834583,0.24477636556465984,-1.2123362660016581,0.9052038109696288,True,-0.5054419911666309,30.662421602980604,29.354415281498316,jaden mcdaniels,2063280.0,False,False,MIN,137432702,1240053.0,138672755.0,2081896.941358251,0.013213705325682744,45.51263390091521,110.98906100698542,jaden mcdaniels
1630531,Jaden Springer,1610612755,PHI,19.0,2,5.633333333333334,2,2,0,0,2,1,-8,69.2,141.7,1.0,0.118,0.184,69.9,126.5,-56.6,38.34319526627218,6.0,0.05113319867388631,-0.4459120785767652,-0.2558399665420013,0.05469864755352194,5.560722048281321,-0.10020770165209637,-0.10913156331789706,2.8806962526139555,0.050602431370498996,False,1.6805909551692664,95.3578803064415,54.61823743577216,jaden springer,2023680.0,False,False,PHI,148922969,22042422.5,170965391.5,2323209.4135238463,0.014745304625947768,81.49407238320588,198.73494008584365,jaden springer
203109,Jae Crowder,1610612756,PHX,31.0,67,1885.871666666667,632,354,124,95,30,55,395,116.1,105.9,0.541,0.146,0.077,116.0,104.4,11.6,23.773834027235853,1245.3999999999999,-0.0037474999458694718,5.055682718595108,3.6490107184327614,-0.1830860974665624,-0.35623358608111877,1.7618496341203806,1.3827203389236042,-0.6799092717101962,0.9258587332522138,True,0.16850615216473058,56.69074479259295,54.799339158283715,jae crowder,9720900.0,False,False,PHX,136476474,0.0,136476474.0,9720900.0,0.06169811077037649,49.54471334150228,120.82186286131471,jae crowder
1630256,Jae'Sean Tate,1610612745,HOU,26.0,78,2056.445,919,420,222,72,41,139,-404,105.3,114.2,0.567,0.194,0.09,104.3,114.1,-9.8,27.477321299621437,1569.6000000000001,6.444527740630069e-05,-3.9769575641182944,-3.638798887039014,0.38768228661224974,0.054750809781204564,-1.2953173728839389,-1.401594222688685,-0.2473123388483834,0.9668235243687068,True,-0.3735972478701655,35.435199089967384,34.90617233137314,jae sean tate,1517981.0,False,False,HOU,132267085,0.0,132267085.0,1517981.0,0.009634556459312087,60.447490567860925,147.40984301109808,jae sean tate
1630186,Jahmi'us Ramsey,1610612758,SAC,21.0,19,133.92,60,13,7,1,1,5,-21,112.5,118.5,0.468,0.208,0.038,112.9,123.0,-10.1,20.456989247311828,76.1,-0.02052290403247158,0.6540710898771985,-2.4471009661639,-1.395942553703037,-2.1648716724263966,0.27209011444640313,-0.9463049034336335,-1.9777000702956347,0.24672399006324308,False,-1.3681586287264937,8.563121414181735,5.6604441450162675,jahmi us ramsey,1517981.0,False,False,SAC,130457848,0.0,130457848.0,1517981.0,0.009634556459312087,9.80226765677904,23.904230314017738,jahmi us ramsey
1630693,Jaime Echenique,1610612764,WAS,25.0,1,3.066666666666667,0,0,0,0,0,0,-1,20.0,50.0,0.0,0.0,0.0,25.8,41.0,-15.2,0.0,0.0,-0.0,-0.5252504283133066,0.3963368210957972,-3.1798413709760616,0.04780265028529037,-0.12706038011743012,0.14003319603614456,-3.242214181737857,0.03733549777275501,False,-1.7585082773347718,3.933053221526503,2.22925839674617,jaime echenique,53176.0,False,False,WAS,128019790,0.0,128019790.0,53176.0,0.002,6.692942046070043,16.321695524911117,jaime echenique
1627774,Jake Layman,1610612750,MIN,28.0,34,230.565,81,36,9,7,5,10,-11,105.3,108.7,0.5,0.16,0.064,107.6,109.8,-2.2,20.32919133433088,130.2,-0.010666849255747372,-0.9354037872598951,0.08094169018134302,-1.3635184730605088,-1.1022423635726268,-0.26587995861688934,0.01953618757870676,-1.1125062045720089,0.3237317913447376,False,-0.8769193998283513,19.026520910620164,13.236356864695018,jake layman,3940184.0,False,False,MIN,137432702,1240053.0,138672755.0,3975736.215147105,0.02523381717700454,16.36407970614243,39.9061466049692,jake layman
1627751,Jakob Poeltl,1610612759,SAS,26.0,68,1969.65,915,634,189,45,118,109,117,115.2,111.8,0.613,0.182,0.119,113.7,111.3,2.5,33.00525474068997,1805.8,0.008432458971587361,3.713430302686459,-1.5021940334802952,1.0418769425645644,0.9569471560642872,1.3075539163067322,-0.5853023149379023,0.7177115883048912,0.9462005361156031,True,0.727662525747576,76.65899022946834,74.80309457014927,jakob poeltl,8750000.0,False,False,SAS,127655401,0.0,127655401.0,8750000.0,0.055535852569288266,70.16750131251659,171.1134780913224,jakob poeltl
1628973,Jalen Brunson,1610612742,DAL,25.0,79,2524.01,1285,309,377,66,3,124,231,113.8,109.4,0.583,0.215,0.122,112.3,108.1,4.2,28.621598171164134,2006.6999999999998,0.0035114213125894598,2.7177194325968963,0.8317108739465734,0.8330112812509699,0.42638609843161823,0.9705478665497125,0.3063682652441034,0.8175416497345405,1.0,True,0.7090106497669199,76.08410659803671,76.08410659803671,jalen brunson,1802057.0,False,False,DAL,126696965,0.0,126696965.0,1802057.0,0.011437573928394732,124.07784078186863,302.58154406389815,jalen brunson
1630224,Jalen Green,1610612745,HOU,20.0,67,2137.7233333333334,1157,226,176,44,18,135,-519,105.7,116.9,0.547,0.234,0.085,104.0,116.2,-12.2,25.35145645601161,1505.3999999999999,-0.004602267036530523,-4.022961829031415,-5.562496474903733,0.15736316882301798,-0.448390192690603,-1.3108878723693485,-2.136544707949536,-0.41369577456446494,0.9857446039631281,True,-0.6691413561150081,25.170265549499938,25.008800102807328,jalen green,8992080.0,False,False,HOU,132267085,0.0,132267085.0,8992080.0,0.05707232333385664,23.235983729298848,56.664266482643846,jalen green
1630552,Jalen Johnson,1610612737,ATL,20.0,22,120.39,52,26,3,3,2,9,-19,95.8,105.8,0.59,0.183,0.096,101.2,106.0,-4.9,21.6496386743085,72.4,0.004269791163738937,-2.0577449508186554,0.7173199229846966,-1.298436260684076,0.5081496487606623,-0.6457450111864304,0.2626650940963971,-0.04765221598908501,0.2339288936252366,False,-0.3201442702171502,37.4429483722792,24.535165973810916,jalen johnson,2659680.0,False,False,ATL,135166020,0.0,135166020.0,2659680.0,0.01688086815559824,34.91547701674936,85.14637973132257,jalen johnson
1629667,Jalen McDaniels,1610612766,CHA,24.0,55,895.2416666666667,340,170,58,26,22,36,46,111.7,109.1,0.595,0.152,0.082,111.5,107.2,4.4,23.765649871077645,591.0000000000001,0.004306493207039992,1.2422729122250897,1.0628564366821738,-0.7061928063512636,0.5121066749531936,0.47117157329550957,0.3946776463911616,-0.5135258359941142,0.6379091081831567,True,-0.1239125681900704,45.069225083379784,37.725604926609016,jalen mcdaniels,1782621.0,False,False,CHA,122139566,0.0,122139566.0,1782621.0,0.011314214519190539,61.7568052179031,150.60279387145135,jalen mcdaniels
1630188,Jalen Smith,1610612754,IND,22.0,51,924.1816666666666,470,307,24,15,41,42,31,112.0,109.3,0.595,0.193,0.119,110.5,109.8,0.7,30.177183778802508,774.7,0.005468113085254727,0.9448894653680429,0.010688183320958031,-0.019481651775073383,0.6373465763438781,0.37051984426556994,-0.0073042312501322955,0.7177115883048912,0.6481377752897726,True,0.36052739195159633,64.0773611933864,53.93147990500682,jalen smith,4458000.0,False,False,IND,138181486,2363229.0,140544715.0,4534242.304139066,0.028778629956125377,63.67734528022206,155.28630523682614,jalen smith
1630591,Jalen Suggs,1610612753,ORL,21.0,48,1306.6533333333334,564,171,209,59,19,143,-206,100.6,107.8,0.455,0.244,0.064,99.9,107.1,-7.3,26.005673527280884,943.8999999999999,-0.02724694511501474,-6.84472537441872,1.6175166730347725,-0.2357842454711815,-2.8898233178982764,-2.2659355818452958,0.6065861149746904,-1.1125062045720089,0.7706707035649749,True,-1.0750738404547304,14.117083517155105,12.660226143338454,jalen suggs,6592920.0,False,False,ORL,126786646,0.0,126786646.0,6592920.0,0.04184496378526994,13.112439471335264,31.976557269852226,jalen suggs
1630547,James Bouknight,1610612766,CHA,21.0,31,304.4766666666667,142,52,26,7,1,15,-50,108.0,114.2,0.459,0.226,0.06,108.5,114.2,-5.7,24.971371643147258,211.20000000000002,-0.02433292457374316,-0.5086392274143063,-1.7347647011478051,-0.9078316658582927,-2.5756485589399785,-0.1214381906196005,-0.674156158773827,-1.2456129531448745,0.3720194683729399,False,-1.1063282386580464,13.429223674900314,9.634242714684143,james bouknight,4154400.0,False,False,CHA,122139566,0.0,122139566.0,4154400.0,0.026367788104440133,11.728944738732977,28.602707678682982,james bouknight
203516,James Ennis III,1610612743,DEN,31.0,7,55.6,29,12,3,2,2,2,0,110.1,109.2,0.553,0.206,0.098,109.6,107.8,1.8,30.56115107913669,47.199999999999996,-0.0028155684167747324,0.015620515928609616,0.12573752819443204,-0.5679132186323597,-0.25575750522576063,0.05600157674452726,0.03665047991502459,0.01890115829734779,0.1589739830057965,False,-0.1607737744538169,43.6135790727416,27.107509460257276,james ennis,386127.0,False,False,DEN,137963926,2036889.0,140000815.0,391827.7499112703,0.0024869129316146582,75.40941411925867,183.89663148049806,james ennis
201935,James Harden,1610612755,PHI,32.0,65,2419.68,1432,500,667,82,36,284,173,114.9,111.4,0.583,0.266,0.153,113.7,109.7,4.1,38.24538781987702,2570.6000000000004,0.004344363112319984,3.75927943523818,-0.6327736559242855,2.093818711067132,0.5161896140384217,1.3230719100438617,-0.2531394363174,1.849118951174248,1.0,True,1.31610867628379,90.59312153562698,90.59312153562698,james harden,44310840.0,False,False,PHI,148922969,22042422.5,170965391.5,50869386.76527366,0.32286568727843906,45.89387344014013,111.91876809819506,james harden
201949,James Johnson,1610612751,BKN,35.0,62,1191.225,340,215,130,30,34,48,-59,108.9,110.5,0.513,0.136,0.068,107.6,108.1,-0.5,22.34237864383303,739.3,-0.007298821867385266,-1.073373664881393,0.3919536455175584,-0.7076886429777929,-0.7391189133714592,-0.31257693144244275,0.1383585996554391,-0.9793994559991434,0.7358436716388265,True,-0.6077425843179607,27.167910738971567,23.938451741448695,james johnson,2641691.0,False,False,BKN,174811922,125581090.5,300393012.5,4539424.476919472,0.02881152097138495,28.253030947590172,68.89905300363807,james johnson
1630691,Jamorko Pickett,1610612765,DET,24.0,13,176.46833333333333,50,32,7,0,7,5,0,109.1,108.8,0.491,0.133,0.057,108.5,107.1,1.4,18.197032517637727,89.2,-0.010063818443840005,-0.23579965606861872,0.47907478719320346,-1.5758468410943123,-1.0372266722649908,-0.029093526200763574,0.1716433143397606,-1.3454430145745235,0.28321878254783667,False,-0.9317961472648343,17.572094305445674,11.904188088196964,jamorko pickett,1665464.798696386,True,True,DET,131120355,0.0,131120355.0,1665464.798696386,0.010570629430827639,19.956374033002227,48.66646961916576,jamorko pickett
1630215,Jared Butler,1610612762,UTA,21.0,42,359.7733333333333,161,45,63,17,8,33,-11,112.5,112.6,0.509,0.221,0.073,113.3,114.1,-0.8,28.80813845754735,287.90000000000003,-0.012744585534501057,1.395992610804458,-1.625068176507561,-0.5234197509569738,-1.3262532397181677,0.5231991949116248,-0.6322464976481064,-0.8130160202830617,0.40439254856306805,True,-0.5900548251923594,27.757694692256496,20.31798428521779,jared butler,925258.0,False,False,UTA,149760719,24136797.5,173897516.5,1074380.9818498334,0.006819047292715374,39.70950524402203,96.83730257583142,jared butler
1629607,Jared Harper,1610612740,NOP,24.0,5,42.88333333333333,37,2,14,4,1,2,7,133.3,123.5,0.666,0.287,0.179,129.2,124.8,4.4,55.40614069179945,66.0,0.02850833914750316,1.6743175859371795,-1.1582986185094608,1.5398551834055172,3.1214256577812685,0.6174004366935513,-0.4539167459658366,2.7143128168978734,0.13961527223919395,False,1.6919940431970888,95.46764452998472,58.50513802298139,jared harper,1665464.798696386,True,True,NOP,135793968,0.0,135793968.0,1665464.798696386,0.010570629430827639,98.07896251208149,239.17956445795477,jared harper
1628991,Jaren Jackson Jr.,1610612763,MEM,22.0,78,2126.248333333333,1272,454,86,73,177,130,361,113.9,106.0,0.535,0.248,0.096,112.6,105.7,6.9,34.587117058292826,2042.8000000000002,-0.00785361634640842,2.8142945925221885,3.0736771485809653,1.3643221010750204,-0.7989340105026669,1.0032344768185626,1.1629136036982488,-0.04765221598908501,0.9830953743922891,True,0.5318669709741514,70.25909326987652,69.72462661960749,jaren jackson,9180560.0,False,False,MEM,117284457,0.0,117284457.0,9180560.0,0.05826859733297201,64.31336773896898,156.837336882882,jaren jackson
1629020,Jarred Vanderbilt,1610612750,MIN,23.0,74,1880.5166666666669,512,624,94,99,46,73,163,115.5,110.5,0.612,0.108,0.103,113.4,109.3,4.2,24.657053469347957,1287.9999999999998,0.004895876752370522,3.630736637189795,-0.12918186504422985,-0.07468193713834823,0.57565098792753,1.2795656052557016,-0.06074171569047907,0.18528459401342934,0.9245432942974078,True,0.3060861255433546,62.02304642500176,59.91702178261045,jarred vanderbilt,4050000.0,False,False,MIN,137432702,1240053.0,138672755.0,4086543.0831011385,0.02593710333498852,73.36600225781716,178.91347967597528,jarred vanderbilt
1628386,Jarrett Allen,1610612739,CLE,24.0,56,1809.56,904,602,92,44,75,94,135,110.0,106.7,0.698,0.177,0.16,109.5,105.3,4.3,31.22217555648887,1569.4,0.02324579801082946,0.0439491737142515,2.943226896719336,0.702961736953583,2.5540454455604182,0.06558963020667223,1.1130749614330036,2.082055761176763,0.906932893177479,True,1.3602636681714388,91.31267494145261,87.48848202859078,jarrett allen,20000000.0,False,False,CLE,136385911,0.0,136385911.0,20000000.0,0.1269390915869446,61.44826825918159,149.85038241117408,jarrett allen
1629633,Jarrett Culver,1610612763,MEM,23.0,37,338.185,130,48,33,20,5,20,-18,104.3,106.6,0.433,0.199,0.048,104.4,106.8,-2.4,25.101054156748518,235.79999999999995,-0.026599893761835795,-2.131913793133172,1.1686476638539431,-0.8772696111018852,-2.8200615574578616,-0.670848029858124,0.4350952849205813,-1.6449331988634708,0.39207200173623025,False,-1.1711695077938233,12.07653245923152,8.772784467472896,jarrett culver,6395160.0,False,False,MEM,117284457,0.0,117284457.0,6395160.0,0.04058979004765823,9.183510559878373,22.395302719848498,jarrett culver
1629600,Jarron Cumberland,1610612757,POR,24.0,3,12.316666666666666,2,3,1,0,0,0,9,144.0,103.8,0.5,0.061,0.058,140.6,105.8,34.8,16.07577807848444,5.5,-0.0040667362787536855,0.776915077442631,0.11098512781510121,-1.8213447546407426,-0.39065201124804055,0.31366761272369226,0.031014311378998946,-1.3121663274313071,0.07482302351873285,False,-0.8558815999613802,19.603163678274306,11.441785612674359,jarron cumberland,53176.0,False,False,POR,124788473,0.0,124788473.0,53176.0,0.002,34.351875996503,83.77195811125314,jarron cumberland
1629602,Javin DeLaurier,1610612749,MIL,24.0,1,2.8,0,1,0,1,0,0,4,171.4,114.3,0.0,0.0,0.051,200.0,118.3,81.7,37.28571428571429,2.9000000000000004,-0.0,0.4394690926573712,-0.03944686168029129,-0.036850586853949596,0.04780265028529037,0.19945640768922399,-0.026458372672715388,-1.545103137433822,0.03567530340063379,False,-0.439623485148364,33.0104914113766,18.685716959684324,javin delaurier,53176.0,False,False,MIL,160875421,61010328.75,221885749.75,73342.44445399774,0.002,56.10045963400953,136.80898693744456,javin delaurier
1629750,Javonte Green,1610612741,CHI,28.0,65,1519.045,468,276,60,67,32,30,20,113.6,112.0,0.637,0.113,0.077,113.4,111.0,2.4,21.675197245637882,914.6,0.00794753771312842,2.886115742459265,-1.3418528425518428,-0.6239425013835487,0.904665431439377,1.0275429008363939,-0.5240438110942847,-0.6799092717101962,0.830948253503189,True,-0.14873372868172302,44.08818728010182,40.73425400329096,javonte green,1669178.0,False,False,CHI,136083814,0.0,136083814.0,1669178.0,0.01059419695084565,68.23435712200444,166.39922975836143,javonte green
1630606,Javonte Smart,1610612748,MIA,23.0,17,199.85666666666663,51,24,16,6,3,11,-42,99.8,110.3,0.407,0.154,0.039,101.9,109.8,-7.9,16.93213469653252,94.0,-0.02458884240865685,-2.451289193030874,-0.10952369540081858,-1.6785606635349613,-2.6032403081944477,-0.7789431055897084,-0.05323129336115541,-1.9444233831524182,0.3014032836482366,False,-1.5182793869012625,6.44719909226183,4.420402640277747,javonte smart,1489665.7366117674,False,True,MIA,140840240,6351360.0,147191600.0,1556844.0045051374,0.009881218183723162,7.587440708802889,18.503058327706988,javonte smart
1629637,Jaxson Hayes,1610612740,NOP,22.0,70,1397.54,654,315,43,33,55,54,22,109.7,109.2,0.68,0.159,0.11,110.1,108.7,1.4,26.833722111710586,1041.7000000000003,0.018019818552101056,0.21807261286755683,0.5276813430357472,-0.08796028643337096,1.9906071260588833,0.12452305572394516,0.190213495031721,0.41822140401594415,0.7970228695247424,True,0.44927790111862287,67.33844013164341,61.187766624773005,jaxson hayes,5348280.0,False,False,NOP,135793968,0.0,135793968.0,5348280.0,0.0339452902376312,68.18815178357463,166.28655143838108,jaxson hayes
1630643,Jay Huff,1610612747,LAL,24.0,4,20.25,0,4,1,1,1,1,15,88.6,52.2,0.0,0.083,0.02,88.7,57.8,30.9,12.444444444444441,6.999999999999998,-0.047033428051418955,-0.8167690940416305,2.1040721414359704,-2.1260242490938626,-5.02310049255561,-0.2257271285869961,0.7924750924644974,-2.576680438873529,0.0959403223600247,False,-1.9729630732372405,2.4249884810649536,1.4384380440524478,jay huff,225997.0,False,False,LAL,164409293,75663995.25,240073288.25,330004.721354986,0.002094524977410235,4.249407424537135,10.362787196897534,jay huff
1630206,Jay Scrubb,1610612746,LAC,21.0,18,121.38166666666666,49,16,8,4,3,7,16,105.5,98.6,0.486,0.188,0.065,106.9,100.8,6.1,22.65910557607547,76.4,-0.015165547875503164,-0.6453904036919181,1.8941237518434857,-1.2102128973510582,-1.5872689906914093,-0.1677226845438242,0.7122641113913217,-1.0792295174287925,0.23489036772180516,False,-0.7827312141429891,21.68924841132788,14.221654616956208,jay scrubb,925258.2214979922,True,True,LAC,168378382,93418814.5,261797196.5,1438605.155540397,0.009130761579829656,25.095151862771868,61.1981136301747,jay scrubb
1627759,Jaylen Brown,1610612738,BOS,25.0,66,2220.4533333333334,1559,404,231,70,18,178,453,113.5,103.8,0.574,0.298,0.135,113.1,102.4,10.8,34.1443789256248,2106.0,0.002184993261170505,2.951480612397615,5.433058660759969,1.3774825892074891,0.28337742452974246,1.0496661469237076,2.0643175448531528,1.2501385825963538,1.0,True,1.229016389526769,89.04671694346051,89.04671694346051,jaylen brown,26758928.0,False,False,BOS,136557646,0.0,136557646.0,26758928.0,0.1698377006080228,56.483698798283015,137.7435704000589,jaylen brown
1629658,Jaylen Hoard,1610612760,OKC,23.0,7,239.57166666666663,103,84,17,6,5,8,-87,101.8,119.1,0.536,0.184,0.121,101.7,118.9,-17.2,29.692993745782413,197.60000000000002,-0.005642876644109472,-2.5603363553061813,-3.03315611250116,-0.5209738623170264,-0.5605833869390356,-0.8158509615743563,-1.1702078271090144,0.784264962591324,0.3299942607398076,False,-0.27696030314522047,39.0905293847984,27.304633817458047,jaylen hoard,191860.0,False,False,OKC,82022873,0.0,82022873.0,191860.0,0.002,81.97718667165313,199.91308330977913,jaylen hoard
1628537,Jaylen Morris,1610612759,SAS,26.0,3,16.033333333333335,2,2,2,0,0,1,8,114.3,91.4,0.129,0.231,-0.074,112.0,98.4,13.6,10.777546777546775,4.799999999999999,-0.10110126361298527,0.10178933065621297,0.4354965702792114,-2.268187801229722,-10.852417398310687,0.08516607894684035,0.15499421529748775,-5.704689030335868,0.0853690739546751,False,-3.8702922250181446,0.005435248537147374,0.003198187655879454,jaylen morris,95930.0,False,False,SAS,127655401,0.0,127655401.0,95930.0,0.002,0.009601975555862426,0.023415789406461204,jaylen morris
1629669,Jaylen Nowell,1610612750,MIN,22.0,62,974.795,527,123,130,27,10,36,70,114.5,111.7,0.581,0.205,0.108,114.5,111.4,3.1,30.434706784503412,824.1,0.0029380993910736704,3.2097308188030347,-1.2581754402932477,0.04164696232836845,0.3645734674131932,1.137072927871873,-0.49207478031560353,0.35166802972951133,0.665649033923761,True,0.26734789174636486,60.53993420334029,51.43122073415484,jaylen nowell,1782621.0,False,False,MIN,137432702,1240053.0,138672755.0,1798705.559837243,0.011416302489906313,83.92861777627677,204.67192689579375,jaylen nowell
1629873,Jaysean Paige,1610612765,DET,27.0,1,6.616666666666666,0,1,1,0,0,1,-10,43.8,113.3,0.0,0.211,-0.286,41.5,91.8,-50.3,3.808564231738034,0.6999999999999997,-0.11956690745601685,-0.87797779931424,0.12037170990814842,-2.858476975157044,-12.843288471876512,-0.24644368857876198,0.03460046395710937,-12.759346704697737,0.05484136903447759,False,-6.500693009673306,3.997541905115321e-09,2.297301849695575e-09,jaysean paige,53176.0,False,False,DET,131120355,0.0,131120355.0,53176.0,0.002,6.8972301123927176e-09,1.68198811650885e-08,jaysean paige
1628369,Jayson Tatum,1610612738,BOS,24.0,76,2730.971666666667,2046,609,334,75,49,217,667,115.5,103.4,0.578,0.313,0.159,115.2,102.5,12.7,38.21628809770394,2899.1000000000004,0.003546976143444189,4.797704889677392,5.710891935758178,2.3536140406919044,0.4302194380582199,1.6745350414408497,2.1704640106852366,2.0487790740335465,1.0,True,1.844320005910686,96.74317412024233,96.74317412024233,jayson tatum,28103500.0,False,False,BOS,136557646,0.0,136557646.0,28103500.0,0.17837163802068487,60.321683554823245,147.10304463340927,jayson tatum
1630288,Jeff Dowtin Jr.,1610612753,ORL,25.0,9,108.01666666666668,19,18,10,5,1,5,-26,97.4,109.6,0.353,0.119,0.05,98.5,111.1,-12.6,17.19734608856658,51.6,-0.02542646913396211,-2.057928858399418,-0.15696262227033825,-1.6900697529653117,-2.6935489284641503,-0.6458072561303946,-0.07135538029818148,-1.5783798245770382,0.22158177914369417,False,-1.4076381203483486,7.961912678844452,5.172948622908739,jeff dowtin,305761.0,False,False,ORL,126786646,0.0,126786646.0,305761.0,0.002,15.530835452256555,37.874161430707524,jeff dowtin
201145,Jeff Green,1610612743,DEN,35.0,75,1848.965,772,231,96,28,27,71,59,113.3,111.5,0.627,0.16,0.075,112.3,111.6,0.7,21.111703033859477,1084.2999999999997,0.009653150744252628,2.4055737695953114,-1.5298302276365257,-0.5359330741060752,1.0885558863418494,0.864899751221326,-0.5958607490878509,-0.7464626459966289,0.9167544035147235,True,-0.15428282905420876,43.869336782027915,42.225968683502884,jeff green,4500000.0,False,False,DEN,137963926,2036889.0,140000815.0,4566437.660667906,0.028982972421679815,49.733239595060056,121.28161106888048,jeff green
1629203,Jemerrio Jones,1610612747,LAL,27.0,2,14.716666666666669,4,3,0,1,0,0,-13,83.9,121.9,0.667,0.083,0.069,84.9,134.1,-49.3,20.303510758776895,8.3,0.008327571948581055,-0.7189091109658632,-0.5604998340819378,-1.462996215185959,0.9456387748417991,-0.19260565997966161,-0.22552715423638453,-0.9461227688559269,0.08178871523256702,False,-0.5704599903594049,28.418287558569688,16.675991010049604,jemerrio jones,85578.0,False,False,LAL,164409293,75663995.25,240073288.25,124962.4731483913,0.002,50.066623749833276,122.09461596711255,jemerrio jones
203924,Jerami Grant,1610612765,DET,28.0,47,1499.8733333333332,904,191,111,44,49,85,-219,102.9,110.7,0.556,0.253,0.112,102.0,109.2,-7.1,30.456171854512156,1268.8999999999999,-0.0026989553856505205,-5.462815078059186,-0.13764407237738518,0.39854553435981765,-0.24318488590961174,-1.7982173474819514,-0.06397471001615361,0.4847747783023769,0.8256879592561623,True,-0.07073772443049009,47.18032481355677,43.47948039801308,jerami grant,20002500.0,False,False,DET,131120355,0.0,131120355.0,20002500.0,0.12695495897339296,30.536841360259892,74.46845102555943,jerami grant
1630526,Jeremiah Robinson-Earl,1610612760,OKC,21.0,49,1087.1083333333331,366,274,49,29,15,39,-238,101.1,110.9,0.526,0.152,0.084,100.1,110.8,-10.7,22.041593524104467,665.5999999999999,-0.00618150679296,-6.263225721718306,-0.8380706440518553,-0.7918603954041483,-0.6186557288412459,-2.0691225241812585,-0.33157334505584524,-0.44697246170768135,0.7029510306665404,True,-0.784959577075094,21.623863470092292,18.73335760953303,jeremiah robinson earl,2000000.0,False,False,OKC,82022873,0.0,82022873.0,2000000.0,0.01269390915869446,29.456041996814925,71.83276734381822,jeremiah robinson earl
203087,Jeremy Lamb,1610612758,SAC,30.0,56,935.4483333333334,410,154,81,31,22,37,21,110.3,109.7,0.521,0.189,0.092,109.7,109.7,0.0,26.615686952245717,691.6,-0.008631215683351581,0.19295678744381053,-0.05443410741315355,-0.3858160536455205,-0.882770785429327,0.11602241023869266,-0.03218426409846549,-0.18075896456195062,0.6520765199566596,True,-0.2705215986733303,39.33795014047785,33.17898171068695,jeremy lamb,10500000.0,False,False,SAC,130457848,0.0,130457848.0,10500000.0,0.06664302308314592,29.19887128054462,71.20561980541216,jeremy lamb
1630579,Jericho Sims,1610612752,NYK,23.0,41,555.0433333333333,90,169,21,11,22,20,76,109.3,102.9,0.674,0.068,0.074,110.9,103.1,7.9,18.024538624611896,277.90000000000003,0.0072985890663073705,0.3241176739076274,3.4703096710242436,-1.4397344237816607,0.8346991145230422,0.16041482731235984,1.3144474345242727,-0.7797393331398453,0.5022871929906477,True,-0.2474211994334175,40.22911346672571,31.218968222565906,jericho sims,1489665.7366117674,True,True,NYK,120644081,0.0,120644081.0,1489665.7366117674,0.009454840768684723,54.419772360007926,132.71039086862692,jericho sims
1628975,Jevon Carter,1610612749,MIL,26.0,66,905.1783333333332,277,110,96,24,14,34,-53,107.3,110.3,0.531,0.135,0.067,109.0,110.3,-1.3,20.744641479487466,521.5999999999999,-0.004815154059536842,-0.852825652891249,-0.4403113128317787,-1.0160635029026095,-0.4713425803594882,-0.23793074997022803,-0.17960901586951333,-1.0126761431423597,0.6414395505187507,True,-0.6911510705982447,24.47353044111943,20.524672407207063,jevon carter,4107149.0,False,False,MIL,160875421,61010328.75,221885749.75,5664742.504076883,0.035953863377073667,22.417255340046285,54.667680318443054,jevon carter
202710,Jimmy Butler III,1610612748,MIA,32.0,57,1930.8316666666667,1219,336,312,94,27,121,245,114.4,108.4,0.592,0.26,0.164,112.5,107.1,5.4,36.96148205565996,1982.4,0.006586369959410512,2.8722953332463463,1.585814802864057,1.5161030041004246,0.757911300893845,1.0228652763825679,0.5944743854530529,2.2151625097496286,0.9368301647447939,True,1.3998621483594147,91.922269859769,89.3092482702722,jimmy butler,36016200.0,False,False,MIA,140840240,6351360.0,147191600.0,37640393.852779575,0.23890187013233266,50.27322471146453,122.59844193298642,jimmy butler
1629111,Jock Landale,1610612759,SAS,26.0,54,588.7316666666667,265,138,45,10,14,31,-17,107.9,109.0,0.597,0.172,0.097,107.5,110.1,-2.6,26.367190485761768,431.20000000000005,0.0052171370500715694,-1.0727978610661995,-0.02353847217308306,-0.6146288029816881,0.6102876266071785,-0.3123820461850628,-0.0203805573956171,-0.01437552884586861,0.5173058119046248,True,-0.11634110594520784,45.369110447508085,35.51437777807689,jock landale,925258.0,False,False,SAS,127655401,0.0,127655401.0,925258.0,0.005872570500177659,73.1360461894892,178.35269894524143,jock landale
203925,Joe Harris,1610612751,BKN,30.0,14,422.7083333333333,158,56,14,7,2,16,16,106.6,105.6,0.624,0.146,0.068,106.3,104.5,1.8,18.208299655002463,213.79999999999998,0.008370500054130522,-1.4769265627432693,2.1423705217855056,-1.475427731009577,0.9502670631542952,-0.4491625328070197,0.8071070249471071,-0.9793994559991434,0.4383379421350056,False,-0.46644503625797984,32.04484906890688,23.945579926499956,joe harris,17357143.0,False,False,BKN,174811922,125581090.5,300393012.5,29826137.797188044,0.18930514187610417,14.62297264872271,35.66020826098415,joe harris
204060,Joe Ingles,1610612757,POR,34.0,45,1122.135,325,131,158,23,5,46,186,111.9,103.7,0.551,0.129,0.077,111.0,104.0,7.0,20.343006857463674,634.1,-0.002021147212446313,1.1871316341358484,3.968285342338654,-0.960083826417243,-0.1701070827780416,0.4525085809895834,1.5046995113524533,-0.6799092717101962,0.7141858047009642,True,-0.17592858668277034,43.01750233408118,37.48474656805577,joe ingles,13036364.0,False,False,POR,124788473,0.0,124788473.0,13036364.0,0.08274121018783738,30.58222482853106,74.57912509772198,joe ingles
2207,Joe Johnson,1610612738,BOS,41.0,1,1.95,2,0,0,0,0,0,-5,80.0,180.0,1.0,0.2,0.182,103.1,232.0,-128.9,36.92307692307693,2.0,0.0866664384303158,-0.061318097571723,-0.3946366812310976,-0.06811498757415013,9.391733833329413,0.029961107579821886,-0.16215897961080392,2.8141428783275226,0.02977185980693239,False,2.2161445107994844,98.66591966518895,55.58811638345126,joe johnson,151821.0,False,False,BOS,136557646,0.0,136557646.0,151821.0,0.002,166.89318831216607,406.9928868444772,joe johnson
1630580,Joe Wieskamp,1610612759,SAS,22.0,29,205.14166666666668,61,14,9,4,3,2,0,106.5,105.1,0.494,0.129,0.039,105.8,108.0,-2.2,16.741601332412557,95.39999999999999,-0.00937414721244632,-1.0368212533942684,0.8077381508316472,-1.6934921585818263,-0.9628698550034923,-0.3002054848966589,0.29720946367493595,-1.9444233831524182,0.3053624274877512,False,-1.1515799360249646,12.47468650467553,8.575262826518927,joe wieskamp,563663.0,False,False,SAS,127655401,0.0,127655401.0,563663.0,0.003577543459058598,21.004380171203152,51.222182335369126,joe wieskamp
1630555,Joel Ayayi,1610612764,WAS,22.0,7,20.216666666666665,2,3,4,0,0,0,3,94.7,82.5,0.167,0.133,0.059,94.8,92.9,1.9,17.27287716405606,9.7,-0.05315581844384,-0.5784185902051211,0.8113016676875978,-1.7171569664576574,-5.68318524437693,-0.14505555597645275,0.2985709086645422,-1.278889640288091,0.09586132660981664,False,-1.642406617454168,5.0252882219977275,2.980687380099575,joel ayayi,925258.2214979922,True,True,WAS,128019790,0.0,128019790.0,925258.2214979922,0.005872571906015355,6.138237110740735,14.96896827906164,joel ayayi
203954,Joel Embiid,1610612755,PHI,28.0,68,2296.405,2079,796,284,77,99,214,368,115.6,107.8,0.616,0.375,0.212,114.6,106.9,7.7,48.62278213120072,3101.6,0.018499572056842092,4.398418055982599,1.9351313873685148,3.3918397184210525,2.0423316899652315,1.539393322508559,0.7279311173794998,3.8124434926240136,1.0,True,2.638141396870461,99.58319092341097,99.58319092341097,joel embiid,31579390.0,False,False,PHI,148922969,22042422.5,170965391.5,36253526.309169844,0.23009948482547082,56.79795689469036,138.5099336720688,joel embiid
1628381,John Collins,1610612737,ATL,24.0,54,1662.6033333333332,876,422,98,33,56,60,36,113.5,112.7,0.61,0.202,0.119,112.7,111.5,1.2,30.51311096453153,1409.2,0.00875310281461894,2.5955305929677617,-1.8170746524211288,0.5153452626269668,0.9915173317611098,0.9291921081616327,-0.7056027536085554,0.7177115883048912,0.8693266289944119,True,0.5264157950953371,70.07003282035204,65.94970349255362,john collins,23000000.0,False,False,ATL,135166020,0.0,135166020.0,23000000.0,0.14597995532498628,44.10901604205491,107.5661382970693,john collins
1629723,John Konchar,1610612763,MEM,26.0,72,1291.5283333333334,349,329,109,45,22,29,92,109.7,107.0,0.615,0.097,0.102,109.3,105.7,3.6,23.25523894817122,834.3,0.004688222638703154,-0.13258031090658323,2.4485452196545907,-0.5549560474047592,0.5532627857223129,0.005841859980603554,0.9240813582274495,0.15200790687021293,0.7661973201032051,True,0.12934126079942898,55.145618789135675,49.34368173327554,john konchar,2200000.0,False,False,MEM,117284457,0.0,117284457.0,2200000.0,0.013963300074563907,75.0417369301968,182.99999811806714,john konchar
1630257,Jon Teske,1610612763,MEM,25.0,3,7.741666666666666,0,2,1,1,0,0,-3,82.4,89.5,0.0,0.1,0.0,82.9,114.2,-31.3,23.250807319698602,5.0,-0.05666678078484211,-0.4108206241036445,0.08075663930207941,-1.217371964181325,-6.0617192085591665,-0.08833072731400265,0.01946548871503365,-3.242214181737857,0.059320648967618295,False,-2.1965949126404087,1.4024694944212566,0.8087961521865517,jon teske,53176.0,False,False,MEM,117284457,0.0,117284457.0,53176.0,0.002,2.428263041005113,5.921666396760764,jon teske
202685,Jonas Valančiūnas,1610612740,NOP,30.0,74,2240.0583333333334,1314,843,190,41,60,179,67,111.4,110.2,0.617,0.238,0.153,109.9,110.3,-0.5,34.22643011528717,2129.7,0.011979061732075781,0.6998747967944515,-0.5260994497646856,1.4033140463581815,1.3393236876006986,0.28759273352599923,-0.2123844548294639,1.849118951174248,1.0,True,1.117743991886405,86.81618258488054,86.81618258488054,jonas valanciunas,14000000.0,False,False,NOP,135793968,0.0,135793968.0,14000000.0,0.08885736411086122,69.08362819587964,168.47029862321804,jonas valanciunas
1630228,Jonathan Kuminga,1610612744,GSW,19.0,70,1184.75,652,234,64,31,22,74,35,109.5,107.5,0.6,0.227,0.098,109.6,106.1,3.4,27.77294787929943,914.0,0.00756640761840841,-0.05900523944150674,2.0790495066850565,-0.11079160752969328,0.8635739381075692,0.030743912313130135,0.7829151711604934,0.01890115829734779,0.7338410776678608,True,0.22955739884395995,59.07821431935305,52.002327083907275,jonathan kuminga,5466360.0,False,False,GSW,178980766,191029670.5,370010436.5,11300712.891496621,0.07172511143657276,44.602068394035435,108.7685169089673,jonathan kuminga
1628395,Jordan Bell,1610612741,CHI,27.0,1,2.0166666666666666,0,1,0,1,0,0,1,200.0,175.0,0.0,0.0,-0.033,232.6,162.0,70.5,51.76859504132233,2.9000000000000004,-0.0,0.4415473333076031,-0.23132057520850316,1.1830812852067898,0.04780265028529037,0.2001598043207342,-0.09976390663810793,-4.340344857463998,0.030276503540974917,False,-0.984103353742314,16.25323490599506,9.160720204179931,jordan bell,102831.0,False,False,CHI,136083814,0.0,136083814.0,102831.0,0.002,27.503392839668376,67.07095336268057,jordan bell
203903,Jordan Clarkson,1610612762,UTA,30.0,79,2140.86,1266,273,194,66,16,129,383,115.7,107.0,0.532,0.258,0.097,114.1,105.8,8.3,29.012079257868333,1725.3,-0.008944294424892632,4.131238002826998,2.704769148298898,0.6412567092214724,-0.9165253306583407,1.4489641658199908,1.021971952820126,-0.01437552884586861,0.9864675269962929,True,0.389163136848874,65.1422264599492,64.74553552051242,jordan clarkson,12420000.0,False,False,UTA,149760719,24136797.5,173897516.5,14421719.990072964,0.09153400173305709,50.98860401351066,124.34299658062099,jordan clarkson
1630692,Jordan Goodwin,1610612764,WAS,23.0,2,5.933333333333334,0,1,0,0,0,0,-8,40.0,150.0,0.0,0.25,-0.286,45.0,116.3,-71.2,4.247191011235954,0.7,-0.14166695196210527,-0.781566443859381,-0.23646779656192665,-2.8215302656399013,-15.226001996825852,-0.21381251920060765,-0.10173040743080405,-12.759346704697737,0.05193235693640042,False,-6.864418316337885,3.338136420705643e-10,1.9139858128342212e-10,jordan goodwin,53176.0,False,False,WAS,128019790,0.0,128019790.0,53176.0,0.002,5.746393572408427e-10,1.4013401820837325e-09,jordan goodwin
1629162,Jordan McLaughlin,1610612750,MIN,26.0,62,901.6083333333332,233,94,180,57,10,38,37,111.4,109.0,0.535,0.115,0.088,111.7,108.6,3.0,25.67411939774292,642.9999999999999,-0.0036417979025684206,1.245424520080983,0.5509393015675663,-0.50392492189642,-0.34483733354783497,0.472238259364531,0.19909922011500228,-0.3138657131348162,0.640173390338094,True,-0.17116592252479512,43.2046650954719,36.20888042217512,jordan mclaughlin,2000000.0,False,False,MIN,137432702,1240053.0,138672755.0,2018045.9669635252,0.012808446091352356,56.75557040976549,138.40656817203114,jordan mclaughlin
1629670,Jordan Nwora,1610612749,MIL,23.0,62,1185.2716666666668,487,221,59,25,17,57,-77,109.5,112.5,0.506,0.187,0.072,110.2,113.4,-3.2,22.27843687030962,733.5000000000001,-0.011344880067654741,0.19417934670390213,-2.4078089989840925,-0.7177048569734543,-1.175344170468038,0.11643619488161845,-0.9312933701615527,-0.8462927074262782,0.7340026215790026,True,-0.7318442283334429,23.21318251358637,20.434591951546423,jordan nwora,1517981.0,False,False,MIL,160875421,61010328.75,221885749.75,2093659.4925290344,0.013288361703700952,31.620455184761646,77.11099817274221,jordan nwora
1629673,Jordan Poole,1610612744,GSW,23.0,76,2283.3116666666665,1405,260,304,60,23,187,325,112.1,105.5,0.598,0.252,0.111,111.5,104.5,7.0,30.4105659396768,1928.8,0.007895712422197882,1.719546236834634,3.8691939150385055,0.9215120938587166,0.8990778942015851,0.6327084236129061,1.4668415377089599,0.45149809115916056,1.0,True,0.815621629140945,79.26417125273824,79.26417125273824,jordan poole,2161440.0,False,False,GSW,178980766,191029670.5,370010436.5,4468387.16663309,0.028360650389558286,94.0683247634572,229.3990512332515,jordan poole
1630648,Jordan Schakel,1610612764,WAS,24.0,4,30.266666666666666,5,8,0,1,0,1,2,101.6,93.8,0.21,0.191,0.021,97.9,94.9,2.9,13.559471365638768,11.4,-0.06812355129904843,-0.5858453453873467,0.8651040603113386,-2.0285899563372487,-7.296929483765612,-0.14756919874330252,0.3191261637194203,-2.5434037517303127,0.11729269268618465,False,-2.3389744924218303,0.9668376825901601,0.5827920732562499,jordan schakel,53176.0,False,False,WAS,128019790,0.0,128019790.0,53176.0,0.002,1.7497269840528142,4.266959266769687,jordan schakel
1630631,Jose Alvarado,1610612740,NOP,24.0,54,833.9083333333333,330,100,152,71,7,40,143,112.1,104.8,0.52,0.174,0.107,112.3,104.8,7.6,31.38474452627687,727.0,-0.008120198565625264,1.6104744113431573,3.011072762490165,0.04415480177786213,-0.8276755390124394,0.5957922201718778,1.1389955387034472,0.3183913425862949,0.6156697511038223,True,0.2426229361997868,59.585124424445176,49.27995985919465,jose alvarado,1925406.0,False,False,NOP,135793968,0.0,135793968.0,1925406.0,0.012220464428802633,78.5247926524298,191.49392718592262,jose alvarado
1630528,Josh Christopher,1610612745,HOU,20.0,74,1333.7416666666666,587,186,150,65,13,114,-272,106.9,116.1,0.534,0.205,0.083,105.7,116.1,-10.4,25.280457859780444,936.6,-0.006696900608926314,-2.519415613876548,-4.715687786221417,-0.3026988048124864,-0.6742228484296191,-0.802001019953162,-1.8130206464773855,-0.48024914885089776,0.7786181426869092,True,-0.7131361230874159,23.78807642421853,21.41826458090387,josh christopher,2259240.0,False,False,HOU,132267085,0.0,132267085.0,2259240.0,0.014339293663844436,32.2713189219103,78.69822239683121,josh christopher
1630581,Josh Giddey,1610612760,OKC,19.0,54,1700.3516666666667,674,421,345,51,20,171,-299,101.1,109.4,0.478,0.218,0.114,100.5,109.0,-8.5,28.889317994022804,1364.5,-0.019329582110955798,-6.880615361726248,0.35274393610982424,0.3428841471582788,-2.0362138192157,-2.278082825801015,0.12337849304308017,0.5513281525888097,0.8791399895421214,True,-0.3775182402298328,35.289425586978766,33.37013943150611,josh giddey,5988000.0,False,False,OKC,82022873,0.0,82022873.0,5988000.0,0.03800556402113121,35.746099458382865,87.17197124177959,josh giddey
1630182,Josh Green,1610612742,DAL,21.0,67,1038.9566666666667,319,161,79,45,14,44,70,107.5,103.8,0.578,0.13,0.072,108.7,104.9,3.7,21.056893614427292,607.6999999999999,0.0014731849797052544,-0.9612862593506358,3.4811568912280966,-0.9210267470540096,0.20663390399289688,-0.2746400815996406,1.3185916252758982,-0.8462927074262782,0.6872066867420822,True,-0.2965566818410126,38.34024933234496,32.94359120343548,josh green,2957520.0,False,False,DAL,126696965,0.0,126696965.0,2957520.0,0.01877124510751102,45.17160416285051,110.15741126142984,josh green
1628404,Josh Hart,1610612757,POR,27.0,54,1790.99,807,388,224,61,13,114,-198,108.4,113.2,0.61,0.184,0.117,107.1,112.4,-5.3,27.99613621516591,1392.8,0.007973123355890519,-1.582197036786927,-2.426195639975152,0.2902413659415177,0.9074239443028683,-0.48479213943199395,-0.9383180037650577,0.651158214018459,0.9022673459880745,True,0.1905548758567896,57.55628269379534,55.02497497556896,josh hart,12000000.0,False,False,POR,124788473,0.0,124788473.0,12000000.0,0.07616345495216677,46.213161779788955,112.69739833711405,josh hart
1628367,Josh Jackson,1610612758,SAC,25.0,51,829.9383333333334,328,141,54,26,22,47,-156,103.6,112.2,0.491,0.196,0.066,102.7,111.7,-9.0,23.32366059325693,537.7,-0.014830890338290534,-4.1086393607962135,-1.4250198356330799,-0.7859729375733259,-1.551187930315124,-1.339886096050877,-0.5558178395633787,-1.045952830285576,0.6142024885733507,True,-1.0273128633684112,15.21365836076538,12.572432169890046,josh jackson,5005350.0,False,False,SAC,130457848,0.0,130457848.0,5005350.0,0.03176872910373566,14.339582553524874,34.9691210206112,josh jackson
1629006,Josh Okogie,1610612750,MIN,23.0,49,515.79,133,70,25,26,12,23,39,104.1,101.6,0.526,0.115,0.048,105.8,101.8,4.0,18.565695341127206,266.0,-0.004676797902568422,-2.2971146637038165,4.009608895525461,-1.403651291295484,-0.45642572865912856,-0.7267615429871168,1.5204872139825,-1.6449331988634708,0.4842003717470692,True,-0.7937977911324738,21.365657939186082,16.406478649100926,josh okogie,4087904.0,False,False,MIN,137432702,1240053.0,138672755.0,4124789.090267031,0.02617984900531183,20.023686236304265,48.8306200450688,josh okogie
1626196,Josh Richardson,1610612759,SAS,28.0,65,1599.7166666666667,666,185,115,56,29,66,138,112.3,107.8,0.573,0.171,0.083,111.6,107.5,4.1,23.52341560484669,1045.3,0.0010828048579199876,1.7036178964160753,1.521056386636218,-0.36392234384976985,0.16454512015389283,0.6273173535293178,0.5697333712044446,-0.48024914885089776,0.852727353492275,True,-0.030815953884563443,48.77081585512501,45.538642649628684,josh richardson,11615328.0,False,False,SAS,127655401,0.0,127655401.0,11615328.0,0.0737219592402201,38.684619497257344,94.33797223778721,josh richardson
1630563,Joshua Primo,1610612759,SAS,19.0,50,965.04,288,113,81,20,23,57,-81,107.9,111.2,0.487,0.152,0.044,106.5,111.0,-4.5,18.305147973141008,490.7,-0.012109506792960006,-1.7020516997260495,-0.9640448862153982,-1.246216514263468,-1.2577823048989736,-0.5253578776552189,-0.37970192357697957,-1.7780399474363364,0.6623100070620597,True,-1.1693924287164439,12.112277944599715,10.271690170491302,joshua primo,925258.2214979922,False,True,SAS,127655401,0.0,127655401.0,925258.2214979922,0.005872571906015355,21.152862328163458,51.58427729153436,joshua primo
201950,Jrue Holiday,1610612749,MIL,32.0,67,2207.44,1225,301,457,108,29,183,426,118.2,109.7,0.593,0.231,0.126,117.3,108.8,8.5,34.4908128873265,2114.9,0.006082736387014724,6.535710431084799,0.3721713766055975,1.4137686540219914,0.7036121104901606,2.262776467300584,0.13080076508303917,0.9506483983074061,1.0,True,1.1032150844287871,86.50331139130174,86.50331139130174,jrue holiday,31171333.0,False,False,MIL,160875421,61010328.75,221885749.75,42992736.556145,0.27287294616369356,46.47974285091869,113.3474943704779,jrue holiday
1629308,Juan Toscano-Anderson,1610612744,GSW,29.0,73,994.1316666666668,298,176,127,48,17,68,46,109.8,106.9,0.561,0.144,0.08,111.1,106.1,5.0,23.299127043869106,643.4000000000001,-0.0008161643301726275,0.6228363254472531,2.1267956571517996,-0.7036575687937322,-0.04019200454663941,0.2615184667002254,0.8011566331637914,-0.580079210280547,0.6722187369473053,True,-0.19656569098499052,42.20837106888693,35.98257013772647,juan toscano anderson,1701593.0,False,False,GSW,178980766,191029670.5,370010436.5,3517736.4738473883,0.02232691362162246,46.43220307270654,113.23156182841203,juan toscano anderson
1627823,Juancho Hernangomez,1610612762,UTA,26.0,40,444.5516666666667,131,100,20,14,10,16,-5,113.7,113.3,0.542,0.133,0.075,113.5,112.5,1.1,20.84437129542498,257.40000000000003,-0.0032808184438399986,1.8525155032903664,-1.5077357246073517,-1.2185778159348954,-0.3059183785066292,0.6777129008898333,-0.5874195232811933,-0.7464626459966289,0.44952078861153844,True,-0.560926997917411,28.742365220367024,21.62243167739097,juancho hernangomez,1785748.367491125,False,True,UTA,149760719,24136797.5,173897516.5,2073555.791359655,0.013160764425502132,33.571697013467286,81.86938018238541,juancho hernangomez
203944,Julius Randle,1610612752,NYK,27.0,72,2543.863333333333,1447,716,370,53,39,245,-164,108.0,111.6,0.509,0.279,0.128,106.7,110.0,-3.3,32.800818702262575,2317.7999999999997,-0.01608931838970948,-2.025744266861891,-0.8553993341369692,1.4333940265776255,-1.6868651927507494,-0.6349141320489735,-0.33819378751381285,1.017201772593839,1.0,True,0.2645130715755276,60.43077031296058,60.43077031296058,julius randle,19800000.0,False,False,NYK,120644081,0.0,120644081.0,19800000.0,0.12566970067107516,42.593622632718365,103.87063493585742,julius randle
1626147,Justin Anderson,1610612754,IND,28.0,16,315.8516666666667,102,46,33,8,6,8,-15,116.7,116.9,0.493,0.149,0.067,115.4,117.2,-1.8,22.658737487533703,198.79999999999998,-0.01097650336941474,2.4297485023009835,-2.8894568294523566,-1.112530146534612,-1.1356276829772178,0.8730818765930592,-1.1153073799313566,-1.0126761431423597,0.3789049213113224,False,-0.7886133575236882,21.51690107347266,15.503082459058414,justin anderson,445828.0,False,False,IND,138181486,2363229.0,140544715.0,453452.7092798814,0.0028780437496813516,40.97803431813312,99.93079198148014,justin anderson
1630551,Justin Champagnie,1610612761,TOR,21.0,36,280.83166666666665,81,72,11,8,4,8,52,115.4,108.0,0.571,0.111,0.07,115.7,109.5,6.2,20.664336286862238,161.20000000000002,0.00048087332882525494,2.1349580203704424,0.25768378525030305,-1.3105405502700984,0.09964794788474493,0.7733077566093698,0.08706067238150543,-0.9128460817127105,0.3572824618922087,False,-0.45748650554999476,32.3660699744719,23.005061608974213,justin champagnie,925258.2214979922,True,True,TOR,134896484,0.0,134896484.0,925258.2214979922,0.005872571906015355,47.3751537467056,115.53108178392387,justin champagnie
203200,Justin Holiday,1610612758,SAC,33.0,74,2056.81,749,190,128,57,33,70,-206,108.8,113.9,0.543,0.156,0.057,107.8,113.3,-5.5,20.20876989123935,1154.6000000000001,-0.0036921780243536822,-1.1615422366688004,-3.1562588964266545,-0.555868008868214,-0.3502690600555923,-0.3424182668977037,-1.2172393622909186,-1.3454430145745235,0.9669093216861839,True,-0.8290889099760428,20.352704932348527,20.049636767068964,justin holiday,6006420.0,False,False,SAC,130457848,0.0,130457848.0,6006420.0,0.03812247492448279,21.45409899675668,52.31888595120505,justin holiday
1628382,Justin Jackson,1610612756,PHX,27.0,7,36.46666666666667,15,7,2,0,0,1,-13,84.4,100.0,0.472,0.177,0.096,81.6,108.3,-26.8,21.027422303473493,21.3,-0.016756201989170535,-1.8301699078580718,0.31516707722002857,-1.3916411101091475,-1.7587651643351954,-0.568720476700298,0.1090222185174732,-0.04765221598908501,0.12874687404266394,False,-0.6949754557017156,24.353534167416687,14.805392420254929,justin jackson,308493.0,False,False,PHX,136476474,0.0,136476474.0,308493.0,0.002,44.450492407127534,108.39887720640161,justin jackson
1629620,Justin Robinson,1610612765,DET,24.0,25,303.7283333333333,78,21,32,9,1,17,-123,93.8,111.3,0.404,0.153,0.023,95.3,111.2,-15.8,16.06040485741096,135.5,-0.02488817460080842,-5.647291310667958,-0.6135305044624703,-1.7188587323696631,-2.635512770926176,-1.8606547560641713,-0.24578757207739363,-2.47685037744388,0.37156201815219664,False,-1.8840630611857412,2.9778223001836266,2.1357028137006746,justin robinson,265953.0,False,False,DET,131120355,0.0,131120355.0,265953.0,0.002,6.412058458809033,15.636720762293688,justin robinson
1626159,Justise Winslow,1610612757,POR,26.0,48,774.6633333333333,274,202,84,35,25,49,28,108.1,105.9,0.479,0.178,0.093,108.9,105.8,3.1,27.483422906294777,591.4,-0.015604869797018955,-0.6465785048556646,2.295110638737851,-0.3927154909099373,-1.6346344285263432,-0.16812480657737183,0.8654615312796374,-0.1474822774187342,0.5933967449941877,True,-0.28301821152671625,38.85814383604851,31.748212340798897,justise winslow,3902439.0,False,False,POR,124788473,0.0,124788473.0,3902439.0,0.024768603081673224,39.50671308748132,96.34276492540589,justise winslow
203994,Jusuf Nurkić,1610612757,POR,27.0,56,1578.485,842,619,157,62,34,143,13,109.9,110.1,0.586,0.233,0.142,108.3,109.2,-0.9,34.1940531585666,1499.3,0.004504400771317881,-0.5345754171117616,0.04288611447526349,0.8973290730061435,0.5334440541591403,-0.13021649474206318,0.004997018840074918,1.4830753925988676,0.8470496926498361,True,0.730488572769769,76.745420229825,71.46321420448385,jusuf nurkic,12000000.0,False,False,POR,124788473,0.0,124788473.0,12000000.0,0.07616345495216677,60.01894741073212,146.36477928847887,jusuf nurkic
1629752,Juwan Morgan,1610612738,BOS,25.0,2,30.965,5,4,1,0,0,0,-17,106.2,132.3,0.833,0.04,0.033,107.0,131.3,-24.2,10.695947036977232,9.2,0.010653287686063155,-0.17285016342257567,-1.2878748786014382,-2.271548580135776,1.196385525209631,-0.007787783250560222,-0.5034214788477818,-2.1440835060117163,0.11863810517704672,False,-1.1083357573707655,13.385841913781793,8.07684496696274,juwan morgan,95930.0,False,False,BOS,136557646,0.0,136557646.0,95930.0,0.002,24.24925497998666,59.13527321242471,juwan morgan
1630231,KJ Martin,1610612745,HOU,21.0,79,1656.325,696,297,101,34,40,60,-238,108.5,115.4,0.603,0.158,0.095,107.4,114.9,-7.5,24.258282643804808,1116.1,0.0057404863599494664,-1.3856244414573986,-4.212030503483536,-0.2455018211682909,0.6667124667732438,-0.4182606232735625,-1.620597904624159,-0.08092890313230142,0.8676836981296814,True,-0.2914760354004349,38.53436347810222,36.239937466445106,kj martin,1517981.0,False,False,HOU,132267085,0.0,132267085.0,1517981.0,0.009634556459312087,62.757189685158345,153.04237433845657,kj martin
1629644,KZ Okpala,1610612748,MIA,23.0,21,244.07166666666663,77,41,14,4,7,5,6,106.9,104.2,0.521,0.141,0.068,109.2,103.8,5.4,20.811919996175988,141.1,-0.006439160906627369,-0.4473911894746953,1.8554452372374677,-1.314155310272802,-0.6464346747716463,-0.10070831818229369,0.6974869482560208,-0.9793994559991434,0.33307906969166745,False,-0.6298070710726313,26.44104093653712,18.505703307664902,kz okpala,1782621.0,False,False,MIA,140840240,6351360.0,147191600.0,1863010.4378095353,0.011824442629626918,29.82974284458821,72.74409025872947,kz okpala
1630539,Kai Jones,1610612766,CHA,21.0,21,62.685,22,11,4,1,2,6,-14,93.4,104.4,0.628,0.15,0.065,99.1,105.9,-6.8,19.009332376166547,33.1,0.009199828822736839,-1.4286263610960366,0.480869341713054,-1.5522101178343004,1.0396810402638643,-0.43281495576576745,0.1723289255935831,-1.0792295174287925,0.16879923524169718,False,-0.5949421331734609,27.594107616861486,17.272798107580307,kai jones,2770560.0,False,False,CHA,122139566,0.0,122139566.0,2770560.0,0.017584618479356263,24.231668335802865,59.092385667650376,kai jones
1626157,Karl-Anthony Towns,1610612750,MIN,26.0,74,2475.4566666666665,1818,727,269,72,83,226,275,116.9,111.6,0.64,0.272,0.159,114.3,110.5,3.8,39.43272419769013,2711.5,0.019946356265229472,4.738913191986507,-1.1011215445611104,2.3063138205931866,2.1983165478264017,1.6546365363702642,-0.4320721907149357,2.0487790740335465,1.0,True,1.7043443113806203,95.58416094045893,95.58416094045893,karl anthony towns,31650600.0,False,False,MIN,137432702,1240053.0,138672755.0,31936182.840987872,0.2026975019294784,56.990982652517445,138.98065456372342,karl anthony towns
1626208,Keifer Sykes,1610612754,IND,28.0,32,566.4033333333333,180,45,62,12,4,33,-69,108.5,112.9,0.456,0.174,0.039,107.1,115.5,-8.4,18.20963859675967,286.5,-0.019256198565625264,-1.0537210701367332,-2.572564298577289,-1.4172774479146462,-2.0283019814852548,-0.305925358660298,-0.9942382884008699,-1.9444233831524182,0.5074012816362022,False,-1.4369162212063502,7.5370900090084385,5.866347613624875,keifer sykes,558345.0,False,False,IND,138181486,2363229.0,140544715.0,567894.0150974712,0.00360439751970678,14.331561340259702,34.9495601459236,keifer sykes
1628966,Keita Bates-Diop,1610612759,SAS,26.0,59,956.5483333333332,335,231,41,27,14,45,4,107.0,106.2,0.578,0.144,0.092,107.4,106.8,0.6,21.772031035197738,578.5,0.0016318356698273584,-1.5787004047486677,2.0072536438844346,-0.8840996029232582,0.2237388082383314,-0.48360867725831935,0.7554854937840152,-0.18075896456195062,0.659389639719716,True,-0.20091024638479565,42.03843778093683,35.595010433753494,keita bates diop,1729217.0,False,False,SAS,127655401,0.0,127655401.0,1729217.0,0.010975261756835079,58.892645829821404,143.6181319476962,keita bates diop
1629103,Kelan Martin,1610612738,BOS,26.0,30,449.70166666666665,171,55,21,13,9,14,-53,102.4,108.6,0.484,0.18,0.06,102.8,109.2,-6.4,21.286111903817716,265.9,-0.014880205412715796,-3.3164822805933682,0.31085126646151917,-1.1745831427691915,-1.5565048288754224,-1.071774401777415,0.10737335892994246,-1.2456129531448745,0.45211707387008565,False,-1.0454655523941945,14.790392675087904,11.143861047240978,kelan martin,993760.0,False,False,BOS,136557646,0.0,136557646.0,993760.0,0.006307349582772103,22.382388220121875,54.58265186439108,kelan martin
1629640,Keldon Johnson,1610612759,SAS,22.0,75,2391.725,1278,457,158,58,14,92,75,113.2,111.1,0.574,0.21,0.102,111.4,110.3,1.1,27.78429794395259,1845.9,0.001539760351831564,2.047958574127939,-0.8300118877207204,0.634114186590549,0.21381171938372978,0.7438621207426076,-0.3284944895675766,0.15200790687021293,1.0,True,0.2985078212925153,61.734219622412034,61.734219622412034,keldon johnson,2145720.0,False,False,SAS,127655401,0.0,127655401.0,2145720.0,0.013618787379996939,94.7097435370064,230.96324256402494,keldon johnson
1629833,Keljin Blevins,1610612757,POR,26.0,31,349.3533333333333,95,45,19,13,1,17,-208,97.1,124.9,0.41,0.161,0.025,97.0,125.4,-28.4,16.477300917886378,159.89999999999998,-0.0252235170635958,-5.184199351447264,-6.40976810709639,-1.6642635735916764,-2.6716676764673477,-1.7039176986117732,-2.460245637428238,-2.410297003157447,0.39849337472155005,False,-2.1645296462212573,1.521186193345554,1.1094345852347989,keljin blevins,1785748.367491125,True,True,POR,124788473,0.0,124788473.0,1785748.367491125,0.011334063778609635,1.8150302765823052,4.426210676703291,keljin blevins
203482,Kelly Olynyk,1610612765,DET,31.0,40,763.7166666666667,365,177,111,31,19,58,-70,108.4,113.3,0.561,0.207,0.105,107.8,113.2,-5.4,31.54939659123147,669.3,-0.0011732362246231521,-0.9693079998751327,-2.189849825570111,0.011961111158381,-0.07868966603560872,-0.277355101760155,-0.8480218615428473,0.25183796829986216,0.5891892220619276,True,-0.10206832612123778,45.93512208871894,37.44333263074281,kelly olynyk,12195122.0,False,False,DET,131120355,0.0,131120355.0,12195122.0,0.07740188542359815,31.270052395120437,76.2564909016145,kelly olynyk
1626162,Kelly Oubre Jr.,1610612766,CHA,26.0,76,1999.18,1137,302,84,77,31,67,-26,112.3,112.4,0.56,0.223,0.086,111.1,111.6,-0.4,28.87663942216309,1603.6000000000001,-0.0014869211501978888,1.5487471758202747,-1.8426722825683386,0.5326933133683529,-0.1125095669201405,0.5749001596040176,-0.7153823524482575,-0.380419087421249,0.9532671093760562,True,-0.018901161848943485,49.245997634291925,48.21036411479226,kelly oubre,12000000.0,False,False,CHA,122139566,0.0,122139566.0,12000000.0,0.07616345495216677,40.48985678391741,98.74030130925786,kelly oubre
202689,Kemba Walker,1610612752,NYK,32.0,37,947.69,431,111,131,26,7,48,-182,105.4,114.5,0.537,0.202,0.098,104.1,113.0,-8.9,26.44282413025356,696.0999999999999,-0.005992897185381051,-3.288761151852415,-2.6077066821393937,-0.3967843350598992,-0.5983208076699359,-1.062391971222093,-1.007664469321989,0.01890115829734779,0.6563293242101725,False,-0.4937823235078732,31.0729959090916,26.267501032790175,kemba walker,34967442.0,False,False,NYK,120644081,0.0,120644081.0,34967442.0,0.22193676612995866,15.172448466623194,37.00018355680182,kemba walker
1629026,Kenrich Williams,1610612760,OKC,27.0,49,1072.3183333333334,363,220,108,44,10,46,25,102.0,100.3,0.532,0.153,0.101,102.2,100.4,1.8,24.192069830010055,720.6,-0.00530417460080842,-5.1312914679437,6.312896706870095,-0.5668126861593774,-0.5240662686463978,-1.6860106159875399,2.400460503610696,0.11873121972699699,0.698152865955891,True,-0.07752626277523159,46.910244973432704,40.53836962229072,kenrich williams,2000000.0,False,False,OKC,82022873,0.0,82022873.0,2000000.0,0.01269390915869446,63.741905907403826,155.44374555119086,kenrich williams
203145,Kent Bazemore,1610612747,LAL,32.0,39,544.6133333333333,132,69,34,25,9,21,-118,99.8,108.7,0.451,0.128,0.032,99.8,108.7,-8.9,17.946677765264656,271.50000000000006,-0.014805479404597897,-5.132160343194634,0.47780565727336544,-1.4514020686903613,-1.5484482536880313,-1.6863046935404173,0.17115844205197064,-2.1773601931549327,0.4975454905348004,False,-1.4755977508955418,7.002595463907922,5.419276912947433,kent bazemore,2401537.0,False,False,LAL,164409293,75663995.25,240073288.25,3506765.7911772677,0.02225728319701077,7.000728604425993,17.072277026673238,kent bazemore
203484,Kentavious Caldwell-Pope,1610612764,WAS,29.0,77,2328.77,1018,261,145,83,26,97,-229,109.1,113.8,0.568,0.185,0.08,108.6,112.9,-4.3,23.22685366094548,1502.5000000000002,0.000246455548042091,-0.6947421717875912,-2.9995163051958222,-0.023912933783582502,0.07437422426818044,-0.18442617238759082,-1.157355706869792,-0.580079210280547,1.0,True,-0.37011314477844004,35.564909418479445,35.564909418479445,kentavious caldwell pope,13038862.0,False,False,WAS,128019790,0.0,128019790.0,13038862.0,0.08275706488037658,29.013964878387114,70.7546991227217,kentavious caldwell pope
1630553,Keon Johnson,1610612757,POR,20.0,37,696.2466666666667,267,81,76,28,12,46,-287,100.8,119.8,0.453,0.207,0.052,100.1,118.1,-18.0,23.33483344025585,451.30000000000007,-0.02352923622462316,-5.391834895708439,-5.333412339614507,-0.8540062346483877,-2.4889990004395477,-1.7741935554519352,-2.049022897110618,-1.5118264502906056,0.5625617811189786,False,-1.6138818116995939,5.327653226545222,4.278919614339172,keon johnson,2553240.0,False,False,POR,124788473,0.0,124788473.0,2553240.0,0.016205298310172523,6.1769106470460615,15.063279223352241,keon johnson
1630556,Kessler Edwards,1610612751,BKN,21.0,48,987.195,284,172,31,29,24,42,-60,112.2,115.5,0.516,0.132,0.051,111.2,114.3,-3.2,18.262653275188786,500.7999999999999,-0.006688150635991581,1.2984477579650942,-3.427533250074256,-1.2417329751008381,-0.6732794711957504,0.4901843845715841,-1.3208799860094471,-1.545103137433822,0.6698693902545481,True,-0.9995604459003982,15.876163653071885,13.517620238828645,kessler edwards,463211.0,False,False,BKN,174811922,125581090.5,300393012.5,795971.7284793511,0.005051996407102948,29.34305526439672,71.5572330522928,kessler edwards
201142,Kevin Durant,1610612751,BKN,33.0,55,2047.4066666666668,1643,407,351,48,52,191,269,116.2,109.7,0.634,0.31,0.18,114.6,107.6,6.9,41.522771896806034,2361.5,0.02087297956698947,4.497702631463523,0.9455553274787408,2.2029538916170095,2.2982203228178277,1.5729969554402947,0.34986264653123467,2.74758950404109,0.9646965294533789,True,2.008177312834983,97.76877735243204,96.2155676341937,kevin durant,42018900.0,False,False,BKN,174811922,125581090.5,300393012.5,72204365.74649782,0.4,45.221139454415955,110.27821014794398,kevin durant
1628989,Kevin Huerter,1610612737,ATL,23.0,74,2188.4566666666665,892,254,203,55,26,91,168,116.4,112.5,0.57,0.169,0.072,115.5,111.9,3.7,23.023348265215823,1399.6,0.0005631404736168294,5.060021928901436,-2.0542025462529905,-0.12320135224435583,0.1085175697762234,1.76331827342957,-0.7961976900164427,-0.8462927074262782,0.99737306475713,True,-0.12334242731056969,45.09179725873255,45.03849330461006,kevin huerter,4253357.0,False,False,ATL,135166020,0.0,135166020.0,4253357.0,0.026995863688748598,54.3809732627598,132.61577372603605,kevin huerter
1628995,Kevin Knox II,1610612737,ATL,22.0,30,222.49,93,44,10,4,2,7,-70,98.5,113.7,0.491,0.187,0.067,100.6,115.4,-14.7,22.782147512247743,140.8,-0.014149880067654743,-3.043738345236509,-1.5716262300905322,-1.148437259265855,-1.477764893450819,-0.9794621060991208,-0.6118289514078593,-1.0126761431423597,0.31801229250112045,False,-1.0512705504028415,14.656717434797539,10.158651929530146,kevin knox,5845978.0,False,False,ATL,135166020,0.0,135166020.0,5845978.0,0.03710415683786316,10.973756859785873,26.761074128080878,kevin knox
201567,Kevin Love,1610612739,CLE,33.0,74,1664.865,1007,536,160,26,18,98,95,108.9,107.4,0.594,0.239,0.152,108.4,107.7,0.7,33.780036219152905,1562.2,0.006532393924227355,-0.802805067000407,1.5661248088516715,0.9126693297430556,0.7520918814343676,-0.22100089556772654,0.5869518045934237,1.8158422640310317,0.8699177077067797,True,0.940626430214083,82.65518337257554,77.81679429721605,kevin love,31258256.0,False,False,CLE,136385911,0.0,136385911.0,31258256.0,0.19839473106160804,46.74712869501217,113.99955295770677,kevin love
1630698,Kevin Pangos,1610612739,CLE,29.0,24,166.01333333333332,39,11,30,3,0,7,-35,104.9,117.1,0.408,0.143,0.046,107.0,118.9,-12.0,18.54067946349691,85.5,-0.022689496522324215,-0.8684136209059149,-2.1345819577474585,-1.5498543030855358,-2.3984625698204423,-0.24320661837958749,-0.8269067203003624,-1.7114865731499036,0.2747009393151142,False,-1.421195933991414,7.762990321124566,5.229270006516688,kevin pangos,1569178.0,False,False,CLE,136385911,0.0,136385911.0,1569178.0,0.009959501492910928,8.951072156823873,21.828468461186457,kevin pangos
1629645,Kevin Porter Jr.,1610612745,HOU,22.0,61,1907.1533333333332,949,267,376,69,22,192,-281,108.3,114.9,0.531,0.239,0.096,106.1,113.4,-7.3,30.000104868337807,1589.3000000000002,-0.008524606075772632,-2.110575783083989,-3.4730078924533823,0.615909915221353,-0.8712766839673176,-0.6636260152227872,-1.338253616196664,-0.04765221598908501,0.9310681386385632,True,-0.2912916332994026,38.54141429024669,37.345885148308646,kevin porter,1782621.0,False,False,HOU,132267085,0.0,132267085.0,1782621.0,0.011314214519190539,61.135204041951084,149.0869305841287,kevin porter
1626172,Kevon Looney,1610612744,GSW,26.0,82,1732.3433333333332,491,596,165,50,52,67,168,113.2,107.2,0.586,0.12,0.102,112.5,105.7,6.7,26.171717307770017,1259.4,0.0023198630581894664,2.433671085257508,2.5736479750231758,0.030070449538200664,0.2979183947696766,0.8744095051514416,0.971876984393238,0.15200790687021293,0.8873718430730084,True,0.3747507170927675,64.60770652219661,61.33321541320287,kevon looney,5178572.0,False,False,GSW,178980766,191029670.5,370010436.5,10705763.133043459,0.06794899234267693,53.61037287743143,130.73655457635076,kevon looney
203920,Khem Birch,1610612761,TOR,29.0,55,991.1683333333332,247,239,56,30,26,29,21,112.3,112.4,0.534,0.108,0.068,111.7,111.2,0.5,20.706472664414555,570.0999999999999,-0.003528123247629473,1.5261955370958242,-1.3716123497890969,-0.9805602870591636,-0.3325815148913449,0.5672673829513023,-0.5354134590176992,-0.9793994559991434,0.6712161057409607,True,-0.5840690472081952,27.958692928978923,23.822127356166863,khem birch,6350000.0,False,False,TOR,134896484,0.0,134896484.0,6350000.0,0.04030316157885491,24.999366496453096,60.96452732776303,khem birch
203114,Khris Middleton,1610612749,MIL,30.0,66,2141.29,1325,356,358,76,18,190,302,115.0,109.6,0.577,0.255,0.122,114.4,108.9,5.6,33.83642570599966,2012.6,0.002634708998652614,4.050325224432664,0.35384616432714605,1.2769802430263675,0.3318634703286993,1.4215786097909733,0.12379960037736136,0.8175416497345405,0.9865665899287469,True,0.8460938077515091,80.12497925668079,79.64062099019324,khris middleton,35500000.0,False,False,MIL,160875421,61010328.75,221885749.75,48963005.45578682,0.31076597169620956,40.88839648031675,99.71219730573372,khris middleton
1630165,Killian Hayes,1610612765,DET,20.0,66,1646.9716666666666,453,210,277,78,35,111,-367,102.6,112.9,0.461,0.154,0.066,101.5,112.0,-10.5,23.475813690379212,1074.0,-0.016272842408656844,-5.909773803042745,-2.104599283484662,-0.34502034024078393,-1.7066518118219676,-1.9494939869521972,-0.8154518112034913,-1.045952830285576,0.8652303074028815,True,-1.0707805756425173,14.213405141358143,13.35141383261153,killian hayes,5572680.0,False,False,DET,131120355,0.0,131120355.0,5572680.0,0.03536954684523672,14.666418917080389,35.766158194353736,killian hayes
1629681,Killian Tillie,1610612763,MEM,24.0,36,460.5916666666666,118,60,22,23,15,13,29,109.2,105.8,0.452,0.128,0.034,107.5,105.6,1.9,19.79019739103689,253.2,-0.014677479404597897,-0.7019251665654757,1.8874883691998559,-1.3107266329500156,-1.5346479497515622,-0.1868573125591372,0.7097290571683551,-2.1108068188685,0.45755857382945897,False,-1.1126901346694056,13.292076698304816,10.04749882985631,killian tillie,1901625.0,False,False,MEM,117284457,0.0,117284457.0,1901625.0,0.012069527501951177,16.07990660953888,39.213149903786395,killian tillie
1630184,Kira Lewis Jr.,1610612740,NOP,21.0,24,341.14,141,39,49,11,1,26,-107,94.9,109.0,0.466,0.209,0.079,94.8,109.9,-15.1,23.923315940669525,226.70000000000002,-0.02103957184032,-6.0040004143520385,0.031014115405702758,-0.9837383248406149,-2.220576147289658,-1.9813857127666186,0.00046131035230005646,-0.6133558974237634,0.3937812036697998,False,-1.0601664328928793,14.453444457438652,10.510567091622413,kira lewis,3822240.0,False,False,NOP,135793968,0.0,135793968.0,3822240.0,0.024259583671364156,13.174499653242073,32.12789989112866,kira lewis
202691,Klay Thompson,1610612744,GSW,32.0,32,940.8516666666668,652,125,88,16,17,43,66,111.4,108.0,0.547,0.284,0.114,111.4,107.2,4.3,33.35403561666646,871.7,-0.005585657428951574,1.1466987605276089,1.368959757292738,0.3255496500220482,-0.5544143044375887,0.4388237620081335,0.5116247099222891,0.5513281525888097,0.6539570692980148,False,0.3061909834060801,62.02703814298665,52.368230015193326,klay thompson,37980720.0,False,False,GSW,178980766,191029670.5,370010436.5,78518284.95238578,0.4,24.61297158794062,60.022248131901826,klay thompson
1627739,Kris Dunn,1610612757,POR,28.0,14,336.345,106,49,79,23,3,32,-92,105.8,117.8,0.482,0.176,0.088,106.3,115.9,-9.6,28.1175578646925,262.7,-0.014901534181322111,-1.425219823655598,-2.8326299122397343,-0.60170674359597,-1.55880438738603,-0.43166198680596457,-1.0935966023929529,-0.3138657131348162,0.3910039525491922,False,-0.7071958463271796,23.97223897320299,17.40268952075092,kris dunn,5317430.0,False,False,POR,124788473,0.0,124788473.0,5317430.0,0.03374948668885834,19.433007297043268,47.39016505035442,kris dunn
204001,Kristaps Porziņģis,1610612764,WAS,26.0,51,1480.618333333333,1030,411,119,37,84,81,33,109.9,109.5,0.577,0.286,0.15,110.3,108.8,1.5,39.396243236215504,1620.3,0.002955006955351559,0.37085593671550593,0.40104059098763306,1.4321196042909448,0.36639635433397644,0.17623375406563693,0.14183027577797522,1.7492888897445988,0.8203708510992654,True,0.985485625622754,83.78072056510169,77.00846377687192,kristaps porzingis,31650600.0,False,False,WAS,128019790,0.0,128019790.0,31650600.0,0.20088492060908744,46.06001164883769,112.32391985937129,kristaps porzingis
203937,Kyle Anderson,1610612763,MEM,28.0,69,1483.6566666666668,521,368,183,77,45,71,59,110.3,108.3,0.506,0.156,0.105,109.8,106.8,3.0,28.9910738558112,1194.8,-0.009464178024353688,0.26633612462436035,1.6577876499379924,0.21598126082312197,-0.9725765156907482,0.1408582147878397,0.6219716798387616,0.25183796829986216,0.8212121491669457,True,0.09808471253611707,53.90674866917637,49.569706386194525,kyle anderson,9937150.0,False,False,MEM,117284457,0.0,117284457.0,9937150.0,0.06307063969816033,44.472748013580606,108.45315068281137,kyle anderson
1629657,Kyle Guy,1610612748,MIA,24.0,19,185.7333333333333,74,17,17,7,1,13,-48,96.5,110.1,0.526,0.182,0.064,98.1,110.9,-12.8,21.107681263460165,108.9,-0.007401541028412632,-3.300054978690878,-0.2609753687134181,-1.314948288820319,-0.7501935668267464,-1.0662144543181427,-0.1110935485809143,-1.1125062045720089,0.2905585008638405,False,-0.9516141690355531,17.064634649524095,11.616772654937945,kyle guy,383079.0,False,False,MIA,140840240,6351360.0,147191600.0,400354.4082032238,0.0025410312445073016,32.073705716585835,78.21631435895995,kyle guy
1628398,Kyle Kuzma,1610612764,WAS,26.0,66,2204.27,1130,561,233,42,57,169,-281,108.2,114.3,0.547,0.238,0.118,108.1,113.0,-4.9,29.70289483593208,1818.7000000000003,-0.004680938267924207,-1.2258456310135628,-3.18179491701176,0.774008578239461,-0.45687212163036184,-0.3641822483556414,-1.226995423139072,0.6844349011616749,1.0,True,0.0916251459396064,53.65020640433058,53.65020640433058,kyle kuzma,13000000.0,False,False,WAS,128019790,0.0,128019790.0,13000000.0,0.08251040953151399,43.81375637304034,106.84610540491667,kyle kuzma
200768,Kyle Lowry,1610612748,MIA,36.0,63,2133.155,844,282,474,67,17,168,250,112.5,106.6,0.6,0.178,0.112,111.8,105.9,5.9,27.866329450977542,1651.2,0.005933130202981043,1.9735121925083992,2.7839320686660995,0.4855919899963961,0.6874823385335971,0.7186651667452609,1.052216221516809,0.4847747783023769,0.9846907682571768,True,0.6355849900091621,73.7476522335828,73.23959327924292,kyle lowry,26984128.0,False,False,MIA,140840240,6351360.0,147191600.0,28201009.70379488,0.1789905276817166,45.61131136502504,111.22970010310857,kyle lowry
202681,Kyrie Irving,1610612751,BKN,30.0,29,1091.505,796,127,167,41,17,73,121,118.9,113.8,0.592,0.283,0.135,117.0,112.3,4.7,37.622548682782025,1140.7,0.007169010378896825,5.566275853008578,-2.2519493520949716,0.8998446834845477,0.8207286046015246,1.9346638319268796,-0.8717470444623597,1.2501385825963538,0.7043710927938741,False,0.8825495544599498,81.12601528046497,70.33357742095687,kyrie irving,35328700.0,False,False,BKN,174811922,125581090.5,300393012.5,60708071.27621851,0.3853113709899331,33.49235767995014,81.67589988091221,kyrie irving
200746,LaMarcus Aldridge,1610612751,BKN,36.0,47,1050.085,607,258,42,14,47,44,19,111.3,111.1,0.604,0.219,0.128,110.4,109.9,0.6,31.183761314560247,909.5999999999999,0.00817575008119578,0.7560825944601598,-0.5172430349366758,0.1729977659073434,0.9292701192627437,0.3066166976363422,-0.20900085315705022,1.017201772593839,0.6908772420888993,True,0.5024428678162929,69.23219844426231,59.601636790559766,lamarcus aldridge,2641691.0,False,False,BKN,174811922,125581090.5,300393012.5,4539424.476919472,0.02881152097138495,70.34401835834046,171.54394012984935,lamarcus aldridge
1630163,LaMelo Ball,1610612766,CHA,20.0,75,2422.0666666666666,1508,501,571,119,30,245,99,114.0,112.5,0.554,0.271,0.132,112.9,111.8,1.1,39.19314084390741,2636.9,-0.0034329759269221,3.06364780278159,-2.041990444321128,2.226578773484177,-0.32232321844991946,1.087630000567534,-0.7915320449080347,1.1503085211667046,1.0,True,0.8978034603024927,81.53548302166715,81.53548302166715,lamelo ball,8231760.0,False,False,CHA,122139566,0.0,122139566.0,8231760.0,0.05224660682808736,78.13461356061143,190.54241971835307,lamelo ball
1630205,Lamar Stevens,1610612739,CLE,24.0,63,1014.86,383,164,44,31,18,41,-40,108.4,109.7,0.544,0.169,0.068,109.4,109.6,-0.2,21.503655676645057,606.2,-0.003830859526383156,-0.43137694558812684,-0.015763139864839015,-0.8845922533629224,-0.3652209887928798,-0.0952881734051532,-0.017409984323707526,-0.9793994559991434,0.6791906948714772,True,-0.5866557721187347,27.87174586648059,23.848063925615605,lamar stevens,1517981.0,False,False,CLE,136385911,0.0,136385911.0,1517981.0,0.009634556459312087,41.29801473276247,100.71110994412881,lamar stevens
202362,Lance Stephenson,1610612754,IND,31.0,46,813.9783333333334,384,127,165,24,4,72,-113,110.4,117.4,0.536,0.219,0.096,110.2,118.8,-8.6,29.362452317526877,663.9,-0.0067162499188042095,0.39404435292005213,-5.3420713513547655,-0.17656196881828404,-0.6763089918458369,0.18408205298449162,-2.052331080746408,-0.04765221598908501,0.6082681575712734,True,-0.4401198599424596,32.99251493390757,27.17661653626997,lance stephenson,1614825.0,False,False,IND,138181486,2363229.0,140544715.0,1642442.3124229175,0.01042450675614629,45.78182574542281,111.6455237842811,lance stephenson
1629013,Landry Shamet,1610612756,PHX,25.0,69,1437.3833333333334,573,126,108,28,9,41,137,107.8,102.9,0.55,0.16,0.069,107.3,102.9,4.4,20.902983430539294,834.6000000000001,-0.0026668492557473658,-1.5906075225808598,4.983083559305002,-0.7528533411319402,-0.23972336754330476,-0.4876387334374364,1.8924041311981965,-0.9461227688559269,0.8083044355971707,True,-0.2972938614071448,38.31210838963352,35.0071908310876,landry shamet,3768342.0,False,False,PHX,136476474,0.0,136476474.0,3768342.0,0.0239174955134465,44.09851026747425,107.54051846459825,landry shamet
204038,Langston Galloway,1610612749,MIL,30.0,7,106.7,14,18,12,1,0,6,-12,93.4,100.0,0.269,0.118,0.029,93.6,95.6,-1.9,12.55107778819119,37.2,-0.03512480132611368,-2.835702818883731,2.155538854788702,-2.092933123709532,-3.7391733966558283,-0.9090508722246067,0.8121379990419065,-2.277190254584582,0.2202271554554524,False,-1.7818032977785365,3.7390657152407503,2.4270358563202277,langston galloway,386127.0,False,False,MIL,160875421,61010328.75,221885749.75,532561.6452852562,0.0033801445733279522,6.064095019674279,14.788162195931504,langston galloway
1626204,Larry Nance Jr.,1610612740,NOP,29.0,46,1040.0716666666667,321,248,81,43,20,37,-60,110.7,112.6,0.59,0.128,0.098,110.5,111.6,-1.1,23.910660002595975,690.8000000000001,0.002986520595402098,0.6321806968173251,-1.6096921656502052,-0.6143063773078588,0.369793993481179,0.26468114150622335,-0.6263720781383677,0.01890115829734779,0.6875753402245084,True,-0.1466907883104052,44.16880449053029,37.959063818490435,larry nance,10690909.0,False,False,NOP,135793968,0.0,135793968.0,10690909.0,0.06785471383493452,33.19553226330389,80.95204868943213,larry nance
1628374,Lauri Markkanen,1610612739,CLE,25.0,61,1877.5866666666664,900,345,81,45,30,54,172,113.9,109.9,0.582,0.192,0.097,113.6,109.1,4.5,25.65996065871794,1338.3000000000002,0.0029437808931031457,3.2189015718703,0.15515344330675906,0.04995086849664332,0.3651860178414934,1.1401768402196593,0.04788885814171554,-0.01437552884586861,0.9238227561867507,True,0.2411628159008305,59.52855354721168,57.48792903537447,lauri markkanen,15690909.0,False,False,CLE,136385911,0.0,136385911.0,15690909.0,0.09958948673167067,43.95609391914956,107.19321584952627,lauri markkanen
2544,LeBron James,1610612747,LAL,37.0,56,2084.335,1695,459,349,73,59,196,-117,110.9,113.5,0.619,0.317,0.18,110.1,112.0,-1.9,43.336411853180984,2509.1,0.016589304912050518,0.6259394961074748,-2.406295837451978,2.4735529410679167,1.8363764774810534,0.2625687588255179,-0.930715265365185,2.74758950404109,0.9733575910219224,True,1.617899582120514,94.71578798178642,93.58023243974519,lebron james,41180544.0,False,False,LAL,164409293,75663995.25,240073288.25,60132541.35217167,0.38165850870295265,44.711067527077276,109.03432686963069,lebron james
1630195,Leandro Bolmaro,1610612750,MIN,21.0,35,240.945,50,43,21,6,0,13,3,102.6,102.5,0.419,0.122,0.038,105.7,104.6,1.1,15.613521758077571,104.5,-0.018015472557507375,-1.6857344671572487,1.904442747715006,-1.7812486588152174,-1.894533262626591,-0.5198351840137571,0.7162064935365303,-1.9777000702956347,0.33093874742232066,False,-1.2933464787580675,9.794562607779344,6.845639560714238,leandro bolmaro,2353320.0,False,False,MIN,137432702,1240053.0,138672755.0,2374553.9674873017,0.015071186177850663,10.136302863792068,24.71882289616457,leandro bolmaro
1629623,Lindell Wigginton,1610612749,MIL,24.0,19,199.12833333333333,80,25,23,5,1,12,-47,107.3,119.2,0.524,0.183,0.06,110.3,119.4,-9.2,22.761200900591746,125.89999999999999,-0.007808208836261053,-0.15491767784138621,-2.763795323043777,-1.1620965420077238,-0.7940384054946046,-0.0017183947266629332,-1.067298282401579,-1.2456129531448745,0.30085358363808595,False,-0.9436662838388203,17.26701042933323,11.834534621004774,lindell wigginton,233973.0,False,False,MIL,160875421,61010328.75,221885749.75,322704.8246621636,0.0020481928646669642,35.2361572301238,85.92840425320446,lindell wigginton
1630322,Lindy Waters III,1610612760,OKC,24.0,25,465.25,199,73,24,19,8,11,-39,108.5,113.2,0.562,0.166,0.082,108.5,114.1,-5.6,25.232885545405697,326.1,-0.00077485610283789,-0.5513626867851614,-1.9875389888217996,-0.794077255391854,-0.035738363200575815,-0.13589827607917906,-0.7707288147668502,-0.5135258359941142,0.45986658144213166,False,-0.49393188275318856,31.067714348830805,23.51639450772481,lindy waters,1665464.798696386,True,True,OKC,82022873,0.0,82022873.0,1665464.798696386,0.010570629430827639,39.42326525982144,96.1392654739084,lindy waters
1629022,Lonnie Walker IV,1610612759,SAS,23.0,70,1612.3233333333333,849,181,152,44,19,71,-80,108.5,111.5,0.512,0.232,0.083,108.5,110.9,-2.4,27.327273065576176,1223.8999999999999,-0.012682931420833689,-0.8731373036001943,-1.1629004935197835,0.09906582638543925,-1.3196060091904855,-0.24480538534389862,-0.4556748966716867,-0.48024914885089776,0.8560807452712871,True,-0.42232123173982017,33.63952814621145,31.460909027108706,lonnie walker,4447896.0,False,False,SAS,127655401,0.0,127655401.0,4447896.0,0.028230593885660227,37.3969698036257,91.19785446931778,lonnie walker
1628366,Lonzo Ball,1610612741,CHI,24.0,35,1212.345,455,190,178,64,31,82,81,110.1,107.0,0.575,0.17,0.097,109.2,106.0,3.2,27.473367729482945,925.2,0.0014164726657684092,-0.05940654298304915,2.277270155971781,-0.12708491867864588,0.20051947298298345,0.03060808802381958,0.858645557943223,-0.01437552884586861,0.7423381366270422,False,0.12738207951908187,55.06810004180325,48.68307287067248,lonzo ball,18604651.0,False,False,CHI,136083814,0.0,136083814.0,18604651.0,0.11808287486160703,35.069511269649425,85.5220142667685,lonzo ball
101150,Lou Williams,1610612737,ATL,35.0,56,798.8766666666667,354,87,105,28,3,43,15,110.4,109.5,0.5,0.215,0.083,112.3,110.3,2.0,25.654523226363683,569.3,-0.014333578687410533,1.166195621052867,-0.22358941887174733,-0.5644113753859771,-1.497570337086286,0.44542262533849947,-0.09681021103794181,-0.48024914885089776,0.6025991682501376,True,-0.45752127691962285,32.36482063398095,26.577007646260334,lou williams,2636985.931269278,False,True,ATL,135166020,0.0,135166020.0,2636985.931269278,0.016736829932143763,37.93478369712644,92.50939049612983,lou williams
1629663,Louis King,1610612758,SAC,23.0,10,103.60666666666668,45,12,9,2,1,0,-29,103.1,115.0,0.438,0.195,0.047,102.1,113.5,-11.3,25.156682324174763,72.4,-0.025090222530442113,-1.226223060084579,-0.7695798469491689,-1.0030285722983643,-2.6572965431033584,-0.3643099921456386,-0.3054063711592903,-1.6782098860066872,0.21701138079358742,False,-1.2532720448378405,10.50533592508131,6.8038346134557885,louis king,316396.0,False,False,SAC,130457848,0.0,130457848.0,316396.0,0.0020081510410871464,20.398215187086578,49.74396240749412,louis king
1629652,Luguentz Dort,1610612760,OKC,23.0,51,1665.3533333333332,877,212,88,46,18,88,-295,101.9,110.1,0.541,0.228,0.077,101.1,109.1,-8.0,25.13196398762225,1162.6000000000001,-0.005852260189439998,-6.324931404295939,0.08957654062814158,-0.13478765193252462,-0.5831580476019788,-2.0900072899880016,0.022835140369448503,-0.6799092717101962,0.8700452792118281,True,-0.6352192240792698,26.264272349143514,24.728347568216662,luguentz dort,1782621.0,False,False,OKC,82022873,0.0,82022873.0,1782621.0,0.011314214519190539,40.480298383600555,98.71699178429812,luguentz dort
1629029,Luka Dončić,1610612742,DAL,23.0,65,2300.718333333333,1847,593,568,75,36,292,146,113.8,110.3,0.571,0.368,0.191,112.8,108.6,4.1,45.15024655343151,2885.5,0.0015942467117810253,2.92123908355801,0.27640205312582483,2.9268228661326634,0.21968615944384245,1.0394306674496998,0.09421200435028303,3.1136330626164703,1.0,True,1.8687949600046807,96.91743268306159,96.91743268306159,luka doncic,10174391.0,False,False,DAL,126696965,0.0,126696965.0,10174391.0,0.06457639754951924,86.23691626709741,210.301042595355,luka doncic
1630568,Luka Garza,1610612765,DET,23.0,32,388.965,186,100,20,9,6,18,-63,104.6,110.9,0.535,0.195,0.075,102.7,110.9,-8.3,26.895993212756935,290.6,-0.0061752225304421045,-2.705757224698493,-0.5616058854506519,-0.6823294205476402,-0.6179781918665308,-0.8650697802277333,-0.2259497222092758,-0.7464626459966289,0.4204786233891953,False,-0.6508708030814296,25.756494509588475,19.03959688989907,luka garza,925258.0,False,False,DET,131120355,0.0,131120355.0,925258.0,0.005872570500177659,39.208932401132905,95.61658417225986,luka garza
1628379,Luke Kennard,1610612746,LAC,26.0,70,1919.1333333333332,833,229,146,42,6,60,184,110.0,106.6,0.619,0.16,0.095,108.8,105.4,3.4,22.849689095772398,1218.1,0.008373150744252626,-0.288692840403385,2.9641960456577667,-0.2827233019891291,0.9505528469771578,-0.04699563377756055,1.1210862446435383,-0.08092890313230142,0.9339878657313131,True,0.20873702223949767,58.26732314347501,56.536465482004196,luke kennard,13347727.0,False,False,LAC,168378382,93418814.5,261797196.5,20753243.18205739,0.13171989185066585,39.19835374878588,95.5907866169421,luke kennard
1628436,Luke Kornet,1610612738,BOS,26.0,15,103.33333333333331,30,29,9,3,3,0,22,117.2,106.8,0.506,0.112,0.084,118.5,110.1,8.3,26.303225806451618,75.5,-0.00679479447902316,1.4277285979319538,0.14326293678302263,-0.9039773646104489,-0.6847772637487887,0.5339404853587353,0.04334607886354556,-0.44697246170768135,0.2167249338901663,False,-0.3762096845938928,35.33805080712905,22.882314470163053,luke kornet,812364.0,False,False,BOS,136557646,0.0,136557646.0,812364.0,0.005156037409896833,49.3181163337055,120.26927367965779,luke kornet
1630640,MJ Walker,1610612756,PHX,24.0,2,8.393333333333333,0,1,1,2,0,0,-3,70.0,89.5,0.0,0.138,-0.05,67.0,85.2,-18.1,27.87926926131851,6.5,-0.07820015748308212,-0.6842192946160408,0.3747079899490143,-0.8263067342603222,-8.383337514920061,-0.18086462317266305,0.13176988061316397,-4.906048538898675,0.0617669127863091,False,-2.9432560838566175,0.16238982057281123,0.09382804436316354,mj walker,53176.0,False,False,PHX,136476474,0.0,136476474.0,53176.0,0.002,0.2817016027102788,0.6869696101756039,mj walker
1630644,Mac McClung,1610612747,LAL,23.0,2,24.383333333333333,8,3,1,1,1,3,7,124.5,105.4,0.621,0.164,0.024,122.7,106.9,15.8,16.97881066302119,11.5,0.008910479512858943,0.6405753977464316,0.15421277778297118,-1.7404900091810318,1.0084848807316569,0.26752239300200675,0.0475294759875052,-2.4435736903006635,0.10527741131569171,False,-0.9696640969272816,16.610697603619013,9.922812741726005,mac mcclung,111670.0,False,False,LAL,164409293,75663995.25,240073288.25,163062.462040254,0.002,29.791436789613,72.6506754701713,mac mcclung
1630201,Malachi Flynn,1610612761,TOR,24.0,44,537.0566666666666,189,63,70,20,4,13,-26,109.2,111.8,0.488,0.157,0.074,107.8,111.0,-3.2,24.459988703861175,364.90000000000003,-0.012350845832202112,-0.6648922409489274,-0.8822003650316078,-0.8282058063848509,-1.2838022431276963,-0.1743232322875661,-0.34843314674873793,-0.7797393331398453,0.4940816396777628,True,-0.7119570448627663,23.824568797032725,18.400589745502117,malachi flynn,2048040.0,False,False,TOR,134896484,0.0,134896484.0,2048040.0,0.012998816856686302,28.693435874278407,69.97304334624039,malachi flynn
1627763,Malcolm Brogdon,1610612754,IND,29.0,36,1206.2483333333332,687,185,212,30,14,77,0,110.8,111.1,0.557,0.241,0.129,108.5,111.1,-2.6,32.81413860330032,1099.5,-0.002329941691469468,-0.15829331750381842,-1.0487950177898175,0.4619288340347148,-0.2033997207813477,-0.0028609060943826327,-0.4120807916066882,1.0504784597370553,0.7404692410692675,False,0.3378745336574325,63.22711303270795,55.84289174903789,malcolm brogdon,21700000.0,False,False,IND,138181486,2363229.0,140544715.0,22071121.130510926,0.14008440333062375,37.89209581073281,92.40528998554377,malcolm brogdon
1630792,Malcolm Hill,1610612741,CHI,26.0,19,212.09,72,35,8,7,3,3,-31,107.4,114.7,0.619,0.118,0.063,109.0,114.1,-5.1,21.20043377811307,124.90000000000002,0.006175198673886312,-0.38240093524308694,-1.4068633602639788,-1.294362455871112,0.7135809203455427,-0.07871186368006583,-0.5488811409537186,-1.1457828917152253,0.3104908138005784,False,-0.6544272941255818,25.641827729603268,17.685703632876237,malcolm hill,53176.0,False,False,CHI,136083814,0.0,136083814.0,53176.0,0.002,53.098101876203884,129.4873085421367,malcolm hill
1627736,Malik Beasley,1610612750,MIN,25.0,79,1976.26,953,227,116,43,12,43,82,112.1,110.1,0.544,0.189,0.081,110.5,109.4,1.1,24.276765202959126,1332.7,-0.004284215683351577,1.1940056053545032,-0.0507016320935422,-0.07102995683729951,-0.41409952596189403,0.4548351297459849,-0.030758268367807318,-0.5468025231373306,0.9477868958790262,True,-0.18030164583808148,42.84578818271245,41.839087962924324,malik beasley,14491964.0,False,False,MIN,137432702,1240053.0,138672755.0,14622724.751790298,0.09280976982590952,32.79001137164785,79.96312805078911,malik beasley
1630238,Malik Fitts,1610612738,BOS,24.0,15,62.75833333333333,21,17,5,0,0,2,-19,93.4,109.7,0.553,0.139,0.103,95.3,107.5,-12.2,21.281635904926304,37.1,-0.0018998252909305235,-1.6843749576153444,0.13789016610352017,-1.3576146399702946,-0.1570267750352732,-0.5193750474880978,0.041293406737216896,0.18528459401342934,0.16889794300557703,False,-0.37908454415646803,35.23125416222387,22.05490865010096,malik fitts,630874.0,False,False,BOS,136557646,0.0,136557646.0,630874.0,0.0040041286232911045,51.93314315300053,126.6463902362059,malik fitts
1628370,Malik Monk,1610612747,LAL,24.0,76,2138.435,1048,256,218,61,29,122,53,113.2,112.9,0.597,0.195,0.093,112.2,112.1,0.1,26.157821023318462,1553.8000000000002,0.005914777469557885,2.3958946372188987,-2.272242897194642,0.26392386400751067,0.68550364088278,0.8616237739620272,-0.8795002125864727,-0.1474822774187342,0.985908671779952,True,0.12188036311500763,54.85031161821243,54.50250043341957,malik monk,1789256.0,False,False,LAL,164409293,75663995.25,240073288.25,2612702.503629415,0.016582704119882687,78.04663906876134,190.32788134941873,malik monk
1629005,Malik Newman,1610612739,CLE,25.0,1,7.683333333333334,8,1,1,0,0,1,1,91.7,83.3,0.68,0.438,0.519,86.2,92.9,-6.7,40.76355748373101,8.7,0.04963950016239159,-0.32150754170055607,0.31110380455612957,0.26072769618659397,5.399679130718206,-0.058102023383532674,0.10746984134815185,14.02838644559144,0.059096736309412576,False,5.091054900026504,99.99998219615496,57.65934286834169,malik newman,85578.0,False,False,CLE,136385911,0.0,136385911.0,85578.0,0.002,173.11166834475938,422.15753895428054,malik newman
1629603,Mamadi Diakite,1610612760,OKC,25.0,13,187.6833333333333,56,59,2,5,9,7,-14,95.8,98.9,0.54,0.136,0.08,96.3,102.9,-6.7,22.88322529082675,119.3,-0.0036268218673852623,-3.6964188746716045,2.269740832772305,-1.1570869794873064,-0.34322269419400026,-1.2003668823605842,0.8557689728842984,-0.580079210280547,0.2920797939957608,False,-0.5664685985065336,28.55376367765139,19.457559858455692,mamadi diakite,869078.0,False,False,OKC,82022873,0.0,82022873.0,869078.0,0.005515998591909932,40.957842881822764,99.8815522789099,mamadi diakite
1630585,Marcus Garrett,1610612748,MIA,23.0,12,128.22833333333332,13,23,7,5,3,2,17,114.1,108.3,0.28,0.086,0.016,118.7,109.1,9.6,14.907781691513836,53.1,-0.024653431474964207,1.4728841433137085,0.17073289672492115,-1.8817284275433837,-2.6102039702726842,0.5492237291505402,0.05384100307447836,-2.709787187446395,0.24142412071001948,False,-1.584439148826914,5.654690947317438,3.7244104764539503,marcus garrett,236632.0,False,False,MIA,140840240,6351360.0,147191600.0,247303.2046182256,0.002,11.181863668682952,27.268572317680988,marcus garrett
202694,Marcus Morris Sr.,1610612746,LAC,32.0,54,1564.28,830,239,113,28,18,69,-143,109.2,114.0,0.549,0.228,0.095,108.1,112.7,-4.6,26.615439691103894,1156.5,-0.004028260189439996,-0.8365241070961197,-2.7306997212506023,-0.014700237990005412,-0.3865037165072933,-0.23241336563871468,-1.0546540763936627,-0.08092890313230142,0.8432297217463125,True,-0.27898940421814244,39.01264781331194,36.26043716941423,marcus morris,15627907.0,False,False,LAC,168378382,93418814.5,261797196.5,24298500.740806058,0.15422148054813106,23.79027618190412,58.015987830431655,marcus morris
203935,Marcus Smart,1610612738,BOS,28.0,71,2295.8416666666667,861,270,417,119,18,159,442,114.5,105.2,0.54,0.179,0.095,114.0,103.4,10.5,26.79801525221324,1709.0,-0.004773537604867367,3.7412947126499665,4.513498240113441,0.4417476280282679,-0.4668557075220112,1.3169848415006766,1.7129986152853287,-0.08092890313230142,1.0,True,0.47062739845697577,68.10465807794976,68.10465807794976,marcus smart,13839285.0,False,False,BOS,136557646,0.0,136557646.0,13839285.0,0.08783731330564143,54.41345513075143,132.69498540242446,marcus smart
1628365,Markelle Fultz,1610612753,ORL,24.0,18,359.7316666666667,195,49,99,20,5,40,-37,103.7,109.1,0.517,0.265,0.134,103.6,109.0,-5.3,36.61729344557749,365.9,-0.013161969079831583,-2.512174011929121,0.24120870741979092,0.1966348785711619,-1.371253394277873,-0.7995500437315248,0.08076635329381279,1.2168618954531374,0.4043691307943696,False,0.1007117255713938,54.01103484782052,39.534247012924205,markelle fultz,16500000.0,False,False,ORL,126786646,0.0,126786646.0,16500000.0,0.1047247505592293,29.701156227103194,72.43051341842185,markelle fultz
202693,Markieff Morris,1610612748,MIA,32.0,17,298.3383333333333,129,45,23,6,1,20,19,112.4,107.9,0.547,0.197,0.066,112.6,108.5,4.0,21.70823952671184,179.89999999999998,-0.0038745581461389444,1.0747933440127313,0.5069119063775669,-1.2076812913745882,-0.36993234999783353,0.41448681731490905,0.18227851208699133,-1.045952830285576,0.3682503677300721,False,-0.5816812250187098,28.039071010130172,20.067918250202112,markieff morris,2641691.0,False,False,MIA,140840240,6351360.0,147191600.0,2760821.2325937534,0.017522806964969988,28.187605725931,68.73950425209945,markieff morris
1630250,Marko Simonovic,1610612741,CHI,22.0,9,35.185,17,10,0,1,1,2,3,105.4,104.2,0.428,0.247,0.033,108.3,101.5,6.9,25.988347307091086,25.4,-0.034250948538560005,-0.16461592810682113,0.46260306514199767,-0.970496006204107,-3.6449590680310506,-0.0050008425834541384,0.16535027733073002,-2.1440835060117163,0.1264641523048402,False,-1.408540498347108,7.948554188611157,4.824048029116446,marko simonovic,925258.0,False,False,CHI,136083814,0.0,136083814.0,925258.0,0.005872570500177659,9.934337064341483,24.22630043558039,marko simonovic
1630210,Markus Howard,1610612743,DEN,23.0,31,176.49666666666667,126,12,7,9,0,7,-12,107.9,112.8,0.567,0.264,0.087,108.6,115.1,-6.5,31.45215207086064,154.20000000000002,8.769872801682155e-05,-0.34540482246155896,-1.1906159337996576,-0.4074421115714313,0.057257877640555045,-0.06619024299740071,-0.46626360687822255,-0.3471424002780326,0.2832415181002912,False,-0.27728264381152784,39.07815427513059,26.473834934972245,markus howard,1489665.7366117674,True,True,DEN,137963926,2036889.0,140000815.0,1511659.0492156825,0.009594431324831156,45.912112405433376,111.96324642120408,markus howard
1627737,Marquese Chriss,1610612742,DAL,24.0,34,345.67833333333334,154,103,17,13,12,17,-10,105.4,107.5,0.518,0.205,0.082,106.0,109.1,-3.1,29.024671298461477,278.7,-0.009976900608926318,-1.5875806689164538,0.4727173994899874,-0.5125251072734813,-1.0278556368016412,-0.4866142713899926,0.1692144683470512,-0.5135258359941142,0.3963918706930241,False,-0.48397734359329203,31.420097417904348,22.885655616625463,marquese chriss,1292900.0,False,False,DAL,126696965,0.0,126696965.0,1292900.0,0.008205977575638033,41.92131489453819,102.23111645114835,marquese chriss
1628963,Marvin Bagley III,1610612765,DET,23.0,48,1146.0616666666667,540,338,36,22,18,39,-132,109.3,114.9,0.551,0.191,0.108,107.7,114.1,-6.4,26.91373500844195,856.8,-0.0029925512990484175,-0.9078384548430167,-3.344431689395979,-0.2288290289920049,-0.27483889246739496,-0.25655025853315344,-1.2891309560518711,0.35166802972951133,0.7217597392568535,True,-0.22478486438701084,41.10733206248989,35.96036040630486,marvin bagley,11312114.0,False,False,DET,131120355,0.0,131120355.0,11312114.0,0.0717974737543979,30.83209108431746,75.1884596655134,marvin bagley
1630222,Mason Jones,1610612747,LAL,23.0,4,50.583333333333336,27,10,4,2,0,1,23,114.7,91.9,0.625,0.18,0.126,113.7,94.4,19.3,30.31828665568369,42.6,0.010499794587284205,0.40939129988716766,1.4898437584553048,-0.5920425890922196,1.1798366860275997,0.1892763459550533,0.5578085570483424,0.9506483983074061,0.15163253029091167,False,0.4262221105738162,66.50269962244823,41.11427246906426,mason jones,1489665.7366117674,True,True,LAL,164409293,75663995.25,240073288.25,2175235.628449211,0.01380612173314497,62.774703059929514,153.08508320529884,mason jones
203486,Mason Plumlee,1610612766,CHA,32.0,73,1792.525,477,565,226,61,52,100,5,110.5,109.6,0.603,0.117,0.093,109.9,108.9,1.0,25.84934659209774,1287.1000000000001,0.004250866481734732,0.38789488145651146,0.3412763801008882,0.025029625416446946,0.5061092865453571,0.18200071677708943,0.11899730240964042,-0.1474822774187342,0.902653915356872,True,0.08307881898830455,53.31055661935037,50.975248338682576,mason plumlee,9248333.0,False,False,CHA,122139566,0.0,122139566.0,9248333.0,0.0586987494856781,46.898224888140575,114.36802261458405,mason plumlee
1629680,Matisse Thybulle,1610612755,PHI,25.0,66,1685.263333333333,379,151,75,115,71,39,87,110.9,107.2,0.594,0.095,0.057,111.0,105.9,5.1,19.86846763809415,930.1,0.002596558254399995,1.0149636769400416,2.4651010140882583,-0.763754297258779,0.3277502526248817,0.39423700347423946,0.9304065151698195,-1.3454430145745235,0.87523070551643,True,-0.34671241299671063,36.44036919047509,34.39438157089771,matisse thybulle,2840160.0,False,False,PHI,148922969,22042422.5,170965391.5,3260538.448724051,0.02069448943826683,45.57802540750708,111.1485275395149,matisse thybulle
1629760,Matt Mooney,1610612752,NYK,27.0,1,1.9333333333333331,0,0,0,1,0,1,-5,40.0,140.0,0.0,0.4,-0.091,50.0,140.0,-90.0,14.896551724137936,0.8000000000000003,-0.22666712313936843,-0.2451418925936065,-0.11703046219060884,-1.924426232258733,-24.39028478509254,-0.03225547845192127,-0.056099260722397626,-6.270392711770547,0.029644356609443874,False,-6.034020300235876,7.996498019615943e-08,4.5047468783028626e-08,matt mooney,171156.0,False,False,NYK,120644081,0.0,120644081.0,171156.0,0.002,1.3524681496188604e-07,3.2981868352170634e-07,matt mooney
1630346,Matt Ryan,1610612738,BOS,25.0,1,5.25,3,0,0,1,0,0,3,116.7,91.7,0.3,0.357,0.0,107.7,89.3,18.4,35.65714285714286,5.2,-0.09520040740188633,0.017208287189978747,0.2011310661076801,-0.17219339969342828,-10.21621732644688,0.05653897021564965,0.06545465247542119,-3.242214181737857,0.048850421045919724,False,-2.5298461600080855,0.5705627404164128,0.32635201077513204,matt ryan,111669.0,False,False,BOS,136557646,0.0,136557646.0,111669.0,0.002,0.9798124335539246,2.389412623314085,matt ryan
1629744,Matt Thomas,1610612741,CHI,27.0,40,459.51166666666666,161,50,20,8,3,8,32,109.5,108.5,0.564,0.137,0.068,112.0,107.9,4.0,18.520530853405972,236.4,-0.0003654896752336953,0.6494349947139082,0.7070841695854918,-1.4310857411502491,0.00839742681758417,0.27052099215979236,0.2587545148165706,-0.9793994559991434,0.45702181500880174,True,-0.5709403320182131,28.402004508883177,21.46225352262783,matt thomas,1669178.0,False,False,CHI,136083814,0.0,136083814.0,1669178.0,0.01059419695084565,35.95163597172222,87.67320139839607,matt thomas
203090,Maurice Harkless,1610612758,SAC,29.0,47,863.4716666666667,217,112,23,29,24,31,-90,106.7,110.8,0.561,0.112,0.048,106.3,111.0,-4.7,16.51009587266905,396.0,-0.0006347944790231547,-2.0163335547808465,-0.8255108255636862,-1.4730189953236892,-0.020637636806210575,-0.6317290037159383,-0.3267748545077991,-1.6449331988634708,0.6264879258310739,True,-1.0086059327444556,15.658183046708979,13.026348854337137,maurice harkless,2202114.567165221,False,True,SAC,130457848,0.0,130457848.0,2202114.567165221,0.013976721136316544,19.803775820011314,48.29433707223213,maurice harkless
1629622,Max Strus,1610612748,MIA,26.0,68,1587.0816666666667,721,202,92,28,16,57,171,113.7,108.1,0.614,0.177,0.086,113.1,107.5,5.7,22.796558463175074,1005.0,0.008377798010829466,2.810623649981365,1.426926548341424,-0.45731956393434753,0.951053891439925,1.0019920179063115,0.5337709773392664,-0.380419087421249,0.8493531406757484,True,0.1445669157928639,55.74735899307017,51.96818494650275,max strus,1669178.0,False,False,MIA,140840240,6351360.0,147191600.0,1744451.5892957866,0.011071955003130445,85.71882147180074,209.0375944071492,max strus
1628467,Maxi Kleber,1610612742,DAL,30.0,59,1449.861666666667,411,350,68,30,58,47,120,109.2,105.3,0.537,0.131,0.081,109.0,104.6,4.4,21.53750300316007,867.4000000000001,-0.003886482828143157,-0.4193053659522617,3.5219048684132814,-0.6732213245229809,-0.3712180080916138,-0.09120245385581831,1.334159428549432,-0.5468025231373306,0.8118054140636353,True,-0.20158524308164438,42.01204913536899,38.45415104925295,maxi kleber,8750000.0,False,False,DAL,126696965,0.0,126696965.0,8750000.0,0.055535852569288266,36.07112392509116,87.96458984616065,maxi kleber
1630593,McKinley Wright IV,1610612750,MIN,23.0,5,18.866666666666667,5,0,3,0,0,1,-7,102.4,128.2,0.833,0.082,0.06,111.1,132.6,-21.5,14.883392226148407,7.799999999999999,0.02183923975642947,-0.07359189809108992,-0.7717151218294761,-1.91994648705831,2.402397543880189,0.02580694480748472,-0.3062221549495008,-1.2456129531448745,0.09260538632151791,False,-0.535373157647314,29.6195923779143,17.525096015532057,mckinley wright,1489665.7366117674,True,True,MIN,137432702,1240053.0,138672755.0,1503106.965946563,0.009540151640763259,30.453219345939218,74.2645267950003,mckinley wright
1628982,Melvin Frazier Jr.,1610612760,OKC,25.0,3,119.56666666666666,32,13,1,1,0,3,-92,91.5,130.3,0.313,0.191,-0.007,91.0,129.9,-38.9,12.194034011708949,40.5,-0.048450551299048426,-3.559385333451012,-3.9452810897703987,-2.120373438675875,-5.175887457655008,-1.1539868198361953,-1.5186860384928882,-3.4751509917403713,0.2331276149418701,False,-2.749922704588694,0.29804662004170024,0.19519294497524847,melvin frazier,1730232.8742012454,True,True,OKC,82022873,0.0,82022873.0,1730232.8742012454,0.010981709464248715,0.32288419419005565,0.7873992440246524,melvin frazier
1630695,Micah Potter,1610612765,DET,24.0,3,30.93166666666667,12,9,0,1,1,1,-40,60.3,116.7,0.505,0.148,0.093,61.2,110.5,-49.2,24.557357616250876,21.1,-0.00912683556156632,-2.843277741544362,-0.1959566057272772,-1.094464858587812,-0.9362059804005708,-0.9116146634211862,-0.08625306860673813,-0.1474822774187342,0.1185742319597664,False,-0.6079719547368476,27.160303735070702,16.38739752411988,micah potter,53176.0,False,False,DET,131120355,0.0,131120355.0,53176.0,0.002,49.20017440550412,119.9816554351738,micah potter
1629008,Michael Porter Jr.,1610612743,DEN,24.0,9,265.04833333333335,89,59,17,10,2,12,58,104.5,94.7,0.416,0.192,0.074,103.8,94.5,9.2,22.18010551534626,163.3,-0.02892821910689685,-1.9275962979572634,5.209332957657236,-1.1811867831500835,-3.0710896623393222,-0.601695192409148,1.9788429281057296,-0.7797393331398453,0.3470972704466504,False,-0.7833097847258856,21.672260935330456,15.3048156912091,michael porter,5258735.0,False,False,DEN,137963926,2036889.0,140000815.0,5336374.566993875,0.03386972699509387,17.069121201334546,41.62549103343483,michael porter
1628969,Mikal Bridges,1610612756,PHX,25.0,82,2854.353333333333,1162,347,185,96,36,68,576,116.7,106.9,0.627,0.149,0.091,116.0,105.1,10.9,23.356743967693795,1851.9,0.008989496630585259,5.646916609195007,3.230568669275772,0.2659593356842145,1.017004101362961,1.9619573199344607,1.2228541577621288,-0.21403565170516703,1.0,True,0.6325514752684361,73.64867082015137,73.64867082015137,mikal bridges,5557725.0,False,False,PHX,136476474,0.0,136476474.0,5557725.0,0.035274628139502585,80.97858983140245,197.47786222665613,mikal bridges
201144,Mike Conley,1610612762,UTA,34.0,72,2058.1383333333333,986,217,385,96,21,123,347,112.5,104.9,0.572,0.202,0.113,113.5,105.7,7.7,30.74837049339897,1757.9,0.0010771028146189326,2.780583420537295,3.4084328523807073,0.8135342436504829,0.16393035507097511,0.9918246697705722,1.2908073373617333,0.5180514654455933,0.9672214969914721,True,0.7257833548767909,76.60142037212314,75.47152442246683,mike conley,21000000.0,False,False,UTA,149760719,24136797.5,173897516.5,24384550.707852837,0.1547676357805313,49.45522956344508,120.60364388230444,mike conley
203488,Mike Muscala,1610612760,OKC,30.0,43,592.52,344,129,22,18,26,14,23,106.7,104.9,0.63,0.198,0.131,105.8,105.3,0.5,32.63282252075879,537.1,0.012539774046012628,-1.8894708610562956,2.427780192989288,-0.0023162612193547427,1.3997768153604595,-0.5887913432384545,0.9161480601246752,1.1170318340234882,0.5189675064272066,True,0.5936005147392097,72.36103316621362,56.69742946656231,mike muscala,3500000.0,False,False,OKC,82022873,0.0,82022873.0,3500000.0,0.022214341027715304,73.29237906337853,178.73393899641655,mike muscala
1628970,Miles Bridges,1610612766,CHA,24.0,80,2837.113333333333,1613,559,300,74,67,150,142,114.5,112.4,0.593,0.224,0.12,113.3,111.1,2.2,31.863231876531792,2511.1000000000004,0.005898411041953672,3.5163816167134527,-1.703340323205923,1.5087328640873572,0.6837390965445584,1.2408612635855654,-0.6621504454210113,0.7509882754481076,1.0,True,0.7918471858626385,78.57751074185072,78.57751074185072,miles bridges,5421493.0,False,False,CHA,122139566,0.0,122139566.0,5421493.0,0.034409969823248954,87.15171071899951,212.53189958007835,miles bridges
1630540,Miles McBride,1610612752,NYK,21.0,40,372.2116666666666,89,42,41,14,1,5,101,113.1,100.1,0.393,0.137,0.041,115.3,100.5,14.8,19.498582795631524,201.60000000000002,-0.02379248967523369,2.038172065664811,3.9586842853396655,-1.376483166045948,-2.517381638179779,0.7405498012157796,1.501031418433412,-1.8778700088659854,0.4113236210237885,True,-0.9488518569508708,17.134798152367537,12.595715233496737,miles mcbride,925258.0,False,False,NYK,120644081,0.0,120644081.0,925258.0,0.005872570500177659,25.938813200194364,63.25550235112362,miles mcbride
1629011,Mitchell Robinson,1610612752,NYK,24.0,72,1848.3666666666663,610,617,38,58,133,60,-79,109.1,111.2,0.722,0.11,0.114,107.9,109.8,-2.0,27.358857369569535,1404.7,0.01708654113667368,-0.9948037526011511,-0.5852215507060188,0.24606160883658723,1.8899859386374758,-0.28598433658110695,-0.23497210948505082,0.5513281525888097,0.916606058602422,True,0.4322682718714874,66.72267778220224,64.21875759581594,mitchell robinson,1802057.0,False,False,NYK,120644081,0.0,120644081.0,1802057.0,0.011437573928394732,104.7278483833663,255.39382270552397,mitchell robinson
1629671,Miye Oni,1610612762,UTA,24.0,16,44.18666666666667,5,7,5,0,0,1,-32,85.4,118.8,0.265,0.095,0.003,93.6,119.2,-25.6,12.628243814121905,15.499999999999998,-0.0286584417456,-1.569055434953601,-0.7651682294166082,-2.1037566579595244,-3.0420036499871728,-0.4803442625890602,-0.3037209085030005,-3.1423841203082077,0.14172102343988519,False,-2.042564723744228,2.054777308302416,1.2611698339494808,miye oni,946261.0,False,False,UTA,149760719,24136797.5,173897516.5,1098769.0160649302,0.006973837038158159,2.445544658396578,5.96381009011713,miye oni
1628964,Mo Bamba,1610612753,ORL,24.0,71,1823.7066666666667,756,572,85,38,118,77,-373,101.8,111.3,0.582,0.17,0.114,100.9,109.6,-8.6,29.35735279065347,1487.2,0.0026064726657684103,-6.579912906595179,-0.5207554093065998,0.48026122319700953,0.32881917364234514,-2.176307752735031,-0.2103427591114361,0.5513281525888097,0.9104710735424689,True,-0.023210949154723076,49.07410023993849,47.09700205983055,mo bamba,7568743.0,False,False,ORL,126786646,0.0,126786646.0,7568743.0,0.048038468043752294,46.47872572300602,113.3450139587268,mo bamba
1628420,Monte Morris,1610612743,DEN,27.0,75,2238.9483333333333,945,226,333,56,14,78,283,116.3,110.4,0.583,0.173,0.098,114.6,109.9,4.7,25.90966443322721,1611.4,0.0028254692422231466,4.607213792979843,-0.395260150566937,0.28900391311409906,0.35243026204954486,1.6100618555589388,-0.16239717666101128,0.01890115829734779,1.0,True,0.34793556690984995,63.60557132044209,63.60557132044209,monte morris,8449074.0,False,False,DEN,137963926,2036889.0,140000815.0,8573815.49141556,0.05441761749571821,60.09017605926985,146.53848052570478,monte morris
1626149,Montrezl Harrell,1610612766,CHA,28.0,71,1640.3583333333331,932,431,145,29,43,72,84,111.6,108.5,0.68,0.198,0.15,111.1,108.3,2.8,32.605802593945434,1485.7,0.022439774046012637,1.2692199958091896,0.9476240391861902,0.7526893861430763,2.4671440729467458,0.4802920222771832,0.3506529997982169,1.7492888897445988,0.8634914152685157,True,1.2076723777124707,88.64133465208832,83.19619823815842,montrezl harrell,9720900.0,False,False,CHA,122139566,0.0,122139566.0,9720900.0,0.06169811077037649,75.21864051875644,183.43140279628784,montrezl harrell
1629021,Moritz Wagner,1610612753,ORL,25.0,63,959.5316666666666,564,232,87,20,13,56,-149,105.3,112.6,0.623,0.224,0.124,104.3,112.7,-8.3,31.507871027358835,839.8,0.012618411041953678,-3.250245021454101,-2.000890294385454,0.14457600895300435,1.408255053209189,-1.049355888813658,-0.7758296937016549,0.8840950240209733,0.660417108784863,True,0.23883293004862444,59.438243273593784,50.355348548775744,moritz wagner,1729217.0,False,False,ORL,126786646,0.0,126786646.0,1729217.0,0.010975261756835079,83.31391595570724,203.17288867241103,moritz wagner
1629650,Moses Brown,1610612739,CLE,22.0,40,344.325,171,135,1,7,16,20,-49,102.4,108.5,0.612,0.199,0.117,104.1,109.2,-5.0,29.933347854497928,286.29999999999995,0.009021106238164203,-2.5381776602837536,0.2840283921442998,-0.42991765096516443,1.020412087237195,-0.8083511797585695,0.09712565439473383,0.651158214018459,0.39561517114029343,True,0.1342460357452504,55.33959879560659,40.28871251934521,moses brown,1933909.0,False,False,CLE,136385911,0.0,136385911.0,1933909.0,0.012274432583590822,64.09882112411618,156.3141343062836,moses brown
1630541,Moses Moody,1610612744,GSW,20.0,52,607.12,228,80,23,7,10,13,-42,104.8,108.9,0.573,0.148,0.069,106.0,108.3,-2.3,19.769403083410197,333.4,0.0009371644384336735,-2.2614590563910952,0.5903126026064484,-1.2484533302920386,0.14884291660431473,-0.7146936267544991,0.21414182706496895,-0.9461227688559269,0.5253224118230978,True,-0.6487064956925701,25.826405250118267,20.309758160185826,moses moody,3562200.0,False,False,GSW,178980766,191029670.5,370010436.5,7364205.6985067325,0.04674027908139227,20.23624591741368,49.348977199823665,moses moody
1630589,Moses Wright,1610612742,DAL,23.0,4,14.733333333333333,5,3,2,0,1,0,-7,100.0,121.9,0.47,0.139,0.106,106.0,132.7,-26.7,29.076923076923073,11.899999999999999,-0.013436825290930534,-0.17299617864192715,-0.5370729149480983,-0.7211142416803995,-1.4008869821840595,-0.007837203231556936,-0.21657687759508903,0.2851146554430785,0.0818350151033755,False,-0.3385393232387822,36.74783994460071,21.564578986127668,moses wright,172821.0,False,False,DAL,126696965,0.0,126696965.0,172821.0,0.002,64.7437181857058,157.88680793945156,moses wright
1628539,Mychal Mulder,1610612748,MIA,28.0,17,239.555,69,24,5,4,2,8,-55,100.6,110.8,0.438,0.153,0.03,98.0,111.0,-13.0,14.186303771576462,94.39999999999999,-0.019686174600808425,-3.4347938878569897,-0.42223629420519926,-1.9095300374264879,-2.0746597937581104,-1.111817880865607,-0.17270343788547643,-2.2439135674413655,0.3299827819199607,False,-1.6544337464654109,4.901970725251245,3.4239885704520607,mychal mulder,257902.0,False,False,MIA,140840240,6351360.0,147191600.0,269532.4008479395,0.002,10.279901648858162,25.069009052187265,mychal mulder
1629619,Myles Powell,1610612755,PHI,24.0,11,52.06666666666667,13,6,3,1,0,3,-18,106.3,121.4,0.364,0.163,-0.003,110.9,118.2,-7.3,13.413572343149806,19.4,-0.03303485267929264,-0.055069621744845476,-0.9302519486637322,-2.034492902137172,-3.513845845579713,0.03207595258018711,-0.3667912997821271,-3.342044243167506,0.15383974345619103,False,-2.0885206774017924,1.8375446085396097,1.1378588607219535,myles powell,1665464.798696386,True,True,PHI,148922969,22042422.5,170965391.5,1911973.9772217157,0.012135211990320105,1.8175608898739513,4.432381938810931,myles powell
1626167,Myles Turner,1610612754,IND,26.0,42,1234.7283333333332,540,297,44,28,118,54,-14,109.7,109.9,0.615,0.173,0.111,108.0,109.1,-1.1,30.074631801597384,1031.5,0.008361469242223151,-0.6860806562904596,0.1398420315341059,0.17688741205391117,0.9492934073018358,-0.18149461543638973,0.04203911877346536,0.45149809115916056,0.7491596301958292,True,0.30114696695706267,61.83487860646072,54.85507088906244,myles turner,18000000.0,False,False,IND,138181486,2363229.0,140544715.0,18307842.41240538,0.11619904423738377,39.738643476521155,96.90836031930372,myles turner
1630230,Naji Marshall,1610612740,NOP,24.0,55,735.58,313,142,62,33,8,46,-49,105.7,108.0,0.505,0.197,0.082,106.8,109.0,-2.2,25.615704614046056,523.4,-0.012148558146138952,-1.95501422150213,0.605137274907404,-0.6043238296301674,-1.2619926216411599,-0.6109750008193588,0.2198056071570957,-0.5135258359941142,0.5782339884982077,True,-0.5531130105012896,29.009301410535528,23.50348960196683,naji marshall,1517981.0,False,False,NOP,135793968,0.0,135793968.0,1517981.0,0.009634556459312087,40.701310717754616,99.25596194129068,naji marshall
1629642,Nassir Little,1610612757,POR,22.0,42,1088.368333333333,410,236,54,25,36,40,-23,110.2,111.1,0.575,0.155,0.091,109.0,109.8,-0.7,23.875005551123174,721.8000000000001,0.001291489783494726,-0.11231111984865448,-0.482066407783571,-0.5925618823636758,0.18704445921553994,0.012702124556793684,-0.19556158943955967,-0.21403565170516703,0.7033582862154101,True,-0.21172341695255298,41.616140907204766,36.060853395288376,nassir little,2316240.0,False,False,POR,124788473,0.0,124788473.0,2316240.0,0.014701070074867229,53.861819527270704,131.3497431608605,nassir little
1630207,Nate Hinton,1610612754,IND,23.0,2,2.4266666666666667,0,0,0,0,0,1,4,133.3,57.1,0.0,0.25,-0.222,136.1,68.0,68.0,-20.769230769230766,-1.4,-0.14166695196210527,0.1223705983288628,0.22206139978145323,-4.930406998264414,-15.226001996825852,0.09213196826843395,0.07345110627733387,-10.629638727531892,0.03321190002138244,False,-6.680556206167684,1.1901853146839412e-09,6.723896651313581e-10,nate hinton,1489665.7366117674,True,True,IND,138181486,2363229.0,140544715.0,1515142.5307248896,0.009616540823748089,1.165149286418093e-09,2.841383021559268e-09,nate hinton
1630233,Nathan Knight,1610612750,MIN,24.0,37,267.31666666666666,138,85,22,7,8,18,22,105.5,101.9,0.603,0.203,0.121,108.1,102.2,5.9,31.580522476463628,234.50000000000006,0.007375435006770518,-0.9001778465636511,2.625544722598008,-0.33252443373425195,0.8429842499501926,-0.2539574663757948,0.99170418595246,0.784264962591324,0.3485793679459181,False,0.38925802577286284,65.14573584534608,46.048961456344465,nathan knight,1665464.798696386,True,True,MIN,137432702,1240053.0,138672755.0,1680492.2600644804,0.01066600804557383,76.95490818958403,187.6655396045745,nathan knight
1629675,Naz Reid,1610612750,MIN,22.0,77,1215.2866666666666,637,301,71,40,71,82,-92,105.5,107.9,0.588,0.209,0.103,105.1,108.3,-3.2,31.468130975956292,1062.3,0.0044584281596799875,-3.106013760913906,1.0460847068457935,0.31885368520760676,0.528487522804795,-1.0005397024826255,0.38826999112368593,0.18528459401342934,0.7432382056265879,True,0.12273147122280881,54.88401290876932,48.54255997217822,naz reid,1782621.0,False,False,MIN,137432702,1240053.0,138672755.0,1798705.559837243,0.011416302489906313,79.2147241234228,193.17642366132748,naz reid
1629674,Neemias Queta,1610612758,SAC,22.0,15,119.6,45,31,6,1,8,6,-7,104.3,108.4,0.495,0.176,0.062,105.6,109.9,-4.3,25.555183946488295,84.9,-0.01261353418132211,-0.8809607865328439,0.061087629391705506,-0.9594827748493402,-1.3121239545216439,-0.24745330368814303,0.01195092485145076,-1.1790595788584417,0.23316010886006286,False,-0.8257325173736181,20.447792100194857,13.391709899520388,neemias queta,925258.2214979922,True,True,SAC,130457848,0.0,130457848.0,925258.2214979922,0.005872571906015355,27.57803157430218,67.25297058211443,neemias queta
202357,Nemanja Bjelica,1610612744,GSW,34.0,71,1142.3666666666666,433,294,159,41,26,87,130,109.2,104.0,0.573,0.175,0.11,109.4,103.0,6.4,27.78862595197106,881.8000000000001,0.001108133626526303,-0.2252973206575033,4.32393633582462,-0.13517674441243188,0.16727593816251507,-0.025538929503627066,1.6405763102292195,0.41822140401594415,0.7205952926279603,True,0.3590192329348914,64.02096493222318,55.971473394569635,nemanja bjelica,2089448.0,False,False,GSW,178980766,191029670.5,370010436.5,4319556.697640081,0.02741603016283671,67.21749012285677,163.9194542821695,nemanja bjelica
203457,Nerlens Noel,1610612752,NYK,28.0,25,561.97,85,141,23,30,31,20,-68,104.1,109.8,0.581,0.072,0.069,105.7,109.2,-3.5,20.23666743776358,315.9,0.0010319178349136795,-2.425697844190744,0.09338421678565753,-1.2230649135584577,0.15905874215460258,-0.77028151552412,0.024289866651446276,-0.9461227688559269,0.5054116234228385,False,-0.6776429950541032,24.899903913060236,19.35806253908074,nerlens noel,8800000.0,False,False,NYK,120644081,0.0,120644081.0,8800000.0,0.05585320029825563,18.122254224091783,44.193706390202465,nerlens noel
1629651,Nic Claxton,1610612751,BKN,23.0,47,974.0916666666668,410,264,43,24,51,38,-29,109.4,109.8,0.672,0.15,0.114,110.1,107.8,2.4,27.962050115064454,756.5999999999999,0.015799828822736842,0.11636353075757468,0.6716920366623208,-0.22051780013471367,1.751259211988055,0.09009882976042388,0.2452329169155338,0.5513281525888097,0.6654088513041734,True,0.42325763954256646,66.39463515345273,56.3978593939974,nic claxton,1782621.0,False,False,BKN,174811922,125581090.5,300393012.5,3063217.234896385,0.019442100656560973,76.38703565824322,186.2807012943507,nic claxton
1630208,Nick Richards,1610612766,CHA,24.0,50,367.1433333333333,150,86,13,9,21,24,-109,102.4,115.4,0.689,0.147,0.086,103.5,115.9,-12.4,25.160745576205482,256.6,0.017982832246282093,-2.7875871838571316,-2.5757301491694826,-0.8556366908358004,1.9866194521386575,-0.8927657631844631,-0.9954478046178024,-0.380419087421249,0.40851356566622526,True,-0.313274016284866,37.70362446451551,27.66809238632633,nick richards,1517981.0,False,False,CHA,122139566,0.0,122139566.0,1517981.0,0.009634556459312087,47.91320966607322,116.84320802539507,nick richards
1629638,Nickeil Alexander-Walker,1610612762,UTA,23.0,65,1465.82,692,187,156,46,23,93,-112,107.6,110.7,0.475,0.237,0.072,106.3,110.8,-4.5,25.991458705707387,1058.3,-0.0217252704600758,-2.1056554918864783,-0.8526763006039777,-0.14565436209215102,-2.2945046579259656,-0.6619607045890104,-0.33715344997371377,-0.8462927074262782,0.8162608763023119,True,-0.7843442246242247,21.641907813652157,19.85249848408019,nickeil alexander walker,3261480.0,False,False,UTA,149760719,24136797.5,173897516.5,3787129.7353641842,0.024036740416451773,24.964672475065072,60.87992099922586,nickeil alexander walker
201587,Nicolas Batum,1610612746,LAC,33.0,59,1462.595,491,254,100,58,42,40,-128,105.4,109.8,0.608,0.13,0.096,104.7,109.2,-4.4,23.73753499772664,964.4,0.005373184979705258,-3.4757081202594104,0.13151218501727968,-0.4104701768062842,0.6271119145571915,-1.1256656194561683,0.03885669302302024,-0.04765221598908501,0.8153624403238777,True,-0.18586776077969008,42.62742323953113,39.08564270852842,nicolas batum,12026998.0,False,False,LAC,168378382,93418814.5,261797196.5,18699754.216138665,0.11868649065478896,28.105671019980374,68.53969476409792,nicolas batum
203917,Nik Stauskas,1610612738,BOS,28.0,8,38.78833333333333,18,3,2,0,0,1,18,109.5,90.2,0.541,0.184,0.067,113.4,90.9,22.4,19.954453658746193,21.500000000000004,-0.0047228766441094715,0.15810063724232057,1.3675898157108375,-1.4818604724919355,-0.46139370239566363,0.10422507645234474,0.5111013224435356,-1.0126761431423597,0.13278200407457558,False,-0.6511780565906593,25.74657768133946,15.699024706902202,nik stauskas,534993.0,False,False,BOS,136557646,0.0,136557646.0,534993.0,0.0033955762712687128,39.162472530887634,95.50328514007782,nik stauskas
203999,Nikola Jokić,1610612743,DEN,27.0,74,2475.5916666666667,2004,1019,584,109,63,281,444,117.3,108.9,0.661,0.309,0.23,115.2,108.1,7.1,51.00308007176736,3507.3,0.029148647374837897,5.321332952508502,0.9954231678190244,3.9162149902806958,3.1904604089550275,1.851761011647201,0.3689147021600425,4.411423861201909,1.0,True,3.1141513243450873,99.90776257464125,99.90776257464125,nikola jokic,31044906.0,False,False,DEN,137963926,2036889.0,140000815.0,31503250.651176672,0.19994970098480938,59.85412954572691,145.96284737405858,nikola jokic
202696,Nikola Vučević,1610612741,CHI,31.0,73,2417.543333333333,1288,804,236,70,71,136,-52,111.3,112.8,0.533,0.244,0.132,110.2,111.6,-1.4,34.05308143390742,2286.7999999999997,-0.008214945115014735,0.8253853287182661,-2.041336894207178,1.5141277085817806,-0.8378906263445206,0.330072744377686,-0.7912823554680625,1.1503085211667046,1.0,True,0.528759447880222,70.15138339274998,70.15138339274998,nikola vucevic,24000000.0,False,False,CHI,136083814,0.0,136083814.0,24000000.0,0.15232690990433354,46.22549499262739,112.72747463889692,nikola vucevic
1626181,Norman Powell,1610612746,LAC,29.0,45,1458.215,853,145,96,42,21,69,-220,110.6,118.7,0.603,0.231,0.094,110.1,116.8,-6.7,27.81565132713627,1126.7000000000003,0.008392736387014727,0.48856960820778783,-5.915271604441754,0.06260701869005361,0.9526644705936275,0.21607485716461303,-2.2713227802814338,-0.11420559027551781,0.8141406512390841,True,-0.18399744028862094,42.700773149738694,39.129421099599575,norman powell,15517242.0,False,False,LAC,168378382,93418814.5,261797196.5,24126437.163483687,0.15312940083810597,25.736534677705254,62.76221727072542,norman powell
203658,Norvel Pelle,1610612762,UTA,29.0,3,19.016666666666666,6,6,0,0,1,2,-19,53.7,107.9,0.6,0.152,0.122,61.3,115.0,-53.7,17.794916739702014,9.399999999999999,0.005066493207039993,-1.8826960642348847,-0.09319440405049832,-1.6734236680059187,0.5940459795759793,-0.5864983608243078,-0.04699267213628561,0.8175416497345405,0.09297278845952396,False,-0.17901018008880984,42.89648541276776,25.387759615794508,norvel pelle,191860.0,False,False,UTA,149760719,24136797.5,173897516.5,222781.89994326883,0.002,76.22212123820367,185.87853391668258,norvel pelle
1628384,OG Anunoby,1610612761,TOR,24.0,48,1728.3133333333333,822,264,125,71,25,80,135,112.0,108.1,0.549,0.204,0.092,110.6,107.1,3.5,26.578513926872827,1276.0,-0.003604232801077891,1.1759043620995926,1.641566501339128,0.077588048300877,-0.34078725684491606,0.4487086238814063,0.6157743746545009,-0.18075896456195062,0.8863390827989983,True,0.07372368396028277,52.93848735036685,50.2308206880025,og anunoby,16071429.0,False,False,TOR,134896484,0.0,134896484.0,16071429.0,0.10200462988820387,38.0864475235885,92.8792444079996,og anunoby
1630167,Obi Toppin,1610612752,NYK,24.0,72,1229.753333333333,648,268,77,25,33,56,165,110.9,104.0,0.614,0.205,0.129,111.0,103.6,7.4,28.864325095005512,986.0000000000001,0.009703099391073677,0.9356649030843597,4.163607735544244,0.03861670107838891,1.0939410934304887,0.3673977197720591,1.5793226166546233,1.0504784597370553,0.7476488399501384,True,0.7808969276692894,78.25684403875577,69.37015161999628,obi toppin,5105160.0,False,False,NYK,120644081,0.0,120644081.0,5105160.0,0.0324022186403003,78.57576785204677,191.61823749396692,obi toppin
1630846,Olivier Sarr,1610612760,OKC,23.0,22,420.87,153,93,19,6,15,22,-28,106.0,108.0,0.672,0.136,0.079,107.1,109.0,-1.9,21.991588851664407,257.09999999999997,0.01432517813261474,-1.36375061741742,0.4645628824670549,-1.1221841001872939,1.592269932895797,-0.4108572582463933,0.16609902739579208,-0.6133558974237634,0.4373837507893331,False,-0.2624260389671731,39.64964998713777,29.611258175912123,olivier sarr,223339.0,False,False,OKC,82022873,0.0,82022873.0,223339.0,0.002,88.90240591753334,216.80121997620685,olivier sarr
1630209,Omer Yurtseven,1610612748,MIA,24.0,56,706.1983333333334,299,294,49,17,20,41,63,113.3,108.0,0.546,0.19,0.127,113.6,107.4,6.2,30.24985898673413,593.4,-0.003926883491199997,2.245934398949369,1.1571731384538202,-0.1580945335352512,-0.3755738005089519,0.8108685707821223,0.4307114316246383,0.9839250854506225,0.5665679504033408,True,0.38555482253604517,65.00868013566321,52.32909967291486,omer yurtseven,1489065.0,False,False,MIA,140840240,6351360.0,147191600.0,1556216.176953405,0.009877233390768653,89.83344486313321,219.0716914799663,omer yurtseven
1630168,Onyeka Okongwu,1610612737,ATL,21.0,48,992.0633333333334,392,283,53,31,60,44,110,114.6,109.1,0.714,0.137,0.109,114.3,108.7,5.6,28.700183792029407,790.9,0.02018451032476631,3.1755934344373444,0.5029725098742273,-0.13096061724715352,2.223993097867904,1.1255188659451576,0.1807734619221273,0.38494471687272774,0.6715190829662838,True,0.6122860746103083,72.98257493275634,62.194552519129175,onyeka okongwu,6104280.0,False,False,ATL,135166020,0.0,135166020.0,6104280.0,0.03874358789961771,66.1758542894748,161.37927646451152,onyeka okongwu
1629052,Oshae Brissett,1610612754,IND,24.0,67,1564.04,613,358,72,44,29,54,-220,110.8,116.8,0.53,0.166,0.079,110.2,116.8,-6.6,24.020869031482572,1043.6000000000001,-0.006086856102837895,0.6032445853452808,-5.443366976197208,-0.32337764363909116,-0.6084509765640458,0.25488749064285043,-2.091031170148396,-0.6133558974237634,0.8431650329130548,True,-0.6315403785473406,26.384362812196997,24.522267009229573,oshae brissett,1701593.0,False,False,IND,138181486,2363229.0,140544715.0,1730694.2496695614,0.01098463779339014,40.5604495049267,98.91245174633883,oshae brissett
203490,Otto Porter Jr.,1610612744,GSW,29.0,63,1395.4983333333332,515,362,94,68,29,37,231,110.2,103.3,0.581,0.145,0.12,110.3,102.5,7.8,27.236721887879956,1055.8,0.0020781678619789376,0.4535780562852148,5.003678115250745,-0.042758293427616,0.2718600575220997,0.20423169561789484,1.9002723008011204,0.7509882754481076,0.7964404712484319,True,0.5710615173686955,71.60210283491232,65.04322219509909,otto porter,2389641.0,False,False,GSW,178980766,191029670.5,370010436.5,4940151.555102276,0.03135491753532573,74.52675598233334,181.74414349176078,otto porter
200782,P.J. Tucker,1610612748,MIA,37.0,71,1980.7583333333332,539,387,149,58,15,66,230,113.2,107.1,0.593,0.116,0.083,111.5,105.9,5.6,19.696092826400662,1083.6999999999998,0.0030545342895831515,2.024940053012209,2.5841559068390647,-0.6556527058779074,0.3771268813838399,0.7360713241313754,0.9758915496949223,-0.48024914885089776,0.9488649519134411,True,0.005375542156774521,50.21445207182388,49.05897878222407,pj tucker,7000000.0,False,False,MIA,140840240,6351360.0,147191600.0,7315673.418335556,0.04643224690351366,48.99466137712987,119.48048255000045,pj tucker
1629023,P.J. Washington,1610612766,CHA,23.0,65,1768.0733333333333,668,337,147,57,61,82,141,115.0,111.5,0.588,0.154,0.085,114.3,111.2,3.1,25.294652182601784,1242.3000000000002,0.003285157591343149,3.8479240902481457,-1.3279838406150122,-0.057458283695811435,0.4019915037207149,1.3530743795501907,-0.5187451457698292,-0.41369577456446494,0.8964762668189811,True,0.046974807331869206,51.873334690306706,49.45678012344665,pj washington,4215120.0,False,False,CHA,122139566,0.0,122139566.0,4215120.0,0.026753175186498095,59.90480011559262,146.08641479892634,pj washington
1628408,PJ Dozier,1610612743,DEN,25.0,18,340.48833333333334,97,63,29,11,6,13,-90,96.6,109.5,0.463,0.147,0.068,97.5,109.8,-12.3,21.114379836803018,199.7,-0.015239167753717895,-5.065429655764409,-0.02573621331744203,-1.2418970481033398,-1.5952063086221056,-1.6637191759529593,-0.021220206481166584,-0.9793994559991434,0.3934049113094856,False,-1.0963159524840127,13.647026530003775,9.921827859255526,pj dozier,1910860.0,False,False,DEN,137963926,2036889.0,140000815.0,1939071.7929475275,0.012307200595931354,15.770777041837945,38.45929328183571,pj dozier
1628238,Paris Bass,1610612756,PHX,26.0,2,7.383333333333334,6,4,0,1,0,2,2,94.4,93.8,0.436,0.36,0.089,101.4,90.8,10.6,39.98194130925508,8.2,-0.04704041082543159,-0.1607085667577822,0.256351099368225,0.19449091293756537,-5.023853339459469,-0.0036783658959249287,0.08655151847815165,-0.2805890259915998,0.05793151651787312,False,-0.776701007594675,21.866759613120117,12.596766332789988,paris bass,106352.0,False,False,PHX,136476474,0.0,136476474.0,106352.0,0.002,37.819495109363665,92.22824280143764,paris bass
1627783,Pascal Siakam,1610612761,TOR,28.0,68,2577.853333333333,1551,580,360,85,42,181,257,114.3,109.6,0.565,0.257,0.139,112.1,108.2,3.9,34.613916488654645,2478.6,-0.000428626617044231,2.794141554405175,0.7173362723802296,1.7144851655867481,0.001590325359736048,0.9964135251041291,0.262671340398444,1.3832453311692192,1.0,True,1.032696169376799,84.91269466229164,84.91269466229164,pascal siakam,33003936.0,False,False,TOR,134896484,0.0,134896484.0,33003936.0,0.2094744827316829,50.04882439433513,122.05120969540411,pascal siakam
1626192,Pat Connaughton,1610612749,MIL,29.0,65,1690.83,645,273,82,59,15,35,-26,111.3,112.1,0.62,0.137,0.089,111.1,111.8,-0.7,22.604992814180022,1061.7,0.007306510324766312,1.185519532642474,-1.777808617774532,-0.4281911916482961,0.8355531440097042,0.4519629527631479,-0.6906011278853468,-0.2805890259915998,0.8766750201238147,True,-0.10168726037642815,45.95024572360279,43.400179815476704,pat connaughton,5333334.0,False,False,MIL,160875421,61010328.75,221885749.75,7355945.401113614,0.046687851349026255,43.26008018605981,105.49588690891217,pat connaughton
201976,Patrick Beverley,1610612750,MIN,33.0,58,1475.7383333333332,533,240,268,67,52,73,112,113.6,109.8,0.539,0.158,0.094,111.4,108.9,2.4,29.893104355672815,1225.4,-0.004371513640050525,1.9689769147115366,0.26625867456840935,0.31639014698435886,-0.42351154420781756,0.7171301668765402,0.09033671696624475,-0.11420559027551781,0.819017796824435,True,0.10242916060867949,54.079198071290726,49.67488048548124,patrick beverley,14320987.0,False,False,MIN,137432702,1240053.0,138672755.0,14450205.029143536,0.09171479498222894,39.09310742110395,95.33412840838221,patrick beverley
1630172,Patrick Williams,1610612741,CHI,20.0,17,422.3283333333333,153,69,15,9,9,16,-56,107.8,113.3,0.637,0.139,0.078,106.7,113.2,-6.5,20.261960480984385,237.70000000000002,0.009776174709069472,-1.1465233412051699,-1.6591912409988736,-1.2833626456586522,1.1018196996695209,-0.3373350054972768,-0.6452832467528941,-0.6466325845669798,0.43814087259969736,False,-0.4969502196718545,30.961207803766165,23.133081063818594,patrick williams,7422000.0,False,False,CHI,136083814,0.0,136083814.0,7422000.0,0.04710709688791514,22.986371024910817,56.055550236166965,patrick williams
201988,Patty Mills,1610612751,BKN,33.0,81,2345.7233333333334,923,156,183,51,17,73,117,112.3,110.7,0.563,0.16,0.066,111.1,109.6,1.5,20.44844731617966,1332.4,-0.0005868492557473815,1.5959169184873916,-0.34911425172249655,-0.3937389299767999,-0.015468428575682872,0.5908651240548631,-0.14476709230551504,-1.045952830285576,1.0,True,-0.34762614110382295,36.406048577290804,36.406048577290804,patty mills,2636985.931269278,False,True,BKN,174811922,125581090.5,300393012.5,4531339.388935363,0.02876020528517978,42.99455937560792,104.84837647271048,patty mills
202331,Paul George,1610612746,LAC,32.0,31,1077.3866666666668,754,213,176,67,13,126,92,108.2,103.9,0.538,0.329,0.148,106.9,102.1,4.8,38.309365872976585,1146.5,-0.009431708782130524,-1.5189731444904782,4.642125524681785,0.9623273636441328,-0.9690758484152288,-0.4633935237965405,1.7621407911697524,1.682735515458166,0.699800837468213,False,0.7948532083921804,78.66505522401414,68.03822255956952,paul george,39344970.0,False,False,LAC,168378382,93418814.5,261797196.5,61174140.76574631,0.3882694928707856,32.31271628358609,78.79917577849146,paul george
200794,Paul Millsap,1610612755,PHI,37.0,33,375.70166666666665,115,114,29,10,13,19,-23,106.9,110.4,0.458,0.158,0.064,106.4,110.1,-3.7,24.60675802165725,256.79999999999995,-0.017169513640050527,-1.3059253610103583,-0.2589317506720494,-0.9021408846972211,-1.8033263081057245,-0.3912858527075767,-0.11031278237282287,-1.1125062045720089,0.4132474861974176,False,-0.9050258240238265,18.27258532213329,13.447916904988045,paul millsap,2641691.0,False,False,PHI,148922969,22042422.5,170965391.5,3032693.607102518,0.019248368577356397,18.27823659600593,44.57409169222836,paul millsap
1630194,Paul Reed,1610612755,PHI,23.0,38,302.5316666666667,116,92,16,33,14,10,-40,107.7,113.9,0.568,0.151,0.105,109.3,114.7,-5.4,34.4373867198475,289.4,0.00020116101488840943,-0.370905103224757,-1.795715383691555,-0.04805560631574324,0.06949079986051415,-0.07482101036757847,-0.6974424247623556,0.25183796829986216,0.37082933263078577,False,-0.04187840637939019,48.32978152532299,34.646325122079894,paul reed,1517981.0,False,False,PHI,148922969,22042422.5,170965391.5,1742660.7708483269,0.011060588759784561,57.167860945427556,139.4119975548883,paul reed
1628778,Paul Watson,1610612760,OKC,27.0,9,156.20833333333334,31,27,8,3,3,4,-56,99.7,117.6,0.432,0.106,0.048,99.6,115.8,-16.2,15.694425180048011,68.1,-0.014274787631932635,-2.381398702283017,-1.6433634746908279,-1.803492612665615,-1.4912317868179985,-0.7552881281157794,-0.6392362336453892,-1.6449331988634708,0.2664653596225744,False,-1.37721653511232,8.422265555726222,5.642154964713956,paul watson,303102.0,False,False,OKC,82022873,0.0,82022873.0,303102.0,0.002,16.939541979025524,41.309493584431884,paul watson
1630202,Payton Pritchard,1610612738,BOS,24.0,71,1001.0,442,134,139,25,6,41,64,109.4,107.2,0.578,0.18,0.107,109.3,106.6,2.8,26.613386613386613,740.0,0.002039794587284198,-0.20267230229504327,1.8515970460399467,-0.34737137139352836,0.26772284772659166,-0.01788131694454467,0.6960167431646198,0.3183913425862949,0.6745368781616021,True,0.15055330101950637,55.98359491178202,47.78432690450585,payton pritchard,2137440.0,False,False,BOS,136557646,0.0,136557646.0,2137440.0,0.013566234596079944,73.40774135288207,179.01526642333474,payton pritchard
1627822,Petr Cornelie,1610612743,DEN,26.0,13,37.965,14,14,3,1,1,4,8,102.3,96.5,0.418,0.208,0.046,109.9,103.2,6.7,25.22323192414065,26.599999999999994,-0.030922904032471586,-0.19646452380982443,0.6419516324505522,-1.0339857480486425,-3.2861463672645153,-0.015780246274419277,0.23387056732109732,-1.7114865731499036,0.13136520917586278,False,-1.2321508158898073,10.894637603752832,6.636080038534554,petr cornelie,218021.0,False,False,DEN,137963926,2036889.0,140000815.0,221239.84560366164,0.002,19.923620866841684,48.58659634342701,petr cornelie
1630173,Precious Achiuwa,1610612761,TOR,22.0,73,1724.6533333333334,664,473,82,37,41,84,72,108.7,106.7,0.503,0.18,0.089,106.8,106.7,0.1,24.123804590681026,1155.7,-0.011460205412715793,-1.6155404875615849,2.2609818936922514,-0.2252159941265397,-1.187777958072887,-0.4960774883905971,0.8524226119137048,-0.2805890259915998,0.88540009788419,True,-0.2651956315115818,39.54293800061745,37.503710429708406,precious achiuwa,2711280.0,False,False,TOR,134896484,0.0,134896484.0,2711280.0,0.017208371011892556,53.013011072458006,129.27980245869082,precious achiuwa
1629656,Quentin Grimes,1610612752,NYK,22.0,46,786.2266666666667,275,94,44,31,11,28,-54,102.0,105.0,0.565,0.149,0.07,102.4,103.0,-0.6,20.760425322638085,453.4,-0.0002485033694147487,-4.5257569630530865,3.5554109436001298,-1.0691790704252626,0.02101029069810129,-1.4810627765947624,1.3469604563061361,-0.9128460817127105,0.5978091313920837,True,-0.5581123965587076,28.838381803599333,23.61904158152298,quentin grimes,2168640.0,False,False,NYK,120644081,0.0,120644081.0,2168640.0,0.013764259578955577,36.100724979157874,88.03677624615752,quentin grimes
1629683,Quinndary Weatherspoon,1610612744,GSW,25.0,11,73.40833333333333,30,14,5,1,1,3,-10,110.8,119.4,0.647,0.15,0.065,115.7,125.1,-9.5,22.95107276648882,46.8,0.01204982882273684,0.5243860732171886,-1.6903296028735846,-1.2092498421667481,1.3469534325993102,0.22819721692954453,-0.6571796873963784,-1.0792295174287925,0.18266752377591436,False,-0.4883856714504533,31.263834454311024,19.76500820045016,quinndary weatherspoon,1730232.8742012454,True,True,GSW,178980766,191029670.5,370010436.5,3576944.2456730376,0.02270270266014421,25.356365557633413,61.835120549571315,quinndary weatherspoon
1630181,R.J. Hampton,1610612753,ORL,21.0,64,1402.2616666666668,489,194,158,42,13,87,-415,99.1,113.5,0.481,0.18,0.065,98.7,113.6,-14.9,21.631911305189117,842.6,-0.015420205412715797,-7.949410942989495,-2.9069922777198243,-0.6850672721312442,-1.6147248611074017,-2.639824961655057,-1.1220068145487005,-1.0792295174287925,0.7983681272863207,True,-1.3015191688581227,9.654040376128009,8.778087367996534,rj hampton,2303040.0,False,False,ORL,126786646,0.0,126786646.0,2303040.0,0.014617290274419844,13.137527734990426,32.0377385856039,rj hampton
1629628,RJ Barrett,1610612752,NYK,22.0,70,2417.19,1402,408,208,43,16,151,-146,108.3,111.6,0.511,0.268,0.099,107.2,110.2,-3.0,28.207960483040225,1894.0,-0.014918972503376848,-1.6604418942714285,-0.9475308772347975,0.7081993694826128,-1.560684497889916,-0.5112747169821226,-0.3733927308065263,0.05217784544056419,1.0,True,-0.1740995958489623,43.08935954077361,43.08935954077361,rj barrett,8623920.0,False,False,NYK,120644081,0.0,120644081.0,8623920.0,0.05473562853592417,40.624932509979,99.06970276804951,rj barrett
200765,Rajon Rondo,1610612739,CLE,36.0,39,697.9333333333333,186,108,170,30,6,68,-110,98.9,106.8,0.496,0.152,0.096,99.7,106.2,-6.5,24.882605788518486,482.40000000000003,-0.010741506792960005,-5.979901200442549,1.8506578947216321,-0.6988056239782057,-1.1102915565779594,-1.9732291473158907,0.6956579395140445,-0.04765221598908501,0.5632427755794336,False,-0.5471764854482478,29.212874471260264,23.47135418412394,rajon rondo,7500000.0,False,False,CLE,136385911,0.0,136385911.0,7500000.0,0.04760215934510423,23.237316326760464,56.66751621196708,rajon rondo
203526,Raul Neto,1610612764,WAS,30.0,70,1371.995,526,134,217,55,3,79,-87,109.6,112.9,0.538,0.18,0.085,110.6,112.6,-2.0,24.664812918414423,939.9999999999999,-0.005160205412715788,0.40756332987959604,-2.274592981418329,-0.3518419576605938,-0.5085442486997961,0.1886576553593881,-0.8803980644897543,-0.41369577456446494,0.789705065773983,True,-0.3921119204590123,34.74877600626656,31.460404802163968,raul neto,2089448.0,False,False,WAS,128019790,0.0,128019790.0,2089448.0,0.013261631551907911,48.71610109326156,118.80117349467984,raul neto
1629730,Rayjon Tucker,1610612749,MIL,24.0,5,70.81833333333333,21,8,10,4,0,1,-2,114.8,117.5,0.869,0.075,0.085,118.1,121.9,-3.8,24.40046127415218,48.00000000000001,0.02267491441136842,0.8853363106697616,-1.3055971797253374,-1.0862059846155838,2.4924957019283256,0.3503636181779395,-0.5101923007758823,-0.41369577456446494,0.1794161406204902,False,-0.045760175623677984,48.1750700393594,30.38581183491032,rayjon tucker,220639.0,False,False,MIL,160875421,61010328.75,221885749.75,304314.043965052,0.002,91.22786211355488,222.4721771915421,rayjon tucker
203493,Reggie Bullock Jr.,1610612742,DAL,31.0,68,1901.8483333333331,583,241,83,41,14,40,270,113.3,106.7,0.558,0.128,0.065,112.6,105.3,7.3,17.605820302880797,930.1000000000001,-0.0011094794045978915,2.562425602625914,2.974474879255652,-0.9543431480570732,-0.07181573248583246,0.9179874679819519,1.1250132827540693,-1.0792295174287925,0.9297722920971108,True,-0.2666768895053777,39.48589746062083,38.238045627704274,reggie bullock,9536000.0,False,False,DAL,126696965,0.0,126696965.0,9536000.0,0.06052455886865519,34.804609660673805,84.87601384184357,reggie bullock
202704,Reggie Jackson,1610612746,LAC,32.0,75,2336.528333333333,1263,271,359,55,15,173,-70,108.2,109.4,0.488,0.273,0.088,107.4,108.4,-1.0,28.72107264552752,1864.1000000000001,-0.021476311542618958,-1.58477659960784,0.6725499233498811,0.7275505640151153,-2.2676631834837884,-0.48566521243188776,0.2455606733369686,-0.3138657131348162,1.0,True,-0.2884372313234722,38.65060358257566,38.65060358257566,reggie jackson,10384500.0,False,False,LAC,168378382,93418814.5,261797196.5,16145974.054164803,0.10247776396110285,29.25856741741892,71.35119736508159,reggie jackson
1629617,Reggie Perry,1610612757,POR,22.0,10,187.26666666666668,92,47,12,9,6,11,-78,100.5,117.1,0.537,0.222,0.091,100.5,119.2,-18.7,30.39302242791029,158.1,-0.006586253342349472,-2.491535103001307,-2.3824399860890266,-0.4935420122376453,-0.6622934272694633,-0.7925646452810369,-0.9216011147595417,-0.21403565170516703,0.2917553977584856,False,-0.5440650766674678,29.319834581016423,19.975308019737884,reggie perry,188272.0,False,False,POR,124788473,0.0,124788473.0,188272.0,0.002,59.97222175932733,146.25083211096222,reggie perry
1626158,Richaun Holmes,1610612758,SAC,28.0,45,1074.0783333333334,468,317,48,17,41,56,-136,107.2,113.0,0.689,0.153,0.116,106.1,112.5,-6.4,26.750004267224455,798.0999999999999,0.018716825399191565,-2.1179628875496896,-2.1040579405247297,-0.2894815987101901,2.065754831806142,-0.6661262378977735,-0.8152449906129763,0.6178815268752426,0.6987255714816971,True,0.200651598879334,57.951449580002766,50.09476914569261,richaun holmes,10384500.0,False,False,SAC,130457848,0.0,130457848.0,10384500.0,0.0659099498292313,44.25646158258921,107.92570531595898,richaun holmes
201937,Ricky Rubio,1610612754,IND,31.0,34,970.15,445,141,225,49,7,90,184,108.6,99.5,0.488,0.234,0.111,107.8,99.7,8.0,31.70849868577024,854.5,-0.018408267036530535,-1.0056243159224072,6.59665751464309,0.17321064495602845,-1.9368823500882053,-0.28964663997718637,2.5088715889529936,0.45149809115916056,0.6640611965227848,False,0.22110347841989555,58.74940690517955,49.86811444785462,ricky rubio,17800000.0,False,False,IND,138181486,2363229.0,140544715.0,18104421.94115643,0.11490794374585726,36.26749674621207,88.4434730299147,ricky rubio
1630306,Rob Edwards,1610612760,OKC,25.0,2,10.85,3,3,0,0,0,1,-14,50.0,109.1,0.375,0.227,0.08,53.0,102.9,-49.9,12.276497695852534,3.6999999999999997,-0.04350859238159158,-1.2285531825800347,0.08997887255594483,-2.142805293460321,-4.643070777167129,-0.3650986401369705,0.02298885166348987,-0.580079210280547,0.07022690497108769,False,-1.457502171295336,7.248890622019662,4.215970060897087,rob edwards,53176.0,False,False,OKC,82022873,0.0,82022873.0,53176.0,0.002,12.657681732515414,30.867565544012773,rob edwards
203496,Robert Covington,1610612746,LAC,31.0,71,1939.48,604,391,92,103,91,75,38,110.9,110.2,0.572,0.134,0.08,110.0,108.8,1.2,24.317652154185655,1310.1,0.0007145137483115691,0.5693211782070564,0.20390402230592117,-0.08562785830661637,0.1248378603906456,0.24340585096473408,0.06651406301705756,-0.580079210280547,0.9389258853508184,True,-0.13021706150495257,44.81973481908058,43.58793828878168,robert covington,12975471.0,False,False,LAC,168378382,93418814.5,261797196.5,20174454.05234415,0.128046343533356,30.52143620174369,74.4308833452951,robert covington
1629057,Robert Williams III,1610612738,BOS,24.0,61,1804.3333333333333,607,588,121,56,134,63,370,113.4,103.4,0.745,0.112,0.14,112.7,101.8,10.9,29.748383521152782,1491.0,0.01997320552097684,2.6122190403756655,5.619302166101155,0.5162323869074252,2.2012112969653206,0.934840442338209,2.1354720524486637,1.4165220183124356,0.9056221701965533,True,1.3447432709834162,91.06459221508716,87.19707685174907,robert williams,3661976.0,False,False,BOS,136557646,0.0,136557646.0,3661976.0,0.023242395342659653,110.94832972685471,270.56335529790965,robert williams
1630218,Robert Woodard II,1610612759,SAS,22.0,12,42.193333333333335,7,11,3,1,1,1,15,111.1,94.4,0.207,0.158,0.014,112.9,97.3,15.6,18.514773265918787,21.7,-0.056827513640050537,0.19735802990257884,1.0487351747993132,-1.6029689485058771,-6.0790486011720795,0.1175120448099402,0.3892826049154254,-2.7763405617328276,0.13848750080345837,False,-2.0694824983633247,1.9250415999815302,1.1787402700457017,robert woodard,1517981.0,False,False,SAS,127655401,0.0,127655401.0,1517981.0,0.009634556459312087,2.0412404625500935,4.977856538057747,robert woodard
201577,Robin Lopez,1610612753,ORL,34.0,36,611.9033333333333,254,126,54,2,18,44,-65,103.3,109.7,0.57,0.182,0.076,102.3,110.6,-8.3,23.333097275713477,396.5999999999999,0.0006064589715873547,-3.821375335422139,-0.34314103436087096,-0.8978203068979402,0.11318794819860284,-1.242659363535735,-0.14248501895563465,-0.7131859588534125,0.5273877878638059,False,-0.6292043295244238,26.460764738861343,20.833208487739448,robin lopez,5000000.0,False,False,ORL,126786646,0.0,126786646.0,5000000.0,0.03173477289673615,23.770369009855415,57.9674413468816,robin lopez
203918,Rodney Hood,1610612746,LAC,29.0,52,709.435,163,77,38,15,6,11,9,108.8,107.9,0.493,0.106,0.051,109.0,108.4,0.7,15.20815860508715,299.70000000000005,-0.007808787631932635,-0.42463226016712824,0.8308787886894107,-1.6595623960555184,-0.7941008082772995,-0.09300538242750721,0.30605036628358695,-1.545103137433822,0.5678648206619727,True,-0.9655799139072092,16.7127215086674,13.462751800798879,rodney hood,2239544.0,False,False,LAC,168378382,93418814.5,261797196.5,3482076.105461068,0.022100578883191693,17.434508707628453,42.51654067726634,rodney hood
203585,Rodney McGruder,1610612765,DET,30.0,51,754.0566666666666,273,111,48,21,7,24,-56,105.0,108.7,0.577,0.142,0.077,104.0,108.2,-4.2,21.221216796262,444.5,0.0014671712855242006,-3.1531296014092174,0.7314564501436326,-1.0374703727951107,0.20598553830946315,-1.016486423326276,0.26806596768531477,-0.6799092717101962,0.5854511340009773,True,-0.5447056123115612,29.297800212705905,23.832383778206484,rodney mcgruder,1939350.0,False,False,DET,131120355,0.0,131120355.0,1939350.0,0.01230896636345705,37.879747980689466,92.3751780376181,rodney mcgruder
1629641,Romeo Langford,1610612759,SAS,22.0,48,770.9066666666666,218,108,21,22,16,16,5,104.0,103.1,0.52,0.123,0.061,104.6,102.3,2.3,17.792037081877616,381.0,-0.00574014036535579,-3.205112859698648,4.243919749336402,-1.3770123756045742,-0.5710698628389669,-1.03408055939114,1.6100058975825469,-1.2123362660016581,0.5919561818345351,True,-0.707225652398775,23.97131297689431,19.56970724380522,romeo langford,3804360.0,False,False,SAS,127655401,0.0,127655401.0,3804360.0,0.024146100123485427,24.5699929372299,59.91743855098163,romeo langford
1626220,Royce O'Neale,1610612762,UTA,29.0,77,2405.5383333333334,570,368,191,86,32,79,232,115.8,110.5,0.608,0.098,0.069,114.4,108.9,5.4,18.521259621027312,1237.6000000000001,0.004050554830854733,4.401272157617905,0.06331122431817388,-0.6317513779087923,0.4845127110441081,1.5403593152948312,0.01280045139893969,-0.9461227688559269,1.0,True,-0.13612380347329422,44.586170511169115,44.586170511169115,royce o neale,8800000.0,False,False,UTA,149760719,24136797.5,173897516.5,10218287.915671665,0.06485500927946074,39.61294129699529,96.60181759311298,royce o neale
1630612,Ruben Nembhard Jr.,1610612739,CLE,23.0,14,62.73333333333333,15,7,12,1,0,3,-7,82.7,91.1,0.38,0.16,0.097,83.3,93.9,-10.5,19.91285866099894,34.7,-0.029866849255747372,-2.9635655363858877,1.8769244075798273,-1.4748263726716102,-3.172287954042998,-0.9523269984887738,0.7056930856269368,-0.01437552884586861,0.16886429911367148,False,-0.8858575318573886,18.78471516055578,11.759023830142425,ruben nembhard,1489665.7366117674,False,True,CLE,136385911,0.0,136385911.0,1489665.7366117674,0.009454840768684723,20.49790356459332,49.98706676038371,ruben nembhard
200752,Rudy Gay,1610612762,UTA,35.0,55,1038.236666666667,446,242,56,25,19,47,183,113.6,104.9,0.539,0.185,0.09,113.7,105.0,8.7,25.00008026429426,721.0,-0.005118544451957893,2.710671818463964,3.142896485305074,-0.49843247514832234,-0.5040525774439815,0.9681625470051567,1.1893589168471237,-0.2473123388483834,0.6869685273546072,True,0.049218512519649274,51.96274208560331,44.6430539306162,rudy gay,5890000.0,False,False,UTA,149760719,24136797.5,173897516.5,6839285.889012057,0.04340863689272997,45.64775211415643,111.31856607683554,rudy gay
203497,Rudy Gobert,1610612762,UTA,30.0,66,2120.4166666666665,1027,968,72,45,137,119,417,114.1,104.5,0.732,0.166,0.177,114.1,104.5,9.6,34.15592847317744,2011.7999999999997,0.0274451438971621,3.6058286158243695,4.140200249474363,1.3032541656362366,3.0067973952928546,1.2711352926621768,1.5703797644338169,2.6477594426114406,0.9817462796342838,True,1.9973882420508187,97.71084879472204,96.90823486495401,rudy gobert,35344828.0,False,False,UTA,149760719,24136797.5,173897516.5,41041321.458396986,0.2604874031728345,52.923978072744575,129.06268276708298,rudy gobert
1629060,Rui Hachimura,1610612764,WAS,24.0,42,943.525,475,160,48,23,9,33,-127,108.7,115.8,0.579,0.205,0.099,109.3,114.9,-5.6,25.815532179857453,676.6,0.00252809939107367,-0.381656748833626,-3.6887556413035902,-0.4651899601836574,0.32036936886669043,-0.07845998803054847,-1.4206802479664737,0.05217784544056419,0.6548854861729645,True,-0.27745976648329496,39.07135475845035,33.00351353753855,rui hachimura,4916160.0,False,False,WAS,128019790,0.0,128019790.0,4916160.0,0.031202644224803677,37.88003217336362,92.37587108206192,rui hachimura
201566,Russell Westbrook,1610612747,LAL,33.0,78,2677.866666666667,1441,580,550,75,20,295,-211,107.5,111.5,0.512,0.264,0.113,107.2,111.3,-4.1,32.385480979884484,2409.0,-0.014432301271983163,-1.958267709024203,-1.4860586789198011,1.4712153447017964,-1.5082141001526617,-0.6120761688498424,-0.5791377874472514,0.5180514654455933,1.0,True,0.11830506734166374,54.70870287796703,54.70870287796703,russell westbrook,44211146.0,False,False,LAL,164409293,75663995.25,240073288.25,64557878.71748122,0.4,25.71298951974932,62.70479903871364,russell westbrook
1627853,Ryan Arcidiacono,1610612752,NYK,28.0,10,76.25333333333333,16,8,4,1,0,3,-12,91.1,99.4,0.667,0.085,0.063,93.2,97.8,-4.6,11.897184822521421,25.200000000000003,0.008528236332884211,-2.2871113487760497,1.4789383351547447,-2.1575920611684207,0.9672733802527993,-0.7233758436344735,0.5536421297484995,-1.1457828917152253,0.1861735912008093,False,-0.763501932851649,22.25820550296167,14.106763550106315,ryan arcidiacono,774727.0,False,False,NYK,120644081,0.0,120644081.0,774727.0,0.004917157080393942,30.913246009918613,75.38636754771098,ryan arcidiacono
1630240,Saben Lee,1610612765,DET,23.0,37,603.7283333333334,208,87,107,36,12,36,-80,105.1,110.8,0.499,0.169,0.1,102.1,111.3,-9.2,28.115294682762933,471.4999999999999,-0.011435859526383164,-3.4700536501544397,-0.8114756570632095,-0.43520920564579757,-1.1851531093932544,-1.123751820289374,-0.32141270509033637,0.08545453258378059,0.523853003901829,False,-0.47771358685226,31.64270362851367,24.862743402000003,saben lee,1489065.0,False,False,DET,131120355,0.0,131120355.0,1489065.0,0.009451027920695684,43.34595077794222,105.70529461715185,saben lee
1630180,Saddiq Bey,1610612765,DET,23.0,82,2704.1766666666667,1321,441,233,73,16,96,-499,104.7,114.0,0.529,0.209,0.1,103.0,112.5,-9.5,26.813188980502996,2014.1,-0.00787257184032,-5.033261402306306,-2.939937351494464,0.6865916580936433,-0.8009776946998988,-1.6528315816209593,-1.13459351118458,0.08545453258378059,1.0,True,-0.34097614382727076,36.65607705829371,36.65607705829371,saddiq bey,2824320.0,False,False,DET,131120355,0.0,131120355.0,2824320.0,0.01792583075754197,51.07935263585571,124.56430006315912,saddiq bey
1626155,Sam Dekker,1610612761,TOR,28.0,1,0.9066666666666666,0,0,0,0,0,0,-5,0.0,250.0,0.0,0.0,0.0,0.0,250.0,-250.0,0.0,0.0,-0.0,-0.19846107567237517,-0.2541013626680175,-3.1798413709760616,0.04780265028529037,-0.016455994703551847,-0.10846732806131544,-3.242214181737857,0.02030076875690209,False,-1.779192698137309,3.7604087543872353,2.10257744976239,sam dekker,350000.0,False,False,TOR,134896484,0.0,134896484.0,350000.0,0.0022214341027715304,6.0848160266218,14.838693332170102,sam dekker
1630573,Sam Hauser,1610612738,BOS,24.0,26,157.605,65,29,10,1,2,2,1,105.7,106.0,0.65,0.136,0.104,107.3,107.3,0.0,23.458646616541355,102.7,0.011333178132614738,-0.7151385667320701,0.6798031705205702,-1.1218697276071796,1.2696878283808308,-0.19132949010361072,0.2483317832876402,0.21856128115664575,0.2676539489034981,False,-0.01589552932007217,49.36588683193409,33.09707630582441,sam hauser,619498.0,False,False,BOS,136557646,0.0,136557646.0,619498.0,0.00393192566799645,78.43229596697158,191.26836080170463,sam hauser
1630241,Sam Merrill,1610612763,MEM,26.0,6,57.833333333333336,25,7,4,0,0,2,-9,101.6,112.7,0.485,0.178,0.054,98.3,112.3,-14.0,20.355043227665707,32.7,-0.014536869797018953,-1.0392279070297696,-0.2948027094988169,-1.4391766112018272,-1.5194881425564286,-0.3010200354446113,-0.1240173161637956,-1.4452730760041728,0.1621353717973928,False,-1.0850548997264342,13.894867036142966,8.655959114719801,sam merrill,1517981.0,False,False,MEM,117284457,0.0,117284457.0,1517981.0,0.009634556459312087,14.989641430049975,36.554382477064195,sam merrill
1630572,Sandro Mamukelashvili,1610612749,MIL,23.0,41,407.00166666666667,154,82,22,9,9,15,-145,99.6,117.3,0.618,0.142,0.09,100.8,117.5,-16.7,22.908997096653987,259.0,0.0072891712855242055,-4.1839457602454795,-3.5017018706508236,-1.0433915458057508,0.8336837376698023,-1.3653741297383453,-1.3492161777413203,-0.2473123388483834,0.4301171440151596,True,-0.6171775735774323,26.855880313286697,19.968762715471403,sandro mamukelashvili,1489665.7366117674,True,True,MIL,160875421,61010328.75,221885749.75,2054605.960254103,0.013040490708188891,31.10394184905243,75.85140659971312,sandro mamukelashvili
1630583,Santi Aldama,1610612763,MEM,21.0,32,359.7683333333333,132,87,21,6,10,16,16,105.9,104.6,0.452,0.174,0.066,106.1,103.5,2.6,23.325010075928493,233.1,-0.019952198565625263,-1.516416701588826,2.375307768530702,-1.0290260157840567,-2.1033411341398054,-0.4625282759122448,0.8961009206668266,-1.045952830285576,0.40438973850242615,False,-0.8215076264394705,20.56785909153851,15.055166522158084,santi aldama,1994520.0,False,False,MEM,117284457,0.0,117284457.0,1994520.0,0.012659127847599637,23.695255190178408,57.78426556468564,santi aldama
1630567,Scottie Barnes,1610612761,TOR,20.0,74,2617.2883333333334,1134,557,256,80,55,136,66,110.2,108.4,0.552,0.187,0.109,109.1,107.6,1.5,27.205409160753526,1977.9,-0.002742880067654733,-0.08724093562025252,1.424363897128513,0.690730412377627,-0.2479206199875093,0.021187322426266104,0.5327919140164424,0.38494471687272774,1.0,True,0.334074810624505,63.083844630868846,63.083844630868846,scottie barnes,7280400.0,False,False,TOR,134896484,0.0,134896484.0,7280400.0,0.04620836811947957,63.10780636224243,153.89740320467584,scottie barnes
1630575,Scottie Lewis,1610612766,CHA,22.0,2,6.55,1,0,1,1,0,0,-4,100.0,111.8,0.568,0.059,0.08,95.9,125.0,-29.1,25.2824427480916,4.6,7.859933694315335e-05,-0.156510891879079,-0.13064478717808883,-1.0465611915958368,0.05627682793388774,-0.0022576303475535424,-0.06130062647716458,-0.580079210280547,0.054564390652445914,False,-0.4367562753167479,33.114405611854025,19.02601340033265,scottie lewis,925258.2214979922,True,True,CHA,122139566,0.0,122139566.0,925258.2214979922,0.005872571906015355,39.180956145582414,95.5483600756101,scottie lewis
203816,Scotty Hopson,1610612760,OKC,32.0,1,17.733333333333334,4,1,1,0,0,2,-6,81.6,100.0,0.5,0.143,0.018,84.1,100.1,-16.1,6.6992481203007515,3.3,-0.009533496522324214,-0.9091783827102764,0.32732696432902475,-2.6129113028184356,-0.9800500808502232,-0.2570037674894872,0.11366791490335565,-2.643233813159962,0.0897808780342789,False,-1.6147058596680506,5.318720399996332,3.1401799443867087,scotty hopson,95930.0,False,False,OKC,82022873,0.0,82022873.0,95930.0,0.002,9.4278179742143,22.991081258467503,scotty hopson
1629635,Sekou Doumbouya,1610612747,LAL,21.0,2,16.383333333333333,14,6,0,3,2,2,24,108.3,40.5,0.717,0.286,0.376,105.2,41.9,63.2,57.13123092573754,26.0,0.04299500695535156,-0.1016506082629631,2.1662127842232377,1.6532315585011652,4.683303929460729,0.01631025720433588,0.8162159838910011,9.269820184111499,0.08629582664862592,False,4.021628470442151,99.99711014146706,58.8816105547661,sekou doumbouya,3799131.0,False,False,LAL,164409293,75663995.25,240073288.25,5547556.680159866,0.03521009027532898,64.78333983450602,157.9834309915355,sekou doumbouya
1628400,Semi Ojeleye,1610612746,LAC,27.0,30,405.8366666666666,98,74,9,7,6,9,-144,97.8,114.4,0.438,0.126,0.041,98.2,113.0,-14.8,15.718638861282457,177.20000000000002,-0.016212143788901057,-5.198830207663631,-1.766796208157728,-1.7143568629708383,-1.7001075977504518,-1.7088696251259403,-0.6863938263620626,-1.8778700088659854,0.4295011200465164,False,-1.6062558757882734,5.4108850466410505,4.021778310241453,semi ojeleye,1789256.0,False,False,LAC,168378382,93418814.5,261797196.5,2781961.669050864,0.017656984354950844,5.633969520653901,13.739239706510984,semi ojeleye
201586,Serge Ibaka,1610612749,MIL,32.0,54,877.6016666666667,365,250,49,11,33,43,-54,106.0,108.9,0.579,0.172,0.096,107.1,108.9,-1.8,26.1959393118746,638.6,0.002121137050071567,-1.9008992305400894,0.45642792951284905,-0.463483217619589,0.2764927751438309,-0.5926593633340377,0.16299106091551793,-0.04765221598908501,0.631593103576067,True,-0.15314279829282612,43.9142832882074,36.63403712150696,serge ibaka,9720900.0,False,False,MIL,160875421,61010328.75,221885749.75,13407450.133384733,0.08509647702145585,29.595990532399448,72.17405184490082,serge ibaka
203552,Seth Curry,1610612751,BKN,31.0,64,2134.266666666667,960,200,230,53,14,109,193,113.7,109.2,0.615,0.182,0.092,111.6,108.5,3.2,23.85081526832011,1414.0,0.008796458971587361,2.265377190517231,0.677703417595617,-0.04200585229331258,0.9961917703836213,0.8174491340554194,0.24752957069411338,-0.18075896456195062,0.9849473143885475,True,0.24444641882805984,59.65574525543671,59.25165462522557,seth curry,8207518.0,False,False,BKN,174811922,125581090.5,300393012.5,14103620.788334878,0.08951504054789884,47.027731510049236,114.68384301713692,seth curry
1628983,Shai Gilgeous-Alexander,1610612760,OKC,23.0,56,1941.855,1371,278,331,71,46,154,-264,106.6,113.0,0.557,0.298,0.134,105.2,111.6,-6.4,38.21994948129495,2061.6,-0.002881006738829466,-3.0886291986344214,-2.022710233721309,1.6853336370240024,-0.2628127297058222,-0.9946557628405513,-0.7841660221892575,1.2168618954531374,0.9395005926748337,True,0.4801468006815972,68.4438494062296,66.58048386037117,shai gilgeous alexander,5495532.0,False,False,OKC,82022873,0.0,82022873.0,5495532.0,0.03487989199334924,73.49584759625742,179.23012608718923,shai gilgeous alexander
1629003,Shake Milton,1610612755,PHI,25.0,55,1179.4333333333334,450,142,139,28,17,44,-29,108.6,109.6,0.517,0.174,0.079,107.7,109.0,-1.3,23.74699714552186,778.0,-0.008642198565625264,-1.1123472026897425,0.2643880399283779,-0.5584790705805511,-0.8839549035033526,-0.3257678269286659,0.0896220392304563,-0.6133558974237634,0.7321926390001886,True,-0.49164164055250115,31.14863504921599,27.394809861141447,shake milton,1846738.0,False,False,PHI,148922969,22042422.5,170965391.5,2120077.8314319463,0.013456037700779536,42.20505047202453,102.92304619944733,shake milton
1629783,Shaq Buchanan,1610612763,MEM,25.0,2,9.816666666666666,2,2,2,1,0,2,-2,108.7,117.4,0.25,0.214,0.012,104.3,118.6,-14.3,20.5365025466893,5.599999999999999,-0.0677669108795621,-0.06900916511530325,-0.16373790448864584,-1.445526142778557,-7.258478341695759,0.027358006248766546,-0.07394388328614414,-2.8428939360192604,0.06679911086325335,False,-2.3100093493103877,1.0443818261182454,0.6058037041889328,shaq buchanan,53176.0,False,False,MEM,117284457,0.0,117284457.0,53176.0,0.002,1.8188152119777603,4.435440782489483,shaq buchanan
1627885,Shaquille Harrison,1610612751,BKN,28.0,2,22.58333333333333,4,4,3,1,1,2,-4,91.8,104.3,0.333,0.148,0.038,95.3,101.9,-6.6,19.766789667896678,12.399999999999999,-0.034582835561566314,-0.6803697745528043,0.29197951817194345,-1.5049325800274695,-3.680741425765871,-0.17956172331594558,0.10016338962362357,-1.9777000702956347,0.10131708402412455,False,-1.5335641300142866,6.2568459241665195,3.726531681192737,shaquille harrison,308493.0,False,False,BKN,174811922,125581090.5,300393012.5,530107.6754087888,0.003364569337982927,9.326026616483997,22.74284848781071,shaquille harrison
1630536,Sharife Cooper,1610612737,ATL,21.0,13,38.586666666666666,7,5,5,0,0,5,-35,62.1,106.0,0.25,0.202,0.0,67.3,112.0,-44.7,9.796129923980649,10.5,-0.06396689718538107,-3.1827198962820025,0.001180031502651963,-2.346304778313452,-6.848780342145422,-1.0265014876243344,-0.010936829656909166,-3.242214181737857,0.1324363769490616,False,-2.74217324801372,0.30517070290435167,0.18603095260703628,sharife cooper,925258.2214979922,True,True,ATL,135166020,0.0,135166020.0,925258.2214979922,0.005872571906015355,0.3831002555527355,0.9342447138503059,sharife cooper
1630219,Skylar Mays,1610612737,ATL,24.0,28,219.88666666666663,80,25,17,7,0,10,-53,104.6,117.5,0.589,0.149,0.077,106.0,120.1,-14.2,20.088530455082925,122.69999999999999,0.0033274966305852543,-1.2840676012766283,-2.8844904017602198,-1.389777346582326,0.40655628192320825,-0.3838879247691785,-1.113409951528174,-0.6799092717101962,0.31614630291762835,False,-0.715028357314762,23.7295760519046,16.42717481092308,skylar mays,510907.0,False,False,ATL,135166020,0.0,135166020.0,510907.0,0.0032427035232705553,41.64496441925557,101.55719632982057,skylar mays
203524,Solomon Hill,1610612737,ATL,31.0,13,139.41333333333333,8,23,12,4,2,1,41,109.4,95.1,0.2,0.064,0.021,111.6,97.7,13.9,13.505164498852332,52.29999999999999,-0.02346673970229895,0.23462394951807147,2.824940728818348,-2.0005132858467256,-2.4822609457282474,0.13012498370358727,1.0678836189647867,-2.5434037517303127,0.2517333846943964,False,-1.4557872984397562,7.272571402989458,4.823751328261997,solomon hill,2389641.0,False,False,ATL,135166020,0.0,135166020.0,2389641.0,0.015166942887945895,7.126687980491347,17.379446963375983,solomon hill
203915,Spencer Dinwiddie,1610612742,DAL,29.0,67,1980.4916666666663,919,279,346,44,13,104,-47,108.4,109.4,0.543,0.208,0.107,108.2,108.9,-0.7,28.64561409414329,1575.8999999999999,-0.004922904032471576,-1.0889804294435883,0.41236417847460954,0.4911201051739961,-0.48295963016921983,-0.3178591616887794,0.14615646310125646,0.3183913425862949,0.948801077596608,True,0.12009807975587608,54.77972732423937,53.51762897039065,spencer dinwiddie,19314284.0,False,False,DAL,126696965,0.0,126696965.0,19314284.0,0.12258688328061294,38.05034641155637,92.79120668786946,spencer dinwiddie
1626169,Stanley Johnson,1610612747,LAL,26.0,48,1094.3983333333333,320,155,80,43,14,35,-49,114.0,115.2,0.564,0.125,0.06,113.7,114.4,-0.8,20.20068865845617,614.1,-0.00033347598105264165,2.8664787740559268,-3.503073133163416,-0.9880379698331505,0.011848979238113183,1.0208966169104012,-1.3497400698828956,-1.2456129531448745,0.7053040393183552,True,-0.6682425494619071,25.19893894864238,21.85722746390965,stanley johnson,1368998.0,False,False,LAL,164409293,75663995.25,240073288.25,1999034.5160578818,0.012687781275966746,34.3737753728923,83.82536286975116,stanley johnson
201939,Stephen Curry,1610612744,GSW,34.0,64,2211.085,1630,335,404,85,23,206,509,114.1,103.4,0.601,0.293,0.155,112.8,102.2,10.6,38.66391387033967,2374.7,0.010059332300412617,2.9981183207921154,5.657191238032677,1.9726823739494606,1.1323482998449421,1.0654510402575894,2.1499476082625404,1.915672325460681,1.0,True,1.72003433338033,95.7286899573753,95.7286899573753,stephen curry,45780966.0,False,False,GSW,178980766,191029670.5,370010436.5,94643885.9975136,0.4,44.99230784366919,109.7201715676941,stephen curry
1628425,Sterling Brown,1610612742,DAL,27.0,49,628.4116666666666,160,149,34,14,7,23,32,105.4,103.1,0.495,0.124,0.073,105.6,104.1,1.6,18.58972488840914,324.5,-0.008886808173204214,-2.29660104102625,3.294878385536695,-1.3549257906562722,-0.910327457646868,-0.7265877034169845,1.2474237457634405,-0.8130160202830617,0.5344545506089986,True,-0.6410599660440484,26.074186163809422,20.61176274199854,sterling brown,3000000.0,False,False,DAL,126696965,0.0,126696965.0,3000000.0,0.019040863738041692,28.12172524500476,68.5788452857867,sterling brown
203500,Steven Adams,1610612763,MEM,28.0,76,1998.5766666666664,528,760,256,65,60,115,353,117.8,109.5,0.56,0.118,0.108,115.1,108.3,6.8,27.386690194521773,1520.4,-0.000786801326113681,5.2281295581170975,0.6690812559409008,0.3407710877036582,-0.03702623594897349,1.820215601517283,0.24423546566840348,0.35166802972951133,0.9531232550903054,True,0.4948069055302749,68.96317853058524,67.50843233292225,steven adams,17073171.0,False,False,MEM,117284457,0.0,117284457.0,17073171.0,0.10836264086242833,50.11495233821276,122.21247213548351,steven adams
1629004,Svi Mykhailiuk,1610612761,TOR,25.0,56,716.1216666666667,255,92,45,26,4,32,-78,103.6,109.5,0.509,0.161,0.064,103.6,109.6,-6.0,20.24907313235879,402.79999999999995,-0.009284517063595793,-3.558996627675504,0.03325316012671072,-1.1526463752154688,-0.9532063917534279,-1.1538552593582927,0.0013167395084243993,-1.1125062045720089,0.5705347040144434,True,-0.9377751919159643,17.417997634533645,14.051806155217824,svi mykhailiuk,1729217.0,False,False,TOR,134896484,0.0,134896484.0,1729217.0,0.010975261756835079,23.248990043385774,56.69598423799971,svi mykhailiuk
204456,T.J. McConnell,1610612754,IND,30.0,27,652.1033333333334,229,90,131,29,10,29,-74,106.8,112.3,0.525,0.157,0.104,107.2,111.6,-4.4,28.629818382567173,518.5999999999999,-0.006541845832202106,-1.4738405208662566,-1.281182826153147,-0.35426885860322666,-0.6575056371359047,-0.4481180380509634,-0.5008647738722757,0.21856128115664575,0.5444360440498095,False,-0.2639720976626846,39.59007096105343,31.473956756538612,tj mcconnell,7500000.0,False,False,IND,138181486,2363229.0,140544715.0,7628267.671835574,0.04841626843224323,30.975728968132685,75.53874116942262,tj mcconnell
1629605,Tacko Fall,1610612739,CLE,26.0,11,58.78333333333333,12,23,2,0,6,3,5,100.0,100.8,0.398,0.124,0.091,103.6,103.9,-0.3,23.700595406861357,38.7,-0.02091480817320421,-0.7872980212885851,0.7318123346172635,-1.152581892325331,-2.207124768176952,-0.21575241593801978,0.268201933685502,-0.21403565170516703,0.16346160702041618,False,-0.6755574561573034,24.966083026580353,15.567793888257677,tacko fall,218021.0,False,False,CLE,136385911,0.0,136385911.0,218021.0,0.002,46.73946386446467,113.98086117319926,tacko fall
201959,Taj Gibson,1610612752,NYK,37.0,52,945.7233333333334,229,229,32,22,40,27,43,107.4,104.2,0.606,0.099,0.069,108.3,103.3,5.0,19.973283236464507,524.7,0.0038938870230063117,-1.1146149316688896,3.896439374730053,-1.078562299088581,0.4676215910021662,-0.3265353573515417,1.4772506913866355,-0.9461227688559269,0.6556479561656868,True,-0.31072686667333427,37.80041354718598,31.942921198945896,taj gibson,4910000.0,False,False,NYK,120644081,0.0,120644081.0,4910000.0,0.0311635469845949,36.678821485275314,89.44654717976422,taj gibson
1629659,Talen Horton-Tucker,1610612747,LAL,21.0,60,1511.0283333333334,597,193,159,59,29,82,-90,107.9,110.1,0.503,0.189,0.07,107.2,109.5,-2.4,24.484782438449752,1027.7,-0.012033215683351584,-1.6258970914040545,-0.09281633487591683,-0.2969941821884344,-1.2495569884907962,-0.4995827611105134,-0.04684823045009039,-0.9128460817127105,0.8287527137850353,True,-0.6175005670686318,26.845230367739838,24.776502586008885,talen horton tucker,9500000.0,False,False,LAL,164409293,75663995.25,240073288.25,13872064.022409001,0.08804536027202677,19.77925309059478,48.23453489252978,talen horton tucker
1627752,Taurean Prince,1610612750,MIN,28.0,69,1176.655,502,174,68,47,23,53,-5,111.6,110.9,0.589,0.166,0.076,111.0,110.4,0.6,24.298711177023005,794.2,0.003707143897162096,1.120117467090662,-0.6902282663348808,-0.49907401567354714,0.44748790432484997,0.4298271175326022,-0.27509002463653953,-0.7131859588534125,0.7313297353575757,True,-0.2483905419912736,40.19161253633875,35.332381506893995,taurean prince,13334375.0,False,False,MIN,137432702,1240053.0,138672755.0,13454690.845364628,0.08539631167468828,28.509288129828406,69.52397275877327,taurean prince
1629611,Terance Mann,1610612746,LAC,25.0,81,2316.81,872,425,209,55,21,84,68,108.6,107.1,0.572,0.157,0.095,107.9,106.2,1.8,23.424449998057675,1507.5,0.0008371541677978832,-1.2040552550416936,2.513929541514732,-0.0032772895921842626,0.1380603218266394,-0.35680712697292577,0.9490615003156361,-0.08092890313230142,1.0,True,0.084449210937666,53.365035883956416,53.365035883956416,terance mann,1782621.0,False,False,LAC,168378382,93418814.5,261797196.5,2771645.4730039304,0.017591507927209316,74.85449481401989,182.5433814629933,terance mann
1629056,Terence Davis,1610612758,SAC,25.0,30,536.3116666666666,311,94,40,25,11,33,60,113.4,109.0,0.543,0.244,0.091,112.5,107.6,4.9,31.11921861355493,463.6,-0.005774945115014734,1.6643912591805026,0.7537522265085548,-0.18848732846541016,-0.5748223325555775,0.6140407945832225,0.2765840901605088,-0.21403565170516703,0.4937388280285745,False,-0.06396214479967957,47.450018456556094,36.64007257730926,terence davis,4000000.0,False,False,SAC,130457848,0.0,130457848.0,4000000.0,0.02538781831738892,45.20168177482288,110.23075981597437,terence davis
203082,Terrence Ross,1610612753,ORL,31.0,63,1448.1783333333333,629,161,116,28,12,75,-348,101.9,113.8,0.515,0.196,0.075,100.0,113.2,-13.3,21.992595295008556,884.7,-0.010126890338290529,-6.603852290668171,-2.8422204482160756,-0.6210768312734314,-1.0440267606498823,-2.1844102225406785,-1.097260675745328,-0.7464626459966289,0.8113340118520108,True,-1.0280626504577297,15.196017910110488,13.905880629393994,terrence ross,12500000.0,False,False,ORL,126786646,0.0,126786646.0,12500000.0,0.07933693224184038,11.51328506140687,28.076790740199385,terrence ross
1626179,Terry Rozier,1610612766,CHA,28.0,73,2457.843333333333,1408,315,326,93,25,96,74,113.3,112.0,0.566,0.227,0.114,112.2,111.2,1.0,32.29807161563051,2205.1,-0.00015159238159159684,2.4896270150638493,-1.5817527447666804,1.301076191286549,0.03145873668828063,0.8933482226355842,-0.6156977959300887,0.5513281525888097,1.0,True,0.5370338681073465,70.43778900814635,70.43778900814635,terry rozier,17905263.0,False,False,CHA,122139566,0.0,122139566.0,17905263.0,0.11364389099226652,51.425880219648775,125.40935709110312,terry rozier
1630678,Terry Taylor,1610612754,IND,22.0,33,713.795,318,172,41,14,8,23,-114,112.2,119.1,0.656,0.151,0.097,112.3,120.4,-8.2,25.741844647272675,510.3999999999999,0.013489161014888422,1.5384426092972823,-6.0356616232308,-0.6040768114620915,1.5021348522652183,0.5714124993175936,-2.3173179009738627,-0.01437552884586861,0.5696071213804061,False,-0.1918974439279411,42.391126984269,34.180949357459276,terry taylor,895125.0,False,False,IND,138181486,2363229.0,140544715.0,910433.7466335758,0.005778481637388229,70.78911201585139,172.6293646125293,terry taylor
201152,Thaddeus Young,1610612761,TOR,34.0,52,845.2083333333334,322,208,104,54,18,52,20,106.1,106.3,0.548,0.169,0.109,106.3,106.4,-0.2,29.610687700271136,695.2,-0.0031548595263831553,-2.1512763799847225,2.046074277726588,-0.1306651775803132,-0.29233813362840205,-0.6774014472244838,0.7703169537080741,0.38494471687272774,0.6198270775471221,True,0.05290372659501823,52.10956924184633,43.19477798995134,thaddeus young,14190000.0,False,False,TOR,134896484,0.0,134896484.0,14190000.0,0.0900632854809372,34.2102834823874,83.42666453361663,thaddeus young
203648,Thanasis Antetokounmpo,1610612749,MIL,29.0,48,473.3433333333333,171,101,22,16,12,26,-115,104.3,114.4,0.577,0.155,0.067,106.1,115.1,-9.1,22.458962134602793,295.3,0.0016014897834947261,-2.073566424839456,-2.5305108914621286,-1.0523203626519864,0.2204670703116762,-0.6510999115106618,-0.9781717443862955,-1.0126761431423597,0.46384917872737536,True,-0.7782036214434966,21.822449110767472,16.557393304954356,thanasis antetokounmpo,1729217.0,False,False,MIL,160875421,61010328.75,221885749.75,2385004.5466264593,0.015137515528974771,24.47879337096177,59.6950353772523,thanasis antetokounmpo
1630177,Theo Maledon,1610612760,OKC,21.0,51,908.22,361,131,111,31,11,65,-199,101.8,112.3,0.5,0.201,0.075,102.1,113.3,-11.2,24.07214111118451,607.3,-0.013400229377532638,-4.942774434399449,-2.117685436234559,-0.6673636930619744,-1.3969413983737182,-1.6222055670570756,-0.8204513882546899,-0.7464626459966289,0.6425163598907601,True,-0.9667194701173049,16.68421455822487,14.00026436953786,theo maledon,2000000.0,False,False,OKC,82022873,0.0,82022873.0,2000000.0,0.01269390915869446,22.013799332254276,53.68379519415097,theo maledon
1629033,Theo Pinson,1610612742,DAL,26.0,19,148.09666666666666,48,21,17,5,2,5,-41,95.2,107.6,0.553,0.138,0.087,95.8,106.2,-10.5,22.971482590200093,94.5,-0.0018861574830821026,-3.218315754398297,0.6527325477495395,-1.169451042538999,-0.1555531820473555,-1.0385491812790244,0.23798942622102542,-0.3471424002780326,0.25945455607228535,False,-0.5399224212839627,29.462526731382077,19.644273759496503,theo pinson,1785748.367491125,True,True,DAL,126696965,0.0,126696965.0,1785748.367491125,0.011334063778609635,32.137948563602336,78.37297972098447,theo pinson
1628418,Thomas Bryant,1610612764,WAS,24.0,27,439.1133333333333,201,108,23,6,21,19,-75,103.7,112.8,0.607,0.188,0.106,104.0,113.0,-8.9,27.661196046578713,337.4,0.007582452124496834,-2.6951044372541046,-1.5446738036970578,-0.5805131925205564,0.8653037745179659,-0.8614642618755921,-0.6015317513792265,0.2851146554430785,0.44676276668604525,False,-0.14924773730774352,44.067907642856866,33.09690435683581,thomas bryant,8666667.0,False,False,WAS,128019790,0.0,128019790.0,8666667.0,0.05500694180332752,31.150025150453533,75.96378731496122,thomas bryant
204025,Tim Frazier,1610612739,CLE,31.0,12,207.59833333333333,39,19,34,3,1,15,-80,92.7,110.2,0.398,0.137,0.023,91.7,109.3,-17.5,15.173532221678078,87.49999999999999,-0.023107489675233687,-5.1471092103392495,-0.012770820193088868,-1.8318815119857514,-2.443528449144768,-1.6913642533143263,-0.016266765759271183,-2.47685037744388,0.3071854143475546,False,-1.823699411462357,3.409876394454435,2.3467909488469334,tim frazier,386127.0,False,False,CLE,136385911,0.0,136385911.0,386127.0,0.002450730530859608,6.562028465146198,16.00244405176121,tim frazier
203501,Tim Hardaway Jr.,1610612742,DAL,30.0,42,1245.01,598,156,92,38,6,34,36,108.9,107.7,0.52,0.214,0.089,108.3,106.9,1.4,25.561240471964084,884.0,-0.009986910879562107,-0.7876032378825739,1.7098068094125989,-0.3210391016177367,-1.0289348928739865,-0.21585571885631696,0.6418456489802211,-0.2805890259915998,0.7522723152978822,True,-0.25487822761442647,39.94085764367099,35.48835235858341,tim hardaway,21306816.0,False,False,DAL,126696965,0.0,126696965.0,21306816.0,0.13523339338250884,24.379433361781317,59.45273179744647,tim hardaway
1627789,Timothe Luwawu-Cabarrot,1610612737,ATL,27.0,52,684.8116666666666,227,82,40,18,6,20,-51,109.7,113.2,0.556,0.135,0.049,110.8,113.9,-3.1,19.13518802006391,364.0,-0.0014401540595368391,0.41389590005355265,-2.314007915990655,-1.277446526319701,-0.1074673789096179,0.1908009627423258,-0.8954565775706019,-1.6116565117202544,0.5579229609032328,True,-0.9246770341566857,17.75669644839321,14.224273942872621,timothe luwawu cabarrot,1943042.2651457835,False,True,ATL,135166020,0.0,135166020.0,1943042.2651457835,0.012332401002632245,22.593347717575796,55.09710674265392,timothe luwawu cabarrot
202699,Tobias Harris,1610612755,PHI,29.0,73,2543.155,1257,496,252,47,43,116,171,113.2,110.0,0.566,0.214,0.115,111.9,108.7,3.2,28.08480017930484,1984.0,-0.0001429108795621221,2.319971949397474,0.331329305075425,0.7696735968554888,0.03239473174009177,0.8359271527055652,0.11519701297589167,0.5846048397320261,1.0,True,0.5153276857467124,69.68379722297374,69.68379722297374,tobias harris,35995950.0,False,False,PHI,148922969,22042422.5,170965391.5,41323791.25589703,0.26228022614760466,37.964791387706896,92.58256853736918,tobias harris
203107,Tomas Satoransky,1610612764,WAS,30.0,55,905.9883333333332,198,126,184,29,5,46,-163,104.4,112.4,0.461,0.124,0.076,104.9,111.8,-6.9,21.98174001504802,553.1999999999999,-0.013102808173204212,-3.1857463926803358,-1.561669626549408,-0.8866326228377165,-1.36487496855432,-1.027525828752311,-0.6080250215956784,-0.7131859588534125,0.6417264828475436,True,-0.8856778162007994,18.789558285217023,15.76024777555342,tomas satoransky,10000000.0,False,False,WAS,128019790,0.0,128019790.0,10000000.0,0.0634695457934723,14.108547549206213,34.40570915029627,tomas satoransky
1628396,Tony Bradley,1610612741,CHI,24.0,55,549.065,163,186,27,10,33,34,70,110.2,105.0,0.6,0.128,0.096,111.6,104.7,6.9,24.351215247739336,371.4,0.004266520595402099,0.7306941734400033,2.510401340599097,-0.8321790387014484,0.5077970328458705,0.2980237900618759,0.9477135478144729,-0.04765221598908501,0.4995748192213054,True,0.04068973113624527,51.622837590838955,39.997822065671805,tony bradley,1789256.0,False,False,CHI,136083814,0.0,136083814.0,1789256.0,0.011356326562824507,65.39134052005653,159.46612753965806,tony bradley
203503,Tony Snell,1610612740,NOP,30.0,53,822.4883333333333,187,103,28,16,9,19,-117,104.8,112.6,0.541,0.099,0.043,105.1,112.5,-7.4,14.220748825211299,324.9,-0.0025411129769936833,-2.9005997091243634,-1.8182154689578383,-1.722617030904038,-0.22616712642891862,-0.9310157269615478,-0.7060386036468033,-1.8113166345795528,0.6114395582012447,True,-1.2535324666554657,10.500599557731787,8.664546636244953,tony snell,2389641.0,False,False,NOP,135793968,0.0,135793968.0,2389641.0,0.015166942887945895,12.801140889487366,31.217411196976627,tony snell
1628470,Torrey Craig,1610612756,PHX,31.0,78,1595.82,516,310,91,46,36,67,-184,106.8,111.8,0.556,0.139,0.073,106.3,111.4,-5.0,21.200887318118586,939.8,-0.0014828252909305233,-2.3938649394836866,-1.4798613119685589,-0.6437773601390391,-0.1120679723672448,-0.7595074225721649,-0.5767700775343795,-0.8130160202830617,0.8516881631634475,True,-0.6221009669907467,26.693773958824075,24.912222767254256,torrey craig,4878049.0,False,False,PHX,136476474,0.0,136476474.0,4878049.0,0.030960755438830177,28.67118139885507,69.91877262800824,torrey craig
1629027,Trae Young,1610612737,ATL,23.0,76,2651.891666666667,2155,284,737,72,7,303,159,117.2,114.9,0.603,0.333,0.161,116.5,113.6,2.9,42.5420093203908,3133.8000000000006,0.012098619986475774,6.004059460509221,-3.7891124113603407,2.905345666074966,1.3522138457947113,2.082835081879086,-1.4590216470084563,2.1153324483199794,1.0,True,1.6573402431145363,95.12746472831512,95.12746472831512,trae young,8326471.0,False,False,ATL,135166020,0.0,135166020.0,8326471.0,0.05284773324325191,90.79540010141646,221.41755678102197,trae young
1629309,Trayvon Palmer,1610612765,DET,27.0,1,16.773333333333333,0,2,0,0,0,1,-12,78.8,111.8,0.0,0.053,-0.037,76.8,107.3,-30.5,0.0,0.0,-0.030033393815966317,-1.0400752175268624,0.016763510367574994,-3.1798413709760616,-3.1902439349022718,-0.3013068142396617,-0.00498314679839907,-4.473451606036862,0.0873169080089442,False,-2.661475908946124,0.38899454012381207,0.22923160728228423,trayvon palmer,53176.0,False,False,DET,131120355,0.0,131120355.0,53176.0,0.002,0.6882261226007658,1.6783377396754307,trayvon palmer
1630200,Tre Jones,1610612759,SAS,22.0,69,1148.125,413,155,233,42,7,46,-16,108.8,109.3,0.545,0.151,0.105,109.1,111.0,-1.9,27.896962438758848,889.7,-0.003271838985111577,-0.4624943346351477,-0.4900960684606839,-0.11974458320591351,-0.3049502592907135,-0.10582009454461572,-0.19862932890565455,0.25183796829986216,0.7224091638399944,True,-0.04579470772266733,48.17369385063615,42.15603467002475,tre jones,1517981.0,False,False,SAS,127655401,0.0,127655401.0,1517981.0,0.009634556459312087,73.00217519995545,178.0262354086161,tre jones
1630544,Tre Mann,1610612760,OKC,21.0,60,1366.925,625,171,91,47,12,71,-278,101.7,112.0,0.501,0.213,0.069,101.6,112.1,-10.5,23.70547030744189,900.1,-0.013987243071713689,-5.860300159183745,-1.7891030944874236,-0.46450272607671966,-1.460230206143781,-1.9327492493131397,-0.6949161934098198,-0.9461227688559269,0.788244597478819,True,-1.0131468595059692,15.549500931057514,14.06779005816071,tre mann,2901240.0,False,False,OKC,82022873,0.0,82022873.0,2901240.0,0.018414038503785358,19.41962609990363,47.35753308910799,tre mann
1629682,Tremont Waters,1610612764,WAS,24.0,3,50.278333333333336,10,4,7,5,0,4,-19,105.4,122.5,0.357,0.15,0.034,106.2,120.1,-13.9,20.04839725527895,28.0,-0.03145017117726316,-0.34390411234703594,-1.0455828369629612,-1.4687583040152346,-3.342993608310125,-0.06568231604519187,-0.41085357487972635,-2.1108068188685,0.15117469324853244,False,-1.573361046549615,5.7817620660323055,3.5732943843635643,tremont waters,191860.0,False,False,WAS,128019790,0.0,128019790.0,191860.0,0.002,10.728165143619284,26.16216363593563,tremont waters
1630570,Trendon Watford,1610612757,POR,21.0,48,869.3466666666667,364,199,81,25,28,44,-350,100.5,118.4,0.59,0.169,0.097,100.9,118.0,-17.1,27.583472646125056,666.0999999999999,0.003943140473616833,-5.652755616353641,-5.4239652407331675,-0.3246539026689135,0.472931845598612,-1.862504192611581,-2.0836187187401545,-0.01437552884586861,0.628615602540675,True,-0.6064547941839576,27.210639611991986,22.66311646343987,trendon watford,768830.0,False,False,POR,124788473,0.0,124788473.0,768830.0,0.004879729089239531,49.796438580719865,121.43573082583076,trendon watford
1630235,Trent Forrest,1610612762,UTA,24.0,60,765.5183333333333,195,99,106,30,6,48,78,113.0,108.5,0.554,0.124,0.079,113.5,108.8,4.7,19.915917537354865,423.5,-0.0015708081732042078,2.2115887054862244,0.5664757807798313,-1.1641838436300058,-0.12155383577805286,0.799244005029276,0.20503494671170386,-0.6133558974237634,0.589883784137078,True,-0.34264396274019143,36.59331622364646,29.83993565466374,trent forrest,463211.0,False,False,UTA,149760719,24136797.5,173897516.5,537866.2913302486,0.003413812920835033,74.29868595493163,181.18796214131942,trent forrest
1630243,Trevelin Queen,1610612745,HOU,25.0,10,74.43833333333333,43,16,4,5,1,7,8,112.9,107.3,0.619,0.219,0.108,112.4,110.3,2.0,30.468172760450493,63.000000000000014,0.011460750081195783,0.3830639549326693,0.06692662301761836,-0.5631316546863261,1.2834419820072842,0.18036565230870613,0.014181717895986953,0.35166802972951133,0.1839445733382914,False,0.18641589807906844,57.394068696001455,36.317535148096354,trevelin queen,1730232.8742012454,True,True,HOU,132267085,0.0,132267085.0,1730232.8742012454,0.010981709464248715,60.07572698259705,146.50324438762885,trevelin queen
1630286,Trevon Scott,1610612739,CLE,25.0,2,11.366666666666667,6,2,0,1,1,0,4,104.0,84.6,0.5,0.207,0.098,100.5,89.7,10.7,36.739002932551315,11.600000000000001,-0.013800236224623163,-0.17213169685923213,0.4880487912870737,-0.07595620927336233,-1.44006808639339,-0.007544612682006392,0.1750718411025579,0.01890115829734779,0.07187952884282608,False,-0.20419983352506202,41.9098670721526,24.40603456423924,trevon scott,1730232.8742012454,False,True,CLE,136385911,0.0,136385911.0,1730232.8742012454,0.010981709464248715,40.371965311801105,98.4528061091469,trevon scott
2772,Trevor Ariza,1610612747,LAL,37.0,24,462.3033333333333,96,82,27,13,6,11,-56,106.9,112.2,0.449,0.11,0.059,106.7,112.0,-5.3,16.851273694760295,216.39999999999998,-0.012943458863326318,-1.375859157523564,-1.1835122770810866,-1.5876580465870362,-1.3476947427075894,-0.4149554873529299,-0.4635496481014508,-1.278889640288091,0.458407982901562,False,-1.114511385457482,13.25299314015797,10.023021260841508,trevor ariza,2641691.0,False,False,LAL,164409293,75663995.25,240073288.25,3857442.8083601743,0.024483014297091647,12.523135891745431,30.539456286219288,trevor ariza
203504,Trey Burke,1610612742,DAL,29.0,42,441.195,214,33,57,12,0,26,-10,103.6,104.2,0.475,0.25,0.069,104.3,105.7,-1.4,25.041988236494063,306.9,-0.022916951962105275,-2.636265327883943,2.1171428752401518,-0.8254846954675475,-2.422985649515613,-0.841549709955238,0.7974687786928829,-0.9461227688559269,0.44782047945374476,True,-0.8602679916403602,19.48206663776217,14.641147440881802,trey burke,3150000.0,False,False,DAL,126696965,0.0,126696965.0,3150000.0,0.019992906924943776,19.637476824154337,47.88879320859299,trey burke
1626168,Trey Lyles,1610612758,SAC,26.0,75,1536.2666666666669,786,379,88,29,32,73,-228,106.4,113.6,0.588,0.205,0.115,105.4,113.4,-8.0,28.122461378232938,1200.1,0.004373099391073672,-2.9000457681941043,-2.914849701904118,0.14704677273755143,0.5192878123259529,-0.9308282413667701,-1.1250087508995992,0.5846048397320261,0.8356452777961654,True,-0.01833923188706682,49.26841151012511,45.62453827089824,trey lyles,2500000.0,False,False,SAC,130457848,0.0,130457848.0,2500000.0,0.015867386448368076,66.34966653550487,161.80314246225603,trey lyles
1630530,Trey Murphy III,1610612740,NOP,22.0,62,863.595,334,147,38,23,7,16,-1,108.1,107.8,0.558,0.147,0.08,107.6,109.9,-2.2,22.18956802667917,532.3,-0.001274167753717891,-1.167787396098735,0.3524252510481994,-0.8858114957513676,-0.08957158617842101,-0.3445319894378581,0.12325673911347913,-0.580079210280547,0.6265326662019961,True,-0.44210366249742605,32.920709711203976,27.388045354042347,trey murphy,3053760.0,False,False,NOP,135793968,0.0,135793968.0,3053760.0,0.019382076016227396,37.135398425480325,90.55997528812465,trey murphy
202684,Tristan Thompson,1610612741,CHI,31.0,57,896.2183333333334,344,288,34,23,21,45,-65,112.1,115.7,0.541,0.168,0.086,109.7,115.5,-5.8,25.01711822453978,622.8000000000001,-0.004312191718534735,0.6522196116350184,-3.8279287462039635,-0.5753918550017678,-0.41711575868427636,0.2714634673068052,-1.4738514644960554,-0.380419087421249,0.638256977789487,True,-0.5008992533578457,30.822101400568968,25.804745350384653,tristan thompson,9946611.0,False,False,CHI,136083814,0.0,136083814.0,9946611.0,0.06313068823543554,23.14368694300405,56.4391875810992,tristan thompson
1628972,Troy Brown Jr.,1610612741,CHI,22.0,66,1054.74,283,203,66,36,5,26,-44,109.3,111.7,0.525,0.118,0.073,110.1,111.4,-1.3,19.46527106206269,570.3000000000001,-0.004916801326113685,0.09232572670126805,-1.2913596477370395,-1.0849503624651724,-0.4823016676491111,0.08196304894975491,-0.5047528381962514,-0.8130160202830617,0.6924068693530363,True,-0.6509061152355528,25.75535468350233,22.19037810339269,troy brown,5170564.0,False,False,CHI,136083814,0.0,136083814.0,5170564.0,0.03281733485760793,25.023364158202767,61.02304905493351,troy brown
1629660,Ty Jerome,1610612760,OKC,24.0,48,801.0916666666667,340,78,109,30,5,37,-7,98.9,100.4,0.488,0.205,0.081,98.9,101.1,-2.2,25.67796028336333,571.4000000000001,-0.016126900608926322,-6.615102348823452,5.416051421053548,-0.5607607477460308,-1.6909171149991824,-2.188217891787181,2.057819912816791,-0.5468025231373306,0.6034339862466944,True,-0.5774282079731429,28.1825111696943,23.153209419238646,ty jerome,2412840.0,False,False,OKC,82022873,0.0,82022873.0,2412840.0,0.01531418588723217,34.09145066206374,83.13687372139405,ty jerome
1629076,Tyler Cook,1610612741,CHI,24.0,20,199.61666666666667,67,53,3,4,4,7,-27,107.1,114.6,0.643,0.127,0.074,107.6,115.4,-7.8,20.793854888536362,115.3,0.009694188403250524,-0.640238148421516,-1.558870106988777,-1.336273509697767,1.0929803563966318,-0.16597886387441457,-0.6069554624962843,-0.7797393331398453,0.3012222576186038,False,-0.5199832728625053,30.153761685449464,20.671911803760207,tyler cook,1665464.798696386,True,True,CHI,136083814,0.0,136083814.0,1665464.798696386,0.010570629430827639,34.654728308779276,84.51050674890215,tyler cook
1629788,Tyler Hall,1610612752,NYK,25.0,1,1.9333333333333331,0,0,0,0,0,0,-5,40.0,140.0,0.0,0.0,0.0,50.0,140.0,-90.0,0.0,0.0,-0.0,-0.2451418925936065,-0.11703046219060884,-3.1798413709760616,0.04780265028529037,-0.03225547845192127,-0.056099260722397626,-3.242214181737857,0.029644356609443874,False,-1.7737074105987267,3.8055780010935116,2.1438341607176934,tyler hall,53176.0,False,False,NYK,120644081,0.0,120644081.0,53176.0,0.002,6.436471346261123,15.696255076670568,tyler hall
1629639,Tyler Herro,1610612748,MIA,22.0,66,2151.0116666666668,1367,329,263,44,8,174,240,113.4,108.1,0.561,0.278,0.129,111.9,106.4,5.5,30.706109605790147,1834.7000000000003,-0.001575650581861045,2.3174129979431695,2.058073952140106,0.8712850877312469,-0.12207591945968523,0.8350610557822107,0.7749014406819215,1.0504784597370553,0.9888036082850709,True,0.7561477964045955,77.52197060727659,77.13138575003205,tyler herro,4004280.0,False,False,MIA,140840240,6351360.0,147191600.0,4184857.822224671,0.02656110251868595,93.66172487779265,228.40749931354273,tyler herro
204020,Tyler Johnson,1610612759,SAS,30.0,6,91.375,17,12,7,3,3,2,-6,111.9,113.8,0.425,0.1,0.04,109.8,115.0,-5.2,17.729138166894664,45.0,-0.01416678078484211,0.15390907276627566,-0.7576579838627961,-1.650544359562849,-1.479587042153397,0.10280640901704126,-0.3008516120766692,-1.9111466960092018,0.20379914354356574,False,-1.2376249354754265,10.792758206692227,6.925816709229225,tyler johnson,257418.0,False,False,SAS,127655401,0.0,127655401.0,257418.0,0.002,20.793502415078155,50.70792679501679,tyler johnson
1630179,Tyrell Terry,1610612763,MEM,21.0,2,3.05,2,0,0,0,0,0,-2,137.5,144.4,1.0,0.111,0.053,144.0,167.5,-23.5,23.60655737704918,2.0,0.04809987332882526,0.19253768608188981,-0.2949264772467902,-1.1898011281459142,5.233684456874777,0.11588056213933828,-0.12406460174912173,-1.4785497631473892,0.037233904393222536,False,0.04280985160905387,51.7073444628937,29.305409298663,tyrell terry,1517981.0,False,False,MEM,117284457,0.0,117284457.0,1517981.0,0.009634556459312087,50.74857350016843,123.75764787619582,tyrell terry
1630169,Tyrese Haliburton,1610612754,IND,22.0,77,2694.1316666666667,1181,311,628,134,49,199,-327,110.0,115.9,0.595,0.184,0.122,108.6,115.2,-6.6,31.964139342360777,2392.1000000000004,0.005213123355890517,-0.4081578022489344,-4.945669629958617,1.4222330855451746,0.6098548906727522,-0.08742947464978117,-1.9008854276790175,0.8175416497345405,1.0,True,0.39405176455824875,65.3228588991786,65.3228588991786,tyrese haliburton,4023600.0,False,False,IND,138181486,2363229.0,140544715.0,4092413.0405863486,0.025974359688529847,79.94506094015367,194.95745434578012,tyrese haliburton
1630178,Tyrese Maxey,1610612755,PHI,21.0,75,2650.3566666666666,1311,240,321,55,32,88,192,113.3,109.7,0.594,0.199,0.105,112.2,109.0,3.3,27.033040836013267,1990.2,0.0054391062381642,2.5205763402442076,0.28306869509567995,0.6860306407861322,0.6342192067650659,0.9038232612587338,0.09675900122843782,0.25183796829986216,1.0,True,0.49227927107432734,68.87390340241815,68.87390340241815,tyrese maxey,2602920.0,False,False,PHI,148922969,22042422.5,170965391.5,2988184.0244749617,0.018965868278073592,94.09821681124711,229.47194726302206,tyrese maxey
1627820,Tyrone Wallace,1610612740,NOP,28.0,6,74.92166666666667,17,8,1,3,1,2,-18,111.5,121.4,0.383,0.13,0.011,113.1,119.7,-6.6,14.318955353369075,29.8,-0.02387681502029474,0.3669828028907868,-1.4026633565419346,-1.9499275880247064,-2.5264731646750147,0.1749228619485995,-0.5472765255541433,-2.876170623162477,0.18454078961113998,False,-1.7851571081970032,3.7117918481196934,2.3497251658017215,tyrone wallace,198760.0,False,False,NOP,135793968,0.0,135793968.0,198760.0,0.002,7.054621564668226,17.20370271091719,tyrone wallace
1626145,Tyus Jones,1610612763,MEM,26.0,73,1549.4366666666667,632,176,324,66,2,46,255,113.0,105.5,0.544,0.164,0.126,111.5,103.8,7.7,30.055826741331792,1293.6,-0.003717520487141051,1.8568811001806769,3.883328605451549,0.38454177270295264,-0.35300135450062625,0.6791904709425763,1.4722417095673699,0.9506483983074061,0.839219514751292,True,0.6510945865693579,74.25072845987076,68.87859779153912,tyus jones,8376286.0,False,False,MEM,117284457,0.0,117284457.0,8376286.0,0.05316390678562209,65.6047882964194,159.98665044158724,tyus jones
1628962,Udoka Azubuike,1610612762,UTA,22.0,17,194.875,80,71,0,1,11,12,4,107.8,105.8,0.743,0.143,0.118,109.0,106.2,2.8,25.327004490057725,137.09999999999997,0.02521550347767578,-0.3151954225009097,1.0030073419940713,-0.9370308992150231,2.7664089932776377,-0.055965637791119766,0.37181224308612987,0.6844349011616749,0.29762316014474655,False,0.4334110853306438,66.76419256947233,45.662062402877226,udoka azubuike,2075880.0,False,False,UTA,149760719,24136797.5,173897516.5,2410447.672543693,0.015299001893528064,67.25747991705082,164.01697510940008,udoka azubuike
2617,Udonis Haslem,1610612748,MIA,42.0,13,83.21666666666667,32,25,4,1,1,5,-15,92.7,102.3,0.495,0.183,0.085,94.8,104.6,-9.8,22.625275385539755,52.300000000000004,-0.013115208836261058,-2.23786896642477,0.8470493579340119,-1.2323018964731052,-1.3662119444855563,-0.7067093782424297,0.3122283475776507,-0.41369577456446494,0.19448845100868475,False,-0.6962881527601661,24.31241955234329,15.499648922342638,udonis haslem,2641691.0,False,False,MIA,140840240,6351360.0,147191600.0,2760821.2325937534,0.017522806964969988,21.770967335336113,53.09161467172561,udonis haslem
1630586,Usman Garuba,1610612745,HOU,20.0,24,239.16,48,83,17,10,11,6,33,118.6,111.5,0.51,0.091,0.087,118.1,112.1,6.0,24.912192674360256,165.49999999999997,-0.005156770514206317,2.8007348200893456,-0.7259084210260469,-0.9492994645105384,-0.5081739155480647,0.9986450669000131,-0.2887216615268068,-0.3471424002780326,0.32971061691897474,False,-0.31120516273727317,37.782232924207236,26.385969605021526,usman garuba,2353320.0,False,False,HOU,132267085,0.0,132267085.0,2353320.0,0.014936415150669423,39.19259123632181,95.57673390690074,usman garuba
1630176,Vernon Carey Jr.,1610612764,WAS,21.0,7,44.14833333333333,20,12,0,2,1,3,-44,84.7,132.3,0.534,0.179,0.055,92.2,135.9,-43.6,24.952244327834194,30.599999999999998,-0.005847537604867368,-1.65867351828559,-2.015627625277636,-1.0536184997581,-0.5826488827389478,-0.5106761964443092,-0.7814601049258441,-1.4119963888609564,0.14165953636244982,False,-0.9682213192141771,16.646692490045957,10.216854102573961,vernon carey,1517981.0,False,False,WAS,128019790,0.0,128019790.0,1517981.0,0.009634556459312087,17.692664384272124,43.14609018228253,vernon carey
203506,Victor Oladipo,1610612748,MIA,30.0,8,173.11666666666667,99,23,28,5,1,16,-5,103.3,104.7,0.608,0.247,0.13,102.4,100.4,2.0,30.1322807355348,144.89999999999998,0.010209051461439989,-1.770449507981108,1.9279926984730063,-0.5260427419776617,1.1484902524019023,-0.5485076451876373,0.7252037745263521,1.0837551468802717,0.28051629888367263,False,0.3923938158307586,65.26163726623568,44.132029321685565,victor oladipo,2389641.0,False,False,MIA,140840240,6351360.0,147191600.0,2497404.7347235424,0.01585091441753704,64.20251448301322,156.56700537855988,victor oladipo
1628427,Vlatko Čančar,1610612743,DEN,25.0,15,176.32666666666665,62,31,17,2,3,9,4,104.9,104.1,0.657,0.131,0.085,105.6,107.0,-1.4,21.498733411471136,105.30000000000001,0.011833517171856843,-1.1272957054559731,0.9845722818649135,-1.2848828520495006,1.3236318191060028,-0.3308272633758909,0.3647691109050595,-0.41369577456446494,0.28310507739792456,False,-0.24169339538643891,40.45088737929568,27.401321279661232,vlatko cancar,1782621.0,False,False,DEN,137963926,2036889.0,140000815.0,1808939.4820216629,0.0114812567291794,44.62645168059961,108.82797903734937,vlatko cancar
1630249,Vít Krejčí,1610612760,OKC,22.0,30,689.9,187,101,57,19,8,29,-179,103.3,116.1,0.529,0.125,0.056,103.4,116.0,-12.7,18.508769386867666,354.70000000000005,-0.004708475981052632,-3.6433881755284614,-3.7243405893236927,-1.3376357766027493,-0.4598410967154209,-1.1824182318326693,-1.4342755110578966,-1.37871970171774,0.5599918830580575,False,-1.2095050806069074,11.323443018921608,9.081359940896823,vit krejci,925258.0,False,False,OKC,82022873,0.0,82022873.0,925258.0,0.005872570500177659,18.701573887936835,45.606460168703336,vit krejci
201961,Wayne Ellington,1610612747,LAL,34.0,43,810.2266666666667,287,77,30,23,5,19,-59,107.5,111.3,0.593,0.135,0.064,106.9,110.3,-3.5,18.523705300574324,416.9,0.0035548459404631506,-1.5483827729368915,-0.6700400465261696,-1.2867224916009796,0.4310679192361886,-0.4733474401444216,-0.2673770961395847,-1.1125062045720089,0.6068647695202355,True,-0.7018809768290202,24.137669665810336,19.86745391851959,wayne ellington,2641691.0,False,False,LAL,164409293,75663995.25,240073288.25,3857442.8083601743,0.024483014297091647,24.823136534354934,60.53476538392224,wayne ellington
1627782,Wayne Selden,1610612752,NYK,27.0,3,19.14,5,1,1,0,0,0,-13,80.5,115.0,0.434,0.136,0.015,88.2,114.4,-26.2,13.354231974921628,7.1,-0.01804282186738527,-0.9041637788700428,-0.18521083116277345,-2.0493105749240184,-1.897481925038838,-0.2553065360118983,-0.08214763525769912,-2.743063874589611,0.09327379053088815,False,-1.6704872205541532,4.741150288542852,2.8066339351986214,wayne selden,812363.0,False,False,NYK,120644081,0.0,120644081.0,812363.0,0.005156031062942254,6.049124040268839,14.751653323468044,wayne selden
1628976,Wendell Carter Jr.,1610612753,ORL,23.0,62,1851.57,931,648,171,36,43,117,-135,105.1,108.8,0.601,0.206,0.144,104.1,107.5,-3.5,31.60258591357605,1625.4,0.007072431583225253,-4.050189570630181,1.257022859409377,0.7797103610979925,0.810315973866479,-1.3201033122280894,0.46885911207731445,1.5496287668853004,0.9173999821630298,True,0.6536769863974438,74.33400334615203,71.57100784512353,wendell carter,6920027.0,False,False,ORL,126786646,0.0,126786646.0,6920027.0,0.04392109705685648,72.88172982691512,177.7325121561784,wendell carter
1629117,Wenyen Gabriel,1610612747,LAL,25.0,26,358.7933333333333,141,97,14,5,11,16,44,118.1,111.4,0.549,0.165,0.056,117.7,113.9,3.7,23.990412307920998,239.1,-0.002915188294989471,3.432582906295897,-1.371818315960379,-0.9681875119636693,-0.2664980098935531,1.2124989415291507,-0.5354921485884956,-1.37871970171774,0.4038414030134587,False,-0.5940864710491739,27.622713955099123,20.21233067670452,wenyen gabriel,522015.0,False,False,LAL,164409293,75663995.25,240073288.25,762255.3158587194,0.004837999867621268,44.5451574485734,108.62973143652897,wenyen gabriel
1628411,Wes Iwundu,1610612737,ATL,27.0,3,82.21666666666667,22,13,0,1,0,1,0,117.0,118.4,0.557,0.111,0.041,116.9,117.9,-1.0,13.967970808838437,31.900000000000006,-0.0010731266711747343,1.0303044597088602,-1.1979861466103625,-1.9778154956390777,-0.06789636709394957,0.399429210124183,-0.4690794036624332,-1.8778700088659854,0.1933163524413083,False,-1.0784468606643949,14.041719204971908,8.944467835154157,wes iwundu,1943042.2651457835,False,True,ATL,135166020,0.0,135166020.0,1943042.2651457835,0.012332401002632245,14.207085209404982,34.64600731460592,wes iwundu
202083,Wesley Matthews,1610612749,MIL,35.0,49,1002.17,249,92,36,23,8,18,139,114.4,107.7,0.536,0.104,0.035,115.4,107.1,8.3,14.555614316932257,405.2,-0.003189452016235789,3.573307616853931,1.5187433092257134,-1.6303057183867073,-0.2960677185806331,1.2601283088816404,0.5688496577891862,-2.0775301317252834,0.6749309729015391,True,-0.8008989319007327,21.159507925527116,18.064272630672143,wesley matthews,1958495.0,False,False,MIL,160875421,61010328.75,221885749.75,2701233.8414121466,0.017144608499638534,25.567777638391366,62.35067911689006,wesley matthews
203115,Will Barton,1610612743,DEN,31.0,71,2276.463333333333,1043,340,276,55,31,127,98,112.5,110.4,0.548,0.205,0.095,111.0,110.2,0.8,26.45050289996618,1672.6000000000001,-0.0038269006089263124,1.6038293897714524,-0.5440374862349094,0.3834170650093783,-0.36479415860409986,0.5935431611953207,-0.21923769865093765,-0.08092890313230142,1.0,True,0.07300229090369667,52.90978527502311,52.90978527502311,will barton,15625000.0,False,False,DEN,137963926,2036889.0,140000815.0,15855686.32176356,0.10063532090861046,40.30793024480287,98.29664744838632,will barton
1626161,Willie Cauley-Stein,1610612755,PHI,28.0,20,182.81666666666663,34,40,10,6,3,7,24,105.4,98.2,0.474,0.099,0.056,105.7,100.4,5.3,16.816847479259735,85.4,-0.009174112976993689,-1.0880665449489935,2.7032191915340436,-1.6951371239033315,-0.9413031890117303,-0.3175498504090603,1.0213797903702437,-1.37871970171774,0.28826807809482624,False,-0.8730211788487368,19.132576702138852,13.004807187893707,willie cauley stein,4220083.0,False,False,PHI,148922969,22042422.5,170965391.5,4844706.94549136,0.030749134933281717,15.00304989805273,36.58708094220703,willie cauley stein
1626195,Willy Hernangomez,1610612740,NOP,28.0,50,838.9583333333334,453,338,63,21,19,51,-45,112.5,114.2,0.582,0.211,0.131,111.7,114.3,-2.6,33.924926744474796,790.6,0.0032350925439831443,1.4888012495712555,-2.909521162219033,0.3088939937399959,0.396593746922576,0.5546109969453933,-1.1229729772665762,1.1170318340234882,0.6175311303648562,True,0.3865678136322543,65.04619050391366,53.851026173666824,willy hernangomez,2327220.0,False,False,NOP,135793968,0.0,135793968.0,2327220.0,0.014770759636148462,80.30085039552118,195.8250977709749,willy hernangomez
1629875,Xavier Moon,1610612746,LAC,27.0,10,137.36833333333334,58,14,24,7,3,6,2,112.9,111.5,0.545,0.177,0.1,110.7,108.6,2.1,29.980708799941763,114.4,-0.0038352019891705236,0.4172749486608772,-0.03093404602144505,-0.5631586599252988,-0.3656891708733367,0.19194462789382602,-0.023206043388282565,0.08545453258378059,0.24988027436184618,False,-0.14469589316135956,44.24754909083614,29.311617367955705,xavier moon,1943042.2651457835,True,True,LAC,168378382,93418814.5,261797196.5,3021070.8266348336,0.019174599317642278,39.89355422282409,97.28613230915353,xavier moon
1630270,Xavier Sneed,1610612762,UTA,24.0,9,38.71666666666667,5,6,1,0,0,0,-6,93.8,97.6,0.25,0.109,0.006,93.4,101.2,-7.8,9.85622040464916,10.6,-0.0345167910554779,-1.155923536448865,0.7083680792450793,-2.3411633645349808,-3.673620845630292,-0.3405165743253217,0.25924503371792884,-3.0425540588785585,0.1326592810491782,False,-2.0612909167329656,1.9637647128815308,1.1973008188171164,xavier sneed,146233.0,False,False,UTA,149760719,24136797.5,173897516.5,169801.23826959258,0.002,3.5946774962254886,8.766134713222682,xavier sneed
1630214,Xavier Tillman,1610612763,MEM,23.0,53,700.55,252,161,62,49,15,34,-26,105.0,106.4,0.51,0.164,0.094,104.8,104.7,0.1,27.836985225893937,541.6999999999999,-0.009293520487141056,-2.7798552346329806,2.472083249902008,-0.40261024435252835,-0.9541770947330638,-0.8901488251322366,0.933074084974914,-0.11420559027551781,0.5642976326211356,True,-0.27160201340434537,39.29640255809008,31.591711527275365,xavier tillman,1517981.0,False,False,MEM,117284457,0.0,117284457.0,1517981.0,0.009634556459312087,54.70779398092885,133.41277274626816,xavier tillman
1629139,Yuta Watanabe,1610612761,TOR,27.0,38,445.4616666666666,163,92,21,11,16,19,-54,105.7,109.6,0.524,0.161,0.075,105.7,110.2,-4.5,23.145425906456595,286.3999999999999,-0.00686951706359579,-1.8582027645155048,-0.1618565214925955,-1.0016026823548168,-0.6928334698270763,-0.5782084139814051,-0.07322509913075954,-0.7464626459966289,0.44998063931415505,False,-0.675979511828579,24.952682659835812,18.776676306053965,yuta watanabe,1762796.0,False,False,TOR,134896484,0.0,134896484.0,1762796.0,0.01118838614465498,30.857963779051172,75.25155392853642,yuta watanabe
1630582,Yves Pons,1610612763,MEM,23.0,12,70.975,13,12,1,1,4,1,-30,85.3,106.5,0.385,0.096,0.029,88.1,106.1,-18.0,16.02817893624516,31.6,-0.017440109553448425,-2.817235106326734,0.4172258112995556,-1.804518136517443,-1.8325005725499235,-0.9028003319886425,0.14801385452618424,-2.277190254584582,0.17961448615399492,False,-1.5223796680065926,6.395698816150142,4.034576419288912,yves pons,1489665.7366117674,True,True,MEM,117284457,0.0,117284457.0,1489665.7366117674,0.009454840768684723,7.032927185212166,17.15079786673262,yves pons
1628380,Zach Collins,1610612759,SAS,24.0,28,502.04,218,153,61,13,23,45,38,110.9,107.8,0.594,0.184,0.107,109.3,109.8,-0.5,30.26770775237033,422.1,0.005029123355890517,0.148347790518382,0.3088628676738578,-0.293342443517949,0.5900169537640778,0.10092415000165268,0.10661368929002472,0.3183913425862949,0.47770283649984746,False,0.14181501085476447,55.63869365194862,42.56172430807861,zach collins,7000000.0,False,False,SAS,127655401,0.0,127655401.0,7000000.0,0.04442868205543061,43.16722842617733,105.26945462497451,zach collins
203897,Zach LaVine,1610612741,CHI,27.0,67,2328.0783333333334,1635,308,303,41,23,171,-26,112.5,113.4,0.605,0.284,0.129,111.7,111.8,-0.2,33.580313377198785,2171.5999999999995,0.010886342571048407,1.9560031479108886,-2.3243335660362217,1.3823392998515973,1.221512308386782,0.7127390950992861,-0.8994015019493066,1.0504784597370553,1.0,True,0.8159558481145301,79.27373057782454,79.27373057782454,zach lavine,19500000.0,False,False,CHI,136083814,0.0,136083814.0,19500000.0,0.12376561429727098,56.17414197281765,136.98867184899936,zach lavine
1630285,Zavier Simpson,1610612760,OKC,25.0,4,174.08333333333334,44,21,30,5,4,10,-95,98.6,125.1,0.406,0.158,0.059,98.4,124.2,-25.7,21.858496888463378,105.7,-0.025385513640050525,-2.8831007763013368,-3.85919553928636,-1.2542596839211586,-2.6891333170278373,-0.9250930777239019,-1.4857969724040654,-1.278889640288091,0.2812983965094502,False,-1.4622353181400878,7.183836822727441,4.86047105305854,zavier simpson,37223.0,False,False,OKC,82022873,0.0,82022873.0,37223.0,0.002,14.59267849891423,35.58633164798548,zavier simpson
1630192,Zeke Nnaji,1610612743,DEN,21.0,41,697.6083333333333,270,147,17,16,13,23,-45,107.2,110.4,0.629,0.146,0.078,107.3,111.4,-4.0,21.968200876805273,425.7,0.009100500054130522,-1.3886288991566182,-0.8059075287211134,-0.9895582231448921,1.0289719215419708,-0.41927750523326734,-0.31928539638400244,-0.6466325845669798,0.5631116203468873,True,-0.39781797816761183,34.53821820229792,27.74801241836951,zeke nnaji,2498760.0,False,False,DEN,137963926,2036889.0,140000815.0,2535651.5042156745,0.016093664926310366,40.15316632616279,97.9192335187724,zeke nnaji
1630533,Ziaire Williams,1610612763,MEM,20.0,62,1346.4666666666667,501,129,65,35,12,41,122,112.9,108.8,0.559,0.144,0.055,111.2,107.5,3.6,19.40812992028519,725.9,-0.0011041643301726277,1.630586919428953,1.1641664669533465,-0.965545700148011,-0.071242688403695,0.602599454183585,0.43338323940083895,-1.4119963888609564,0.7823236561873245,True,-0.5202743409181803,30.143618861134026,27.19092012679552,ziaire williams,4373040.0,False,False,MEM,117284457,0.0,117284457.0,4373040.0,0.02775548625366861,32.513892229675946,79.2897720687944,ziaire williams
1629597,Zylan Cheatham,1610612762,UTA,26.0,1,5.183333333333334,0,0,0,0,0,0,-13,18.2,125.0,0.0,0.25,-0.167,16.7,136.4,-119.7,0.0,0.0,-0.14166695196210527,-0.9474763335080232,-0.22802011196355518,-3.1798413709760616,-15.226001996825852,-0.2699660053236252,-0.09850296152970728,-8.799420934654991,0.04853926870133713,False,-5.77395726769239,3.8715540886005205e-07,2.2139198306195397e-07,zylan cheatham,256734.0,False,False,UTA,149760719,24136797.5,173897516.5,298111.5829252329,0.002,6.646890796782301e-07,1.620939297332132e-06,zylan cheatham
