PLAYER_ID,PLAYER_NAME,TEAM_ID,TEAM_ABBREVIATION,AGE,GP,MIN,PTS,REB,AST,STL,BLK,TOV,PLUS_MINUS,OFF_RATING,DEF_RATING,TS_PCT,USG_PCT,PIE,E_OFF_RATING,E_DEF_RATING,E_NET_RATING,BOX36,BOX_TOTAL,EFF,OFF_IMP,DEF_IMP,z_box,z_eff,z_off,z_dfn,z_adv,AVAIL,ELIGIBLE,CPI,PS,WPS,norm_name,salary,two_way,salary_imputed,team,payroll,tax,total_expenditure,effective_cost,cost_index,R_raw,R_VALUE,nn
1630639,A.J. Lawson,1610612742,DAL,22.0,15,108.26833333333332,56,21,2,2,0,3,-46,96.3,116.4,0.589,0.189,0.076,99.3,116.9,-17.7,24.505780391311713,73.7,0.001458284439261977,-2.5471062008091763,-0.7685343130084066,-1.0288420223778463,0.20093771325084628,-0.8727837970738177,-0.3394610112919463,-0.6243067949812855,0.2218397592585215,False,-0.596198608356085,27.55212776004291,17.904141093230177,aj lawson,64343.0,False,False,DAL,177244238,72153261.5,249397499.5,90535.99423823583,0.002,57.362598546756125,126.71776279781427,aj lawson
1631260,AJ Green,1610612749,MIL,23.0,35,344.95,154,45,22,6,0,9,-26,107.9,112.8,0.607,0.159,0.076,110.1,113.9,-3.8,22.636324104942748,216.9,0.004088810718744206,-1.3023301509554397,-0.4399884440504487,-1.0678947304012905,0.48023783846034385,-0.41516459037909603,-0.20269682053103122,-0.6243067949812855,0.3959740579197765,False,-0.4749092569621758,31.74258265576549,23.11457812904684,aj green,1638627.0096316128,True,True,MIL,182930771,97652912.25,280583683.25,2513366.1183517952,0.01423943691913737,37.25626460721247,82.30154527224306,aj green
1631100,AJ Griffin,1610612737,ATL,19.0,72,1401.435,639,153,73,42,12,42,63,113.6,112.0,0.577,0.174,0.077,113.9,111.6,2.3,23.270718941656234,905.9,-0.0007454524209969118,1.0097172229426676,0.45862705670909276,-0.504338468527885,-0.03304739680106447,0.4348174487260007,0.17137095319075532,-0.592967635665442,0.7981327640755698,True,-0.2180037570642501,41.37130920575804,37.61312887958445,aj griffin,3536160.0,False,False,ATL,149836313,0.0,149836313.0,3536160.0,0.02003405985634796,53.79676333534782,118.84059767728674,aj griffin
203932,Aaron Gordon,1610612743,DEN,27.0,68,2055.1066666666666,1109,446,203,54,51,98,518,123.0,110.9,0.617,0.206,0.112,121.7,110.0,11.6,31.338519330707896,1789.0,0.007357452880888721,7.890283823356005,1.6265266739205384,0.7841301817309676,0.8272908872258175,2.964332239488022,0.6575339554665353,0.5039029403890795,0.9665088690433181,True,1.014576989876522,84.48462437636994,83.21135584790315,aaron gordon,20690909.0,False,False,DEN,162338665,21429162.5,183767827.5,23422167.454254955,0.13269792790596266,61.40673020775665,135.6515163153452,aaron gordon
1628988,Aaron Holiday,1610612737,ATL,26.0,63,845.2566666666667,247,74,89,37,12,36,17,110.8,110.0,0.528,0.129,0.054,111.5,110.0,1.5,20.37534949936311,478.4,-0.006873663001773564,-0.747729558107913,1.4968271335009737,-1.0492401363168045,-0.6837194679647048,-0.2112757998122073,0.6035437691226789,-1.3137682999298417,0.6198447997342365,True,-0.7001582488562885,24.191424113223984,20.053001057909476,aaron holiday,1968175.0,False,False,ATL,149836313,0.0,149836313.0,1968175.0,0.011150665059773215,35.20950589881454,77.78012031790237,aaron holiday
1630174,Aaron Nesmith,1610612754,IND,23.0,73,1816.4033333333332,738,277,98,55,34,75,-211,113.8,118.5,0.566,0.168,0.059,112.2,118.0,-5.8,22.85373476155259,1153.1,-0.0025677471651004685,0.3371533216216642,-4.561974063291005,-0.35244891532696365,-0.22653231051077036,0.18756159976410178,-1.9185608164216703,-1.1570725033506244,0.9086461790971658,True,-0.728863708912179,23.304251800194542,22.346232199841257,aaron nesmith,3804360.0,False,False,IND,125706114,0.0,125706114.0,3804360.0,0.021553542813417925,31.153625690808916,68.82041348531381,aaron nesmith
1630598,Aaron Wiggins,1610612760,OKC,24.0,70,1297.4366666666667,479,211,80,39,15,56,9,112.7,111.2,0.607,0.143,0.077,112.8,111.0,1.7,21.534461540833078,776.1,0.003677358067801392,0.25261116998319033,0.9400014191838125,-0.7366760011566635,0.436551227981498,0.15648121998847128,0.3717532478935109,-0.592967635665442,0.7679478754407355,True,-0.2173414366092764,41.39711335200991,37.07428370523034,aaron wiggins,1563518.0,False,False,OKC,148856338,0.0,148856338.0,1563518.0,0.00885808707707724,70.55691957697425,155.86488801430156,aaron wiggins
1629678,Admiral Schofield,1610612753,ORL,26.0,37,451.26166666666666,155,62,31,8,5,16,-79,104.7,113.0,0.587,0.139,0.055,104.2,112.8,-8.6,19.704753709045384,247.00000000000003,0.0007944949050656868,-3.7998203391469723,-0.23612153670723574,-1.2742157188124335,0.13045885072822214,-1.3333212971878052,-0.11783289363352752,-1.282429140613998,0.4529005844486617,False,-0.9013869729012745,18.369130267807073,13.846747072640431,admiral schofield,877940.0,False,False,ORL,126107324,0.0,126107324.0,877940.0,0.004973955508314706,32.2506089512754,71.24372184502245,admiral schofield
201143,Al Horford,1610612738,BOS,37.0,63,1921.375,616,390,189,30,61,37,309,118.9,111.1,0.631,0.119,0.095,117.8,109.7,8.1,24.166443302322552,1289.8,0.005916179091387175,4.626107822545892,1.6840213327068856,-0.1480169322344721,0.6742614523903735,1.7643174800634722,0.6814673274091785,-0.02886276798025953,0.9345331843906202,True,0.42234387552675784,66.3612981346707,64.406289843809,al horford,26500000.0,False,False,BOS,178633307,78056804.75,256690111.75,38079617.26518896,0.21573948339374263,40.09486298500791,88.5721962718234,al horford
202692,Alec Burks,1610612765,DET,31.0,51,1122.4433333333334,652,158,114,38,8,58,-7,112.9,113.9,0.602,0.218,0.109,113.5,114.0,-0.5,30.16775902569692,940.6000000000001,0.004516042369095828,0.58802260627835,-1.0915202026568627,0.05979128255813926,0.5255998081800136,0.2797891157435058,-0.47391074266451716,0.40988546244154894,0.7142839177466584,True,0.1876351865608498,57.441867938555504,50.056438479432444,alec burks,10012800.0,False,False,DET,129153570,0.0,129153570.0,10012800.0,0.056727363730611984,49.735714284381004,109.86947252975271,alec burks
1630197,Aleksej Pokusevski,1610612760,OKC,21.0,34,701.3483333333334,276,159,64,20,43,43,-196,105.6,118.3,0.522,0.179,0.085,105.4,118.1,-12.7,28.061947344282082,546.6999999999999,-0.010611873467577271,-4.045763398235531,-3.384729373964518,-0.39842552189193037,-1.0806296449517745,-1.423737776204576,-1.428507729545315,-0.342254361138694,0.5646190724459252,False,-0.7922139614198407,21.4117964620055,17.21676695010335,aleksej pokusevski,3261480.0,False,False,OKC,148856338,0.0,148856338.0,3261480.0,0.018477864559375636,25.331406349696323,55.9587470316473,aleksej pokusevski
1627936,Alex Caruso,1610612741,CHI,29.0,67,1575.3766666666668,374,196,193,98,46,77,199,112.6,106.5,0.588,0.109,0.071,112.4,105.8,6.6,22.422066257170243,981.2,0.0007320211845479127,0.053106189786718556,4.783914739937912,-0.5143870536291764,0.12382560851391061,0.08313685352200273,1.9718637479445955,-0.7810025915605029,0.8462152817281801,True,-0.03607360937836854,48.561183264633065,45.200597715349055,alex caruso,9030000.0,False,False,CHI,151964990,2546985.0,154511975.0,9181345.87611265,0.052016773235338425,46.2945437819407,102.26769997198345,alex caruso
203458,Alex Len,1610612758,SAC,30.0,26,161.24666666666667,43,60,12,4,11,16,19,106.6,100.0,0.58,0.132,0.075,110.5,102.2,8.4,24.603299293008636,110.19999999999999,-0.0001695156297217948,-0.8461776930664738,2.697558700333292,-0.9939998208416799,0.028103567236275856,-0.2474684606732555,1.1033737672284276,-0.6556459542971289,0.2707285345026257,False,-0.3125924104308415,37.729517248583065,25.34774009721088,alex len,3918600.0,False,False,SAC,139423615,0.0,139423615.0,3918600.0,0.022200767768733632,34.97407775330706,77.26004401985897,alex len
1628993,Alize Johnson,1610612759,SAS,27.0,4,29.516666666666666,7,10,1,1,0,4,12,111.1,92.1,0.509,0.145,0.07,111.6,91.3,20.3,14.635798983625072,12.000000000000002,-0.010481210350830751,-0.0563022440799425,1.1573432722168497,-1.8451224384420382,-1.0667562899686989,0.04291483871246621,0.4622264069163831,-0.812341750876346,0.11583033569262703,False,-0.7892253915243909,21.499014196466476,12.945064922203333,alize johnson,192293.0,False,False,SAS,104545376,0.0,104545376.0,192293.0,0.002,41.474347103688686,91.61956765601653,alize johnson
1631214,Alondes Williams,1610612751,BKN,24.0,1,5.266666666666667,0,1,0,0,0,2,-5,83.3,136.4,0.0,0.143,-0.108,85.0,137.9,-52.8,-14.354430379746834,-2.0999999999999996,-0.0831236419321986,-0.29279760653519377,-0.2597310829206203,-4.118021996450497,-8.779676854363109,-0.04402836698824548,-0.1276608683158668,-6.390712109096483,0.04892789995431435,False,-4.2894240452916526,0.0008956853108470855,0.0005123477215417508,alondes williams,254446.0,False,False,BKN,159566723,15024515.25,174591238.25,278404.1770899782,0.002,0.001641497154993785,0.0036261754590884423,alondes williams
1630578,Alperen Sengun,1610612745,HOU,20.0,75,2170.6566666666668,1109,678,291,70,70,193,-283,112.5,120.3,0.599,0.211,0.125,110.3,119.3,-9.0,33.415141654522365,2014.8,0.0037380318343083465,-0.9997510387643939,-5.9477179468529,1.114653175810065,0.4429933573434065,-0.3039268996318089,-2.495406117926533,0.9113120114950444,0.9933086736821144,True,0.1986059483687892,57.8714499908781,57.697193450507925,alperen sengun,3375360.0,False,False,HOU,137579793,0.0,137579793.0,3375360.0,0.019123049940252324,83.87750553080573,185.2909407732202,alperen sengun
1629599,Amir Coffey,1610612746,LAC,26.0,50,625.2766666666666,172,53,53,7,5,21,-114,104.2,113.1,0.498,0.128,0.042,104.4,113.4,-9.1,16.080561671366805,279.29999999999995,-0.010660378792457494,-4.495349990098746,-0.4988454799400192,-1.532947104370309,-1.0857797715321635,-1.5890200850449518,-0.2271973108569446,-1.689838211719963,0.5331197488995006,True,-1.3254878147236753,9.250470415993007,7.306982538215557,amir coffey,3395062.0,False,False,LAC,192905421,150170920.75,343076341.75,6038013.058090464,0.03420826971041892,8.66618599013908,19.144176318391114,amir coffey
203083,Andre Drummond,1610612741,CHI,29.0,67,849.1383333333333,399,444,33,45,27,75,25,108.7,106.0,0.606,0.196,0.156,109.5,106.4,3.1,34.086318876194106,804.0,0.004844294974049461,-2.032964032542839,3.8658926244860434,0.26367890655605924,0.5604525273408117,-0.6837688082346676,1.5897175589859256,1.8828259502861917,0.621266424086293,True,0.8507277034386828,80.25396848666966,66.5762758768696,andre drummond,3200000.0,False,False,CHI,151964990,2546985.0,154511975.0,3253633.0900952914,0.018433408012523033,98.03775307175273,216.57186134709343,andre drummond
2738,Andre Iguodala,1610612744,GSW,39.0,8,112.56333333333332,17,17,19,4,3,9,35,116.7,104.7,0.521,0.089,0.052,119.1,105.5,13.5,18.453611300305013,57.699999999999996,-0.005365294629130599,1.0529254771772802,1.3234709852930555,-1.5130868772314003,-0.5235661638037789,0.45070217516159583,0.5313805932523439,-1.3764466185615287,0.22619715187232467,False,-0.7224282141847845,23.50156227923714,15.318053157031505,andre iguodala,2905851.0,False,False,GSW,192386134,189304154.5,381690288.5,5765150.967314586,0.03266237375007431,18.463867950464874,40.7879018481021,andre iguodala
1629614,Andrew Nembhard,1610612754,IND,23.0,75,2073.5316666666668,709,199,341,70,13,126,-263,112.3,118.2,0.528,0.159,0.068,110.6,117.7,-7.0,23.07888554069184,1329.2999999999997,-0.008472189281255788,-0.9104885431933176,-4.445727139741184,-0.20341915454863618,-0.8534454248929649,-0.271111171521016,-1.870170567357934,-0.8750200695080329,0.9708318051750231,True,-0.7625698840553562,22.285997542432955,21.99347849924897,andrew nembhard,2244111.0,False,False,IND,125706114,0.0,125706114.0,2244111.0,0.012713976205343898,36.88342633804446,81.47792094992666,andrew nembhard
203952,Andrew Wiggins,1610612744,GSW,28.0,37,1190.28,633,186,85,45,28,48,118,116.2,110.9,0.564,0.212,0.088,115.5,110.0,5.4,29.337634842222,970.0,-0.003664252375007734,2.3730964671739034,1.4240536142346052,0.016943621347198373,-0.3429554174794056,0.9360389561951217,0.5732502472383348,-0.24823688319116397,0.7355517409648105,False,0.10471490827255808,54.169898404447835,47.723587508121646,andrew wiggins,33616770.0,False,False,GSW,192386134,189304154.5,381690288.5,66695007.44652494,0.37785953443940706,24.417616705313165,53.940125450031516,andrew wiggins
1629014,Anfernee Simons,1610612757,POR,24.0,62,2170.66,1306,161,253,42,14,128,-75,114.1,115.7,0.581,0.247,0.097,113.4,114.9,-1.5,28.4280357126404,1714.1000000000001,-7.019970107032791e-05,1.0321995773283912,-2.3064636377150114,0.5011164908845152,0.038648586886530834,0.44308267617782493,-0.9796567325411291,0.03381555065142745,0.9933094363609138,True,0.060734967495041044,52.421485848040504,52.26365766883571,anfernee simons,22321429.0,False,False,POR,144997250,0.0,144997250.0,22321429.0,0.12646171119667132,39.22382614029765,86.64801844389282,anfernee simons
203076,Anthony Davis,1610612747,LAL,30.0,56,1904.51,1451,702,148,59,114,122,205,114.3,109.5,0.627,0.277,0.186,112.9,108.3,4.6,44.167581162608755,2336.6,0.012663274019447458,0.8316296176992678,2.853192595872728,2.1938552491560364,1.390644509615913,0.3693467894510064,1.1681596793019209,2.8230007297614956,0.9304226800956453,True,1.834586677972784,96.67165229656479,93.64488278168051,anthony davis,37980720.0,False,False,LAL,169391473,42154537.25,211546010.25,47432551.592619896,0.26872838834946944,53.98338737245487,119.25286248163003,anthony davis
1630162,Anthony Edwards,1610612750,MIN,21.0,79,2841.455,1946,458,350,125,58,259,97,113.8,111.9,0.564,0.292,0.125,111.7,110.5,1.2,35.28473968442224,2785.0,-0.005046989120293671,0.11051445884736673,1.1243985848544078,1.8351855625950715,-0.4897695926892999,0.1042419563622589,0.4485124816088265,0.9113120114950444,1.0,True,0.741637720889549,77.08465686226822,77.08465686226822,anthony edwards,10733400.0,False,False,MIN,145793656,0.0,145793656.0,10733400.0,0.06080991189938385,74.7502649211697,165.128264397468,anthony edwards
1630264,Anthony Gill,1610612764,WAS,30.0,59,624.5933333333334,195,99,34,7,12,15,-12,109.5,110.4,0.604,0.116,0.063,111.0,112.1,-1.0,19.037667175442152,330.29999999999995,0.002635031719335395,-1.1163651387084548,0.5344313029559699,-1.264126359567439,0.3258806439594242,-0.3467979461241403,0.2029260795025761,-1.0317158660872505,0.5328283594236146,True,-0.5982450331173559,27.483822359071432,21.70597428771263,anthony gill,1836090.0,False,False,WAS,152008934,2612901.0,154621835.0,1867650.7857436195,0.010581146676717959,38.81759734059119,85.75063223777656,anthony gill
1630237,Anthony Lamb,1610612744,GSW,25.0,62,1195.0183333333334,415,215,96,28,20,54,32,112.5,110.8,0.61,0.136,0.073,112.2,110.7,1.5,21.867781665832183,725.9,0.0039053475330139125,-0.063478922251511,1.157819036370278,-0.748117070627897,0.46075835591516656,0.04027646390443355,0.46242445384250347,-0.718324272928816,0.7370143495992134,True,-0.25800765848630347,39.820049833397775,35.107604066405244,anthony lamb,694878.0,False,False,GSW,192386134,189304154.5,381690288.5,1378624.2219114555,0.007810574233401553,69.82291531861367,154.24342420582872,anthony lamb
1630559,Austin Reaves,1610612747,LAL,25.0,64,1843.2266666666667,833,193,215,33,19,99,214,115.4,110.5,0.687,0.154,0.1,114.6,109.7,4.9,24.23988368223839,1241.1,0.016280231765324588,1.9743832745271903,1.8581944920130486,-0.178619740137705,1.7746804948027963,0.7894593245102512,0.7539706014887789,0.12783302859895793,0.9153307069198012,True,0.49141153666553516,68.84322968779793,66.2202212718373,austin reaves,1563518.0,False,False,LAL,169391473,42154537.25,211546010.25,1952613.0152611607,0.011062498875623888,116.59443369766076,257.56479251550866,austin reaves
203085,Austin Rivers,1610612750,MIN,30.0,52,1016.33,255,83,75,28,4,23,-142,109.8,114.8,0.564,0.104,0.05,109.7,114.7,-5.0,16.134523235563254,455.50000000000006,-0.0017975577688717184,-1.7896107481938546,-1.5802940420205724,-1.3972768456644231,-0.14475628094604823,-0.594304412656505,-0.6773732266631738,-1.4391249371932153,0.679682412467898,True,-0.9935217806139295,16.02278707665275,13.713215850782472,austin rivers,2905851.0,False,False,MIN,145793656,0.0,145793656.0,2905851.0,0.016463053953335985,21.008570147209944,46.409316803622,austin rivers
1630245,Ayo Dosunmu,1610612741,CHI,23.0,80,2097.616666666667,687,220,206,62,26,99,-77,108.8,110.1,0.567,0.145,0.065,109.2,109.5,-0.3,20.237825468587367,1179.2000000000003,-0.002071210350830761,-2.72135973909542,2.133662599438819,-0.5371202197732022,-0.17381175969234194,-0.9368449315756174,0.8686400475299565,-0.9690375474555635,0.9764538500165388,True,-0.4612938157406701,32.22939106212856,31.887895928007538,ayo dosunmu,1563518.0,False,False,CHI,151964990,2546985.0,154511975.0,1589723.094299878,0.009006551634038745,60.33456661056566,133.28303622847187,ayo dosunmu
1628389,Bam Adebayo,1610612748,MIA,25.0,75,2597.9933333333333,1529,688,240,88,61,187,117,113.0,111.2,0.592,0.251,0.142,111.8,110.0,1.8,33.2619791172161,2400.3999999999996,0.002689663461665378,-0.10905115854774028,1.595240705219679,1.390388551812574,0.33168125222256634,0.02352266258922081,0.6445105070052434,1.4440777198643828,1.0,True,0.9307776171850128,82.40156949219426,82.40156949219426,bam adebayo,30351780.0,False,False,MIA,151408266,1711899.0,153120165.0,30694952.689331375,0.1739017803113642,55.317799711178864,122.20066733177251,bam adebayo
1627732,Ben Simmons,1610612751,BKN,26.0,42,1105.0166666666669,291,263,256,54,24,97,40,114.7,112.5,0.559,0.142,0.101,114.9,110.6,4.3,28.1642810817333,864.5,-0.0031643577228825234,1.6592023129964224,0.7037986096639782,-0.1533355327642048,-0.2898783431239229,0.6735887937445466,0.2734288154424413,0.15917218791480142,0.7087173647021097,True,0.10798866309284898,54.299765742041096,47.18230525441117,ben simmons,35448672.0,False,False,BKN,159566723,15024515.25,174591238.25,38786455.11068184,0.2197440622887407,29.183943615643678,64.46925589637627,ben simmons
1631097,Bennedict Mathurin,1610612754,IND,21.0,78,2222.38,1302,318,116,48,13,152,-179,111.5,115.8,0.566,0.235,0.087,109.4,115.5,-6.1,26.012113139967063,1605.8,-0.0035917891892774403,-1.771483290392276,-2.643091840522311,0.23177900206921132,-0.3352615286156404,-0.5876401834889169,-1.1197853663001274,-0.27957604250700746,1.0,True,-0.33233112399550213,36.98196202956371,36.98196202956371,bennedict mathurin,6586800.0,False,False,IND,125706114,0.0,125706114.0,6586800.0,0.037317413652604166,42.54580391545322,93.98648640727589,bennedict mathurin
202687,Bismack Biyombo,1610612756,PHX,30.0,61,874.085,263,260,56,18,88,51,48,112.7,109.7,0.555,0.136,0.086,111.3,107.9,3.4,27.49572410005892,667.6,-0.00357465246698608,-0.3498914595468038,2.393251082153155,-0.35241228016230397,-0.33344201108449467,-0.06501788050385982,0.976699262767945,-0.310915201822851,0.6303263945261722,True,-0.0946417249104927,46.22997034370331,38.53947042564609,bismack biyombo,2905851.0,False,False,PHX,176042453,67045675.25,243088128.25,4012542.8186540366,0.022732999356667723,52.736549076708116,116.49851446723724,bismack biyombo
201933,Blake Griffin,1610612738,BOS,34.0,41,568.885,170,155,61,14,9,22,105,116.5,106.6,0.59,0.125,0.086,115.3,106.7,8.6,24.167274580978578,381.9,0.0010894738354907257,1.7935703234772566,3.0455146007026923,-0.8253172420844254,0.1617786869315288,0.7229867415670586,1.2482177955080713,-0.310915201822851,0.5085116428451673,True,0.02034361253303718,50.81153673972032,39.57356131719741,blake griffin,2905851.0,False,False,BOS,178633307,78056804.75,256690111.75,4175611.0909308153,0.023656860134309073,53.4018094855125,117.96811857892926,blake griffin
1631104,Blake Wesley,1610612759,SAS,20.0,37,669.055,184,82,98,25,5,65,-198,103.3,116.7,0.393,0.18,0.031,102.2,118.1,-16.0,18.972431264993165,352.6,-0.033891157676893345,-5.591433478069108,-2.9517989069383015,-1.2525797671571097,-3.5523430222951253,-1.9919751839120277,-1.2482912344593209,-2.0345689641942415,0.5514670516820648,False,-1.942407047147521,2.6043921427524324,2.0787220838882665,blake wesley,2385480.0,False,False,SAS,104545376,0.0,104545376.0,2385480.0,0.013514900091093428,3.412304349599889,7.538005322651147,blake wesley
1626246,Boban Marjanovic,1610612745,HOU,34.0,31,171.065,102,60,9,5,2,14,66,114.6,96.1,0.71,0.206,0.17,115.8,98.6,17.3,31.987840879197964,152.0,0.026515452880888715,0.741794794973728,3.768228715475511,-0.38652858808226886,2.861420650725753,0.3363206557026482,1.5490628841159084,2.3215741807080006,0.27884909571633576,False,1.3118607357734793,90.5216436167648,61.14574929860172,boban marjanovic,4101478.0,False,False,HOU,137579793,0.0,137579793.0,4101478.0,0.02323686025278673,83.03094653872985,183.42083613587903,boban marjanovic
1626171,Bobby Portis,1610612749,MIL,28.0,70,1818.4316666666664,987,672,105,29,16,81,17,111.8,112.0,0.575,0.211,0.138,111.9,112.1,-0.2,31.414323148427357,1586.8,-0.0013259681656916577,-0.4314157129993192,0.25275628705653796,0.6391886787294628,-0.09468453817615129,-0.09498878506593197,0.0856728760785414,1.3187210826010098,0.9091533690664344,True,0.5398134273881373,70.53371469486412,67.65022703859813,bobby portis,10843350.0,False,False,MIL,182930771,97652912.25,280583683.25,16631794.996200435,0.09422717763686825,56.27861720446125,124.32317653272001,bobby portis
203992,Bogdan Bogdanović,1610612737,ATL,30.0,54,1508.6083333333331,756,165,150,43,18,65,64,117.3,116.1,0.586,0.196,0.089,116.9,114.9,2.0,26.75286826158767,1121.1,0.0009242949740494573,3.4924530582765447,-2.2515208375732145,-0.07203744177888172,0.14424057030355533,1.3475499868653276,-0.9567856259179832,-0.2168977238753205,0.8280887999520706,True,-0.002827937919681625,49.88718175012117,46.027907373368556,bogdan bogdanovic,18000000.0,False,False,ATL,149836313,0.0,149836313.0,18000000.0,0.10197872195100428,37.24592002294644,82.27869340345619,bogdan bogdanovic
202711,Bojan Bogdanovic,1610612765,DET,34.0,59,1892.8666666666663,1273,223,152,34,8,135,-330,111.3,119.5,0.627,0.251,0.116,109.6,118.1,-8.6,29.359278695453106,1543.6999999999998,0.011474663461665386,-1.6849577843707515,-4.9659828338555565,0.4466582535667022,1.2644419773685607,-0.5558306596560298,-2.0867380415434496,0.6292595776524533,0.9275742231185272,True,0.0937234281127737,53.73355703755725,51.98229446168474,bojan bogdanovic,19550000.0,False,False,DET,129153570,0.0,129153570.0,19550000.0,0.11076022300789631,40.865510742299485,90.2746079857827,bojan bogdanovic
1629626,Bol Bol,1610612753,ORL,23.0,70,1505.4183333333333,634,405,69,30,85,112,-146,107.6,112.0,0.603,0.177,0.114,106.4,110.6,-4.2,26.14475931939184,1093.3,0.0038436949510548693,-4.151264379490749,0.917516623098694,-0.14023489124599836,0.4542122993351734,-1.4625232873438694,0.36239347432290203,0.5665812590207664,0.8272128266692077,True,0.038028027841861184,51.51673324003123,47.51108941792957,bol bol,2200000.0,False,False,ORL,126107324,0.0,126107324.0,2200000.0,0.012464066016233857,80.23242212194522,177.23871115873115,bol bol
1630538,Bones Hyland,1610612746,LAC,22.0,56,1085.4883333333332,659,135,172,39,15,82,-129,112.7,118.0,0.535,0.271,0.1,111.8,117.7,-6.0,33.00892225158262,995.3,-0.01254302072465609,-0.1711864554068112,-3.7228965622705026,0.32232445512229724,-1.2856721396446074,0.000679754212464883,-1.5692769986803963,0.12783302859895793,0.7024270694376662,True,-0.30920938525661923,37.858112755020784,32.78861545388892,bones hyland,2201520.0,False,False,LAC,192905421,150170920.75,343076341.75,3915335.4217529222,0.0221822723511033,45.25398102023971,99.96902821453183,bones hyland
203078,Bradley Beal,1610612764,WAS,30.0,50,1672.9333333333334,1160,196,271,45,33,145,42,116.6,115.9,0.593,0.288,0.129,114.8,114.9,-0.1,35.26117797082968,1638.6,0.0033741477169706327,2.3943476721702726,-2.2463612984859913,0.9780417816897587,0.4043574082077166,0.9438515740333971,-0.9546378582708006,1.0366686487584182,0.8720230744792493,True,0.6145467086455121,73.0572941266649,68.8499525765268,bradley beal,43279250.0,False,False,WAS,152008934,2612901.0,154621835.0,44023182.56125492,0.249412660767362,40.73971585901107,89.99671879342459,bradley beal
1630527,Brandon Boston,1610612746,LAC,21.0,22,248.345,143,30,20,9,0,12,-44,106.8,114.5,0.515,0.237,0.081,105.3,115.8,-10.5,28.267128389941412,195.0,-0.015709357607909574,-2.1604147408213095,-0.9616427618490208,-0.644809324909861,-1.621862769955367,-0.7306237360925159,-0.4198465015084181,-0.467610998402068,0.3359822776711458,False,-0.7173355818815307,23.658352855761926,16.589048345961007,brandon boston,1017780.7513239831,False,True,LAC,192905421,150170920.75,343076341.75,1810091.6763132259,0.010255046431365206,29.99363662087538,66.25792113775945,brandon boston
1629634,Brandon Clarke,1610612763,MEM,26.0,56,1090.138333333333,559,310,72,34,37,55,-14,109.0,108.3,0.681,0.174,0.134,108.5,107.1,1.4,31.325932641576074,948.5999999999999,0.017350547579003103,-2.543461381021569,3.292243097555418,0.15614307867622537,1.8883229028280664,-0.8714438455701348,1.3509237687006241,1.1933644453376357,0.7039299853269672,True,0.7522155271641304,77.4039271239214,67.091285296223,brandon clarke,4343919.0,False,False,MEM,127139520,0.0,127139520.0,4343919.0,0.024610405993260254,89.29155026463343,197.2509226035191,brandon clarke
1627742,Brandon Ingram,1610612740,NOP,25.0,45,1538.0766666666666,1112,246,262,32,19,148,96,115.5,112.5,0.582,0.306,0.144,114.2,110.9,3.3,36.3305686972691,1552.2,0.00021903194928129442,1.743259997689389,0.6356249236742264,0.9970351515340854,0.06935819689417473,0.7044910680856301,0.2450500717828452,1.5067560384960699,0.8361374035263328,True,0.8541204999467398,80.34808867897488,74.4233677842899,brandon ingram,31650600.0,False,False,NOP,148360910,0.0,148360910.0,31650600.0,0.17931598538791424,49.4286204900938,109.19108208777426,brandon ingram
1630296,Braxton Key,1610612765,DET,26.0,3,9.1,4,1,0,0,0,0,-3,100.0,104.5,1.064,0.091,0.189,102.5,106.3,-3.8,18.593406593406595,4.7,0.04392713695223725,-0.19501345997441813,0.12158813182747502,-1.5417195280984415,4.710132666707997,-0.008079809348724291,0.031071347651469797,2.917018207709026,0.06431456783935997,False,1.1996442110397085,88.48612257743285,51.22829344759477,braxton key,201802.0,False,False,DET,129153570,0.0,129153570.0,201802.0,0.002,164.12895854473132,362.57169242727224,braxton key
201572,Brook Lopez,1610612749,MIL,35.0,78,2372.4766666666665,1239,520,99,37,193,107,398,113.7,106.6,0.63,0.187,0.111,113.6,106.3,7.3,31.246334702273153,2059.2,0.009109852857894132,1.0158670529949867,4.924429972921603,0.9785267126021953,1.0133546178231299,0.43707832155543885,2.0303561958622867,0.47256378107323593,1.0,True,0.9085191827586481,81.8198008243486,81.8198008243486,brook lopez,13906976.0,False,False,MIL,182930771,97652912.25,280583683.25,21330859.360721506,0.12084965420683308,62.38904636545619,137.82151748365644,brook lopez
1628971,Bruce Brown,1610612743,DEN,26.0,80,2279.485,923,328,268,87,51,123,31,113.8,113.0,0.571,0.174,0.09,112.9,111.8,1.1,26.042724562785015,1649.0,-0.0017894524209969126,0.6970622104588131,0.08386017220529807,0.2663985144329519,-0.14389568331812969,0.31987553704734845,0.01536628374927298,-0.185558564559477,1.0,True,0.03963397986216867,51.580753164955965,51.580753164955965,bruce brown,6479000.0,False,False,DEN,162338665,21429162.5,183767827.5,7334246.307695705,0.041552059162926674,57.14998361070203,126.24808238380348,bruce brown
1628981,Bruno Fernando,1610612737,ATL,24.0,39,405.1216666666666,153,137,31,6,34,25,-75,105.1,114.0,0.571,0.159,0.096,104.6,112.8,-8.2,30.079852554582367,338.49999999999994,-0.0016351892812557995,-3.406162606165279,-0.40182008583995904,-0.39628308942565704,-0.12751656002977244,-1.188600213023716,-0.1868084313697652,0.0024763913355839626,0.4291226073294346,False,-0.32376663561922725,37.30573588252687,27.722085328003704,bruno fernando,2717391.0,False,False,ATL,149836313,0.0,149836313.0,2717391.0,0.015395336734508972,43.47859507002104,96.04708357788837,bruno fernando
1631121,Bryce McGowens,1610612766,CHA,20.0,46,786.9966666666667,246,93,54,15,6,43,-150,102.6,112.3,0.519,0.147,0.053,103.3,112.1,-8.8,16.99371873663167,371.50000000000006,-0.0091557787694629,-5.741995588934454,0.1236784765952863,-1.392896393436066,-0.9260265776217349,-2.0473265973173373,0.03194149802495572,-1.345107459245685,0.5981017953289871,True,-1.1929680876698394,11.644093569337016,9.538210434094992,bryce mcgowens,1461055.0,False,False,CHA,125874047,0.0,125874047.0,1461055.0,0.008277584533340253,18.588162254095145,41.062476161044046,bryce mcgowens
1627854,Bryn Forbes,1610612750,MIN,29.0,25,267.72,89,15,17,7,2,12,-48,107.8,116.2,0.497,0.155,0.035,108.8,115.9,-7.1,16.929627969520393,125.89999999999999,-0.013064052443991496,-1.3983842672816864,-1.2685577651984585,-1.5811350160194069,-1.3409934742321266,-0.4504771339632568,-0.5476063853827781,-1.9092123269308674,0.34884224097851035,False,-1.3189090011208362,9.359976828875327,6.61730713750274,bryn forbes,2298385.0,False,False,MIN,145793656,0.0,145793656.0,2298385.0,0.013021464713964388,11.004901830463057,24.310553829411727,bryn forbes
1631205,Buddy Boeheim,1610612765,DET,23.0,10,90.14333333333332,16,6,4,2,0,0,3,105.9,103.2,0.287,0.131,-0.003,106.6,104.6,2.0,12.060792071885517,30.199999999999996,-0.03855123142040572,-0.9302424691429327,1.274264411912098,-2.032495770575441,-4.047133433704619,-0.2783733420321142,0.5108973127597032,-3.1001003809329193,0.2024209535207322,False,-2.010345476370291,2.2197318433312874,1.4230466201615615,buddy boeheim,1638627.0096316128,True,True,DET,129153570,0.0,129153570.0,1638627.0096316128,0.00928361601092377,2.664120980418291,5.885218923374878,buddy boeheim
1627741,Buddy Hield,1610612754,IND,30.0,80,2481.875,1344,400,225,92,26,139,-84,114.4,116.3,0.614,0.205,0.104,112.3,115.5,-3.2,28.992918660287085,1998.8000000000002,0.006706737090204794,0.6075615573441939,-2.8613050772874016,0.7576083216403277,0.7582001492881637,0.2869722546603006,-1.210621257295051,0.2531896658623315,1.0,True,0.2405416521667934,59.504481142098506,59.504481142098506,buddy hield,21177750.0,False,False,IND,125706114,0.0,125706114.0,21177750.0,0.11998221548877117,45.48776402162966,100.48547028073537,buddy hield
203468,CJ McCollum,1610612740,NOP,31.0,75,2649.168333333333,1568,328,429,70,38,183,59,114.5,113.5,0.541,0.26,0.11,113.0,112.4,0.6,32.23351227838171,2372.0,-0.010473894422179273,1.0010286437479008,-0.38506811430808346,1.288938980669585,-1.06597951012646,0.43162325108789495,-0.1798350676885435,0.4412246217573924,1.0,True,0.3324734326855477,63.02341012638117,63.02341012638117,cj mccollum,33333333.0,False,False,NOP,148360910,0.0,148360910.0,33333333.0,0.1888494832059575,41.10524036031019,90.80418652023367,cj mccollum
1630595,Cade Cunningham,1610612765,DET,21.0,12,400.1833333333333,239,74,72,10,7,39,-60,111.2,117.3,0.492,0.287,0.109,108.6,116.1,-7.5,33.554620798800556,373.0,-0.025624568073713286,-1.2314417438137522,-1.8661395275039243,-0.09937456421947477,-2.6746253088350724,-0.3891037606870054,-0.7963624765623837,0.40988546244154894,0.42649913851204335,False,-0.48089173423507336,31.529672387301023,23.392639962853444,cade cunningham,10552800.0,False,False,DET,129153570,0.0,129153570.0,10552800.0,0.05978672538914211,22.819356422373293,50.40946309243866,cade cunningham
1631216,Caleb Houstan,1610612753,ORL,20.0,51,812.19,193,99,30,12,7,18,-84,107.6,112.9,0.508,0.107,0.038,107.4,112.4,-4.9,14.161710929708565,319.5,-0.007841410396819935,-3.051485043167629,-0.1347751030043038,-1.6527006692072628,-0.7864715182733671,-1.0582094772520299,-0.07564528970520094,-1.8151948489833372,0.6075995990183607,True,-1.2457825647814067,10.642211609201786,8.763007962949779,caleb houstan,2000000.0,False,False,ORL,126107324,0.0,126107324.0,2000000.0,0.011330969105667143,15.300145490283636,33.79903031117912,caleb houstan
1628997,Caleb Martin,1610612748,MIA,27.0,71,2077.738333333333,683,344,117,71,31,79,-9,110.7,110.7,0.571,0.143,0.078,110.4,109.6,0.9,20.708671207394584,1195.2,-0.001470641932198612,-1.5234307830507396,1.887931116367872,-0.4884384400560751,-0.11004549518885805,-0.49644820430389924,0.7663491024839297,-0.5616284763495984,0.97181609121866,True,-0.2666198424702224,39.488093821409805,38.98727584601458,caleb martin,6479000.0,False,False,MIA,151408266,1711899.0,153120165.0,6552254.87514004,0.03712169878133436,44.935437004735086,99.26534347883288,caleb martin
1629629,Cam Reddish,1610612757,POR,23.0,40,989.6066666666668,387,88,57,39,14,47,-193,108.9,117.8,0.561,0.166,0.064,107.7,116.3,-8.6,20.968330851988334,576.4000000000001,-0.0033671787464683023,-2.810187833069617,-3.0013230684550294,-0.9298484844239986,-0.3114131735205904,-0.9695009598639609,-1.2689067177537245,-1.0003767067714069,0.670687119394142,True,-0.9150482608081631,18.008314747436227,15.339648245485398,cam reddish,5954454.0,False,False,POR,144997250,0.0,144997250.0,5954454.0,0.03373486715755807,18.28199446082453,40.38613131637365,cam reddish
1630560,Cam Thomas,1610612751,BKN,21.0,57,947.5533333333332,604,95,78,20,7,63,-4,112.1,113.7,0.567,0.268,0.102,112.6,112.4,0.2,28.475442015576963,749.5,-0.00382816809670789,-0.006571250244276453,-0.3520024615587764,-0.2148518153733734,-0.3603594183258332,0.06119753137022716,-0.16607078797142708,0.19051134723064447,0.6562819977769164,True,-0.06634445091320501,47.35517972229964,40.03060722622087,cam thomas,2138160.0,False,False,BKN,159566723,15024515.25,174591238.25,2339485.2946664826,0.013254317798514253,66.16113071219301,146.15430054461794,cam thomas
1629661,Cameron Johnson,1610612751,BKN,27.0,42,1199.815,650,185,78,50,14,37,155,115.3,108.7,0.617,0.202,0.113,114.5,106.9,7.6,29.251509607731194,974.9000000000001,0.007214589718153018,1.7010719856059298,3.3614391223651903,0.013878247915829506,0.8121221738200117,0.6889814150649696,1.379728082591394,0.5352420997049229,0.7384920138670793,True,0.5961669426118905,72.44681464767271,63.921375377556664,cameron johnson,5887899.0,False,False,BKN,159566723,15024515.25,174591238.25,6442292.965438268,0.03649871128051889,74.11136273458906,163.71688733678377,cameron johnson
1626166,Cameron Payne,1610612756,PHX,28.0,48,968.3116666666666,493,106,214,33,8,81,77,115.4,111.4,0.512,0.239,0.097,113.5,111.8,1.7,31.303970656830533,842.0,-0.016558926026541722,1.219999212768934,0.4894968263347353,0.07489715052548501,-1.7120669878522885,0.5121237861814737,0.18422114995389624,0.03381555065142745,0.6634317347449297,True,-0.12348935493073832,45.08598016535375,38.25745060614383,cameron payne,6000000.0,False,False,PHX,176042453,67045675.25,243088128.25,8285096.83116038,0.0469390881156695,40.61764344893012,89.72705278984932,cameron payne
1627747,Caris LeVert,1610612739,CLE,28.0,74,2237.34,897,282,287,72,24,116,194,113.0,108.5,0.546,0.183,0.089,112.4,107.7,4.6,24.782643675078443,1540.2000000000003,-0.006457010304841564,0.18795675380179158,3.5654492922861447,0.08688916722241505,-0.639480734700695,0.13271220334831452,1.4646516455773784,-0.2168977238753205,1.0,True,0.10033544177675734,53.99609895090924,53.99609895090924,caris levert,18796296.0,False,False,CLE,151966241,2548861.5,154515102.5,19111557.829875782,0.10827623566574673,42.78697724622256,94.5192541984121,caris levert
1630637,Carlik Jones,1610612741,CHI,25.0,7,55.97,20,5,6,2,0,2,26,114.0,93.3,0.54,0.153,0.073,118.4,95.3,23.1,21.547257459353226,33.5,-0.006316484025359341,0.42583400560737034,1.8002226674834778,-1.2897157284967615,-0.6245601434255775,0.22016343545932793,0.7298385991785168,-0.718324272928816,0.15950206610232073,False,-0.48910993032099503,31.238193572199012,19.42315685194095,carlik jones,612162.0,False,False,CHI,151964990,2546985.0,154511975.0,622422.0436559105,0.003526322473675664,51.026165372690585,112.72016407883426,carlik jones
1626224,Cedi Osman,1610612739,CLE,28.0,77,1548.3133333333333,669,176,115,35,11,52,228,115.4,108.0,0.579,0.178,0.082,115.0,107.5,7.5,22.77213483920137,979.4000000000001,-0.00040658925826120827,2.078686705838126,3.539300989008437,-0.48841085700994025,0.0029319144566042348,0.8278045782590331,1.453766859386369,-0.4362718390862245,0.838915244752882,True,0.0896912368369486,53.57337100669635,49.68993699632682,cedi osman,7426088.0,False,False,CLE,151966241,2548861.5,154515102.5,7550642.438369059,0.042778048098549515,54.49754418546097,120.38866878612093,cedi osman
1628435,Chance Comanche,1610612757,POR,27.0,1,20.78333333333333,7,3,0,0,1,0,-29,95.6,163.6,0.518,0.14,0.039,98.4,167.1,-68.8,19.226944667201288,11.1,-0.008859789304250382,-0.603807031088352,-2.12779557619784,-1.4875036966613309,-0.8945994463517062,-0.15836530828408862,-0.905282360019817,-1.7838556896674935,0.09719552302945696,False,-1.2007696982639224,11.492027457142878,6.82325323014323,chance comanche,5849.0,False,False,POR,144997250,0.0,144997250.0,5849.0,0.002,21.860838438742928,48.292033659946874,chance comanche
1629646,Charles Bassey,1610612759,SAS,22.0,35,507.8716666666666,199,193,48,16,33,41,-32,109.1,111.5,0.658,0.152,0.121,108.6,111.8,-3.2,31.550490117254036,445.1,0.01166080018395673,-1.8191169062952428,0.35386972836970226,-0.20198340148013877,1.2842053267209537,-0.6051518134114866,0.12776349197977427,0.7859553742316704,0.48046930971265744,False,0.30631331269285256,62.03169479931658,47.529378650864366,charles bassey,2674742.0,False,False,SAS,104545376,0.0,104545376.0,2674742.0,0.015153709483815172,74.95771265233627,165.5865301151461,charles bassey
1631320,Chima Moneke,1610612758,SAC,27.0,2,7.931666666666667,2,2,1,0,0,2,-9,72.2,129.4,0.347,0.25,-0.105,82.5,128.8,-46.3,9.077537297751629,2.0,-0.05857105232901855,-0.5314000713079731,-0.26012098020968555,-2.286346585825311,-6.1727683418447015,-0.13174621041683207,-0.12782317133732315,-6.296694631148952,0.060044175656786485,False,-3.4254456943408416,0.030689581201551082,0.017708498432877712,chima moneke,500000.0,False,False,SAC,139423615,0.0,139423615.0,500000.0,0.002832742276416786,0.050227907822364797,0.11095676051141572,chima moneke
1629002,Chimezie Metu,1610612758,SAC,26.0,66,689.0166666666667,321,198,40,22,21,32,88,113.9,107.3,0.639,0.168,0.117,115.6,108.0,7.6,29.321787087878864,561.2,0.009696252834899543,1.4544835189707004,2.7017041000828965,-0.2892902491689733,1.075616526505789,0.5983276637376196,1.1050993778530058,0.6605987369682969,0.5596332673630061,True,0.5427135940127079,70.63364934793381,56.636530128024276,chimezie metu,1910860.0,False,False,SAC,139423615,0.0,139423615.0,1910860.0,0.010825947812627558,100.47763090978341,221.9617123818789,chimezie metu
1628449,Chris Boucher,1610612761,TOR,30.0,76,1523.47,712,421,29,47,64,41,-18,110.4,111.6,0.59,0.175,0.112,109.3,110.8,-1.5,28.859642789158958,1221.3,0.001525263369687016,-2.0102714193991282,0.9503512242883643,0.1671310814617842,0.2080493029734146,-0.6754262829861498,0.3760615739246574,0.5039029403890795,0.8321576555174889,True,0.1792563415689582,57.11317870427892,52.799474287720265,chris boucher,12690000.0,False,False,TOR,150992313,1087969.5,152080282.5,12781437.32340202,0.0724130357187446,48.16477745358293,106.39916947970586,chris boucher
1630537,Chris Duarte,1610612754,IND,26.0,46,897.2266666666667,362,115,64,25,9,41,-114,109.4,115.6,0.496,0.181,0.061,107.5,114.4,-6.9,21.97571776734233,547.7,-0.015436441886209424,-2.664940133224159,-1.6039227771913567,-0.8726450922330498,-1.5928855284668326,-0.9161032927210868,-0.6872091891562825,-1.0943941847189373,0.6386159276359329,True,-1.0259092300255739,15.246718577768286,12.767254015348035,chris duarte,3936960.0,False,False,IND,125706114,0.0,125706114.0,3936960.0,0.022304786065123657,17.587090606912128,38.85104287968813,chris duarte
101108,Chris Paul,1610612756,PHX,38.0,59,1888.635,819,251,524,91,22,114,84,114.9,112.5,0.555,0.195,0.133,113.7,110.8,2.9,34.55638596128951,1812.9,-0.005125420816634452,1.3994648813841852,0.7133906331814314,1.0530818233933805,-0.4980971972371949,0.578101065315579,0.27742169880537904,1.1620252860217923,0.9265368069027018,True,0.6654918766874472,74.71320312252242,72.24330141196403,chris paul,28400000.0,False,False,PHX,176042453,67045675.25,243088128.25,39216125.00082579,0.22217835041416895,44.51309580450697,98.33236391747936,chris paul
1629735,Chris Silva,1610612737,ATL,26.0,1,3.0166666666666666,2,0,0,0,0,1,1,100.0,87.5,1.0,0.25,-0.095,101.5,84.1,17.4,7.1602209944751385,0.6000000000000001,0.10467894767098146,-0.06902743483404232,0.16145681400720974,-2.437017293093592,11.16054849140327,0.03823665447312901,0.04766753275131432,-5.983303037990518,0.03702988146365204,False,-0.7172773328763955,23.66014953323317,13.407341882960802,chris silva,211045.0,False,False,ATL,149836313,0.0,149836313.0,211045.0,0.002,42.955423888062995,94.89136393795653,chris silva
1631128,Christian Braun,1610612743,DEN,22.0,76,1181.14,360,181,59,41,17,35,-114,107.0,111.3,0.568,0.127,0.067,107.6,110.7,-3.2,19.643734019675904,644.5,-0.0016870945831414252,-3.5480702079796993,1.013303314992489,-0.9824112302127185,-0.13302768433549333,-1.2407699540577728,0.4022667177274518,-0.9063592288238764,0.7327221971401018,True,-0.6632402143002147,25.358835989622108,22.30880170474629,christian braun,2808600.0,False,False,DEN,162338665,21429162.5,183767827.5,3179343.1362546934,0.018012519426608406,33.11776385335182,73.15932420569156,christian braun
1631132,Christian Koloko,1610612761,TOR,23.0,58,801.7933333333333,182,171,31,21,57,20,156,112.7,103.7,0.517,0.1,0.046,112.0,104.0,8.0,21.430460052049987,477.29999999999995,-0.006428420931607415,-0.08009273573658608,5.236661592004355,-0.967720638363992,-0.6364452145516507,0.034168698456899856,2.1603292338714395,-1.5644815744565894,0.603698198731382,True,-0.4775667242614715,31.64793097459098,26.003971551346098,christian koloko,1500000.0,False,False,TOR,150992313,1087969.5,152080282.5,1510808.1942555578,0.008559460486849245,50.086336723433995,110.64402061838739,christian koloko
1626174,Christian Wood,1610612742,DAL,27.0,67,1738.3583333333331,1114,491,121,30,72,121,-46,115.4,116.7,0.624,0.259,0.144,114.4,115.6,-1.2,34.53672286592235,1667.6999999999998,0.011063389787136791,1.856096507182172,-2.8406854708600706,0.9432166472939167,1.2207743699824765,0.7459733523618709,-1.2020379085048603,1.5067560384960699,0.8889110634860378,True,0.8025374454482233,78.88789315588984,74.94428568635814,christian wood,14317459.0,False,False,DAL,177244238,72153261.5,249397499.5,20145864.90418814,0.11413608641814989,58.30104057518372,128.79084312141327,christian wood
1629643,Chuma Okeke,1610612753,ORL,24.0,27,517.9866666666667,128,96,37,19,11,17,-118,105.7,116.5,0.488,0.121,0.063,104.2,114.8,-10.6,19.946459368323506,287.0,-0.011287389327244974,-3.8722497314927797,-1.576239460210961,-1.2255099938061718,-1.1523535679012642,-1.3599486419785118,-0.6756854209335684,-1.0317158660872505,0.4852303420526017,False,-1.0940904028997198,13.69576655607157,10.5231922766432,chuma okeke,3433320.0,False,False,ORL,126107324,0.0,126107324.0,3433320.0,0.019451421424934556,15.207238574471933,33.59379280767746,chuma okeke
203991,Clint Capela,1610612737,ATL,29.0,65,1730.0833333333333,779,717,58,45,79,54,-30,115.3,116.4,0.656,0.151,0.135,114.9,115.8,-0.9,32.11752805741535,1543.5000000000002,0.011282084393272804,2.0558217502365883,-2.8376536693777235,0.6617611380673103,1.2439946021287422,0.819398694449881,-1.2007758567931888,1.2247036046534794,0.8867928253834235,True,0.6622439818806864,74.6092564370624,70.80842003239485,clint capela,18206896.0,False,False,ATL,149836313,0.0,149836313.0,18206896.0,0.10315088804304734,57.06964718513683,126.0706139221804,clint capela
1629632,Coby White,1610612741,CHI,23.0,74,1730.2283333333332,715,212,204,54,6,74,143,114.0,110.1,0.572,0.17,0.088,114.0,109.8,4.2,24.47260814324121,1176.2,-0.001578315583732616,1.233504207367607,1.9102361894554982,-0.20887859620287785,-0.1214779087669997,0.5170886510785669,0.7756340625425284,-0.24823688319116397,0.8868299860979129,True,0.04899600672004571,51.953876085241156,49.30804668976583,coby white,7413955.0,False,False,CHI,151964990,2546985.0,154511975.0,7538215.411399199,0.04270764296921412,54.10989123734673,119.53231786110184,coby white
1628998,Cody Martin,1610612766,CHA,27.0,7,133.71166666666667,35,24,11,4,1,2,-26,107.6,117.3,0.448,0.121,0.052,110.1,115.8,-5.7,20.246550413202534,75.19999999999999,-0.016127389327244973,-0.698410363956231,-0.8477347766443457,-1.3601106172165571,-1.6662479230186922,-0.1931444977959389,-0.372429885170694,-1.3764466185615287,0.24653200665031366,False,-1.0877349857703966,13.835605905526387,9.144497107240072,cody martin,7000000.0,False,False,CHA,125874047,0.0,125874047.0,7000000.0,0.039658391869835,10.298604154770013,22.75029568908067,cody martin
203469,Cody Zeller,1610612748,MIA,30.0,15,216.61166666666668,98,64,10,3,4,14,-48,108.8,119.0,0.659,0.175,0.093,109.4,120.0,-10.6,25.228558018573946,151.8,0.013600263369687025,-0.9823958211910062,-2.181722553957658,-0.9141681216402839,1.4901307777756776,-0.29754657049639444,-0.927730609017424,-0.09154108661194651,0.3137831233270019,False,-0.21627631665437613,41.43861843866676,28.64247274528505,cody zeller,743922.0,False,False,MIA,151408266,1711899.0,153120165.0,752333.16117054,0.004262331903196144,70.41574678428789,155.55302800603235,cody zeller
1630175,Cole Anthony,1610612753,ORL,23.0,60,1551.76,781,288,235,37,31,91,-26,112.4,112.5,0.57,0.209,0.116,111.4,111.5,-0.1,30.799608186833016,1327.6,-0.0023583997470595103,-0.4613764303702366,0.36473251146307084,0.39783300409053746,-0.20430453026497347,-0.10600329624398286,0.13228535598581967,0.6292595776524533,0.8398484711812331,True,0.2615327537398998,60.31591528196722,55.9690565619376,cole anthony,3613680.0,False,False,ORL,126107324,0.0,126107324.0,3613680.0,0.02047324821888362,79.44534343596898,175.50000243981813,cole anthony
1631306,Cole Swider,1610612747,LAL,24.0,7,41.138333333333335,9,7,4,0,0,0,3,116.5,113.2,0.5,0.089,0.055,118.4,116.1,2.3,17.06437629137463,19.5,-0.0072342946291306005,0.39759129349581573,-0.1944445100329471,-1.6500021514736816,-0.7220100790340421,0.20978051757388527,-0.10048394675889936,-1.282429140613998,0.13674517331241504,False,-0.8891363062854782,18.696491439807044,11.4335650249156,cole swider,1832005.3523831696,True,True,LAL,169391473,42154537.25,211546010.25,2287915.773973492,0.012962151475631083,19.04497940500058,42.071615370859035,cole swider
1629012,Collin Sexton,1610612762,UTA,24.0,48,1145.1533333333334,685,105,138,27,6,85,-28,116.4,116.3,0.616,0.23,0.097,114.9,115.2,-0.3,28.4220453738364,904.1,0.007984631857302941,2.150850849427913,-2.267641438531253,-0.10367503345834378,0.8938825681406097,0.8543344091834332,-0.9634961681981172,0.03381555065142745,0.7214736602428687,True,0.10193402819973113,54.05954799846997,47.283894383647514,collin sexton,16700000.0,False,False,UTA,148738241,0.0,148738241.0,16700000.0,0.09461359203232064,39.27944351967972,86.77088090247248,collin sexton
1630557,Corey Kispert,1610612764,WAS,24.0,74,2093.29,820,207,87,32,9,55,-124,112.4,115.6,0.657,0.139,0.073,111.6,115.2,-3.6,18.884913222725952,1098.1000000000001,0.010524494905065697,-0.39555667897427566,-2.403620276196608,-0.7032076795592046,1.163556386945698,-0.08180586537101366,-1.0201002452875536,-0.718324272928816,0.9754462848078589,True,-0.3820516603253763,35.121152318106205,34.733092671048844,corey kispert,3552840.0,False,False,WAS,152008934,2612901.0,154621835.0,3613910.2209703014,0.0204745525322346,49.30083013112961,108.90878475806258,corey kispert
202709,Cory Joseph,1610612765,DET,31.0,62,1227.4333333333334,427,106,217,34,9,56,-110,109.7,113.8,0.558,0.149,0.087,109.6,113.6,-4.0,24.032588327947202,819.4,-0.0034693471880950424,-1.9682599671205558,-0.922117102478929,-0.5094184846812561,-0.3222610630708231,-0.6599815389568342,-0.4033931069331422,-0.27957604250700746,0.7469432658671222,True,-0.41907279026653627,33.75814678583945,29.913919916638175,cory joseph,5155500.0,False,False,DET,129153570,0.0,129153570.0,5155500.0,0.029208405612133476,37.49569453427518,82.83046176962768,cory joseph
1626156,D'Angelo Russell,1610612747,LAL,27.0,71,2304.096666666667,1263,215,437,70,29,186,85,113.6,112.1,0.605,0.225,0.115,112.3,110.3,2.1,30.887766572293696,1976.9,0.005336052903883309,0.33686085052209674,1.1193503373235931,0.889141967143745,0.6126656728420199,0.18745407809979844,0.44641104143396615,0.5979204183366099,1.0,True,0.5886412361432869,72.19490171875111,72.19490171875111,d angelo russell,31377750.0,False,False,LAL,169391473,42154537.25,211546010.25,39186375.238155805,0.22200980359331168,44.49509104366209,98.29259021350198,d angelo russell
1630227,Daishen Nix,1610612745,HOU,21.0,57,914.3833333333332,226,98,132,31,7,86,-151,106.2,114.4,0.447,0.149,0.045,105.2,114.9,-9.7,17.370395348413325,441.20000000000005,-0.02000834718809505,-4.402615451076604,-1.4983969401217458,-1.3114990692947532,-2.078314521601226,-1.5549279234987041,-0.6432818198761036,-1.5958207337724328,0.6446927856574695,True,-1.4480996272018234,7.379459490895774,6.199570653117098,daishen nix,1563518.0,False,False,HOU,137579793,0.0,137579793.0,1563518.0,0.00885808707707724,11.798545090219568,26.063764124686905,daishen nix
1630625,Dalano Banton,1610612761,TOR,23.0,31,278.5433333333333,142,45,36,13,13,18,-34,104.4,110.9,0.505,0.229,0.095,104.4,110.8,-6.3,32.73745557244236,253.3,-0.017469083933380983,-2.8657915280684607,0.5517801655767721,-0.2524513047724233,-1.8087043867345598,-0.989942643970637,0.21014791176752518,-0.02886276798025953,0.3558238413324858,False,-0.46004652442783445,32.27414132635767,22.918536753600172,dalano banton,1563518.0,False,False,TOR,150992313,1087969.5,152080282.5,1574783.870844041,0.008921913694318372,43.507327186797944,96.11055471850358,dalano banton
1631207,Dalen Terry,1610612741,CHI,20.0,38,213.945,85,37,22,11,5,8,12,104.8,101.5,0.523,0.173,0.091,107.6,103.0,4.6,27.713664726915795,164.7,-0.010083168211680826,-1.7770306351254037,2.9913417492413745,-0.710607487732234,-1.0244935609587789,-0.5896795635816929,1.2256671963639791,-0.1542194052436335,0.31184567861801016,False,-0.2821935827326225,38.88975393446582,26.846785432097622,dalen terry,3191400.0,False,False,CHI,151964990,2546985.0,154511975.0,3244888.9511656603,0.018383868228489378,39.57083376121691,87.41458116090152,dalen terry
1627745,Damian Jones,1610612762,UTA,28.0,41,477.39166666666665,142,122,15,8,21,23,-83,103.6,112.6,0.719,0.102,0.081,103.8,112.7,-8.9,20.798017002112175,275.8,0.014047010649760432,-4.244513449182083,-0.1356603383031543,-1.1674110402193583,1.5375648491380305,-1.496804606704234,-0.07601378768590689,-0.467610998402068,0.4658285222280964,True,-0.43742409136327653,33.09019078317716,25.13606453349537,damian jones,2298385.0,False,False,UTA,148738241,0.0,148738241.0,2298385.0,0.013021464713964388,41.80249108094028,92.3444593402558,damian jones
203081,Damian Lillard,1610612757,POR,32.0,58,2106.59,1866,277,425,50,18,191,105,119.5,117.4,0.645,0.331,0.173,117.8,115.9,2.0,43.29556297143725,2533.5,0.021089926716379458,4.90561220016573,-3.3278732130248243,2.2727064483426793,2.2853571652953364,1.8670721655903357,-1.4048401458823332,2.41559165865553,0.9785401928847426,True,1.7049924874328297,95.59020872235553,94.6671023737755,damian lillard,42492492.0,False,False,POR,144997250,0.0,144997250.0,42492492.0,0.2407405570374041,56.7143117920085,125.2856546072114,damian lillard
1627814,Damion Lee,1610612756,PHX,30.0,74,1506.295,604,225,99,30,7,78,79,110.1,107.3,0.607,0.155,0.084,108.7,107.7,1.0,20.81424953279404,870.9000000000001,0.003985947556008502,-2.3649999595110542,3.6354893308649445,-0.7221526123433339,0.4693161858406324,-0.8058357595639409,1.4938072981122108,-0.37359352045453753,0.8274536515446321,True,-0.1190230505638594,45.262854694017754,41.748381559864356,damion lee,2133278.0,False,False,PHX,176042453,67045675.25,243088128.25,2945735.7996306918,0.016689020669536533,63.65384896266312,140.61554982457784,damion lee
1629655,Daniel Gafford,1610612764,WAS,24.0,78,1604.22,705,433,84,33,99,85,-89,111.7,114.3,0.739,0.146,0.113,110.7,114.3,-3.7,28.66364962411639,1277.2999999999997,0.02302650543985317,-0.9987502907134468,-1.4620549846936324,0.19361632182191524,2.490976354186588,-0.3035589928671909,-0.6281537096351826,0.5352420997049229,0.8539267586221369,True,0.4428662581195878,67.10687627206082,62.69574275094941,daniel gafford,1930681.0,False,False,WAS,152008934,2612901.0,154621835.0,1963867.7225355385,0.011126262245833539,110.16702538423274,243.36622371458864,daniel gafford
1628464,Daniel Theis,1610612754,IND,31.0,7,108.83666666666667,49,22,9,2,6,3,-19,107.3,115.5,0.497,0.201,0.088,105.3,114.6,-9.3,29.504762488132062,89.2,-0.01694112607253091,-1.1279931381749104,-0.4608020830758883,-0.6271602786458738,-1.7526476585463933,-0.35107276800226955,-0.2113609395081848,-0.24823688319116397,0.22242124925737677,False,-0.5785233395273448,28.145542229020776,18.297123224583704,daniel theis,8694369.0,False,False,IND,125706114,0.0,125706114.0,8694369.0,0.04925781326613506,19.10083450454275,42.19500296894813,daniel theis
201980,Danny Green,1610612739,CLE,36.0,11,138.71833333333333,61,14,6,6,3,10,-17,104.5,110.0,0.617,0.187,0.061,106.3,106.5,-0.2,21.903377347382584,84.39999999999999,0.00667885285789413,-1.4833636992070083,0.9734665051808886,-1.2239489249629125,0.7552394985482395,-0.48171827185918864,0.38568380017727805,-1.0943941847189373,0.25110513311915367,False,-0.53542473262646,29.617809574614306,19.63652807320694,danny green,11710528.0,False,False,CLE,151966241,2548861.5,154515102.5,11906943.42600157,0.06745860405147514,18.36273868642182,40.5645006351588,danny green
1627863,Danuel House Jr.,1610612755,PHI,30.0,56,807.025,268,94,44,14,9,26,-16,112.8,112.5,0.6,0.133,0.061,113.8,111.9,1.9,18.191258015550943,407.8,0.0024892001609621334,0.611253412339726,0.14958062162690966,-1.2723584874346567,0.31039675663587113,0.28832949780012945,0.0427238156217572,-1.0943941847189373,0.6056645486195683,True,-0.5501903667656817,29.109440509386275,23.943942546170977,danuel house,4105000.0,False,False,PHI,150496913,344869.5,150841782.5,4114406.766353407,0.02331010797884915,32.47812773390806,71.74632583891565,danuel house
203967,Dario Saric,1610612760,OKC,29.0,57,805.9533333333334,362,207,74,20,7,55,37,112.8,111.2,0.583,0.186,0.099,111.2,110.4,0.8,26.42088458388823,591.5,0.00031913706721019877,-0.35179252236743025,1.0258404299884583,-0.49306871816097086,0.07998700991525498,-0.06571677156940862,0.4074855579226992,0.09649386928311444,0.6052622772339478,True,-0.03105564931502658,48.76125796564318,40.09969939778848,dario saric,9240000.0,False,False,OKC,148856338,0.0,148856338.0,9240000.0,0.0523490772681822,40.97875689562827,90.52477620617086,dario saric
1629647,Darius Bazley,1610612756,PHX,23.0,43,616.1616666666666,224,138,38,22,34,27,-70,105.5,109.2,0.524,0.165,0.088,106.7,108.3,-1.7,26.432024062948848,452.40000000000003,-0.009451894537152233,-3.417125580049823,2.054819420798294,-0.5959789978209656,-0.9574671192491755,-1.192630550378495,0.8358199011132944,-0.24823688319116397,0.5292196943127541,True,-0.4206074796897471,33.70208655110727,26.562261177134538,darius bazley,4264628.0,False,False,PHX,176042453,67045675.25,243088128.25,5888809.321479638,0.033362958245425234,31.780320530353794,70.2048237114184,darius bazley
1630620,Darius Days,1610612745,HOU,23.0,4,24.98333333333333,15,6,1,0,1,0,1,109.4,109.6,0.582,0.21,0.145,108.9,105.7,3.1,32.5657104736491,22.599999999999998,0.00015031604362441775,-0.15752081212761804,0.2437620184423713,-0.437974627778404,0.062062181186767575,0.005703678666291137,0.08192882088039126,1.5380951978119133,0.10656481880086226,False,0.3743891045089904,64.59425760646215,38.62440559438817,darius days,1638627.0096316128,True,True,HOU,137579793,0.0,137579793.0,1638627.0096316128,0.00928361601092377,72.30971061827383,159.73691900718785,darius days
1629636,Darius Garland,1610612739,CLE,23.0,69,2447.15,1490,185,538,85,9,199,438,116.9,108.8,0.587,0.262,0.13,116.3,107.8,8.5,33.82203788080011,2299.1,0.0014975371591885605,3.4292909128545737,3.472712494328098,1.3585173874253909,0.2051054304395398,1.324329576346877,1.4260479852522085,1.0680078080742619,1.0,True,1.10335413808442,86.50632976379816,86.50632976379816,darius garland,8920794.0,False,False,CLE,151966241,2548861.5,154515102.5,9070418.470714064,0.051388315733566836,88.9777000702982,196.5576068283036,darius garland
1630561,David Duke Jr.,1610612751,BKN,23.0,23,228.0233333333333,85,29,21,10,1,18,-35,105.2,111.5,0.497,0.187,0.05,105.6,112.9,-7.3,21.076790386948705,133.5,-0.01576114714210587,-2.1830776469089788,0.013234549902840266,-1.2518227858785544,-1.6273616024507465,-0.7389553400838159,-0.01403313043851487,-1.4391249371932153,0.32194249439452644,False,-1.1017456885735648,13.52861239884065,9.400682668983123,david duke,531283.0,False,False,BKN,159566723,15024515.25,174591238.25,581307.6504126411,0.003293389513856796,25.294152465283105,55.87645074438054,david duke
1631223,David Roddy,1610612763,MEM,22.0,70,1258.5016666666668,466,193,59,29,19,57,-61,110.6,112.5,0.519,0.163,0.056,110.3,111.6,-1.3,20.18686241972928,705.7,-0.010152326118520086,-1.4242051116898835,0.30219377871983,-0.8943657819362398,-1.0318365068134139,-0.45996969636888424,0.10625228120703754,-1.2510899812981546,0.7563373666038272,True,-0.8067515281697953,20.990482522568264,18.68891421110087,david roddy,2588640.0,False,False,MEM,127139520,0.0,127139520.0,2588640.0,0.014665899932847096,29.813423068449364,65.85981751679714,david roddy
1630558,Davion Mitchell,1610612758,SAC,24.0,80,1447.03,450,105,185,44,15,62,1,114.4,111.8,0.545,0.14,0.061,115.3,112.4,2.9,20.46260271037919,822.5,-0.005079789304250378,1.8802637102466042,0.16517939699875203,-0.7857051429005761,-0.4932522020657803,0.7548579836942902,0.04921713692680854,-1.0943941847189373,0.811012274315814,True,-0.47812110335752744,31.628200631630477,28.938396864445735,davion mitchell,4833600.0,False,False,SAC,139423615,0.0,139423615.0,4833600.0,0.027384686134576352,37.100740106911346,81.95798139547162,davion mitchell
202722,Davis Bertans,1610612742,DAL,30.0,45,491.81666666666666,206,53,21,11,8,10,-37,110.6,114.8,0.618,0.155,0.069,111.4,114.0,-2.6,21.86424480666915,298.7,0.005690947556008504,-0.6595323897355935,-0.9608786165587616,-1.0671180611622062,0.6503471518479085,-0.17885171981162878,-0.41952840981371037,-0.8436809101921895,0.472813948930264,True,-0.512088735014823,30.429445408442113,23.210554785938694,davis bertans,16000000.0,False,False,DAL,177244238,72153261.5,249397499.5,22513341.121983327,0.12754898635926937,17.367383359514037,38.365695082236826,davis bertans
1628432,Davon Reed,1610612743,DEN,28.0,43,342.54833333333335,89,59,23,15,4,20,-99,97.5,111.7,0.471,0.142,0.046,100.7,112.8,-12.0,18.444112509670166,175.5,-0.015660357722882535,-5.281259177644015,0.009047926972225447,-1.4259400433120275,-1.6166601326998302,-1.877945260766977,-0.01577590108707809,-1.5644815744565894,0.3945931928946417,True,-1.3523866773480666,8.81258245503666,6.41174362213126,davon reed,1902133.0,False,False,DEN,162338665,21429162.5,183767827.5,2153219.9308529333,0.012199034257100665,10.909329628996824,24.099428534144785,davon reed
1630549,Day'Ron Sharpe,1610612751,BKN,21.0,48,552.4866666666667,227,200,37,15,32,42,-101,110.3,119.0,0.581,0.173,0.093,109.6,118.9,-9.3,29.778094192318363,456.99999999999994,-4.9168211680836956e-05,-1.328104868750717,-3.442387393292478,-0.33142175913250826,0.04088163723301255,-0.42464019517695595,-1.452509103780444,-0.09154108661194651,0.5011290283253436,True,-0.38575791502536916,34.983798312765394,27.13021765704363,day ron sharpe,2109480.0,False,False,BKN,159566723,15024515.25,174591238.25,2308104.8375206026,0.013076532303293415,45.05227172015602,99.52343906951978,day ron sharpe
1628368,De'Aaron Fox,1610612758,SAC,25.0,73,2435.241666666667,1826,306,447,83,23,181,176,119.9,116.8,0.599,0.288,0.137,119.5,116.5,3.1,39.04466702483326,2641.2,0.005102147716970634,6.01497585663929,-3.515871965879378,2.0213218328581943,0.587830434166997,2.274909476141931,-1.4830986167003133,1.2873819232851662,1.0,True,1.0984912292413906,86.40049772791272,86.40049772791272,de aaron fox,30351780.0,False,False,SAC,139423615,0.0,139423615.0,30351780.0,0.17195754074100295,58.231052395620665,128.63623461759357,de aaron fox
1629631,De'Andre Hunter,1610612737,ATL,25.0,67,2125.63,1029,284,94,35,17,82,-18,114.9,115.5,0.563,0.193,0.069,114.1,114.6,-0.5,22.958652258389275,1355.6,-0.003528852398002324,1.62720336351583,-2.0868639939939704,-0.19318020728541485,-0.32857911915996146,0.6618249637141618,-0.8882437202267461,-0.8436809101921895,0.9829524172336394,True,-0.38464900622989245,35.02487403391913,34.75618378638057,de andre hunter,9835881.0,False,False,ATL,149836313,0.0,149836313.0,9835881.0,0.05572503186900922,34.74963880154674,76.76424357545316,de andre hunter
1629001,De'Anthony Melton,1610612755,PHI,25.0,77,2149.826666666667,780,312,197,126,41,102,102,115.5,112.8,0.566,0.162,0.079,114.8,110.9,4.0,24.960896072241482,1490.6,-0.002476041909204023,2.166162037063353,0.5859713269503701,0.06379435415234283,-0.21679536560585658,0.8599632880007172,0.22438070833644005,-0.5302893170337549,0.9885312030451743,True,-0.013005911962345601,49.48115380980817,49.22578362204733,de anthony melton,8250000.0,False,False,PHI,150496913,344869.5,150841782.5,8268905.194254716,0.04684735464689537,52.29843423171037,115.53068988444095,de anthony melton
201599,DeAndre Jordan,1610612743,DEN,34.0,39,585.855,199,202,34,12,23,48,-119,107.0,115.4,0.731,0.134,0.107,107.5,115.4,-7.9,24.161609954681616,393.2,0.02006191595164606,-2.757036383397426,-1.6281742622187585,-0.8173286126458879,2.176206560130782,-0.9499607990161358,-0.6973043844939767,0.34720714380986195,0.5160404318197628,False,-0.020828803525413025,49.16911104146847,38.460973255122624,deandre jordan,10733758.0,False,False,DEN,162338665,21429162.5,183767827.5,12150644.386355802,0.06883928807787275,35.711933474584825,78.89001596388928,deandre jordan
201942,DeMar DeRozan,1610612741,CHI,33.0,74,2681.61,1816,343,377,83,36,153,67,112.2,110.7,0.592,0.272,0.138,112.3,110.1,2.2,35.23062637743743,2624.2999999999997,0.00291469506602782,-0.1264596753180877,1.7213079756208003,1.7110676874685233,0.35557432478555756,0.01712273897636353,0.6969886838653916,1.3187210826010098,1.0,True,0.9838361087915307,83.74019489702236,83.74019489702236,demar derozan,27300000.0,False,False,CHI,151964990,2546985.0,154511975.0,27757557.299875453,0.15726001210683713,58.23088415372999,128.63586296016285,demar derozan
1629731,Dean Wade,1610612739,CLE,26.0,44,891.5633333333334,206,150,37,28,21,17,108,109.7,103.2,0.55,0.1,0.061,109.4,102.3,7.1,17.871529037009896,442.6,-0.003128420931607412,-1.8516243600253843,6.228969687732949,-1.2713463907591467,-0.2860626996988583,-0.6171025857527448,2.5733985387093345,-1.0943941847189373,0.6365972514911297,True,-0.3956198651168081,34.61927400339317,28.95794130749653,dean wade,1930681.0,False,False,CLE,151966241,2548861.5,154515102.5,1963063.4451884779,0.011121705624947574,50.89129692432978,112.42223078290165,dean wade
1629028,Deandre Ayton,1610612756,PHX,24.0,67,2035.3366666666664,1203,667,115,37,53,120,-7,113.2,113.2,0.617,0.231,0.145,111.5,112.2,-0.6,32.727165530354526,1850.3000000000002,0.008250347647986867,-0.18467222707846462,-0.17480319945080686,0.9382339320369197,0.9220953460121043,-0.004278043726187076,-0.09230783437687472,1.5380951978119133,0.9618487564596786,True,0.8198134625391604,79.3838772389271,78.02101010375432,deandre ayton,30913750.0,False,False,PHX,176042453,67045675.25,243088128.25,42687235.36071403,0.24184387253929635,46.667024530247225,103.09053450714117,deandre ayton
1627749,Dejounte Murray,1610612737,ATL,26.0,74,2693.395,1515,389,448,112,19,160,-62,114.3,115.4,0.54,0.239,0.12,112.7,114.5,-1.7,33.079589143070365,2474.9,-0.009866926026541717,0.7843542768556196,-2.089796833733362,1.4317378395918927,-1.0015337183386868,0.35196687281810285,-0.8894645770126237,0.7546162149158269,1.0,True,0.35346461099274007,63.812992248997055,63.812992248997055,dejounte murray,17071120.0,False,False,ATL,149836313,0.0,149836313.0,17071120.0,0.09671616665956824,52.60418021926046,116.20610293245997,dejounte murray
1626153,Delon Wright,1610612764,WAS,31.0,50,1221.1716666666666,369,180,194,92,17,44,69,114.1,110.9,0.581,0.125,0.107,112.2,110.5,1.7,27.752363508815982,941.3999999999999,-3.552616450927526e-05,0.39019763668665236,1.2219400902269035,-0.12810784924677876,0.04233010232262231,0.2070623745280097,0.4891162033667095,0.34720714380986195,0.7450355899573055,True,0.1829114828638651,57.256626356127946,50.687345474161624,delon wright,7804878.0,False,False,WAS,152008934,2612901.0,154621835.0,7939037.045751073,0.044978491747076174,54.624020235070184,120.6680627197992,delon wright
1630166,Deni Avdija,1610612764,WAS,22.0,76,2020.38,697,487,211,65,29,123,-51,113.3,114.1,0.535,0.165,0.084,112.4,113.0,-0.6,24.270483770379833,1362.1000000000001,-0.007636894537152232,0.2805349764826257,-0.8479068304714252,-0.08595616113535683,-0.7647567360801398,0.16674689804330695,-0.3725015062277552,-0.37359352045453753,0.9583081683125453,True,-0.2791437980598887,39.00672362288619,38.274905832702196,deni avdija,4916160.0,False,False,WAS,152008934,2612901.0,154621835.0,5000664.502742977,0.028331187494193506,48.49056920958081,107.11886495208536,deni avdija
203471,Dennis Schröder,1610612747,LAL,29.0,66,1985.945,830,165,298,50,10,112,125,115.0,112.2,0.545,0.183,0.077,113.5,111.1,2.4,24.2163806147703,1335.9,-0.006640010304841564,1.3500580776357716,0.6728513870899867,-0.10972560992833398,-0.658911037797077,0.5599375552293049,0.26054637724574775,-0.592967635665442,0.950106453365765,True,-0.18108575898001972,42.815013124438735,41.85372634015243,dennis schroder,2641682.0,False,False,LAL,169391473,42154537.25,211546010.25,3299087.4779702784,0.018690929144887278,61.33369682138026,135.4901807488676,dennis schroder
1628372,Dennis Smith Jr.,1610612766,CHA,25.0,54,1389.8433333333332,474,167,261,75,25,82,-70,103.6,106.2,0.475,0.175,0.09,103.4,105.3,-1.9,27.365674308615123,1056.5,-0.01859973663031298,-6.56739877902255,4.943733026367367,-0.07241113863770535,-1.928753155030355,-2.3507710225983267,2.038391501532383,-0.185558564559477,0.7948251189393611,True,-0.4099402554417143,34.09248872491064,30.944773681273016,dennis smith,2133278.0,False,False,CHA,125874047,0.0,125874047.0,2133278.0,0.012086053555899695,52.82305980901964,116.68962237960947,dennis smith
1629126,Deonte Burton,1610612758,SAC,29.0,2,6.498333333333333,0,0,0,0,0,0,5,164.3,112.5,0.0,0.133,-0.045,150.1,122.0,28.2,0.0,0.0,-0.07731079983903787,0.5564331537085885,-0.07464120929411591,-2.996244226054202,-8.162489511622555,0.26817582978207244,-0.05061328021239821,-4.416345072198344,0.054348761520276415,False,-3.265703622480986,0.054596234281577304,0.03136318582746108,deonte burton,105522.0,False,False,SAC,139423615,0.0,139423615.0,105522.0,0.002,0.10048367181647255,0.221975057143105,deonte burton
1631220,Dereon Seabron,1610612740,NOP,23.0,5,11.6,4,1,0,0,0,0,10,116.0,79.2,0.4,0.156,0.011,123.3,83.0,40.3,14.586206896551726,4.7,-0.028280336653307567,0.18071061511686565,0.7006766120069472,-1.8544389518816993,-2.9566055736184884,0.13004829264969095,0.2721292176588029,-2.6613521505111106,0.07261354744623949,False,-1.6451795926202573,4.996639033358696,2.911422126831519,dereon seabron,1638627.0096316128,True,True,NOP,148360910,0.0,148360910.0,1638627.0096316128,0.00928361601092377,5.450545794532926,12.040615080351964,dereon seabron
1627884,Derrick Jones Jr.,1610612741,CHI,26.0,64,893.4083333333333,319,153,34,29,37,25,122,112.8,106.0,0.597,0.138,0.077,112.8,105.4,7.3,23.230139260696397,576.5,0.0021687791143817623,0.2500305452593641,4.322915547735722,-0.7532637258419248,0.27637556508660016,0.15553250038623204,1.7799630502948678,-0.592967635665442,0.6372555978331591,True,-0.03442555479495871,48.626890288317746,40.689280777226976,derrick jones,3200000.0,False,False,CHI,151964990,2546985.0,154511975.0,3253633.0900952914,0.018433408012523033,59.91752480842669,132.3617633869505,derrick jones
201565,Derrick Rose,1610612752,NYK,34.0,27,337.865,152,40,46,7,5,22,-29,104.3,107.8,0.463,0.22,0.076,104.9,107.6,-2.8,25.465792550278948,238.99999999999994,-0.02602252604953631,-3.1251655536684417,1.896161421635292,-0.8305963888794501,-2.7168791016758598,-1.085296772808693,0.7697751417252207,-0.6243067949812855,0.39188646314972403,False,-0.8498012456281482,19.77177985010799,14.361210711594605,derrick rose,14520730.0,False,False,NYK,148987936,0.0,148987936.0,14520730.0,0.08226697151086702,12.528467464584002,27.676210782244407,derrick rose
1628401,Derrick White,1610612738,BOS,28.0,82,2319.3283333333334,1017,293,321,54,76,95,488,118.2,107.2,0.604,0.174,0.1,117.8,106.7,11.1,28.083475316488897,1809.3,0.003952547579003092,4.565691147988638,4.509992164611341,0.5452539343269955,0.46576989252572903,1.7421063918237263,1.8578376624409054,0.12783302859895793,1.0,True,0.7845204841799904,78.36326163981882,78.36326163981882,derrick white,17142857.0,False,False,BOS,178633307,78056804.75,256690111.75,24633714.467617564,0.13956192879520016,56.81720824630253,125.51295965995126,derrick white
1630217,Desmond Bane,1610612763,MEM,25.0,58,1841.4533333333331,1247,291,254,56,22,126,356,116.4,107.4,0.606,0.252,0.131,115.7,106.3,9.3,35.132902272842465,1797.1,0.006228379252349306,2.807622505586196,4.4373930523957315,1.0862847560100435,0.7074097789162396,1.0957845273039155,1.827616741192922,1.0993469673901053,0.914890289829465,True,1.1459969363315041,87.41017901446999,84.06242426362573,desmond bane,2130240.0,False,False,MEM,127139520,0.0,127139520.0,2130240.0,0.012068841813828187,143.56704971646292,317.1490799309605,desmond bane
1626164,Devin Booker,1610612756,PHX,26.0,53,1835.4133333333332,1471,240,293,51,18,145,247,119.6,113.4,0.601,0.311,0.147,117.6,111.9,5.7,39.11838205381531,1994.3999999999996,0.006131610902700929,4.707541323903648,-0.09253662362737002,1.5445105701404742,0.6971352523380719,1.7942550212734663,-0.058062626227252424,1.6007735164436003,0.9133886291600021,True,1.2313588445758414,89.09056588275985,85.61825066475221,devin booker,33833400.0,False,False,PHX,176042453,67045675.25,243088128.25,46718832.521230265,0.26468482397544874,49.61888597029592,109.61139108003884,devin booker
1630170,Devin Vassell,1610612759,SAS,22.0,38,1178.0783333333334,703,148,136,43,17,57,-295,107.1,118.8,0.55,0.24,0.108,105.9,118.4,-12.4,31.95780699359267,1045.8,-0.0075082102358577886,-4.233329183592672,-4.337025110004756,0.2779730533026923,-0.7510934848347999,-1.492692915491111,-1.8249210404710998,0.3785463031257054,0.7317719258861681,False,-0.4272489618561671,33.45990013758817,29.421202079312284,devin vassell,4437000.0,False,False,SAS,104545376,0.0,104545376.0,4437000.0,0.025137754960922555,38.8670846002696,85.8599528576981,devin vassell
1629653,Devon Dotson,1610612764,WAS,23.0,6,53.1,3,10,8,5,0,3,-3,101.8,107.5,0.15,0.102,0.012,102.8,105.2,-2.4,18.98305084745763,28.000000000000004,-0.04399098935023956,-0.9610071537478153,0.6012036257576803,-1.4939282856282425,-4.62470799844571,-0.2896834170972265,0.23072147599368553,-2.6300129911952674,0.15535882220319397,False,-1.8650364596980284,3.1088146924897955,1.9271898859523273,devon dotson,169630.0,False,False,WAS,152008934,2612901.0,154621835.0,172545.79175622665,0.002,6.1744721053975695,13.639816038245637,devon dotson
1628984,Devonte' Graham,1610612759,SAS,28.0,73,1338.445,539,122,196,45,16,53,-159,107.5,113.7,0.552,0.165,0.083,106.7,114.1,-7.3,25.70266241795516,955.5999999999999,-0.00483189453715223,-3.924115430368498,-1.1340868978793135,-0.2774709513094975,-0.4669315984552662,-1.3790161200015365,-0.4916300329539652,-0.404932679770381,0.779989801798133,True,-0.5414842044701039,29.408694101802592,26.497098423614545,devonte graham,11550000.0,False,False,SAS,104545376,0.0,104545376.0,11550000.0,0.06543634658522775,25.0436414393648,55.32305536891341,devonte graham
203473,Dewayne Dedmon,1610612755,PHI,33.0,38,426.21,199,134,26,9,19,25,-124,99.3,110.0,0.577,0.195,0.104,100.1,109.4,-9.4,29.731822341099463,352.0,-0.0008354208166344701,-5.811909619327451,1.261891344729378,-0.41337108795444205,-0.0425999279285671,-2.073029215173001,0.5057467609483466,0.2531896658623315,0.44014976789931193,False,-0.26886822955289436,39.401554306460774,29.475018110840807,dewayne dedmon,8283688.0,False,False,PHI,150496913,344869.5,150841782.5,8302670.391610358,0.04703865085093714,31.270203268144417,69.07794104101376,dewayne dedmon
1628415,Dillon Brooks,1610612763,MEM,27.0,73,2214.2633333333333,1047,244,189,65,16,104,205,113.4,108.5,0.494,0.214,0.06,111.3,107.3,4.0,24.57919037031127,1511.8,-0.01867882079363987,-0.22029434593532202,3.7544639617708415,0.04982314980882524,-1.9371500362520233,-0.017373865881486105,1.543333013253696,-1.125733344034781,1.0,True,-0.38694284909019994,34.9399259125491,34.9399259125491,dillon brooks,11400000.0,False,False,MEM,127139520,0.0,127139520.0,11400000.0,0.06458652390230271,33.17478634105858,73.28529064121622,dillon brooks
1627734,Domantas Sabonis,1610612758,SAC,27.0,79,2735.555,1510,973,573,65,39,230,212,120.7,116.8,0.668,0.213,0.161,118.8,115.5,3.3,38.06276971217906,2892.2999999999997,0.01847046341567621,6.045056348275232,-3.0755936156374175,2.132035617601728,2.007231668669579,2.2859680201435166,-1.2998234092798915,2.039521746865409,1.0,True,1.5938718703900356,94.45176320023575,94.45176320023575,domantas sabonis,21100000.0,False,False,SAC,139423615,0.0,139423615.0,21100000.0,0.11954172406478836,72.29596566151523,159.70655549133733,domantas sabonis
1631230,Dominick Barlow,1610612759,SAS,20.0,28,407.565,110,102,24,10,19,15,-108,105.2,115.9,0.567,0.107,0.064,104.7,117.2,-12.4,22.4356851054433,254.0,-0.0015284103968199409,-3.372572693234101,-1.9300111361428094,-1.0558729424448474,-0.1161791497080113,-1.1762514943041387,-0.8229503892206701,-1.0003767067714069,0.43041470488566974,False,-0.8813884026275569,18.905381629275663,14.059679310723658,dominick barlow,1017780.7513239831,True,True,SAS,104545376,0.0,104545376.0,1017780.7513239831,0.005766221124797372,31.095624700194293,68.69228547234118,dominick barlow
1628378,Donovan Mitchell,1610612739,CLE,26.0,68,2432.38,1922,289,301,99,27,180,338,116.3,110.4,0.614,0.31,0.149,114.9,108.7,6.2,37.97021846915368,2565.5000000000005,0.010141895112017007,2.5299124894829843,2.490340380683042,1.8809943368037967,1.1229332725000745,0.9936895060547013,1.0171147438302988,1.6634518350752874,1.0,True,1.4393447630812966,92.49735669385029,92.49735669385029,donovan mitchell,30913750.0,False,False,CLE,151966241,2548861.5,154515102.5,31432252.44289207,0.17807894067597033,61.58156880169467,136.03774629857168,donovan mitchell
1631495,Donovan Williams,1610612737,ATL,21.0,2,4.25,4,2,0,0,0,0,6,120.0,60.0,0.4,0.385,0.162,150.0,64.4,85.6,45.74117647058824,5.4,-0.06979442058668854,0.2156813790451167,0.4192455776736883,0.5773981542864371,-7.364426522220887,0.14290465604793842,0.15497757673976653,2.070860906181253,0.04395245364957663,False,-0.2943738329889922,38.42361298950539,21.892952575264697,donovan williams,1017780.7513239831,True,True,ATL,149836313,0.0,149836313.0,1017780.7513239831,0.005766221124797372,48.42038156164342,106.96381580947343,donovan williams
1628978,Donte DiVincenzo,1610612744,GSW,26.0,72,1894.38,678,325,252,97,10,112,124,113.5,110.6,0.593,0.146,0.092,113.5,110.1,3.4,25.367877616951194,1334.9,0.001710505439853168,0.8623530201648576,1.6474334434932414,-0.020609564254144175,0.22771766127685508,0.38064168789070396,0.666236842010519,-0.12288024592779001,0.9279449435078669,True,0.1491729638348387,55.92914234970726,54.11565246950314,donte divincenzo,4500000.0,False,False,GSW,192386134,189304154.5,381690288.5,8927911.084537933,0.05058094233852128,55.971030392496424,123.64369698218108,donte divincenzo
1627827,Dorian Finney-Smith,1610612751,BKN,30.0,66,2008.825,551,316,100,55,36,62,-8,114.0,114.3,0.523,0.129,0.056,112.9,112.6,0.3,18.250668923375606,1018.4000000000001,-0.007518663001773565,0.7446232565406099,-0.7188278060941324,-0.8121662198097988,-0.7522033231404779,0.337360487999032,-0.31876962285585414,-1.2510899812981546,0.9555638506804622,True,-0.688410418041491,24.559718255445723,24.06861556700558,dorian finney smith,12939848.0,False,False,BKN,159566723,15024515.25,174591238.25,14158240.782364039,0.08021329444778176,21.1836459902382,46.79607088573351,dorian finney smith
203926,Doug McDermott,1610612759,SAS,31.0,64,1314.2016666666666,654,138,91,13,6,58,-237,108.7,118.4,0.59,0.186,0.071,107.7,118.0,-10.3,22.938945189792033,837.4000000000001,0.0016211370672101998,-3.1221777549682472,-4.185379509700238,-0.5813363059520744,0.21822883850262945,-1.0841983631219811,-1.7617953409336797,-0.7810025915605029,0.7728935204408133,True,-0.7737995837891242,21.95246593464389,19.708969669416916,doug mcdermott,13750000.0,False,False,SAS,104545376,0.0,104545376.0,13750000.0,0.0779004126014616,17.525113104472837,38.71413048987543,doug mcdermott
203110,Draymond Green,1610612744,GSW,33.0,73,2297.635,617,525,500,74,61,204,346,116.2,109.2,0.592,0.129,0.1,115.8,108.9,7.0,26.380691450121535,1683.7,0.0013823369982264293,2.915503721903615,2.761344533448065,0.31866218800968105,0.1928738782851889,1.135445088441993,1.129925974004368,0.12783302859895793,1.0,True,0.4867521966918402,68.67830247698176,68.67830247698176,draymond green,25806468.0,False,False,GSW,192386134,189304154.5,381690288.5,51199522.602216326,0.2900701044153099,38.546001666781656,85.15065948475254,draymond green
1629234,Drew Eubanks,1610612757,POR,26.0,78,1583.6766666666667,518,418,103,40,102,67,-131,113.0,117.1,0.666,0.122,0.098,113.0,116.1,-3.1,26.20989553844114,1153.0,0.010335326463438956,0.44839389299967425,-3.1296492542521874,-0.09061078025320896,1.1434711401857098,0.22845716650661263,-1.322325216088972,0.06515470996727095,0.8484415302795063,True,0.004334181517381599,50.17290828447087,46.75105014401139,drew eubanks,1968175.0,False,False,POR,144997250,0.0,144997250.0,1968175.0,0.011150665059773215,82.08653513096395,181.33456905968853,drew eubanks
1630696,Dru Smith,1610612751,BKN,25.0,15,158.42666666666668,44,24,22,10,4,3,-28,100.3,109.1,0.475,0.133,0.076,101.1,109.6,-8.4,26.677327049318293,117.39999999999999,-0.014135799839037868,-2.798350010712415,0.7175722030820356,-0.8267721886508018,-1.4547878825846345,-0.9651490004277778,0.2791623660229587,-0.6243067949812855,0.26835074289466987,False,-0.7151012632055042,23.727323672943267,15.915288240660274,dru smith,122836.0,False,False,BKN,159566723,15024515.25,174591238.25,134402.01652619636,0.002,50.990566112668816,112.64152296595755,dru smith
1630613,Duane Washington Jr.,1610612752,NYK,23.0,31,393.82666666666665,244,36,63,6,4,34,-6,107.4,107.9,0.458,0.298,0.08,105.4,108.8,-3.3,30.256965839455596,331.0,-0.036738694376190095,-2.736189180084245,1.7369867019593022,-0.3880568695248889,-3.8546845586088265,-0.9422967050266166,0.7035152864571333,-0.49895015771791146,0.42309824061572415,False,-0.8607191612733422,19.469636858223087,14.415206367086258,duane washington,508891.0,False,False,NYK,148987936,0.0,148987936.0,508891.0,0.002883114099576029,40.63544754101966,89.76638320331367,duane washington
1629130,Duncan Robinson,1610612748,MIA,29.0,42,690.46,268,69,46,14,0,28,-56,108.8,113.8,0.534,0.172,0.049,109.6,112.8,-3.2,19.411406888161515,372.3,-0.00813288400236475,-1.8154045862861787,-0.4742875938376989,-1.2036246193168427,-0.8174191712806409,-0.6037870466827691,-0.21697456956899266,-1.470464096509059,0.5602191129776407,True,-0.9877725019117887,16.16320387794119,12.964483215587293,duncan robinson,16902000.0,False,False,MIA,151408266,1711899.0,153120165.0,17093102.623802587,0.09684070887515255,10.68244701769928,23.598229884681288,duncan robinson
203939,Dwight Powell,1610612742,DAL,31.0,76,1457.935,506,314,69,48,26,65,166,119.4,113.2,0.738,0.123,0.078,118.7,113.1,5.6,21.95159592162888,889.0,0.019276042254122876,4.892183080324361,-0.5642390431685468,-0.6198907617913131,2.0927652260414376,1.8621351946636073,-0.2544187694139741,-0.5616284763495984,0.8140624836415982,True,0.23161101434095296,59.157992404541545,54.2081318233392,dwight powell,11080125.0,False,False,DAL,177244238,72153261.5,249397499.5,15590664.61245097,0.08832866953024997,46.12800509171261,101.89980502336496,dwight powell
1629685,Dylan Windler,1610612739,CLE,26.0,3,10.383333333333333,5,0,1,1,0,1,-1,94.4,90.0,0.833,0.182,0.161,90.0,107.4,-17.4,24.963081861958273,7.200000000000001,0.045812273904474496,-0.42010822358495964,0.2429554481244541,-1.0427687518902296,4.910289947364607,-0.09083179286149795,0.08159306886752442,2.039521746865409,0.06870005072557785,False,1.0863220195926604,86.13317258223672,50.03605391672978,dylan windler,4037277.0,False,False,CLE,151966241,2548861.5,154515102.5,4104992.4336543437,0.023256771222367374,67.92452001963623,150.04974380628704,dylan windler
1630700,Dyson Daniels,1610612740,NOP,20.0,59,1042.125,227,188,134,43,11,57,-7,107.1,106.7,0.503,0.113,0.068,108.2,106.8,1.3,20.13961856783016,583.0000000000001,-0.00884611565271638,-3.1423662899791585,3.7993626947593993,-0.9895965645344924,-0.8931476256208868,-1.0916203097260369,1.5620230637566785,-0.8750200695080329,0.6882537190732657,True,-0.5733168927245698,28.321507479544582,24.348401397400565,dyson daniels,5508600.0,False,False,NOP,148360910,0.0,148360910.0,5508600.0,0.03120888820773901,29.820084669866592,65.87453343360752,dyson daniels
1628410,Edmond Sumner,1610612751,BKN,27.0,53,736.1566666666666,378,79,68,31,10,50,25,111.7,110.1,0.597,0.209,0.088,112.5,109.7,2.8,26.73506998057479,546.7,0.0032846002529404944,-0.1369927871380943,1.5020544515939784,-0.501974223229492,0.3948495701333015,0.013250432567781365,0.605719751219508,-0.24823688319116397,0.5784606007902929,True,-0.04789165767663356,48.09012939865011,38.96778148406929,edmond sumner,1968175.0,False,False,BKN,159566723,15024515.25,174591238.25,2153494.813218002,0.012200591598893808,66.29918555762194,146.45927280179163,edmond sumner
201569,Eric Gordon,1610612746,LAC,34.0,69,1965.5083333333332,856,134,183,43,25,104,-210,110.6,116.4,0.587,0.171,0.078,109.6,115.9,-6.4,22.07062634348197,1205.0,0.0009774002069513124,-1.921287853666012,-2.9637942158222566,-0.3748407158973208,0.14987909910840236,-0.642713098341859,-1.2532845363615621,-0.5616284763495984,0.9452052045920393,True,-0.5241165022184625,30.0098755702174,29.26990232377761,eric gordon,19568360.0,False,False,LAC,192905421,150170920.75,343076341.75,34801724.741820656,0.19716863393675083,18.804589494310218,41.540578206337635,eric gordon
1630647,Eugene Omoruyi,1610612765,DET,26.0,40,645.3233333333334,278,111,28,28,3,34,-41,111.2,113.1,0.533,0.192,0.06,109.9,113.2,-3.4,23.145606595143516,414.9,-0.009270568188686233,-1.1212715147383014,-0.43821440173820675,-0.880426980342133,-0.9382145186477844,-0.34860168576613315,-0.20195833776763833,-1.125733344034781,0.5415983639919788,True,-0.7811429296232009,21.73592176119643,17.252219818232774,eugene omoruyi,1013119.0,False,False,DET,129153570,0.0,129153570.0,1013119.0,0.005739810044682195,38.2178872383503,84.42583307580568,eugene omoruyi
203095,Evan Fournier,1610612752,NYK,30.0,27,458.6933333333333,165,49,36,16,3,22,-54,109.1,113.8,0.471,0.179,0.046,107.8,113.5,-5.6,20.41363874193361,260.1,-0.019740873467577278,-1.956906796789847,-0.5922076335652378,-1.2091211268475281,-2.049915092858181,-0.6558077529968461,-0.2660612887506468,-1.5644815744565894,0.4566146840575429,False,-1.2173923742397101,11.172748153418983,8.440749875037998,evan fournier,18000000.0,False,False,NYK,148987936,0.0,148987936.0,18000000.0,0.10197872195100428,6.830279991422349,15.088538903798657,evan fournier
1630596,Evan Mobley,1610612739,CLE,22.0,79,2715.2616666666668,1277,711,224,60,119,146,339,115.5,109.0,0.591,0.199,0.124,114.7,107.8,6.9,29.88308677432562,2253.9,0.0019334423461012356,2.2040905262675845,3.4643199003267937,1.0174012683700588,0.2513883260843397,0.8739070051398838,1.422554389881146,0.8799728521792008,1.0,True,0.9005196309120804,81.6078108441848,81.6078108441848,evan mobley,8478720.0,False,False,CLE,151966241,2548861.5,154515102.5,8620929.762083147,0.048841744398145266,85.44578485027668,188.75537320550364,evan mobley
1630267,Facundo Campazzo,1610612742,DAL,32.0,8,52.16166666666667,10,2,9,6,0,3,11,100.0,89.0,0.36,0.144,0.068,102.4,93.3,9.1,22.77534587979678,33.0,-0.03186492614151468,-1.0363187781232708,1.965149596401338,-1.1942494956567975,-3.3372048098587577,-0.3173703619140362,0.7984929336240383,-0.8750200695080329,0.1539800262529153,False,-0.9894807304889227,16.12139965880633,9.983837906557014,facundo campazzo,464299.0,False,False,DAL,177244238,72153261.5,249397499.5,653307.6105997335,0.0037013041761014003,25.787495962364023,56.966279061519764,facundo campazzo
1628402,Frank Jackson,1610612756,PHX,25.0,1,5.05,0,2,1,0,0,0,-2,100.0,122.2,0.0,0.25,-0.026,96.6,139.6,-43.0,19.960396039603957,2.8,-0.14532105232901854,-0.14448608178028946,-0.20255739765456662,-1.4364580544952217,-15.383581421687039,0.010495659490251406,-0.10386110841314321,-3.8209010451973184,0.047910902156550396,False,-3.826926857774491,0.006487652450178021,0.003708082024392694,frank jackson,113114.0,False,False,PHX,176042453,67045675.25,243088128.25,156193.4071599792,0.002,0.011880224772363298,0.02624419992866907,frank jackson
1626163,Frank Kaminsky,1610612745,HOU,30.0,36,234.86333333333332,89,52,32,6,4,9,-4,109.4,111.3,0.635,0.146,0.107,112.0,114.1,-2.1,27.406576874494387,178.79999999999998,0.007842505439853173,-0.46343437604801124,-0.19104021601586332,-0.7240527219009804,0.8787920797851347,-0.10675986243000059,-0.09906683712414616,0.34720714380986195,0.32673545967045053,False,0.024093769702361656,50.96110935306331,35.521470814589975,frank kaminsky,2463490.0,False,False,HOU,137579793,0.0,137579793.0,2463490.0,0.013956864541059974,57.65686325235544,127.36781293690463,frank kaminsky
1628373,Frank Ntilikina,1610612742,DAL,24.0,47,607.5916666666667,135,62,58,16,7,29,35,113.5,108.4,0.461,0.125,0.033,114.3,108.8,5.4,15.890935524132164,268.20000000000005,-0.015035526164509268,0.8612338024452008,2.052889027848627,-1.5560268910218311,-1.5503176924627955,0.3802302279135874,0.8350163340788065,-1.9718906455625542,0.5255264315931506,True,-1.0308345859947843,15.130919816214167,11.900270132899497,frank ntilikina,2036318.0,False,False,DAL,177244238,72153261.5,249397499.5,2865270.110427178,0.01623314355032092,18.321107514381684,40.47253463087681,frank ntilikina
1630532,Franz Wagner,1610612753,ORL,21.0,80,2608.7266666666665,1485,329,283,77,17,167,50,111.3,110.1,0.589,0.23,0.11,109.9,109.4,0.5,28.718838564919285,2081.1,0.0017746318573029353,-1.6363992689109117,2.2676306710083756,0.7976215849030254,0.23452638109944582,-0.5379790072840098,0.9244071005570493,0.4412246217573924,1.0,True,0.4249159539088469,66.45510279658379,66.45510279658379,franz wagner,5258280.0,False,False,ORL,126107324,0.0,126107324.0,5258280.0,0.029790704114473713,82.72483106669776,182.7446068722747,franz wagner
1627832,Fred VanVleet,1610612761,TOR,29.0,69,2534.9866666666667,1335,280,495,123,38,140,195,116.1,112.8,0.54,0.225,0.113,114.0,111.7,2.3,33.72230754665376,2374.6,-0.00928894709611668,2.0296363998136973,0.2023443730807876,1.4070634622310743,-0.9401659270737621,0.809772128057513,0.06468784698208785,0.5352420997049229,1.0,True,0.5024826026641213,69.23359564471134,69.23359564471134,fred vanvleet,21250000.0,False,False,TOR,150992313,1087969.5,152080282.5,21403116.08528707,0.12125902356369764,52.72939489499265,116.4827104080663,fred vanvleet
1627788,Furkan Korkmaz,1610612755,PHI,25.0,37,353.49,140,42,22,10,3,24,2,105.0,103.7,0.552,0.176,0.073,105.8,104.5,1.3,19.81838241534414,194.6,-0.005154020839629044,-2.8702145213559977,3.397128284422921,-1.3044427467384931,-0.5011338481407381,-0.9915686767656098,1.394584453737504,-0.718324272928816,0.400845696905022,False,-0.5563256792385947,28.899411774502443,21.10756865977938,furkan korkmaz,5000000.0,False,False,PHI,150496913,344869.5,150841782.5,5011457.693487707,0.02839233614963356,26.72105736730072,59.02857776598897,furkan korkmaz
1629216,Gabe Vincent,1610612748,MIA,27.0,68,1758.6766666666667,641,145,167,62,5,92,-28,111.0,111.7,0.533,0.17,0.058,111.0,110.9,0.1,20.345070062149006,993.9000000000001,-0.008208315583732603,-1.0979004901131852,0.9049680635952172,-0.6669993675928712,-0.8254282340621534,-0.3400097549125108,0.35716987010851514,-1.1884116626664676,0.8940908705766348,True,-0.6445135585280803,25.96212341862938,24.72479176846733,gabe vincent,1815677.0,False,False,MIA,151408266,1711899.0,153120165.0,1836205.9692745244,0.010402996554745613,44.47981857577874,98.25885232484961,gabe vincent
1628221,Gabe York,1610612754,IND,29.0,3,55.83166666666666,24,6,5,2,0,0,24,127.7,110.3,0.548,0.173,0.073,128.2,108.6,19.7,25.533896534224905,39.6,-0.005758168211680822,1.5659660522921532,0.311612420796062,-0.9740497608395211,-0.5652801134623162,0.6393121833746063,0.11017299086535137,-0.718324272928816,0.15930483452497698,False,-0.43137896297187883,33.30964218350127,20.708177367183687,gabe york,32171.0,False,False,IND,125706114,0.0,125706114.0,32171.0,0.002,66.34637533089662,146.56351812274633,gabe york
202066,Garrett Temple,1610612740,NOP,37.0,25,161.82333333333332,50,17,13,9,2,4,-17,100.3,105.5,0.535,0.123,0.061,102.1,105.2,-3.1,21.86829258244588,98.3,-0.005692957745877118,-2.696969938529561,1.7268016121409138,-1.2163164196589176,-0.5583562931583695,-0.9278784663325704,0.6992755266596441,-1.0943941847189373,0.27121220585744404,False,-0.750441245255105,22.649449890218133,15.221460709402642,garrett temple,5155500.0,False,False,NOP,148360910,0.0,148360910.0,5155500.0,0.029208405612133476,19.079386543646756,42.14762300900611,garrett temple
1629726,Garrison Mathews,1610612737,ATL,26.0,54,686.2583333333333,257,73,26,24,5,19,-87,103.1,109.5,0.573,0.139,0.064,102.6,108.6,-6.0,19.97090502847567,380.7,-0.0011515050949343151,-5.5594713049118205,1.9797971078328451,-1.1536946610667322,-0.07616065651527301,-1.9802248740260076,0.8045902711250241,-1.0003767067714069,0.5585119569540172,True,-0.7763059662105437,21.87841755982425,17.531840670780895,garrison mathews,2000000.0,False,False,ATL,149836313,0.0,149836313.0,2000000.0,0.011330969105667143,30.61046094098555,67.62052673555037,garrison mathews
203914,Gary Harris,1610612753,ORL,28.0,48,1184.3516666666667,397,98,59,45,12,28,-84,113.0,115.8,0.62,0.125,0.058,111.9,115.1,-3.2,19.210510391761456,632.0,0.004839473835490729,-0.04924772667707755,-2.1078642268715195,-1.0255457265848003,0.5599406356278838,0.04550830334242313,-0.896985512854966,-1.1884116626664676,0.7337177022988247,True,-0.6566404165288392,25.570607735916358,22.506557654225492,gary harris,13000000.0,False,False,ORL,126107324,0.0,126107324.0,13000000.0,0.07365129918683642,20.409471307344585,45.08586796054658,gary harris
1627780,Gary Payton II,1610612744,GSW,30.0,22,367.605,101,69,30,22,5,16,39,123.7,118.3,0.701,0.101,0.076,123.3,117.6,5.7,22.259762516831923,227.3,0.012091294859076505,4.681878287293669,-2.3293995023253693,-1.0895221451280122,1.3299137530540452,1.7848204740260187,-0.9892042729585034,-0.6243067949812855,0.40877032893567733,False,-0.14084308165815457,44.399695401187905,32.587007612857704,gary payton,8300000.0,False,False,GSW,192386134,189304154.5,381690288.5,16467036.000369964,0.09329373809105035,27.20394778266651,60.095314536321716,gary payton
1629018,Gary Trent Jr.,1610612761,TOR,24.0,66,2117.9933333333333,1148,173,106,104,14,55,-52,111.8,113.8,0.56,0.209,0.091,110.8,112.5,-1.7,27.149660527732223,1597.3,-0.0044483997470594885,-0.9789383103313268,-0.5159448816000448,0.3142108353492931,-0.4262134563384061,-0.2962754797030499,-0.23431529970260104,-0.1542194052436335,0.9811851213834434,True,-0.11123374809737532,45.571549528358645,45.18570910062363,gary trent,17280000.0,False,False,TOR,150992313,1087969.5,152080282.5,17404510.397824027,0.0986049848085033,36.99749507348358,81.7299063084393,gary trent
201588,George Hill,1610612754,IND,37.0,46,833.31,232,85,110,26,6,34,41,108.8,106.9,0.61,0.11,0.079,110.0,108.5,1.5,20.179285019980565,467.1,0.0031587369752318407,-1.8062552420977145,2.8263795195307346,-1.0729715823007517,0.381485845354158,-0.6004234572003123,1.156998167214266,-0.5302893170337549,0.6154488384319794,True,-0.28662060738009765,38.720141688516605,32.01969773043778,george hill,4000000.0,False,False,IND,125706114,0.0,125706114.0,4000000.0,0.022661938211334286,43.863075924647696,96.89642713921899,george hill
1627777,Georges Niang,1610612755,PHI,30.0,78,1511.8483333333334,637,185,77,31,14,54,75,112.5,111.1,0.61,0.162,0.072,112.7,110.2,2.6,21.309280362117452,894.9,0.004651958090795984,0.15778008007589034,1.369373977787843,-0.6656148103790012,0.540030866476175,0.12161829975597355,0.550488688088433,-0.7496634322446594,0.8289775557147419,True,-0.20948205412006082,41.70359716739706,38.49408416202185,georges niang,3465000.0,False,False,PHI,150496913,344869.5,150841782.5,3472940.1815869804,0.019675888951696054,55.405488479994496,122.39437760446445,georges niang
203507,Giannis Antetokounmpo,1610612749,MIL,28.0,63,2023.615,1959,742,359,52,51,246,341,116.4,109.2,0.605,0.373,0.204,115.9,109.0,6.9,50.75471371777734,2853.0,0.00884598992510433,2.958874855603997,2.6479840136557637,3.0931862906308707,0.9853385699542438,1.1513896945418227,1.0827372517635332,3.3871055974466775,0.9590750752678332,True,2.2723480793306607,98.84672524941729,97.02634259353317,giannis antetokounmpo,42492492.0,False,False,MIL,182930771,97652912.25,280583683.25,65176021.784936115,0.3692537446376999,50.04512366115032,110.55297824612843,giannis antetokounmpo
1629048,Goga Bitadze,1610612753,ORL,23.0,38,456.8016666666667,167,137,39,16,26,22,26,109.2,105.4,0.582,0.147,0.105,107.3,107.0,0.3,29.466617532773157,373.9,0.00010522123053709241,-2.0768201108554005,2.8751789290165597,-0.4177283781703377,0.057274170878781616,-0.6998916953744823,1.1773119570942217,0.28452882517817496,0.4556721641839901,False,0.061130717900646184,52.43724472283044,39.592871351570686,goga bitadze,5377520.0,False,False,ORL,126107324,0.0,126107324.0,5377520.0,0.030466256492553585,48.90081975033438,108.02513544937658,goga bitadze
201609,Goran Dragic,1610612749,MIL,37.0,58,870.015,365,81,151,13,4,63,5,111.6,112.2,0.514,0.198,0.073,111.2,112.1,-1.0,24.061654109411904,581.5,-0.013322273444582682,-0.6668171140804028,0.15384155394452118,-0.6846424181562716,-1.368410481376049,-0.18152981582420316,0.0444975191297436,-0.718324272928816,0.6288571885860602,True,-0.612474303128289,27.0111997253042,22.49994405273342,goran dragic,3523762.0,False,False,MIL,182930771,97652912.25,280583683.25,5404832.1966367625,0.030620993320703116,27.740259261700977,61.280061958993656,goran dragic
202330,Gordon Hayward,1610612766,CHA,33.0,50,1576.9016666666666,733,215,206,42,12,99,-108,108.4,111.7,0.563,0.196,0.101,107.6,110.6,-2.9,26.247166120060335,1149.7000000000003,-0.003583705025950547,-3.4090923395968917,1.0191159900997107,-0.09016426767470764,-0.33440318028928956,-1.1896772760736993,0.4046863671046199,0.15917218791480142,0.8466247603563722,True,-0.14269852393299187,44.32641412593424,41.26705565083571,gordon hayward,30075000.0,False,False,CHA,125874047,0.0,125874047.0,30075000.0,0.17038944792646965,27.90193764174744,61.63722016192206,gordon hayward
203476,Gorgui Dieng,1610612759,SAS,33.0,31,358.11333333333334,121,107,53,4,14,32,-152,99.6,118.2,0.493,0.177,0.076,99.0,120.1,-21.1,26.348083474505273,262.09999999999997,-0.015626305048945126,-5.496204624380301,-2.9036506711141974,-0.7445085161248964,-1.6130445382962995,-1.9569660330815306,-1.2282485094360702,-0.6243067949812855,0.40345853303504176,False,-1.0931580296476948,13.716221050549427,10.034188468529749,gorgui dieng,4105236.0,False,False,SAS,104545376,0.0,104545376.0,4105236.0,0.023258151143736278,13.621243656177697,30.090225449390257,gorgui dieng
1629684,Grant Williams,1610612738,BOS,24.0,79,2044.7616666666668,641,363,131,41,31,82,206,114.9,109.0,0.605,0.128,0.069,114.1,109.1,5.0,19.646495068292392,1115.9,0.003035621207542505,1.6150399479368431,2.669491284256898,-0.6304940888261036,0.3684138416265757,0.6573533058696778,1.0916901096051776,-0.8436809101921895,0.9640731928708117,True,-0.093109206698968,46.290840166208994,45.54245322728423,grant williams,4306281.0,False,False,BOS,178633307,78056804.75,256690111.75,6187982.351560573,0.03505791842597319,53.55217330268149,118.30028216635569,grant williams
1628960,Grayson Allen,1610612749,MIL,27.0,72,1972.1366666666668,750,237,163,62,14,72,227,113.9,109.1,0.612,0.143,0.078,113.8,108.8,5.1,22.045733814931687,1207.7,0.004392358067801393,1.1407456084482228,2.7619991913659203,-0.37476890019157993,0.5124674395329364,0.48298764435001507,1.130198489256636,-0.5616284763495984,0.9467976328528487,True,0.05666726801816366,52.25948757811999,51.008339777846075,grayson allen,8925000.0,False,False,MIL,182930771,97652912.25,280583683.25,13689382.925118979,0.07755698750008523,45.426542789803705,100.3502285425776,grayson allen
1630535,Greg Brown III,1610612757,POR,21.0,16,93.09166666666668,28,19,3,4,5,6,-5,89.2,92.6,0.421,0.17,0.047,89.8,94.7,-5.0,21.61740220213051,55.9,-0.027248315583732613,-3.5865420282085174,2.907253058544849,-1.2675295044549593,-2.8470291682431124,-1.254913416936322,1.190663494227256,-1.5331424151407458,0.20570462789979702,False,-1.2135169642987904,11.246611622258119,7.226702418742528,greg brown,1563518.0,False,False,POR,144997250,0.0,144997250.0,1563518.0,0.00885808707707724,13.75330310950842,30.381953490070487,greg brown
1628977,Hamidou Diallo,1610612765,DET,24.0,56,995.865,522,194,55,53,16,71,-16,108.9,109.5,0.593,0.21,0.1,109.5,109.8,-0.3,28.341190824057477,784.0,0.0024603160436244198,-2.097123285277697,1.7990132080802936,-0.19958896888199956,0.30732994158372223,-0.7073557870668051,0.7293351360332967,0.12783302859895793,0.6728045103080902,True,0.03784905994171954,51.5095985902375,43.92542983968259,hamidou diallo,5200000.0,False,False,DET,129153570,0.0,129153570.0,5200000.0,0.02946051967473457,54.893093040678714,121.26246229060408,hamidou diallo
203084,Harrison Barnes,1610612758,SAC,31.0,82,2662.0383333333334,1230,366,128,57,10,86,255,120.0,115.2,0.632,0.168,0.088,119.3,114.5,4.7,22.860076520310564,1690.4,0.008520252834899543,6.036205045106349,-2.018599772477024,0.048914272824912675,0.9507529393946123,2.282714000004846,-0.8598272892324983,-0.24823688319116397,1.0,True,0.29380345077392306,61.55459509644927,61.55459509644927,harrison barnes,18352273.0,False,False,SAC,139423615,0.0,139423615.0,18352273.0,0.10397451919088463,49.47341395607514,109.29003380790054,harrison barnes
1629312,Haywood Highsmith,1610612748,MIA,26.0,54,969.4,236,188,43,36,17,45,-103,104.8,110.0,0.517,0.121,0.058,105.2,108.0,-2.8,17.751186300804623,478.0,-0.007778389327244972,-4.862199229655162,2.3633031995730085,-1.254326665728184,-0.7797801604411283,-1.7238855156596353,0.96423282105292,-1.1884116626664676,0.6638044618985048,True,-0.9010200934891628,18.378881812332565,15.598377685062149,haywood highsmith,1752638.0,False,False,MIA,151408266,1711899.0,153120165.0,1772454.2182212826,0.01004181199393738,28.410640534010508,62.76097839584884,haywood highsmith
1630529,Herbert Jones,1610612740,NOP,24.0,66,1950.53,649,269,162,103,42,88,150,115.8,111.8,0.567,0.144,0.068,114.4,110.7,3.7,23.098337374969876,1251.4999999999998,-0.002056926141514687,2.02967356022896,0.9887881767295076,-0.25994609643845196,-0.17229511206117532,0.8097857894062792,0.3920617711348723,-0.8750200695080329,0.9415968062045164,True,-0.17305967769002636,43.13022596002698,41.99670163469308,herbert jones,1785000.0,False,False,NOP,148360910,0.0,148360910.0,1785000.0,0.010112889926807925,76.30353498566447,168.55954039576784,herbert jones
1630193,Immanuel Quickley,1610612752,NYK,24.0,81,2344.105,1209,337,279,80,14,100,318,114.3,108.1,0.578,0.203,0.118,113.1,106.5,6.6,29.17190142933017,1899.5,-0.0006666944911630636,0.9642794675624261,4.320654648992956,0.697490376859337,-0.0246851539162816,0.4181130868662605,1.7790219032095995,0.6919378962841399,1.0,True,0.707821438524013,76.0471924370538,76.0471924370538,immanuel quickley,2316240.0,False,False,NYK,148987936,0.0,148987936.0,2316240.0,0.013122621940655232,126.12808234521219,278.62525104639997,immanuel quickley
1630171,Isaac Okoro,1610612739,CLE,22.0,76,1652.5666666666666,490,187,87,56,30,42,126,114.5,109.0,0.614,0.117,0.06,114.8,108.4,6.3,18.889162313169415,867.1,0.003827747510019322,1.7426927500422527,2.873000635566366,-0.8752203469445258,0.45251905554865773,0.7042825298362699,1.176405196215138,-1.125733344034781,0.8666987173560756,True,-0.2065440727065558,41.81829708926004,39.30980240126767,isaac okoro,7040880.0,False,False,CLE,151966241,2548861.5,154515102.5,7158973.517613034,0.040559053878181255,43.92441123681455,97.03192088837254,isaac okoro
1628392,Isaiah Hartenstein,1610612752,NYK,25.0,82,1628.2166666666667,406,536,102,53,64,66,151,114.6,110.2,0.567,0.107,0.087,114.4,110.0,4.4,23.794867595426485,1076.1999999999998,-0.0015284103968199409,1.5836477021316753,1.7613664801220197,-0.3363769621945019,-0.1161791497080113,0.6458125193776701,0.7136638865351984,-0.27957604250700746,0.8602897679552424,True,0.01852753513000091,50.73909942620056,47.549152316641134,isaiah hartenstein,8854879.0,False,False,NYK,148987936,0.0,148987936.0,8854879.0,0.05016718019171038,49.320981526542006,108.95330051935315,isaiah hartenstein
1630543,Isaiah Jackson,1610612754,IND,21.0,63,1042.2933333333333,455,282,51,31,93,51,-124,109.5,115.2,0.595,0.165,0.093,108.5,114.0,-5.5,31.31325794402088,906.6,0.002263105462847759,-2.3721103452785983,-1.4176719029672336,0.1238186323047073,0.28639080847823556,-0.8084497631789842,-0.6096783099138632,-0.09154108661194651,0.6883093032712089,True,-0.1662682575995989,43.39729225395209,37.310352737502306,isaiah jackson,2573760.0,False,False,IND,125706114,0.0,125706114.0,2573760.0,0.014581597522700933,59.63941724927416,131.74740544979664,isaiah jackson
1630198,Isaiah Joe,1610612760,OKC,23.0,73,1395.3466666666666,691,175,88,48,8,39,213,117.3,112.2,0.626,0.17,0.093,117.0,113.0,3.9,25.895500281889326,1003.6999999999999,0.007601684416267393,3.467454724356772,-0.21919889231562148,-0.22653559886975064,0.8532225416416774,1.338359805435985,-0.11078848375220889,-0.09154108661194651,0.7963971903820887,True,0.22802285379779647,59.018576313729156,53.61121973302319,isaiah joe,1836090.0,False,False,OKC,148856338,0.0,148856338.0,1836090.0,0.010402339532612192,96.44853893139108,213.06118251497716,isaiah joe
1630587,Isaiah Livers,1610612765,DET,24.0,52,1198.736666666667,346,143,41,28,28,30,-202,107.9,115.6,0.567,0.117,0.053,107.1,114.8,-7.8,17.3913091838352,579.1,-0.0016712524899806832,-3.521288799531331,-1.9319272495944781,-1.206982663371375,-0.13134562601967728,-1.2309242578060255,-0.823748012111059,-1.345107459245685,0.7381600795425767,True,-1.0331805880070635,15.075969774176578,13.299598947256568,isaiah livers,1563518.0,False,False,DET,129153570,0.0,129153570.0,1563518.0,0.00885808707707724,25.310771768065447,55.91316388013783,isaiah livers
1630600,Isaiah Mobley,1610612739,CLE,23.0,12,84.24,31,20,3,4,3,1,31,105.9,86.1,0.521,0.166,0.111,108.1,87.3,20.8,26.752136752136753,62.6,-0.01000717874646831,-0.7483377770996418,3.6857530077625187,-0.8618192177199272,-1.0164252640122697,-0.21149940042898033,1.5147306203788027,0.47256378107323593,0.19568063034165925,False,-0.030664776717378273,48.77684410257176,31.122371876445104,isaiah mobley,1638627.0096316128,True,True,CLE,151966241,2548861.5,154515102.5,1666110.9644246392,0.009439325932254437,57.92675062143512,127.96401193213126,isaiah mobley
1629676,Isaiah Roby,1610612752,NYK,25.0,42,473.6283333333333,172,108,38,18,7,31,-110,102.5,112.9,0.497,0.173,0.07,101.9,114.4,-12.5,23.638788501532503,311.00000000000006,-0.01458116821168083,-4.995932392256653,-0.6896721398497134,-0.9194569795006506,-1.5020755463551,-1.7730500732406245,-0.3066329580039715,-0.812341750876346,0.4639887994990892,True,-1.010830556778021,15.604876768324155,11.840901839707964,isaiah roby,2330681.0,False,False,NYK,148987936,0.0,148987936.0,2330681.0,0.013204437203082701,19.59605460968653,43.28897683704562,isaiah roby
1630191,Isaiah Stewart,1610612765,DET,22.0,50,1414.0583333333334,567,403,70,20,34,68,-226,108.9,116.9,0.56,0.17,0.091,107.8,116.3,-8.5,24.539581700424897,963.8999999999999,-0.0036183155837325987,-3.080720121454306,-3.0716380293518437,-0.36204460590636456,-0.3380780088578148,-1.0689572204583513,-1.2981768125381723,-0.1542194052436335,0.8017192699934235,True,-0.542558779327832,29.37168132869705,26.75095404177849,isaiah stewart,3433320.0,False,False,DET,129153570,0.0,129153570.0,3433320.0,0.019451421424934556,38.65824452442939,85.39861135882187,isaiah stewart
1630225,Isaiah Todd,1610612764,WAS,21.0,6,61.4,9,12,4,1,0,2,-7,97.1,103.7,0.226,0.143,0.012,99.3,107.1,-7.7,13.133550488599349,22.4,-0.0508056419321986,-1.5300826117282824,0.7264596358164179,-1.9545977737920017,-5.348264092238098,-0.4988936277701075,0.2828619485187453,-2.6300129911952674,0.16706014159305296,False,-2.1122977065299997,1.7330461227908334,1.083460686332286,isaiah todd,1575000.0,False,False,WAS,152008934,2612901.0,154621835.0,1602072.8763547542,0.009076519133501508,2.044453402358941,4.51633238128392,isaiah todd
202397,Ish Smith,1610612743,DEN,34.0,43,397.90833333333336,108,54,100,8,7,44,-36,102.3,107.5,0.407,0.187,0.072,104.0,108.5,-4.5,23.143018701962347,255.80000000000004,-0.03259114714210588,-4.028253250388031,1.8976823954057103,-0.9993301170540486,-3.414312428199987,-1.4173004897802253,0.7704082793371455,-0.7496634322446594,0.42528510935891495,True,-1.08391225473337,13.920185276331736,10.320123284875951,ish smith,2900675.141273352,False,True,DEN,162338665,21429162.5,183767827.5,3283572.456352647,0.018603029029575707,15.148388225058541,33.46378850510989,ish smith
1630688,Ish Wainright,1610612756,PHX,28.0,60,915.1266666666668,251,139,53,38,22,22,92,112.7,106.6,0.522,0.117,0.051,112.8,106.8,5.9,20.428647400359875,519.3000000000001,-0.006936252489980675,0.2263111105222747,3.661637085852991,-1.0145661668605586,-0.6903650019893584,0.14681248291087212,1.504691856066012,-1.4077857778773721,0.6449547787765175,True,-0.5318063745302224,29.743005365810525,24.990955001830585,ish wainright,2279828.882965722,False,True,PHX,176042453,67045675.25,243088128.25,3148100.5089745354,0.017835514804362733,37.22791373616492,82.23891632858412,ish wainright
1627826,Ivica Zubac,1610612746,LAC,26.0,76,2169.41,818,756,77,29,98,117,-33,112.8,113.4,0.661,0.149,0.109,112.3,112.5,-0.2,25.737873431025026,1550.9999999999998,0.011877652811904954,0.07311086405027711,-0.3882601013312535,0.16949236949260416,1.3072299840339645,0.09049120707640447,-0.18116380003123825,0.40988546244154894,0.9930233907343041,True,0.34782233976748533,63.60131943549825,63.40164473598036,ivica zubac,10123457.0,False,False,LAC,192905421,150170920.75,343076341.75,18004256.051588252,0.10200283454553359,51.30055501981434,113.32630890314975,ivica zubac
1631120,JD Davison,1610612738,BOS,20.0,12,65.70666666666666,19,9,11,2,2,4,-6,102.9,108.7,0.478,0.157,0.069,107.0,110.8,-3.8,23.833198051948052,43.5,-0.016215620862623646,-0.8188599716619517,0.2813441887253471,-1.1038615262467601,-1.6756160403687839,-0.2374255987469566,0.09757319687602375,-0.8436809101921895,0.17281975195754293,False,-0.8013899209553044,21.145297412998303,13.274359851441346,jd davison,1017780.7513239831,True,True,BOS,178633307,78056804.75,256690111.75,1462517.036614858,0.008285867679197409,25.860154340520253,57.126786210110154,jd davison
1630550,JT Thor,1610612766,CHA,20.0,69,968.775,262,152,36,22,23,44,-163,102.7,110.2,0.506,0.13,0.051,103.6,110.4,-6.8,16.781605635983585,451.5999999999999,-0.009786947211089641,-6.048376554507661,1.3602225066842968,-1.3496886375871442,-0.9930418460680669,-2.1599619701046335,0.5466791940177328,-1.4077857778773721,0.6635904405032315,True,-1.1507065860832428,12.49264830512411,10.601457464150425,jt thor,1563518.0,False,False,CHA,125874047,0.0,125874047.0,1563518.0,0.00885808707707724,20.175876832685727,44.569842362323826,jt thor
1629630,Ja Morant,1610612763,MEM,23.0,61,1948.3483333333331,1596,357,493,66,16,206,302,115.8,108.5,0.557,0.338,0.175,113.2,107.0,6.2,44.80533511718045,2424.8999999999996,-0.00820806274883305,1.4562478449285223,3.805625971665016,2.3095039607141494,-0.8254013889324722,0.5989762859900033,1.5646302856956578,2.4782699772872174,0.9410700711359801,True,1.521587760777681,93.59437969054727,91.11240012879107,ja morant,12119440.0,False,False,MEM,127139520,0.0,127139520.0,12119440.0,0.0686625001089933,84.67621683785426,187.05534671916092,ja morant
203210,JaMychal Green,1610612744,GSW,33.0,57,796.7,366,205,51,25,23,52,-156,108.3,116.4,0.65,0.169,0.097,108.7,115.9,-7.2,27.523032509100037,609.1,0.011612968625583472,-2.37777424139385,-2.284204263097291,-0.3939267738047612,1.2791267383233325,-0.81053199126119,-0.970390795440498,0.03381555065142745,0.6017776696059465,True,-0.16360643551251544,43.50204890852065,35.70647962655042,jamychal green,8200000.0,False,False,GSW,192386134,189304154.5,381690288.5,16268637.976269122,0.09216971715019433,29.93484190339866,66.12803972980846,jamychal green
201580,JaVale McGee,1610612742,DAL,35.0,42,354.54,186,107,11,4,26,36,-57,106.1,113.4,0.65,0.214,0.105,106.3,112.3,-6.0,29.111524792689114,286.7,0.014705179206360134,-2.5681844413393056,-0.14842489886528276,-0.5104976937322852,1.607446895822405,-0.880532827681413,-0.0813273069251994,0.28452882517817496,0.4014405877020228,True,0.054572238302750056,52.17603717930055,38.12233101176476,javale mcgee,5461219.0,False,False,DAL,177244238,72153261.5,249397499.5,7684392.893053542,0.043535809233498916,41.55458544711702,91.79681944773155,javale mcgee
1631095,Jabari Smith Jr.,1610612745,HOU,20.0,79,2450.5466666666666,1010,569,101,43,74,104,-555,109.1,120.4,0.514,0.183,0.077,107.2,119.5,-12.3,24.191010441207673,1646.6999999999998,-0.01231301030484157,-3.695934623779798,-6.210565651276977,0.12017589031216036,-1.261250433784923,-1.2951296090854947,-2.6048220533724393,-0.592967635665442,1.0,True,-0.9220266325580212,17.825734200070343,17.825734200070343,jabari smith,8882640.0,False,False,HOU,137579793,0.0,137579793.0,8882640.0,0.05032445970838159,18.46973046903595,40.800852538212176,jabari smith
1631133,Jabari Walker,1610612757,POR,20.0,56,619.1633333333333,216,131,34,10,13,29,-115,104.8,113.8,0.496,0.164,0.06,104.9,114.8,-9.9,21.08845808052802,362.69999999999993,-0.013986610327836164,-4.176965961687583,-1.1162927329739918,-1.0799109246775578,-1.4389474595166007,-1.4719720051731497,-0.48422283416232853,-1.125733344034781,0.5305071901377764,True,-1.1169690792076357,13.20037731191367,10.411510305978316,jabari walker,1017781.0,False,False,POR,144997250,0.0,144997250.0,1017781.0,0.005766222533667505,23.027010943552924,50.86818562289178,jabari walker
1631298,Jack White,1610612743,DEN,25.0,17,66.03333333333333,21,17,4,3,2,2,-17,90.4,104.5,0.517,0.133,0.087,96.3,107.8,-11.5,25.24179707218577,46.300000000000004,-0.008549799839037862,-2.1547109552238153,0.6885558325133979,-0.9918462952260317,-0.8616858438065441,-0.728526843369854,0.26708368595242526,-0.27957604250700746,0.173248813892481,False,-0.5303037367422061,29.79506781470117,18.71016936952,jack white,1903250.0049758484,True,True,DEN,162338665,21429162.5,183767827.5,2154484.383641912,0.012206197994844412,31.828076915552522,70.3103207154769,jack white
1631367,Jacob Gilyard,1610612763,MEM,24.0,1,40.78333333333333,3,4,7,3,0,2,-13,101.1,116.1,0.5,0.052,0.056,102.4,110.9,-8.5,17.124642419288925,19.4,-0.004226778884435857,-0.7941259524877693,-0.04507913553019755,-1.6453736274623623,-0.40268252446267483,-0.22833258781202467,-0.03830743960524045,-1.2510899812981546,0.1361538790776039,False,-0.887068784037028,18.752093455756903,11.462578019838471,jacob gilyard,1832005.3523831696,True,True,MEM,127139520,0.0,127139520.0,1832005.3523831696,0.01037919802463527,20.637676431496473,45.58998812811455,jacob gilyard
1630702,Jaden Hardy,1610612742,DAL,20.0,48,708.39,420,89,65,17,7,46,-32,112.5,115.6,0.571,0.248,0.09,112.9,115.9,-3.1,28.474145597763943,560.3,-0.0025504839103864044,0.19343197289103528,-1.9918476501018287,-0.35611114596464744,-0.2246993582073588,0.1347250677638806,-0.8486911505271635,-0.185558564559477,0.5674464331947594,True,-0.2854951720046013,38.76324013738938,31.218010135329255,jaden hardy,1017781.0,False,False,DAL,177244238,72153261.5,249397499.5,1432103.177529582,0.008113558430357722,61.26565233417116,135.33986598962892,jaden hardy
1631093,Jaden Ivey,1610612765,DET,21.0,74,2304.3166666666666,1204,288,387,61,17,237,-642,107.1,120.1,0.528,0.251,0.081,105.6,119.0,-13.5,27.86804475658004,1783.8,-0.013374336538334608,-5.102810222493353,-5.799373615999587,0.5094168485028168,-1.373938359472963,-1.8123417577905636,-2.4336546418618044,-0.467610998402068,1.0,True,-0.855919301263716,19.602120900362035,19.602120900362035,jaden ivey,7252200.0,False,False,DET,129153570,0.0,129153570.0,7252200.0,0.041087227074059623,21.804267219181725,48.16706410551331,jaden ivey
1630183,Jaden McDaniels,1610612750,MIN,22.0,79,2416.488333333333,953,307,148,74,76,112,70,113.6,111.6,0.611,0.156,0.069,112.3,110.2,2.0,22.83958885241877,1533.1000000000001,0.004635663346692429,0.33967789508731006,1.3441369024218566,-0.07004280908823049,0.5383007472586337,0.18848971314379537,0.5399832198548846,-0.8436809101921895,1.0,True,-0.08059892329111734,46.78804612550851,46.78804612550851,jaden mcdaniels,2161440.0,False,False,MIN,145793656,0.0,145793656.0,2161440.0,0.012245604931876595,79.50192557118854,175.62499610766082,jaden mcdaniels
1630531,Jaden Springer,1610612755,PHI,20.0,16,89.26666666666667,42,14,8,7,3,3,-3,108.8,110.9,0.545,0.188,0.085,111.8,108.7,3.1,32.343539955190444,80.2,-0.006821431351421935,-0.2741986496075119,0.42450719135597925,-0.4123385256330953,-0.6781736931146698,-0.03719079976834663,0.1571678351034995,-0.342254361138694,0.2014342512477895,False,-0.28949043841680955,38.610304792517006,24.735514662232678,jaden springer,2125200.0,False,False,PHI,150496913,344869.5,150841782.5,2130069.978040015,0.012067878557040248,42.24603444034599,93.3242758693467,jaden springer
203109,Jae Crowder,1610612749,MIL,32.0,18,339.7083333333333,124,69,27,12,6,7,0,111.0,111.8,0.624,0.125,0.096,112.2,109.7,2.5,25.2958174904943,238.70000000000002,0.0053394738354907295,-0.2791587253781942,0.7452936385425415,-0.8440849627420641,0.6130288954540645,-0.03901428114043124,0.2907020018720162,0.0024763913355839626,0.39295404157213953,False,-0.08057083085699344,46.789163218429245,34.00773562494321,jae crowder,10183800.0,False,False,MIL,182930771,97652912.25,280583683.25,15620161.101717273,0.08849578143455103,28.919490706286815,63.885061981036806,jae crowder
1630256,Jae'Sean Tate,1610612745,HOU,27.0,31,677.4883333333333,283,118,84,21,7,47,-94,107.5,114.8,0.546,0.178,0.076,105.8,114.9,-9.1,25.37844440125661,477.6000000000001,-0.006280589258261193,-3.4119506276961236,-1.425613719921835,-0.6593985205272341,-0.6207489619813641,-1.190728073550586,-0.6129842597722872,-0.6243067949812855,0.5549317457347727,False,-0.7158108629218298,23.705407196439854,18.957671307535225,jae sean tate,7065217.0,False,False,HOU,137579793,0.0,137579793.0,7065217.0,0.040027877775917146,21.281092282797246,47.01133617180591,jae sean tate
1631222,Jake LaRavia,1610612763,MEM,21.0,35,414.2866666666667,105,63,21,12,4,18,-78,106.4,113.9,0.531,0.117,0.04,107.4,114.1,-6.7,16.310445263344224,187.70000000000002,-0.005883252489980674,-2.451426882911229,-0.7421042648830589,-1.5833479711364693,-0.5785611267954218,-0.8376090412944986,-0.328458942828569,-1.7525165303516501,0.4339494454566352,False,-1.1832863185273859,11.83478465809461,8.820195769717518,jake laravia,3047640.0,False,False,MEM,127139520,0.0,127139520.0,3047640.0,0.017266357342597707,13.289045691183084,29.356378238898355,jake laravia
1627751,Jakob Poeltl,1610612761,TOR,27.0,72,1906.125,897,653,197,66,86,125,-146,112.4,115.5,0.635,0.18,0.13,110.4,114.9,-4.5,33.468738933700564,1772.1,0.009668842323106651,-0.9585890510676698,-2.184677533350151,0.9377624859680017,1.0727061737617298,-0.2887944457595111,-0.92896068190378,1.0680078080742619,0.9308170897364608,True,0.5330856208290448,70.30128438577769,68.11264303369492,jakob poeltl,9398148.0,False,False,TOR,150992313,1087969.5,152080282.5,9465866.006150989,0.053628717637040836,69.01992169723503,152.46955834514816,jakob poeltl
1628973,Jalen Brunson,1610612752,NYK,26.0,68,2378.6716666666666,1633,241,421,61,15,142,152,119.2,117.1,0.597,0.266,0.138,117.5,115.1,2.3,35.664442969920884,2356.4999999999995,0.004180400321924267,4.767769642437205,-2.9067438065535876,1.545122496756827,0.48996250376234357,1.816396863857216,-1.2295360927090657,1.3187210826010098,1.0,True,0.9434204402060837,82.72670539276629,82.72670539276629,jalen brunson,27733332.0,False,False,NYK,148987936,0.0,148987936.0,27733332.0,0.15712276404460498,57.54371068669875,127.1178514578555,jalen brunson
1631105,Jalen Duren,1610612765,DET,19.0,67,1670.145,612,595,75,44,59,92,-279,108.0,116.2,0.655,0.139,0.116,107.1,115.4,-8.3,26.286340407569405,1219.5,0.010246494905065696,-3.809553020750905,-2.5687309362996116,-0.03503081145958602,1.1340393144823415,-1.3368993400294291,-1.0888310617382617,0.6292595776524533,0.8712960565627611,True,-0.01373349266196297,49.4521301341917,46.58802226235281,jalen duren,4124280.0,False,False,DET,129153570,0.0,129153570.0,4124280.0,0.023366044631560442,63.140101732875074,139.48064831642435,jalen duren
1630224,Jalen Green,1610612745,HOU,21.0,76,2602.155,1683,284,281,59,18,200,-447,111.2,120.0,0.538,0.274,0.096,109.2,119.1,-9.9,29.896758648120496,2161.0,-0.011859873352604312,-2.021592841116865,-5.936966489464709,0.9491574680159163,-1.2131379292704927,-0.6795883971477581,-2.4909305956079595,0.0024763913355839626,1.0,True,-0.4195162538992773,33.74194391859903,33.74194391859903,jalen green,9441840.0,False,False,HOU,137579793,0.0,137579793.0,9441840.0,0.05349259867032613,34.22182208728475,75.59826164832593,jalen green
1630552,Jalen Johnson,1610612737,ATL,21.0,70,1041.6016666666667,395,282,83,38,34,41,-10,111.1,110.8,0.554,0.156,0.099,111.5,111.0,0.5,27.746499381561406,802.8,-0.004256336653307562,-0.7229845115612578,0.987989947049396,-0.23197204045560527,-0.40582086549016144,-0.2021787348649544,0.3917294910895074,0.09649386928311444,0.6880808840756318,True,-0.06148536571880826,47.548633440969226,40.87453597312569,jalen johnson,2792640.0,False,False,ATL,149836313,0.0,149836313.0,2792640.0,0.015821658781625145,63.49659751419632,140.2681710054299,jalen johnson
1629667,Jalen McDaniels,1610612755,PHI,25.0,80,1912.8533333333328,755,346,130,83,34,93,-149,110.5,113.9,0.557,0.165,0.08,110.3,113.0,-2.7,24.45854012156361,1299.6000000000001,-0.0040068945371522285,-1.6093669284128573,-0.775133448967596,-0.11791029953205326,-0.37933596974206807,-0.5280410604418652,-0.3422080416899918,-0.49895015771791146,0.932458464425514,True,-0.3666003829794755,35.69585612514074,34.61092730378867,jalen mcdaniels,1930681.0,False,False,PHI,150496913,344869.5,150841782.5,1935105.2302241076,0.010963308789942134,61.13212360097775,135.04489221284467,jalen mcdaniels
1630188,Jalen Smith,1610612754,IND,23.0,68,1278.825,642,394,66,21,60,72,-95,111.4,115.3,0.565,0.201,0.099,109.6,115.8,-6.2,30.279045217289305,1075.6,-0.003273126072530918,-1.502561400421527,-2.313287205388404,0.16919666283036228,-0.30142698793792055,-0.4887759564934509,-0.9824971874033793,0.09649386928311444,0.7624198914699767,True,-0.19465769328268773,42.283046706952554,37.76252183542453,jalen smith,4670160.0,False,False,IND,125706114,0.0,125706114.0,4670160.0,0.026458719339261232,49.00018573280412,108.24464145705002,jalen smith
1630591,Jalen Suggs,1610612753,ORL,22.0,53,1245.865,524,161,155,67,27,94,-40,109.7,111.0,0.528,0.196,0.077,108.0,109.8,-1.8,26.685074225538074,923.4999999999999,-0.010443705025950531,-2.6617892600260884,1.5001879134089389,-0.22475327013614058,-1.062774105104486,-0.9149449316701442,0.6049427650860012,-0.592967635665442,0.7525305792639079,True,-0.43999504898696207,32.99703465970709,29.32244398574618,jalen suggs,6922320.0,False,False,ORL,126107324,0.0,126107324.0,6922320.0,0.039218297029770886,33.15239688785616,73.23583086268538,jalen suggs
1631114,Jalen Williams,1610612760,OKC,22.0,75,2275.5916666666667,1056,337,248,103,35,123,-53,111.6,112.6,0.601,0.18,0.102,111.2,111.9,-0.7,27.898678365699766,1763.5000000000002,0.003548842323106647,-0.8608828956569382,0.16582019294938255,0.49666207169933585,0.42290587348927866,-0.2528745601435371,0.04948388184102345,0.19051134723064447,1.0,True,0.2142462013720421,58.48224655261382,58.48224655261382,jalen williams,4341480.0,False,False,OKC,148856338,0.0,148856338.0,4341480.0,0.024596587876435892,77.84911296483902,171.97382407036338,jalen williams
1631288,Jamal Cain,1610612748,MIA,24.0,18,240.04666666666665,98,52,12,11,1,6,22,108.0,102.5,0.647,0.139,0.114,109.1,102.2,6.9,25.345071791596077,168.99999999999997,0.009134494905065694,-1.2163885581064313,3.2638626892914724,-0.8922428978524471,1.0159710246289158,-0.38356973157195146,1.3391098214365982,0.5665812590207664,0.3303212394202365,False,0.24264032041715244,59.58579783780501,41.62929337792509,jamal cain,1832005.3523831696,True,True,MIA,151408266,1711899.0,153120165.0,1852718.9383292592,0.010496550525846632,74.65665932828631,164.92148347024278,jamal cain
1627750,Jamal Murray,1610612743,DEN,26.0,65,2133.385,1298,257,400,66,16,145,300,118.9,112.5,0.571,0.256,0.121,118.3,111.6,6.7,33.953365191936754,2012.1,-0.0026327575849149983,4.966067406388119,0.3420813427471823,1.1546413993951177,-0.23343489062781603,1.8892974192938485,0.12285632627668684,0.7859553742316704,0.9847438522506523,True,0.7912547903596884,78.56023377227747,78.02089683213356,jamal murray,31650600.0,False,False,DEN,162338665,21429162.5,183767827.5,35828568.63502912,0.2029862021518949,49.617340289721135,109.60797656972376,jamal murray
1631123,Jamaree Bouyea,1610612748,MIA,24.0,5,70.53833333333333,15,6,4,4,2,4,-17,106.5,119.7,0.504,0.12,0.039,106.2,120.2,-14.0,16.331545495357133,31.999999999999993,-0.009274105117928899,-0.7529400867286332,-0.941817621559507,-1.6978658321672742,-0.9385900574850273,-0.2131913556056806,-0.4115938661092376,-1.7838556896674935,0.1790611035034655,False,-1.1941294568220584,11.621366607779004,7.328172262331708,jamaree bouyea,116986.0,False,False,MIA,151408266,1711899.0,153120165.0,118308.70332198375,0.002,23.478535014704107,51.86563207049304,jamaree bouyea
1630547,James Bouknight,1610612766,CHA,22.0,34,515.4666666666667,191,72,41,14,5,32,-97,102.6,110.9,0.463,0.192,0.05,101.4,109.9,-8.4,20.588722193481633,294.8,-0.022710568188686234,-5.345211363302911,1.0569848649038263,-1.1695687773966208,-2.3652269427755193,-1.9014561151660927,0.42045008994197514,-1.4391249371932153,0.48404858258549865,False,-1.3010646207070655,9.66181682610568,7.4185541873028535,james bouknight,4362240.0,False,False,CHA,125874047,0.0,125874047.0,4362240.0,0.024714203335752718,9.858793758439743,21.778725521582682,james bouknight
201935,James Harden,1610612755,PHI,33.0,58,2135.005,1216,354,618,71,31,195,277,119.4,113.3,0.607,0.247,0.159,118.0,111.2,6.9,38.347076470546895,2274.2,0.006351800298929677,4.982987908646641,0.27731087015387174,1.693071274326463,0.7205141960939953,1.895517933274119,0.09589424242056722,1.9768434282337222,0.9851176671757634,True,1.4231098028200346,92.26478364679919,91.64688179861466,james harden,33000000.0,False,False,PHI,150496913,344869.5,150841782.5,33075620.777018864,0.18738941858758149,59.936688485943385,132.4040972142773,james harden
201949,James Johnson,1610612754,IND,36.0,18,162.35833333333332,51,30,15,7,6,8,-7,102.8,103.9,0.486,0.152,0.055,103.0,106.6,-3.7,24.21310886413797,109.2,-0.014483199816043275,-2.3262134625110886,1.6820868440678922,-1.0251961233319036,-1.491673603070379,-0.7915766115110224,0.6806620554570847,-1.282429140613998,0.2716601598030937,False,-0.8814159968858228,18.90463512268094,12.708585606775525,james johnson,3841067.0,False,False,IND,125706114,0.0,125706114.0,3841067.0,0.021761505754898786,17.658016265610303,39.00772233673659,james johnson
1630164,James Wiseman,1610612765,DET,22.0,45,867.1866666666666,450,267,30,7,27,51,-327,104.7,121.9,0.589,0.212,0.104,104.7,120.9,-16.3,28.100524300804132,676.9,0.0016357476249922707,-4.8903657064601225,-5.656396449565846,-0.29827550554935994,0.21978013667810942,-1.7342404070253439,-2.3741373618953303,0.2531896658623315,0.62783417999959,True,-0.5819016214650253,28.031647413240545,23.33705794276058,james wiseman,9603360.0,False,False,DET,129153570,0.0,129153570.0,9603360.0,0.0544076877352998,23.52885719756987,51.97679709079201,james wiseman
1630215,Jared Butler,1610612760,OKC,22.0,6,76.52833333333334,37,4,8,5,0,5,-1,106.2,103.6,0.578,0.208,0.085,104.9,106.4,-1.4,25.872770433608466,55.0,-0.0006831155377434345,-0.9278572851772673,0.9427528273640996,-0.9361146305328949,-0.026428683491234697,-0.2774964726592523,0.372898579942346,-0.342254361138694,0.18650899726449138,False,-0.3263589524060531,37.20763950098353,23.587003515799147,jared butler,1563518.0,False,False,OKC,148856338,0.0,148856338.0,1563518.0,0.00885808707707724,44.888967332665274,99.16268890892466,jared butler
1631197,Jared Rhoden,1610612765,DET,23.0,14,197.87,45,37,4,4,1,3,21,114.9,110.6,0.482,0.106,0.041,113.8,113.0,0.8,15.119017536766561,83.1,-0.010524126187503863,0.5188565719161126,0.0970409110670719,-1.7543661353958986,-1.0713129441446192,0.2543614849831083,0.020853046038443984,-1.7211773710358067,0.29990149898076385,False,-1.0743595071281766,14.133079187944253,9.680532788524582,jared rhoden,1638627.0096316128,True,True,DET,129153570,0.0,129153570.0,1638627.0096316128,0.00928361601092377,18.123166267460384,40.03526936377368,jared rhoden
1628991,Jaren Jackson Jr.,1610612763,MEM,23.0,63,1787.503333333333,1173,426,60,65,189,107,366,116.4,106.6,0.613,0.243,0.125,115.8,105.3,10.4,38.79735422404807,1926.3999999999999,0.007706937136193976,2.836528266235398,5.127884190446587,1.4687243774640653,0.8643979091274266,1.106411202888451,2.1150483318643385,0.9113120114950444,0.9013886593204482,True,1.253453314396562,89.49796104064744,85.5264797738104,jaren jackson,28946605.0,False,False,MEM,127139520,0.0,127139520.0,28946605.0,0.163996543484475,58.60629645213566,129.46517348280204,jaren jackson
1629020,Jarred Vanderbilt,1610612747,LAL,24.0,78,1879.7416666666663,619,582,184,83,21,97,-101,114.7,116.2,0.604,0.136,0.105,114.1,115.9,-1.8,26.29127229362191,1372.8,0.0030893475330139113,1.5244632049332514,-2.8734301202929426,0.07972799045642022,0.37411831587883965,0.6240544186656979,-1.2156685637787807,0.28452882517817496,0.9243527629119903,True,0.07266627078242104,52.89641552096609,51.09575506225691,jarred vanderbilt,4374000.0,False,False,LAL,169391473,42154537.25,211546010.25,5462507.837295328,0.030947753771929,62.76253093218416,138.64656951990096,jarred vanderbilt
1629714,Jarrell Brantley,1610612762,UTA,27.0,4,38.95,22,6,3,0,2,2,15,111.1,94.9,0.739,0.172,0.134,107.8,96.1,11.8,29.20667522464698,31.599999999999998,0.02712711599763524,-0.23777160898377434,1.2114107452985332,-0.6933969812344036,2.9263649116616155,-0.02379906280937325,0.48473314007348217,1.1933644453376357,0.13305842872417162,False,0.6927549366315485,75.5768321723156,46.09251823633302,jarrell brantley,105522.0,False,False,UTA,148738241,0.0,148738241.0,105522.0,0.002,147.67458577499355,326.2228979436521,jarrell brantley
1628386,Jarrett Allen,1610612739,CLE,25.0,68,2220.1116666666667,969,666,113,54,84,93,345,116.5,108.8,0.67,0.162,0.134,115.9,107.8,8.1,28.376951009221006,1750.0,0.014371958090795993,3.0443347697472833,3.413489453834422,0.5239141101449951,1.5720666374971273,1.1828074729599123,1.4013951377420335,1.1933644453376357,1.0,True,1.1124282483674004,86.70229677206756,86.70229677206756,jarrett allen,20000000.0,False,False,CLE,151966241,2548861.5,154515102.5,20335451.01638725,0.11521018360824571,67.22713784285413,148.50918059095667,jarrett allen
1629633,Jarrett Culver,1610612737,ATL,24.0,10,136.875,44,38,6,6,2,7,-19,108.5,114.1,0.452,0.164,0.068,109.1,115.7,-6.6,22.72438356164384,86.4,-0.02120261032783616,-0.7629622007766513,-0.5754918716876611,-1.1583859419022637,-2.2051172253280393,-0.216875803005353,-0.2591029981065131,-0.8750200695080329,0.24943117104906734,False,-0.9542669102939616,16.99742765466751,11.256444938193615,jarrett culver,260295.0,False,False,ATL,149836313,0.0,149836313.0,260295.0,0.002,36.06422272316731,79.66824614468747,jarrett culver
1630554,Jason Preston,1610612746,LAC,23.0,14,123.76833333333332,41,22,27,2,0,10,-11,110.0,111.6,0.489,0.166,0.094,107.6,113.4,-5.8,24.607263570380148,84.6,-0.015319178746468314,-0.7639260472588729,-0.059078724615555356,-1.0127900750919323,-1.5804349364056132,-0.2172301435814121,-0.044135065678631444,-0.06020192729610302,0.23718839207122538,False,-0.5475281188116625,29.20079788992463,19.17717947387717,jason preston,1563518.0,False,False,LAC,192905421,150170920.75,343076341.75,2780668.541711311,0.015753834669615684,29.835639923706086,65.90889601508448,jason preston
1629750,Javonte Green,1610612741,CHI,29.0,32,480.25666666666666,165,88,23,24,21,20,48,112.4,106.5,0.646,0.128,0.082,112.4,105.1,7.3,24.406949061959924,325.6,0.008283621207542509,-0.00491827166630703,3.293430947274987,-0.8486174428717611,0.9256282167621679,0.06180521878968114,1.3514182363564122,-0.4362718390862245,0.4672242340124117,False,0.0077918383424315785,50.310846230293734,38.2488663932709,javonte green,1815677.0,False,False,CHI,151964990,2546985.0,154511975.0,1846108.3650390462,0.010459098424985555,68.68017678444085,151.7190394293057,javonte green
1629637,Jaxson Hayes,1610612740,NOP,23.0,47,610.0566666666666,233,132,34,20,19,31,-70,103.4,108.8,0.605,0.149,0.09,104.4,108.9,-4.6,24.288891195899836,411.6,0.003533652811904947,-4.6219263846929275,1.935734485967,-0.7936678073209213,0.4212931040546615,-1.6355535874265839,0.7862482696218561,-0.185558564559477,0.5265913831886018,True,-0.3182863532605834,37.51338675053562,29.521764510468678,jaxson hayes,6803012.0,False,False,NOP,148360910,0.0,148360910.0,6803012.0,0.03854235939874142,33.581472188825856,74.18368649663752,jaxson hayes
1630643,Jay Huff,1610612764,WAS,25.0,7,94.93333333333334,51,21,10,3,4,5,-7,117.5,118.5,0.796,0.155,0.116,117.2,118.4,-1.2,33.10533707865168,87.3,0.03328094755600851,0.7834810447993288,-0.9666325957827603,-0.34759118073046413,3.5797573290565556,0.35164584498268847,-0.42192362578377024,0.6292595776524533,0.20772942774560169,False,0.6283020103514411,73.50969425352338,47.30188886390521,jay huff,116986.0,False,False,WAS,152008934,2612901.0,154621835.0,118996.88730999191,0.002,151.5492559667903,334.78229990107315,jay huff
1630206,Jay Scrubb,1610612753,ORL,22.0,2,30.116666666666667,13,6,1,2,0,3,-16,98.5,127.0,0.825,0.151,0.104,96.7,130.0,-33.3,22.47260653016049,18.8,0.036801084393272794,-0.8516049923306954,-0.9327149913110733,-1.2284694128316982,3.9535132071373478,-0.24946370823933758,-0.407804703081039,0.2531896658623315,0.11700168348957181,False,0.26327626592332054,60.383117418890286,36.389931456951054,jay scrubb,1017780.7513239831,True,True,ORL,126107324,0.0,126107324.0,1017780.7513239831,0.005766221124797372,80.48317649664104,177.79264410769474,jay scrubb
1627759,Jaylen Brown,1610612738,BOS,26.0,67,2404.918333333333,1784,459,232,75,26,197,256,116.6,111.2,0.581,0.307,0.132,115.2,109.9,5.3,35.49675630010999,2371.3,-8.725226003478004e-05,2.773359641065383,1.6245077482688346,1.543078301322505,0.03683800552451864,1.08318841020884,0.656693534815874,1.130686126705949,1.0,True,0.9914834059247959,83.92752043803715,83.92752043803715,jaylen brown,29776785.0,False,False,BOS,178633307,78056804.75,256690111.75,42788248.15803093,0.24241615898213373,50.158399262671516,110.80321151951551,jaylen brown
1629669,Jaylen Nowell,1610612750,MIN,23.0,65,1251.695,704,170,132,42,5,65,-8,111.2,111.3,0.527,0.238,0.095,110.8,111.3,-0.5,29.313211285496866,1019.2,-0.012919641817225644,-1.0361428400894868,0.7733382903054175,0.05174471181092033,-1.3256604564813121,-0.3173056815054944,0.30237618336663186,-0.02886276798025953,0.7542892500409062,True,-0.196811145634374,42.198766437607865,37.5328556906779,jaylen nowell,1930681.0,False,False,MIN,145793656,0.0,145793656.0,1930681.0,0.010938243381949273,66.34615802483191,146.5630380793198,jaylen nowell
1631119,Jaylin Williams,1610612760,OKC,21.0,49,914.1583333333332,288,241,76,28,12,37,-90,111.1,115.7,0.559,0.133,0.08,110.3,115.3,-5.0,23.5062124540789,596.9000000000001,-0.002963799839037857,-1.1571397533493384,-1.9895555067291386,-0.7164991290625686,-0.2685838050284537,-0.3617879893591757,-0.847736997201577,-0.49895015771791146,0.6446134618137563,True,-0.5505261483193966,29.097927356909498,24.44447210461441,jaylin williams,2000000.0,False,False,OKC,148856338,0.0,148856338.0,2000000.0,0.011330969105667143,42.679863035053565,94.28263184260784,jaylin williams
1628369,Jayson Tatum,1610612738,BOS,25.0,74,2732.1966666666667,2225,649,342,78,51,213,470,119.2,110.8,0.607,0.319,0.167,118.2,109.5,8.7,41.287657428272006,3133.5000000000005,0.008203337228172337,5.23241413930763,1.9968291307158081,2.563658161138269,0.9171039432488011,1.9872149367771572,0.8116802121247324,2.22755670276047,1.0,True,1.866581414935312,96.901996753011,96.901996753011,jayson tatum,30351780.0,False,False,BOS,178633307,78056804.75,256690111.75,43614496.81951762,0.247097258010586,57.52607930566578,127.07890257450404,jayson tatum
1630288,Jeff Dowtin Jr.,1610612761,TOR,26.0,25,258.70166666666665,61,23,31,9,3,5,-9,112.7,113.3,0.5,0.106,0.067,111.3,112.7,-1.4,19.384490500641025,139.3,-0.008616126187503861,-0.1875518972557129,-0.19017967265535665,-1.3795615797496101,-0.8687281446479137,-0.005336701933990517,-0.09870861768681871,-0.9063592288238764,0.34291641352765057,False,-0.7627141832248738,22.28169350444846,15.693272718187167,jeff dowtin,1964316.8500552874,True,True,TOR,150992313,1087969.5,152080282.5,1978470.6621185294,0.011208994974466936,27.504326167914016,60.75887019690356,jeff dowtin
201145,Jeff Green,1610612743,DEN,36.0,56,1091.1166666666666,437,144,69,18,17,46,-193,107.1,115.0,0.576,0.167,0.071,106.6,114.5,-7.9,21.234759497151238,643.6,-0.0008824629557843926,-3.8471137225697354,-1.5894060829782948,-0.8589200421121381,-0.047594698540507956,-1.3507078468457756,-0.6811663070988395,-0.7810025915605029,0.7042457818206093,True,-0.7609511158689539,22.33431329069798,19.361852976059204,jeff green,4500000.0,False,False,DEN,162338665,21429162.5,183767827.5,5094012.715639863,0.028860050352395437,24.3713037246955,53.837817021873654,jeff green
203924,Jerami Grant,1610612757,POR,29.0,63,2245.525,1290,283,150,51,53,116,-35,116.1,117.3,0.606,0.227,0.099,114.9,115.6,-0.7,28.118324222620544,1753.9,0.005610484485251161,2.429088161069296,-3.187909226616031,0.5066407415838164,0.6418038630343521,0.9566232810179794,-1.3465771660506805,0.09649386928311444,1.0,True,0.19338584288113608,57.667159904564315,57.667159904564315,jerami grant,20955000.0,False,False,POR,144997250,0.0,144997250.0,20955000.0,0.11872022880462749,44.24668443007819,97.74384362365082,jerami grant
1630526,Jeremiah Robinson-Earl,1610612760,OKC,22.0,43,813.7083333333334,292,180,43,24,11,19,-10,112.9,113.8,0.548,0.143,0.076,113.4,112.9,0.5,23.28893440524348,526.4,-0.004759641932198599,0.4893004401503289,-0.5436736863213881,-0.7860539496835401,-0.4592600683254728,0.24349571232206466,-0.24585800316288176,-0.6243067949812855,0.6081672666647098,True,-0.45304887979021424,32.5256772325989,26.790595976465113,jeremiah robinson earl,2000000.0,False,False,OKC,148856338,0.0,148856338.0,2000000.0,0.011330969105667143,46.77617753451685,103.33166069134693,jeremiah robinson earl
1631110,Jeremy Sochan,1610612759,SAS,20.0,56,1457.7,614,295,142,43,23,97,-235,110.6,117.6,0.509,0.195,0.074,108.5,116.7,-8.2,25.291623790903476,1024.1,-0.01409542081663446,-2.285945477612916,-3.48304096687154,-0.25844173953078453,-1.450500578518876,-0.7767728214586175,-1.4694320165831956,-0.6869851136129724,0.8139968728999573,True,-0.8252117814506913,20.462568292875844,18.74982253193795,jeremy sochan,5063520.0,False,False,SAS,104545376,0.0,104545376.0,5063520.0,0.028687294342963843,23.650570909541145,52.24567070658969,jeremy sochan
1630579,Jericho Sims,1610612752,NYK,24.0,52,812.4033333333333,178,242,25,15,28,27,-113,108.1,114.9,0.78,0.074,0.086,107.9,114.4,-6.6,19.21410137000915,433.59999999999997,0.014704968510610513,-2.742280625410303,-1.3728277090161736,-1.1732875751541938,1.6074245248810046,-0.944536113776538,-0.5910109624427341,-0.310915201822851,0.6076793911465506,True,-0.3758148370361439,35.35272783466481,29.11140616573812,jericho sims,1639842.0,False,False,NYK,148987936,0.0,148987936.0,1639842.0,0.00929049952008771,54.486051235356655,120.36328010147167,jericho sims
1628975,Jevon Carter,1610612749,MIL,27.0,81,1811.7516666666668,651,202,197,66,29,78,63,109.2,107.2,0.56,0.149,0.073,110.4,107.2,3.1,23.093231136349623,1162.1999999999998,-0.0031713471880950423,-1.9514776998582422,4.06140449847614,-0.32696944461788896,-0.2906204602144194,-0.6538118445511448,1.6711035259293334,-0.718324272928816,0.9074819473953655,True,-0.18823895985855163,42.53446663981101,40.76362392986956,jevon carter,6025000.0,False,False,MIL,182930771,97652912.25,280583683.25,9241292.114716174,0.05235639772414717,41.655197178527494,92.01907739696232,jevon carter
202710,Jimmy Butler III,1610612748,MIA,33.0,64,2138.015,1466,375,340,117,21,101,47,114.9,113.7,0.647,0.248,0.177,113.7,112.4,1.4,39.77988928983193,2362.5,0.016297516089613613,1.4344890903335399,-0.43582295168745594,1.870765895461299,1.7765156842003478,0.5909770768008555,-0.20096284592969976,2.5409482959189043,0.9858118481738795,True,1.5549554499017215,94.00216600807612,93.40199335658806,jimmy butler,37653300.0,False,False,MIA,151408266,1711899.0,153120165.0,38079027.39467672,0.21573614149146736,58.14588046042577,128.44808419633503,jimmy butler
1629111,Jock Landale,1610612756,PHX,27.0,69,978.4966666666668,456,280,68,16,30,59,141,113.0,105.1,0.595,0.182,0.106,111.8,106.1,5.7,27.953902074270395,759.8000000000001,0.0024962739044744973,-0.08606205880240722,4.422440789078704,-0.24786786039176764,0.31114782210292735,0.031974185728119005,1.8213925442517664,0.31586798449401843,0.6669116973941994,True,0.35747061306268557,63.963023889863344,54.37562311420936,jock landale,1563518.0,False,False,PHX,176042453,67045675.25,243088128.25,2158983.0045437026,0.012231684862072559,92.43147239619907,204.18721764508746,jock landale
203925,Joe Harris,1610612751,BKN,31.0,74,1527.175,562,164,101,34,13,41,-24,112.1,113.2,0.621,0.141,0.067,111.7,112.2,-0.4,20.31044248367083,861.6,0.005599926486433542,-0.4143724160560441,-0.16403870137869836,-0.7684079429129288,0.6406828514654036,-0.08872312785991443,-0.0878268835968552,-0.9063592288238764,0.8331689231755194,True,-0.3943898283741,34.66466261492034,32.06224826860833,joe harris,18642857.0,False,False,BKN,159566723,15024515.25,174591238.25,20398234.83839848,0.11556588438201819,24.833585032926965,54.85902691553965,joe harris
204060,Joe Ingles,1610612749,MIL,35.0,46,1043.4983333333332,317,128,150,33,6,55,80,114.9,112.4,0.616,0.122,0.076,115.0,112.0,3.0,21.5344857602392,624.2,0.0042353264634389515,1.723928218390584,0.15025764554252097,-0.8500035209313712,0.49579437030630585,0.6973840920896217,0.04300564119527009,-0.6243067949812855,0.6887070670774507,True,-0.2143653031885488,41.513109839509625,35.69787786700502,joe ingles,6479000.0,False,False,MIL,182930771,97652912.25,280583683.25,9937648.40020682,0.056301593502862984,35.56280288519107,78.5605766579399,joe ingles
1630580,Joe Wieskamp,1610612761,TOR,23.0,9,49.655,9,4,3,0,0,1,2,93.5,92.5,0.321,0.115,0.006,94.5,93.3,1.1,10.585036753599837,14.6,-0.02993268407134853,-1.6541011603673548,1.752770297569927,-2.1593016502156734,-3.1320460717226433,-0.5444867847482736,0.7100855431090618,-2.818047947090328,0.15023466492609003,False,-1.830206893685295,3.3609503680144,2.075741765975258,joe wieskamp,2909261.0,False,False,TOR,150992313,1087969.5,152080282.5,2930223.572018746,0.016601136383621016,3.170742043846074,7.004378260124427,joe wieskamp
203954,Joel Embiid,1610612755,PHI,29.0,66,2284.1066666666666,2183,670,274,66,112,226,424,119.0,110.2,0.655,0.37,0.213,118.3,108.6,9.7,48.676535830200564,3088.3999999999996,0.02727484255305257,5.0618928617526855,2.5779346138390378,3.106633565683154,2.9420500031760595,1.9245258998468329,1.0535777024147381,3.669158031289269,1.0,True,2.765428841623214,99.71575996794323,99.71575996794323,joel embiid,33616770.0,False,False,PHI,150496913,344869.5,150841782.5,33693804.12934134,0.19089172682098338,64.79241084860735,143.13070810974708,joel embiid
1631219,John Butler Jr.,1610612757,POR,20.0,19,221.10166666666663,45,17,11,7,9,1,-70,100.6,116.7,0.411,0.102,0.024,101.9,116.8,-14.9,16.982232909445884,104.3,-0.017368989350239564,-3.381991832861126,-1.342288921703757,-1.5931450663316826,-1.79807669226055,-1.179714269157794,-0.5782985440919899,-2.2539430794051456,0.31701854452974443,False,-1.6078826162310145,5.393044489958048,3.7355372711327224,john butler,1017780.7513239831,True,True,POR,144997250,0.0,144997250.0,1017780.7513239831,0.005766221124797372,8.261843138067444,18.250956294963448,john butler
1628381,John Collins,1610612737,ATL,25.0,71,2129.6466666666665,931,462,85,42,73,79,-21,115.0,115.2,0.593,0.168,0.086,114.0,114.5,-0.4,25.376603943690196,1501.2000000000003,0.001968252834899536,1.611590801211319,-1.9418389233948226,0.1041443813358378,0.2550843826323407,0.6560852899976714,-0.8278739566882642,-0.310915201822851,0.9838806899828922,True,-0.054744107821633636,47.817116453385914,47.470265937479596,john collins,23500000.0,False,False,ATL,149836313,0.0,149836313.0,23500000.0,0.13313888699158893,34.99054972978759,77.29643170210056,john collins
1629723,John Konchar,1610612763,MEM,27.0,72,1493.8133333333333,364,310,100,77,25,37,209,114.6,107.5,0.542,0.1,0.079,113.0,106.1,6.9,21.414723838766115,888.6,-0.003928420931607413,0.9215168285674518,4.287252095376972,-0.6620863637850765,-0.37100391542074734,0.40239218274430827,1.7651173813566015,-0.5302893170337549,0.8240182404571277,True,-0.055132538754371185,47.801643669031066,44.016145856168194,john konchar,2300000.0,False,False,MEM,127139520,0.0,127139520.0,2300000.0,0.013030614471517214,73.18298545434159,161.66604070560493,john konchar
202322,John Wall,1610612746,LAC,32.0,34,754.73,386,92,178,27,12,80,-106,105.0,111.6,0.497,0.259,0.102,105.7,110.8,-5.1,32.00614789394883,670.9999999999999,-0.02182961021286321,-4.204563478341198,0.7592561759275116,0.0021151144862227578,-2.2716898909426417,-1.4821177287185665,0.2965142043887638,0.19051134723064447,0.5857124643620716,False,-0.46091182950011766,32.24309321618624,26.232032982741227,john wall,40866760.0,False,False,LAC,192905421,150170920.75,343076341.75,72680272.26655921,0.4,13.156694074585266,29.064004790295268,john wall
1631098,Johnny Davis,1610612764,WAS,21.0,28,422.575,163,65,28,10,8,17,-54,101.7,107.9,0.446,0.192,0.051,100.6,109.0,-8.4,22.3117789741466,261.9,-0.025974568188686237,-5.207917099121214,1.7507403587892902,-1.0596484768603247,-2.7117871029208267,-1.8509823835531278,0.709240538009748,-1.4077857778773721,0.43826880502101156,False,-1.2652771948479238,10.288598930587417,7.687856793215132,johnny davis,4810320.0,False,False,WAS,152008934,2612901.0,154621835.0,4893005.205451937,0.027721245408422208,9.814239462555468,21.680302143972177,johnny davis
1630548,Johnny Juzang,1610612762,UTA,22.0,18,232.25,87,39,8,4,3,3,-87,97.8,115.6,0.411,0.187,0.049,99.2,115.8,-16.7,21.0962325080732,136.10000000000002,-0.03184314714210587,-4.367485825616324,-1.058643007532914,-1.2483657290203418,-3.33489239150002,-1.5420131575562643,-0.4602249124336372,-1.470464096509059,0.32491257565410087,False,-1.5538002304312915,6.0116037788677765,4.185342628799012,johnny juzang,1017780.7513239831,True,True,UTA,148738241,0.0,148738241.0,1017780.7513239831,0.005766221124797372,9.256672271862794,20.448599452601798,johnny juzang
202685,Jonas Valančiūnas,1610612740,NOP,31.0,79,1968.243333333333,1115,804,140,20,52,159,-10,112.8,113.5,0.61,0.229,0.14,111.2,112.4,-1.2,32.90812619713349,1799.2,0.0065759160666190135,-0.4545641515144565,-0.36501834803455824,0.9142313520820149,0.7443100283064661,-0.10349888619678473,-0.1714889269562275,1.3813994012326967,0.9458626013359765,True,0.7133759906633308,76.21934370354126,74.36250105534627,jonas valanciunas,14700000.0,False,False,NOP,148360910,0.0,148360910.0,14700000.0,0.0832826229266535,64.59453462134191,142.6935864753513,jonas valanciunas
1628371,Jonathan Isaac,1610612753,ORL,25.0,11,124.035,55,44,6,14,4,4,-19,102.0,107.7,0.483,0.198,0.153,102.7,105.0,-2.3,36.976659813762254,127.4,-0.019460273444582687,-1.9856489688625367,1.2526543602019609,-0.015557741814844261,-2.020121959002243,-0.6663742882255187,0.5019016701000882,1.7888084723386612,0.23744377324862712,False,0.20506391967873616,58.12389073522479,38.178660073801844,jonathan isaac,17400000.0,False,False,ORL,126107324,0.0,126107324.0,17400000.0,0.09857943121930414,31.26304660670257,69.0621315039637,jonathan isaac
1630228,Jonathan Kuminga,1610612744,GSW,20.0,67,1394.425,666,231,125,41,31,95,-53,111.7,113.0,0.597,0.195,0.085,111.6,112.2,-0.6,26.382487405202866,1021.9000000000001,0.0030645791833655333,-0.5668006179572282,-0.10138985073771382,-0.17495278139545511,0.3714884987156421,-0.14476057559207398,-0.06174796990607891,-0.342254361138694,0.796134125292055,True,-0.12166751070784858,45.15811723669591,41.01532765491558,jonathan kuminga,5739840.0,False,False,GSW,192386134,189304154.5,381690288.5,11387729.146549825,0.06451700357163066,38.957945245136486,86.06067001374734,jonathan kuminga
203903,Jordan Clarkson,1610612762,UTA,31.0,61,1988.3033333333333,1271,246,270,33,13,186,35,117.4,116.6,0.558,0.273,0.102,115.0,115.4,-0.4,30.044912664231315,1659.4,-0.006356589143288233,2.8366315815444167,-2.794907885486604,0.58648605862983,-0.6288183652675148,1.106449184877065,-1.182982017044566,0.19051134723064447,0.950670417349905,True,0.09797223921139848,53.90228314027551,52.70574343123684,jordan clarkson,13340000.0,False,False,UTA,148738241,0.0,148738241.0,13340000.0,0.07557756393479984,47.36485977940513,104.63209858922625,jordan clarkson
1630692,Jordan Goodwin,1610612764,WAS,24.0,62,1105.4233333333334,407,205,168,58,26,57,-117,107.1,111.7,0.531,0.165,0.102,107.1,112.3,-5.2,28.837820804699255,885.5000000000001,-0.008296894537152233,-3.6562572592610523,0.2218903105963222,-0.08510524265211653,-0.8348332390506983,-1.2805429498410956,0.0728242583010126,0.19051134723064447,0.7088477632857083,True,-0.270505696082453,39.33856176886055,34.18448215720336,jordan goodwin,1280206.0,False,False,WAS,152008934,2612901.0,154621835.0,1302211.6246010251,0.0073776598436974174,69.35748064362328,153.21524831705275,jordan goodwin
1631160,Jordan Hall,1610612759,SAS,21.0,9,82.66,28,12,11,1,0,7,-24,94.9,108.0,0.438,0.197,0.054,94.8,108.6,-13.8,19.24993951125091,44.2,-0.028226989235266613,-2.4926018633406963,0.5706236481040083,-1.4610139760136258,-2.95094133043846,-0.8527462717079674,0.21799191128920134,-1.3137682999298417,0.19383685736393705,False,-1.2972383376109429,9.727459673907802,6.198595916645414,jordan hall,175479.0,False,False,SAS,104545376,0.0,104545376.0,175479.0,0.002,19.859515587404417,43.87097950998456,jordan hall
1629162,Jordan McLaughlin,1610612750,MIN,27.0,43,678.49,161,62,148,32,4,33,84,111.7,105.9,0.526,0.112,0.086,111.2,105.9,5.4,23.547583604769414,443.8,-0.0061918314434003035,-0.5815078449140078,3.7320172441788935,-0.8274952543788903,-0.6113249661074862,-0.15016741928370148,1.5339890906640183,-0.310915201822851,0.555341827575184,True,-0.1842738683506533,42.68993064520618,34.147838701468395,jordan mclaughlin,2160000.0,False,False,MIN,145793656,0.0,145793656.0,2160000.0,0.012237446634120514,58.0373081647516,128.20824083570974,jordan mclaughlin
1629670,Jordan Nwora,1610612754,IND,24.0,62,1188.085,542,229,88,24,14,66,-252,107.0,117.2,0.561,0.187,0.089,107.1,116.6,-9.5,24.661871835769325,813.9,-0.0037931471421058585,-3.7653914159806643,-3.137389589998494,-0.46441301784465894,-0.35664101525128616,-1.3206641316610659,-1.3255472951183598,-0.2168977238753205,0.7348732110804124,True,-0.6316004379283677,26.38240001707497,23.234793566841347,jordan nwora,2800000.0,False,False,IND,125706114,0.0,125706114.0,2800000.0,0.015863356747933998,36.06088326715352,79.6608690661424,jordan nwora
1629673,Jordan Poole,1610612744,GSW,24.0,82,2458.093333333333,1675,225,369,63,21,252,-11,111.0,111.8,0.573,0.282,0.104,110.7,111.0,-0.3,31.881783713121827,2176.8999999999996,-0.0023361470271329268,-1.3212779887670851,0.8827041411016299,1.115930272241603,-0.20194181391037008,-0.42213041729146655,0.3479020398580339,0.2531896658623315,1.0,True,0.3135139391175298,62.305488388352344,62.305488388352344,jordan poole,3901399.0,False,False,GSW,192386134,189304154.5,381690288.5,7740298.528290045,0.04385254174634768,67.74292716599317,149.64859321798232,jordan poole
1630648,Jordan Schakel,1610612764,WAS,25.0,2,6.233333333333333,3,0,1,1,0,0,6,133.3,83.3,0.75,0.154,0.118,133.3,101.2,32.1,38.11764705882353,6.6000000000000005,0.02598223176532458,0.2572214892259173,0.22585116427511182,-0.016642143068982262,2.8048050884700038,0.15817611975354473,0.07447304770694903,0.6919378962841399,0.05322906474223771,False,0.6590389715075711,74.50646283049888,42.763213756948275,jordan schakel,96514.0,False,False,WAS,152008934,2612901.0,154621835.0,98172.99148476365,0.002,137.00791624326854,302.6595215658879,jordan schakel
1630631,Jose Alvarado,1610612740,NOP,25.0,61,1309.9816666666666,550,141,186,67,10,81,103,112.1,108.4,0.525,0.191,0.079,111.8,107.8,4.0,26.4672406356832,963.1,-0.01075028397937016,-0.35466754630396435,3.142724688538557,-0.2122081398784375,-1.0953255913772457,-0.06677372167157332,1.2886835576825786,-0.5302893170337549,0.7716516131786495,True,-0.1931511933846719,42.34202804603242,37.99109783645727,jose alvarado,1563518.0,False,False,NOP,148360910,0.0,148360910.0,1563518.0,0.00885808707707724,72.3017295762268,159.71928835901963,jose alvarado
1630528,Josh Christopher,1610612745,HOU,21.0,64,786.215,372,71,73,33,15,60,-225,105.4,119.3,0.523,0.215,0.073,105.1,119.5,-14.4,24.840533441870228,542.5,-0.01253110500295594,-4.395001071124826,-4.301909796303836,-0.6529562329240333,-1.2844069697853393,-1.5521286356160249,-1.8103035458824326,-0.718324272928816,0.597804695988125,True,-1.0757622128022226,14.101680794259714,11.549447386903147,josh christopher,2372160.0,False,False,HOU,137579793,0.0,137579793.0,2372160.0,0.013439435836849685,18.99606579123547,41.96356197258736,josh christopher
1630581,Josh Giddey,1610612760,OKC,20.0,76,2367.2716666666665,1260,599,469,57,31,211,-105,111.8,114.0,0.533,0.239,0.131,110.4,113.2,-2.8,33.88052209188778,2227.8999999999996,-0.011539926026541717,-1.1971783660412354,-0.9393432113841954,1.3099606302726836,-1.1791670357170871,-0.37650745490430415,-0.41056384035876814,1.0993469673901053,1.0,True,0.3623584981381785,64.14579255945976,64.14579255945976,josh giddey,6287400.0,False,False,OKC,148856338,0.0,148856338.0,6287400.0,0.0356211675774858,75.00775142746664,165.69706906906913,josh giddey
1630182,Josh Green,1610612742,DAL,22.0,60,1539.23,546,182,103,42,5,72,77,115.3,112.8,0.645,0.14,0.067,114.7,112.7,2.0,19.159709724992364,819.1999999999999,0.00892021069574962,1.9096385795382227,-0.2700295081324503,-0.8898441788731928,0.993219073067277,0.7656571185134179,-0.13194780637622014,-0.9063592288238764,0.8364508353752778,True,-0.25032955558478986,40.116625093123844,37.16415685842923,josh green,3098400.0,False,False,DAL,177244238,72153261.5,249397499.5,4359708.508272071,0.024699861208472514,49.39887159338248,109.12536481323536,josh green
1628404,Josh Hart,1610612752,NYK,28.0,76,2454.025,743,593,290,88,21,117,315,119.4,113.5,0.622,0.124,0.101,118.3,112.0,6.3,23.998288525993008,1635.8999999999999,0.005048758044806804,5.258548318828702,-0.18088959002382865,0.09707833553217571,0.5821617045912609,1.9968226911209654,-0.09484142362581062,0.15917218791480142,1.0,True,0.4446426860704467,67.1711002809036,67.1711002809036,josh hart,12960000.0,False,False,NYK,148987936,0.0,148987936.0,12960000.0,0.07342467980472309,60.97805454004936,134.7045434976223,josh hart
1631169,Josh Minott,1610612750,MIN,20.0,15,96.22333333333331,46,25,5,4,6,3,24,116.3,105.9,0.582,0.176,0.106,119.8,108.7,11.2,32.586690684865076,87.1,0.0001259791603709406,0.9667082909983351,0.7750266224607668,-0.38821524523613565,0.059478175623727536,0.4190059994942571,0.30307898745817113,0.31586798449401843,0.20913602938728368,False,0.11494105842559493,54.57540795878172,35.15263223254079,josh minott,1017781.0,False,False,MIN,145793656,0.0,145793656.0,1017781.0,0.005766222533667505,77.74664994075009,171.7474764935278,josh minott
1629006,Josh Okogie,1610612756,PHX,24.0,72,1350.59,529,251,105,56,34,63,106,112.9,108.0,0.531,0.174,0.078,111.9,107.4,4.4,25.447545146935788,954.7,-0.008749452420996898,-0.08030801679446267,3.460972877056019,-0.2980516189200335,-0.8828842600985624,0.03408955430327201,1.4211611204100145,-0.5616284763495984,0.7835206094638133,True,-0.15714648544267926,43.75647012925336,39.49390183573533,josh okogie,1968175.0,False,False,PHX,176042453,67045675.25,243088128.25,2717753.40927818,0.015397389958676304,61.93831378010342,136.82581948037605,josh okogie
1626196,Josh Richardson,1610612740,NOP,29.0,65,1529.6016666666667,654,175,174,69,20,86,-161,108.4,113.6,0.555,0.18,0.083,108.3,113.0,-4.6,25.689041046634145,1091.5,-0.004731157676893341,-3.0673693917827243,-0.6464365091461084,-0.17714181001516194,-0.45623570923227114,-1.0640490682474997,-0.28863520912351615,-0.404932679770381,0.8338306092057816,True,-0.4371032544253979,33.10182336132637,30.626593941368125,josh richardson,12196094.0,False,False,NOP,148360910,0.0,148360910.0,12196094.0,0.0690967821619062,28.400388843031866,62.73833173445937,josh richardson
1630563,Joshua Primo,1610612759,SAS,20.0,4,93.36166666666666,28,13,18,1,2,11,-2,112.7,111.0,0.467,0.173,0.053,110.3,114.7,-4.5,20.475212881803742,53.1,-0.019771168211680824,-0.1809512459318947,-0.13181386728041247,-1.3587542847497582,-2.053131683350854,-0.0029100928882677428,-0.07441261248812069,-1.345107459245685,0.20600272137066833,False,-1.0627889672702315,14.393883194918738,9.250966356365462,joshua primo,1017780.7513239831,False,True,SAS,104545376,0.0,104545376.0,1017780.7513239831,0.005766221124797372,20.460251729373052,45.198045261373196,joshua primo
201950,Jrue Holiday,1610612749,MIL,33.0,67,2182.54,1290,341,495,79,25,197,481,117.0,107.9,0.586,0.244,0.135,116.5,107.3,9.2,35.788210067169445,2169.7,0.0011506529268778957,3.4903531962380074,3.9397043873803193,1.4154136364657552,0.16827446993051226,1.3467780108939416,1.620443271815278,1.2247036046534794,0.9960239135500896,True,1.1915888534084424,88.32887511123243,88.17083365167292,jrue holiday,34319520.0,False,False,MIL,182930771,97652912.25,280583683.25,52640117.76877079,0.2982317740783109,49.0079912013055,108.26188425167827,jrue holiday
1629308,Juan Toscano-Anderson,1610612762,UTA,30.0,52,700.0583333333333,155,124,65,16,10,34,-147,103.8,113.7,0.505,0.109,0.053,104.4,113.0,-8.5,17.504826978704155,340.4,-0.008314978815452083,-4.812689687777933,-0.5237029317574654,-1.3762128764065897,-0.8367533647810012,-1.7056842357745197,-0.2375447527315721,-1.345107459245685,0.5640995774979213,True,-1.1645828098684168,12.209395270132688,9.814459019597114,juan toscano anderson,2133278.0,False,False,UTA,148738241,0.0,148738241.0,2133278.0,0.012086053555899695,16.75338656941256,37.00933568468825,juan toscano anderson
1627823,Juancho Hernangomez,1610612761,TOR,27.0,42,613.495,122,123,25,16,6,15,13,114.3,113.8,0.504,0.092,0.056,113.2,113.4,-0.1,15.802573778107401,269.3,-0.0071101472570788225,0.677663651222268,-0.6488945555732973,-1.562101900894898,-0.7088285431455975,0.3127440106254741,-0.28965842311653783,-1.2510899812981546,0.5280732559374349,True,-0.8687139129586701,19.250181480074374,15.16207751924713,juancho hernangomez,2137339.5777803645,False,True,TOR,150992313,1087969.5,152080282.5,2152740.0986781926,0.012196315775326719,25.799691048113363,56.993218810109155,juancho hernangomez
1630577,Julian Champagnie,1610612759,SAS,22.0,17,320.135,165,60,10,6,5,11,-74,108.2,118.8,0.6,0.181,0.086,106.8,118.7,-12.0,25.729145516735123,228.79999999999998,0.003387558113790572,-1.9712536958953166,-2.481709458286597,-0.8176544902248443,0.40578127746921483,-0.6610821287272802,-1.052606524637807,-0.310915201822851,0.381465475621201,False,-0.4938742894874473,31.069748160884636,22.421777805316804,julian champagnie,1017780.7513239831,True,True,SAS,104545376,0.0,104545376.0,1017780.7513239831,0.005766221124797372,49.589978002804905,109.54753147360019,julian champagnie
203944,Julius Randle,1610612752,NYK,28.0,77,2737.2516666666666,1936,767,316,49,21,216,170,118.1,115.4,0.581,0.288,0.148,116.3,113.6,2.7,36.33469337553301,2762.7000000000003,-8.185228302937019e-05,3.8979435211945224,-1.6384566462630061,1.9004857460515336,0.03741135628915583,1.4966211583299487,-0.7015846450778783,1.6321126757594437,1.0,True,1.0896224196719007,86.20602484975888,86.20602484975888,julius randle,23760000.0,False,False,NYK,148987936,0.0,148987936.0,23760000.0,0.13461191297532565,63.29861670730798,139.8308183477509,julius randle
1630551,Justin Champagnie,1610612738,BOS,22.0,5,34.28333333333333,11,8,4,1,0,0,-4,117.4,126.9,0.367,0.188,0.061,121.0,125.7,-4.8,25.62177929022849,24.400000000000002,-0.040285431351421944,0.4587912258044748,-0.8853592678570247,-0.978531845860313,-4.231264746761287,0.23227955623722557,-0.3880918781515026,-1.0943941847189373,0.1248332220738267,False,-1.231012777182094,10.91590427610074,6.616947728041211,justin champagnie,853241.0,False,False,BOS,178633307,78056804.75,256690111.75,1226078.8949044186,0.00694633103963624,13.711315075558876,30.2891991542984,justin champagnie
203200,Justin Holiday,1610612742,DAL,34.0,46,706.1133333333333,205,55,41,19,19,22,-129,104.8,113.9,0.494,0.132,0.037,105.3,112.5,-7.1,17.83906266227329,349.9,-0.011521515629721792,-4.279627522644699,-0.3967827637613526,-1.3430415761156542,-1.1772122838573287,-1.5097136552384425,-0.18471153914625998,-1.8465340082991806,0.5665338525283428,True,-1.3204662182549725,9.3339703843415,7.513288301939726,justin holiday,5987975.0,False,False,DAL,177244238,72153261.5,249397499.5,8425582.737806758,0.047735008849665375,7.9299952114948775,17.517882342428102,justin holiday
1628382,Justin Jackson,1610612738,BOS,28.0,23,107.42333333333332,20,17,9,4,4,2,-71,83.0,111.3,0.359,0.122,0.052,87.1,112.3,-25.2,19.604679306171846,58.5,-0.02711867353656105,-4.766137280742529,0.08528715681334771,-1.4226613678528357,-2.8332642268738284,-1.688570092567977,0.01596029637760758,-1.3764466185615287,0.22097236903918072,False,-1.4444804309912973,7.43019402295193,4.825447121676164,justin jackson,1836090.0,False,False,BOS,178633307,78056804.75,256690111.75,2638400.168469464,0.01494781539865724,7.646649440857413,16.891952850685563,justin jackson
1631303,Justin Minaya,1610612757,POR,24.0,4,88.85,17,15,4,2,5,4,-20,108.2,120.2,0.363,0.123,0.022,107.3,120.2,-12.9,16.97692740574001,41.9,-0.026848957745877124,-0.7167206274147583,-1.1795986558634586,-1.6401144382117547,-2.804626742923724,-0.19987593212844165,-0.5105752681217363,-2.316621398036833,0.20096358783710952,False,-1.6322767204400739,5.131060252332069,3.2861034637553046,justin minaya,35096.0,False,False,POR,144997250,0.0,144997250.0,35096.0,0.002,10.528258953777724,23.2576182839997,justin minaya
1626159,Justise Winslow,1610612757,POR,27.0,29,775.7916666666666,196,145,98,30,11,43,-38,109.8,112.3,0.466,0.139,0.063,110.6,110.8,-0.1,21.461947473011442,462.50000000000006,-0.016024505094934305,-1.2952477603841683,0.597295814776325,-0.9763053493585996,-1.6553240333048407,-0.4125608786872554,0.22909476673629395,-1.0317158660872505,0.593828742784968,False,-0.8294096189541955,20.34363301802442,16.625283468360923,justise winslow,4097561.0,False,False,POR,144997250,0.0,144997250.0,4097561.0,0.02321466854979328,22.58333162713447,49.88806875579443,justise winslow
203994,Jusuf Nurkić,1610612757,POR,28.0,52,1391.415,694,471,149,43,44,119,9,114.6,114.3,0.589,0.218,0.119,113.0,113.9,-0.9,32.297193863800516,1248.3,0.0016820423690958254,0.9048181154921544,-1.2342293757204084,0.4555396084400572,0.22469555148522155,0.3962532055112242,-0.5333164647029602,0.7232770555999835,0.7952743951846831,True,0.34401286263403213,63.458169358208835,57.61198891215939,jusuf nurkic,15625000.0,False,False,POR,144997250,0.0,144997250.0,15625000.0,0.08852319613802455,48.9867595511775,108.21498213648673,jusuf nurkic
1630231,KJ Martin,1610612745,HOU,22.0,82,2292.1583333333333,1039,452,123,41,30,91,-368,110.6,118.7,0.635,0.16,0.102,109.2,118.7,-9.5,24.35015033138345,1550.4,0.008594526509428135,-2.175488507818446,-5.186408065860747,0.06074765654195449,0.9586390596578505,-0.7361653315433129,-2.1784947225027667,0.19051134723064447,1.0,True,-0.22106283085355244,41.252175548269854,41.252175548269854,kj martin,1782621.0,False,False,HOU,137579793,0.0,137579793.0,1782621.0,0.010099411739056733,74.98580419948075,165.6485861952028,kj martin
1629644,KZ Okpala,1610612758,SAC,24.0,35,248.025,46,34,13,7,7,7,-11,106.4,105.0,0.554,0.081,0.031,107.0,105.8,1.2,15.617780465678864,107.60000000000001,-0.0022100209546020034,-1.873401098660162,2.2886022871896703,-1.6971640431205914,-0.18855018649161537,-0.6251084064460464,0.9331369808781144,-2.0345689641942415,0.33576574626312966,False,-1.0167399418473524,15.463857969831473,10.841627098513689,kz okpala,1902133.0,False,False,SAC,139423615,0.0,139423615.0,1902133.0,0.01077650512893498,19.264733704182238,42.55706710880295,kz okpala
1630539,Kai Jones,1610612766,CHA,22.0,46,549.6266666666667,157,123,15,17,30,31,-32,105.3,108.4,0.597,0.121,0.073,105.8,108.7,-2.8,20.835233613119208,318.1,0.001901610672755023,-3.5660097134708133,1.991013235091067,-1.1329475341499127,0.248008549793728,-1.2473650859871699,0.809259222138797,-0.718324272928816,0.4998302742234638,True,-0.5272487625243196,29.90104251241721,23.17102420717649,kai jones,2909040.0,False,False,CHA,125874047,0.0,125874047.0,2909040.0,0.016481121183574973,35.484254965056216,78.3870591227502,kai jones
1626157,Karl-Anthony Towns,1610612750,MIN,27.0,29,957.05,602,236,140,20,17,86,39,111.2,109.4,0.618,0.25,0.138,110.0,108.8,1.2,34.63643487801056,920.8000000000001,0.009178947670981458,-1.2677283344422723,2.1953295190371014,0.3937516589843918,1.0206908646027726,-0.40244386376741953,0.8943102115844518,1.3187210826010098,0.6595625271895965,False,0.7209378213893716,76.45261142243398,64.74031120234983,karl anthony towns,33833400.0,False,False,MIN,145793656,0.0,145793656.0,33833400.0,0.19168260506983936,42.005548525038456,92.79302662429524,karl anthony towns
202695,Kawhi Leonard,1610612746,LAC,32.0,52,1747.4883333333332,1239,338,204,72,28,88,220,118.2,112.1,0.623,0.267,0.159,117.4,111.8,5.5,38.161284815444645,1852.3999999999999,0.011138116112608199,4.128651182032297,0.3594166478326308,1.363876057464513,1.2287085511474403,1.5814366211141042,0.1300725149298101,1.9768434282337222,0.8912423232700962,True,1.375054695914948,91.54427558675333,87.06401135792153,kawhi leonard,42492492.0,False,False,LAC,192905421,150170920.75,343076341.75,75571586.48849553,0.4,43.667014413104376,96.46331433151947,kawhi leonard
1631099,Keegan Murray,1610612758,SAC,22.0,80,2381.673333333333,976,371,98,61,42,60,99,118.8,117.1,0.597,0.156,0.073,118.1,116.0,2.1,22.78045407850503,1507.1000000000001,0.0024516633466924267,4.934111505796284,-3.3536846890855703,-0.09405570649636574,0.30641122833787654,1.8775494154020886,-1.4155847205957177,-0.718324272928816,1.0,True,-0.12375482003109908,45.07547025616953,45.07547025616953,keegan murray,8008440.0,False,False,SAC,139423615,0.0,139423615.0,8008440.0,0.045371693112294484,48.42853648528466,106.98183057354942,keegan murray
1628966,Keita Bates-Diop,1610612759,SAS,27.0,67,1452.5883333333334,647,247,103,46,20,56,-266,108.1,116.6,0.609,0.165,0.099,107.5,116.2,-8.7,25.45001853014102,1026.8999999999999,0.004573105462847761,-3.4741802275429885,-2.959162612122429,-0.24399168917040398,0.5316585688751903,-1.2136056507004667,-1.2513565330238814,0.09649386928311444,0.8125684120382876,True,-0.32204530373504037,37.37091869045076,34.21889790526811,keita bates diop,1878720.0,False,False,SAS,104545376,0.0,104545376.0,1878720.0,0.010643859139099487,61.06848558249428,134.90431163359256,keita bates diop
1629640,Keldon Johnson,1610612759,SAS,23.0,63,2063.3316666666665,1385,318,183,46,11,134,-491,110.2,121.4,0.551,0.273,0.103,107.8,119.9,-12.2,31.39504959212407,1799.4,-0.008267589143288234,-2.9380671260380256,-6.534308893666666,0.7963009911695171,-0.8317216943231772,-1.0165134490645376,-2.7395870488970258,0.22185050654648797,0.9684410308857376,True,-0.42254292908638547,33.63143866106098,33.1538205707733,keldon johnson,3873024.0,False,False,SAS,104545376,0.0,104545376.0,3873024.0,0.02194255764475369,45.93237159060723,101.46763771894673,keldon johnson
203482,Kelly Olynyk,1610612762,UTA,32.0,68,1941.5933333333328,847,420,252,60,37,168,14,116.4,116.0,0.643,0.176,0.1,114.3,114.5,-0.2,27.15584107897638,1464.6,0.01086197916037095,2.1709080391606603,-2.161193698208888,0.21568846999318167,1.1993892906114787,0.86170806909206,-0.9191850371232073,0.12783302859895793,0.9394372912772965,True,0.2635588744650325,60.394007415850446,58.74807630997512,kelly olynyk,12804878.0,False,False,UTA,148738241,0.0,148738241.0,12804878.0,0.07254583850991843,53.55685883675132,118.31063282008972,kelly olynyk
1626162,Kelly Oubre Jr.,1610612766,CHA,27.0,48,1547.5116666666668,972,249,54,68,18,64,-278,107.6,115.3,0.534,0.257,0.094,106.0,113.9,-7.9,30.658508767300624,1317.9,-0.012152041794231053,-4.361001894278749,-1.5703622695180237,0.37958472440379804,-1.244159357554674,-1.5396294584841999,-0.6732389155746165,-0.06020192729610302,0.8386980350158179,True,-0.44171855682990496,32.93464398313593,30.544053727395497,kelly oubre,12600000.0,False,False,CHA,125874047,0.0,125874047.0,12600000.0,0.071385105365703,28.0026954344063,61.85980077008209,kelly oubre
202689,Kemba Walker,1610612742,DAL,33.0,9,143.90166666666667,72,16,19,2,2,4,-1,110.5,112.4,0.543,0.215,0.103,109.2,109.9,-0.7,28.169235936577063,112.60000000000001,-0.008231105002955937,-0.601180393153575,0.33126008995414324,-0.7139257072345324,-0.8278479352801855,-0.157399672764247,0.11835175013956103,0.22185050654648797,0.255753491637648,False,-0.24196065353041749,40.44053256833512,26.896556246201296,kemba walker,37281261.0,False,False,DAL,177244238,72153261.5,249397499.5,52457859.14691833,0.29719919067158507,14.968070967512405,33.0654557926987,kemba walker
1631112,Kendall Brown,1610612754,IND,20.0,6,40.295,9,6,3,4,0,2,4,107.2,99.0,0.571,0.093,0.04,108.1,98.7,9.4,20.90581958059312,23.4,-0.0009564314663949016,-0.34828975052163297,1.0114679087745297,-1.3473085484393543,-0.05544841756100056,-0.06442904140019891,0.4015026909359633,-1.7525165303516501,0.1353362815024452,False,-0.820338311419119,20.601163590720255,12.58527816864238,kendall brown,1017780.7513239831,True,True,IND,125706114,0.0,125706114.0,1017780.7513239831,0.005766221124797372,27.834709315251747,61.4887083555186,kendall brown
1629134,Kendrick Nunn,1610612764,WAS,27.0,70,963.43,496,109,90,28,7,66,-54,110.3,112.6,0.53,0.227,0.076,110.3,113.2,-2.9,25.465264731220746,681.5,-0.011641515514748828,-1.389116402436422,-0.3803510514342849,-0.5004975936766638,-1.1899534540081829,-0.4470699725234603,-0.1778714901559769,-0.6243067949812855,0.6617573023947128,True,-0.5846506744166946,27.9391313409608,23.68653812187905,kendrick nunn,5250000.0,False,False,WAS,152008934,2612901.0,154621835.0,5340242.921182514,0.03025506377833836,29.32635515280538,64.78385237287688,kendrick nunn
1631113,Kennedy Chandler,1610612763,MEM,20.0,36,281.5083333333333,78,38,58,12,5,18,-41,103.0,108.4,0.44,0.15,0.085,102.0,110.2,-8.3,25.192859891655075,197.0,-0.021192631397411125,-3.605731634866421,1.0454256891364822,-0.8832312080243245,-2.204057697225656,-1.261968125754511,0.41563833770568,-0.342254361138694,0.35771264072343506,False,-0.7810422331388625,21.738882783111045,15.455708455736815,kennedy chandler,1200000.0,False,False,MEM,127139520,0.0,127139520.0,1200000.0,0.006798581463400286,32.268466999736596,71.28317145166976,kennedy chandler
1631254,Kenneth Lofton Jr.,1610612763,MEM,20.0,24,175.95833333333334,120,51,20,5,2,12,-48,103.3,116.7,0.572,0.267,0.129,103.5,117.6,-14.2,37.21562869997631,181.89999999999998,-0.0024788838873918144,-2.3401919232386716,-1.264516941094003,0.04375255351829821,-0.2170971169587642,-0.796715537593125,-0.5459243065899269,1.0366686487584182,0.2828092300581093,False,0.08797818883582748,53.50529941509675,36.237221317528665,kenneth lofton,1505966.0,False,False,MEM,127139520,0.0,127139520.0,1505966.0,0.008532027110092563,69.87509843826221,154.35870015819486,kenneth lofton
1629026,Kenrich Williams,1610612760,OKC,28.0,53,1205.9816666666666,425,261,105,45,14,32,75,113.3,109.2,0.585,0.134,0.096,113.1,108.6,4.5,24.982469329964946,836.9000000000001,0.0004979159516460575,0.5442961022582848,2.504068085450517,-0.4222339661803309,0.09896912965198616,0.2637138642285469,1.0228291922861055,0.0024763913355839626,0.7403873883640136,True,0.10301125378058824,54.10229803770174,47.78176053761744,kenrich williams,2000000.0,False,False,OKC,148856338,0.0,148856338.0,2000000.0,0.011330969105667143,83.42659177058994,184.29484254272035,kenrich williams
203484,Kentavious Caldwell-Pope,1610612743,DEN,30.0,76,2381.2066666666665,822,208,183,112,35,86,493,121.4,111.5,0.598,0.136,0.066,120.1,110.8,9.4,21.465083529079095,1419.8,0.0022733475330139106,6.785217710179951,1.0762635137314462,-0.26183912535472237,0.2874782758425128,2.558074842331107,0.42847523667182397,-0.93769838813972,1.0,True,0.1443349554462201,55.73820115829374,55.73820115829374,kentavious caldwell pope,14004703.0,False,False,DEN,162338665,21429162.5,183767827.5,15853363.36905772,0.0898169852778541,47.1534318516332,104.16504035478454,kentavious caldwell pope
1631165,Keon Ellis,1610612758,SAC,23.0,16,70.86333333333333,24,8,6,5,1,1,-21,98.0,112.2,0.629,0.124,0.067,100.6,112.3,-11.7,25.197798579425186,49.6,0.005916758044806804,-1.5951218530477187,0.0151759206945538,-0.9928178498924155,0.6743229236495105,-0.5228041183520272,-0.013224993644289786,-0.9063592288238764,0.17947313464863218,False,-0.4993681593722878,30.876002303004825,19.47543708008505,keon ellis,1638627.0096316128,True,True,SAC,139423615,0.0,139423615.0,1638627.0096316128,0.00928361601092377,36.4604502711094,80.54353892615309,keon ellis
1630553,Keon Johnson,1610612757,POR,21.0,40,416.36,189,44,59,19,6,43,-153,103.2,119.3,0.482,0.237,0.059,103.6,120.4,-16.8,25.593236622153906,296.0,-0.02353035760790958,-4.075652938795158,-3.4430464299493493,-0.7781242244735145,-2.4522693301564846,-1.4347261205264108,-1.4527834417757586,-1.1570725033506244,0.4350339589670506,True,-1.342619640992364,8.96975836001419,6.689334368658452,keon johnson,2681040.0,False,False,POR,144997250,0.0,144997250.0,2681040.0,0.015189390705528919,10.540946396671696,23.28564568198863,keon johnson
1630556,Kessler Edwards,1610612758,SAC,22.0,36,385.7533333333333,100,61,23,14,6,13,5,118.0,115.8,0.502,0.119,0.044,119.7,115.0,4.7,18.61811520315228,199.5,-0.009434820908612826,2.878696016012011,-1.27941379753797,-1.3944550815486205,-0.955654300793024,1.121913406841638,-0.5521254392442576,-1.6271598930882762,0.41873908850550867,False,-0.8946416882929844,18.548932961054028,13.697136604967413,kessler edwards,1637966.0,False,False,SAC,139423615,0.0,139423615.0,1637966.0,0.009279871071066594,25.6463716155591,56.654526073397264,kessler edwards
201142,Kevin Durant,1610612756,PHX,34.0,47,1671.756666666667,1366,313,235,34,67,156,258,117.1,110.3,0.677,0.305,0.185,116.6,107.8,8.9,41.011949506208026,1904.4999999999995,0.029193316158597393,3.3792676346601285,2.757518047338475,1.625210912994163,3.1457468536577253,1.305939430676657,1.1283331179508258,2.791661570445652,0.8717163494734936,True,2.080804109725018,98.12740800761462,92.46274405545029,kevin durant,44119845.0,False,False,PHX,176042453,67045675.25,243088128.25,60922864.666797854,0.3451575486841134,48.83110140568554,107.8711230286759,kevin durant
1628989,Kevin Huerter,1610612758,SAC,24.0,75,2202.776666666666,1140,251,221,80,24,97,222,121.0,116.6,0.617,0.197,0.091,119.4,115.9,3.5,28.00047818435218,1713.3,0.007036010764733389,6.218457060530424,-3.0951816334851854,0.46715329852676524,0.7931612820627543,2.3497156287128207,-1.3079773374301893,-0.1542194052436335,1.0,True,0.3457574390604091,63.52374933699947,63.52374933699947,kevin huerter,14508929.0,False,False,SAC,139423615,0.0,139423615.0,14508929.0,0.08220011312765904,55.43277263594428,122.45465010413105,kevin huerter
1628995,Kevin Knox II,1610612757,POR,23.0,63,951.7233333333334,415,177,33,24,12,50,-226,104.3,115.8,0.579,0.175,0.077,104.6,115.7,-11.1,22.389279797700308,591.9,-0.00039973663031298565,-5.198788724697156,-2.2012765525154547,-0.8073942686263622,0.0036595026426190134,-1.847626503222011,-0.9358703759162716,-0.592967635665442,0.6577244979104209,True,-0.7967144643305728,21.28084407525433,18.003083859417856,kevin knox,3000000.0,False,False,POR,144997250,0.0,144997250.0,3000000.0,0.016996453658500714,27.274532672387707,60.25124121222902,kevin knox
201567,Kevin Love,1610612748,MIA,34.0,62,1239.4783333333332,509,399,116,16,12,70,109,113.7,109.8,0.548,0.185,0.115,113.1,110.3,2.8,26.485658617133282,911.9,-0.006157578723473712,0.6626508757440807,1.6262377157092567,-0.2489700599072413,-0.6076881315170536,0.3072248375939707,0.6574136704784604,0.5979204183366099,0.7505992555446896,True,0.17067616700747923,56.77607980984338,50.40408135252031,kevin love,30556968.0,False,False,MIA,151408266,1711899.0,153120165.0,30902460.649405494,0.17507741345375413,33.75755507255957,74.57266519807374,kevin love
1629645,Kevin Porter Jr.,1610612745,HOU,23.0,59,2023.8833333333332,1130,314,338,82,17,188,-343,111.2,119.5,0.565,0.239,0.112,109.2,118.6,-9.4,31.558736093154256,1774.2,-0.0038919260265417375,-1.932592192587491,-5.274645177086649,0.7902737936014458,-0.3671290134158306,-0.6468689323250588,-2.2152252927277587,0.5039029403890795,0.9591386603077626,True,-0.13564415525321194,44.605129858956914,43.78494844552447,kevin porter,3217631.0,False,False,HOU,137579793,0.0,137579793.0,3217631.0,0.018229438727218435,64.7276757064304,142.98770391190945,kevin porter
1630284,Kevon Harris,1610612753,ORL,26.0,34,457.04833333333335,141,70,16,17,5,21,0,110.0,109.7,0.564,0.129,0.051,108.5,108.3,0.2,18.14775242589223,230.4,-0.002229663001773574,-1.5807432431878334,1.6820891812268068,-1.408108063132726,-0.19063571069914026,-0.5175180847412209,0.680663028349085,-1.4077857778773721,0.4557951759554311,False,-0.7784863642100845,21.81411711145511,16.47201061750794,kevon harris,1964316.8500552874,True,True,ORL,126107324,0.0,126107324.0,1964316.8500552874,0.011128806770858929,28.9417925698962,63.93432826838082,kevon harris
1626172,Kevon Looney,1610612744,GSW,27.0,82,1957.595,578,760,207,52,50,45,157,116.4,112.0,0.639,0.104,0.116,116.9,111.5,5.4,28.526431667428653,1551.2,0.006002442231128288,3.4171646369304773,0.5434493560931593,0.38725897172084683,0.6834205723423701,1.3198715722189873,0.20668003551321906,0.6292595776524533,0.9433005401731248,True,0.6170884432371342,73.14118045097472,71.2750010107731,kevon looney,8000000.0,False,False,GSW,192386134,189304154.5,381690288.5,15871841.928067436,0.08992167526848227,60.272682343802984,133.14632980241694,kevon looney
203920,Khem Birch,1610612759,SAS,30.0,20,161.85,43,25,7,5,5,8,6,110.6,107.8,0.629,0.113,0.05,110.9,107.4,3.5,17.81649675625579,80.1,0.00539188434728362,-0.39861262972523853,1.1792429187049835,-1.5460947371818028,0.6185936611894326,-0.0829293299159156,0.47134259954847796,-1.4391249371932153,0.2712345512986533,False,-0.6672101258301161,25.23189620552503,16.957235833612664,khem birch,6667500.0,False,False,SAS,104545376,0.0,104545376.0,6667500.0,0.037774618256017835,19.425439540001552,42.912076897402,khem birch
203114,Khris Middleton,1610612749,MIL,31.0,33,800.7733333333333,497,140,163,23,5,71,132,114.9,108.8,0.551,0.259,0.123,114.9,108.8,6.1,35.26391155216625,784.4000000000001,-0.007843610212863197,1.5328532130201886,2.205283561766275,0.34095437212656715,-0.7867050870847161,0.6271388520827431,0.898453793127488,0.8486336928633574,0.603314079719576,False,0.45066183460947623,67.38833533876338,55.35893361975295,khris middleton,37984276.0,False,False,MIL,182930771,97652912.25,280583683.25,58261210.00531167,0.33007798531448596,29.696669345993392,65.60190084491069,khris middleton
1630165,Killian Hayes,1610612765,DET,21.0,76,2153.588333333333,786,221,470,104,28,173,-500,106.7,117.6,0.455,0.201,0.075,105.4,116.9,-11.6,27.436441350211624,1641.3,-0.025383126072530904,-5.267159010058807,-3.8937344352417473,0.3694185148955914,-2.648989837451626,-1.872761591378926,-1.6403918890375115,-0.6556459542971289,0.9893956680109267,True,-1.0286606552454505,15.181958227808224,15.109510691426859,killian hayes,5837760.0,False,False,DET,129153570,0.0,129153570.0,5837760.0,0.03307373910314971,18.13289180742273,40.05675372287266,killian hayes
1630184,Kira Lewis Jr.,1610612740,NOP,22.0,25,234.76666666666668,114,33,23,10,2,10,62,115.2,104.0,0.584,0.192,0.096,113.7,103.4,10.4,27.801221070566516,181.29999999999998,0.0005214318113137537,0.6038650456566578,2.7932540925944807,-0.6913897315346875,0.10146596178813548,0.28561329957260684,1.143209005223231,0.0024763913355839626,0.3266682127359826,False,0.057438724504599324,52.290214189393645,36.44631566994043,kira lewis,4004280.0,False,False,NOP,148360910,0.0,148360910.0,4004280.0,0.022686186485220413,49.90831779265757,110.25076506136689,kira lewis
202691,Klay Thompson,1610612744,GSW,33.0,69,2278.911666666667,1509,286,163,49,29,123,163,115.4,112.6,0.576,0.256,0.1,114.7,111.4,3.2,30.50403445504323,1930.9999999999998,-0.0013527575849149969,2.1075569921237296,0.4118857555283947,0.824950717379217,-0.0975289454727935,0.8384182123409386,0.15191389457253118,0.12783302859895793,1.0,True,0.3785080621405932,64.7473397108467,64.7473397108467,klay thompson,40600080.0,False,False,GSW,192386134,189304154.5,381690288.5,80549756.50336152,0.4,32.47407249294474,71.73736754421674,klay thompson
1628424,Kobi Simmons,1610612766,CHA,25.0,5,27.77166666666667,5,4,5,0,2,1,-19,80.3,115.3,0.363,0.119,0.078,78.7,122.5,-43.8,22.55536217967953,17.400000000000002,-0.025975820908612824,-1.7401655874316848,-0.38085456675197255,-1.223055723034822,-2.7119201123627312,-0.5761268013138576,-0.1780810890931898,-0.5616284763495984,0.11235428273316887,False,-0.9941716740790519,16.006964795210056,9.613133609100942,kobi simmons,32795.0,False,False,CHA,125874047,0.0,125874047.0,32795.0,0.002,30.799261529707877,68.03759968593812,kobi simmons
1627739,Kris Dunn,1610612762,UTA,29.0,22,567.5416666666666,290,100,124,25,10,35,-62,111.6,115.9,0.606,0.195,0.133,109.7,114.9,-5.2,35.49624843990897,559.6,0.0048195791833655355,-1.0367072942585724,-1.5511731984194874,0.1913672277247181,0.5578282907055363,-0.3175131927836097,-0.6652510574756282,1.1620252860217923,0.5079109024705857,False,0.33270899880466187,63.032302193532644,49.07442327780509,kris dunn,1000001.0,False,False,UTA,148738241,0.0,148738241.0,1000001.0,0.0056654902183181245,109.20886793219182,241.24959072015213,kris dunn
204001,Kristaps Porziņģis,1610612764,WAS,27.0,65,2119.5116666666668,1505,546,174,58,100,137,80,116.2,114.8,0.627,0.272,0.145,114.4,113.3,1.1,38.498301888721215,2266.6,0.01243469506602783,2.192696674761117,-1.2280452413788125,1.6992026129704743,1.3663747918760376,0.869718263487761,-0.5307421875359162,1.5380951978119133,0.9815367511914131,True,1.142031842760375,87.32796080142641,86.60239976072596,kristaps porzingis,33833400.0,False,False,WAS,152008934,2612901.0,154621835.0,34414966.63800695,0.19497746187391107,55.85617674941602,123.38997771093044,kristaps porzingis
203937,Kyle Anderson,1610612750,MIN,29.0,69,1956.5733333333333,647,368,335,78,63,103,91,113.9,111.7,0.583,0.143,0.108,113.0,111.0,2.0,28.096059096515674,1526.9999999999998,0.00024535806780138933,0.7566103795543109,0.8779066979694626,0.33561784505033865,0.07215341253459398,0.341767335097935,0.34590500233699195,0.3785463031257054,0.9430543542932799,True,0.3114422146957244,62.2267767102786,60.63218191927198,kyle anderson,8780488.0,False,False,MIN,145793656,0.0,145793656.0,8780488.0,0.04974571913034054,63.07750708342819,139.34237260817594,kyle anderson
1628398,Kyle Kuzma,1610612764,WAS,27.0,64,2238.8516666666665,1357,463,239,36,29,190,10,112.9,112.6,0.544,0.273,0.109,111.9,112.0,-0.1,30.34073271193342,1886.8999999999996,-0.010178589143288237,-0.0899502533969632,0.11628494209259695,0.7793046620763656,-1.0346250233788399,0.030544761916466708,0.028863782373468982,0.40988546244154894,1.0,True,0.17150933238822047,56.808835350888586,56.808835350888586,kyle kuzma,13000000.0,False,False,WAS,152008934,2612901.0,154621835.0,13223458.661975749,0.0749173007844569,51.20919712426859,113.1244932875612,kyle kuzma
200768,Kyle Lowry,1610612748,MIA,37.0,55,1717.725,615,225,281,57,21,103,55,112.4,111.3,0.565,0.162,0.089,110.1,109.3,0.7,24.921102039034192,1189.1000000000001,-0.002638041909204023,-1.0766457893325827,1.7677060869222736,-0.1642539858001593,-0.23399596178953913,-0.3321958519129343,0.716302882412788,-0.2168977238753205,0.8836198791952854,True,-0.08361615330608879,46.66808117164355,44.2240245556275,kyle lowry,28333334.0,False,False,MIA,151408266,1711899.0,153120165.0,28653685.110429242,0.16233701037489418,30.412207561563566,67.18257194717057,kyle lowry
202681,Kyrie Irving,1610612742,DAL,31.0,60,2240.5733333333333,1623,304,331,66,45,128,222,117.9,113.2,0.613,0.286,0.146,117.2,111.5,5.7,37.841742887237196,2355.2,0.009070716135602785,4.1449794015902315,0.16535464209222495,1.714067753450252,1.0091992168596338,1.5874393931643194,0.04929008641623497,1.569434357127757,1.0,True,1.2962365499669184,90.25529995603033,90.25529995603033,kyrie irving,38917057.0,False,False,DAL,177244238,72153261.5,249397499.5,54759561.23154182,0.31023944827724426,49.47827849441829,109.30077989387826,kyrie irving
1630163,LaMelo Ball,1610612766,CHA,21.0,36,1267.755,838,231,304,46,11,129,-150,112.5,117.3,0.541,0.289,0.122,111.4,116.1,-4.7,38.843782907580724,1367.9,-0.011642136492345422,-0.4088063415616144,-3.010435593636239,1.0556624863293456,-1.1900193872481712,-0.08667686211207655,-1.2726999997576935,0.8172945335475139,0.7591128194987046,False,0.1266945442788993,55.040891796194224,49.074501439516276,lamelo ball,8623920.0,False,False,CHA,125874047,0.0,125874047.0,8623920.0,0.04885868554487249,51.37621400014085,113.49344457980017,lamelo ball
1630205,Lamar Stevens,1610612739,CLE,25.0,62,1120.4833333333331,328,207,33,27,19,27,6,112.2,111.1,0.524,0.136,0.067,112.8,109.5,3.4,18.593047643130202,578.7,-0.007790652466986084,0.10369073012548946,1.5504072065481596,-1.1134981575447553,-0.7810822179388501,0.10173333698066621,0.6258476116712115,-0.9063592288238764,0.7136600073288442,True,-0.5583074984263976,28.83172127386858,25.11666758765323,lamar stevens,1782621.0,False,False,CLE,151966241,2548861.5,154515102.5,1812520.1013141628,0.01026880463569573,45.39059539474116,100.27081837643907,lamar stevens
1629013,Landry Shamet,1610612756,PHX,26.0,40,806.91,346,67,93,26,5,36,38,109.9,107.7,0.537,0.186,0.075,109.1,107.7,1.4,24.087444696434545,539.9,-0.008236862932789787,-1.8461042874278564,2.8909092077416205,-0.7136666255207157,-0.8284592922303463,-0.6150732317631056,1.183860019460977,-0.6556459542971289,0.6056213938817492,True,-0.41406131834918886,33.941460028923906,27.917856465802505,landry shamet,9500000.0,False,False,PHX,176042453,67045675.25,243088128.25,13118069.982670601,0.07432022284981005,25.23657666265921,55.74926199971721,landry shamet
1626204,Larry Nance Jr.,1610612740,NOP,30.0,65,1380.8266666666666,441,354,119,56,37,42,185,114.1,107.4,0.649,0.118,0.11,114.3,106.8,7.5,25.90969660686352,993.8,0.00799046330070325,1.3288001637761868,3.922066771157259,-0.23281390904990165,0.8945017305054043,0.5521224709998558,1.6131012397351023,0.4412246217573924,0.7922426931493182,True,0.5331227254507966,70.30256856256607,63.7299260234062,larry nance,9672727.0,False,False,NOP,148360910,0.0,148360910.0,9672727.0,0.054800685402276214,64.09204683666718,141.58355782392417,larry nance
1628374,Lauri Markkanen,1610612762,UTA,26.0,66,2272.4866666666667,1691,570,123,42,38,127,163,117.4,113.6,0.64,0.259,0.154,115.0,112.0,2.9,35.68813018338208,2252.7999999999997,0.015207389787136795,2.909748761919727,-0.21126259285059823,1.4696026335177859,1.660769867421862,1.1333293823897308,-0.1074848306659207,1.8201476316545049,1.0,True,1.316437110747649,90.59863132573113,90.59863132573113,lauri markkanen,16475454.0,False,False,UTA,148738241,0.0,148738241.0,16475454.0,0.09334143013792007,75.61908233537451,167.04753935705824,lauri markkanen
2544,LeBron James,1610612747,LAL,38.0,55,1953.94,1590,457,375,50,32,178,214,115.6,111.0,0.583,0.322,0.172,114.6,110.9,3.7,43.475848797813654,2359.7000000000003,0.0005524846002241075,2.062246394560309,1.1483896017431878,2.157107303084156,0.1047630388401363,0.8217605977328549,0.45849925155584204,2.384252499339687,0.9424195166986651,True,1.46230600879227,92.81713136621093,90.41212648899148,lebron james,44474988.0,False,False,LAL,169391473,42154537.25,211546010.25,55542974.511571944,0.3146778641137396,49.31844100954629,108.94768834978268,lebron james
1630195,Leandro Bolmaro,1610612762,UTA,22.0,14,68.47333333333333,6,7,7,3,1,7,2,98.7,98.0,0.15,0.155,-0.055,101.2,100.4,0.8,10.252166293447571,19.5,-0.06684905244399149,-1.4707146372115207,1.5589109801165246,-2.1816228707790644,-7.0516975837343745,-0.4770680749691637,0.6293874878966537,-4.729736665356779,0.17642064058449175,False,-2.999233442922833,0.13532992053540563,0.08517520236647018,leandro bolmaro,1709300.0,False,False,UTA,148738241,0.0,148738241.0,1709300.0,0.009684012746158424,0.15711933212811643,0.3470869654437502,leandro bolmaro
1631311,Lester Quinones,1610612744,GSW,22.0,4,18.116666666666667,10,3,2,1,0,5,6,112.2,97.6,0.654,0.283,0.073,116.0,99.6,16.4,20.069917203311864,10.099999999999998,0.020578568763551016,0.07237906188790554,0.4749223429737619,-1.4224647124144196,2.2310629575674557,0.09022217336143114,0.17815421193716224,-0.718324272928816,0.09074606594695159,False,-0.19619755855234228,42.2227769457938,24.946725225720485,lester quinones,1017780.7513239831,True,True,GSW,192386134,189304154.5,381690288.5,2019256.9003054963,0.011440068776883389,43.410955478861254,95.89766326072228,lester quinones
1629623,Lindell Wigginton,1610612749,MIL,25.0,7,86.65,50,7,14,0,2,12,-39,101.6,121.8,0.61,0.251,0.083,103.9,123.8,-19.9,25.63416041546451,61.7,0.007207663461665382,-1.392845574430978,-1.5682734660868618,-0.9497368812952287,0.8113867680119349,-0.44844093457721884,-0.6723694068152231,-0.404932679770381,0.1984599799364185,False,-0.40532756026199757,34.261837532137754,21.903832257821566,lindell wigginton,1903250.0049758484,True,True,MIL,182930771,97652912.25,280583683.25,2919251.330011091,0.016538973316016694,33.502555652241504,74.00935466340354,lindell wigginton
1630322,Lindy Waters III,1610612760,OKC,25.0,41,530.825,214,75,28,14,11,10,136,115.2,104.8,0.573,0.148,0.073,114.4,105.8,8.6,23.363632082136295,344.5,-0.001226062978778983,1.1895182881664341,3.5955233521601397,-0.9159363702394872,-0.08407695313454486,0.5009180303046984,1.4771706112688585,-0.718324272928816,0.49120677001553115,True,-0.16037962117266472,43.62910208836722,33.6399157905791,lindy waters,2316876.0,False,False,OKC,148856338,0.0,148856338.0,2316876.0,0.013126225188830833,55.788126360372296,123.23964991414987,lindy waters
1629022,Lonnie Walker IV,1610612747,LAL,24.0,56,1297.0366666666666,654,109,64,30,17,46,-207,108.8,116.1,0.57,0.198,0.074,108.7,115.5,-6.7,23.744895415447004,855.5,-0.002234273444582694,-2.648902436698191,-2.42350021664923,-0.504936410139901,-0.19112523147066887,-0.9102073261636595,-1.0283756924176648,-0.6869851136129724,0.7678294870686597,True,-0.651785874126666,25.72696577749231,23.03909649916497,lonnie walker,6479000.0,False,False,LAL,169391473,42154537.25,211546010.25,8091355.344727122,0.045841448717038866,24.663848867849115,54.48406853412996,lonnie walker
1629663,Louis King,1610612755,PHI,24.0,1,28.8,20,4,2,1,0,2,2,125.8,120.6,0.744,0.205,0.107,123.9,123.5,0.4,31.25,25.0,0.03335673709020479,0.6671688435724851,-0.5423280336351464,-0.5388612820630182,3.5878043980235907,0.30888578604630446,-0.24529784667312643,0.34720714380986195,0.11441551070947108,False,0.5171556732367194,69.74762538118794,41.95228854009604,louis king,1832005.3523831696,True,True,PHI,150496913,344869.5,150841782.5,1836203.4635422584,0.010402982358558167,75.47206430809035,166.72276684011567,louis king
1629652,Luguentz Dort,1610612760,OKC,24.0,74,2272.3566666666666,1013,344,154,75,23,92,34,115.0,114.1,0.513,0.194,0.062,113.5,112.9,0.6,24.581352399197893,1551.6,-0.013247136607318386,1.3851734147269197,-0.8177999517703114,0.07968581997902013,-1.3604327134976402,0.5728470683134915,-0.3599688790029649,-1.063055025403094,1.0,True,-0.47112823125424014,31.877458293024564,31.877458293024564,luguentz dort,15277778.0,False,False,OKC,148856338,0.0,148856338.0,15277778.0,0.08655601526062057,27.319042304718206,60.34956592510402,luguentz dort
1629029,Luka Dončić,1610612742,DAL,24.0,66,2390.471666666667,2138,569,529,90,33,236,128,118.1,116.0,0.609,0.368,0.202,116.7,114.5,2.2,48.3494540477716,3210.5,0.010199410971684702,4.01100454510293,-2.247623865034277,3.1722045563205894,1.129040106304404,1.5381859812353524,-0.9551634283922749,3.3244272788149916,1.0,True,2.047188721596767,97.96802208095524,97.96802208095524,luka doncic,37096500.0,False,False,DAL,177244238,72153261.5,249397499.5,52197884.9332284,0.2957263107797897,54.614589751761066,120.64723016030385,luka doncic
1630568,Luka Garza,1610612750,MIN,24.0,28,243.42,181,63,18,3,2,14,18,121.4,119.4,0.652,0.245,0.111,121.8,120.6,1.2,35.686467833374415,241.29999999999998,0.017325368717561837,3.0221909170341816,-2.5335906447109267,-0.03126513277594889,1.8856494989514236,1.1746666894728546,-1.0742031695737004,0.47256378107323593,0.33263411512569563,False,0.43186980395557023,66.70819788156999,46.67474890314812,luka garza,1832005.3523831696,True,True,MIN,145793656,0.0,145793656.0,1832005.3523831696,0.01037919802463527,84.03505421881437,185.6389762141166,luka garza
1629677,Luka Samanic,1610612762,UTA,23.0,7,160.81333333333333,69,30,15,6,2,10,-6,109.6,111.3,0.55,0.193,0.079,109.1,108.8,0.4,25.565044357847608,114.19999999999999,-0.006037852398002305,-0.7568486746082638,0.6284089127886269,-0.9159615054697672,-0.5949760069677338,-0.21462827663656267,0.2420462541045981,-0.5302893170337549,0.270364512643523,False,-0.4732108759025231,31.80313696076813,21.36102315964245,luka samanic,538317.0,False,False,UTA,148738241,0.0,148738241.0,538317.0,0.0030498266480277095,59.04206932226599,130.42782448868158,luka samanic
1628379,Luke Kennard,1610612763,MEM,27.0,59,1315.085,546,158,91,32,5,46,211,116.5,109.1,0.684,0.144,0.089,116.5,109.2,7.3,21.899725112825408,800.0,0.014791073858485326,2.9633029375626676,2.334622809878454,-0.6903397648269456,1.6165668910418083,1.1530175980939066,0.9522940001518257,-0.2168977238753205,0.773153224846737,True,0.3206275150237986,62.57536581785045,56.187606844933654,luke kennard,13745455.0,False,False,MEM,127139520,0.0,127139520.0,13745455.0,0.07787466297416898,49.967508557418206,110.38152136388422,luke kennard
1628436,Luke Kornet,1610612738,BOS,27.0,69,804.0883333333334,261,197,53,11,46,25,61,111.8,107.9,0.697,0.111,0.099,113.2,108.2,5.0,24.816676443093936,554.3,0.012844452765915762,0.14179190699769062,2.652728910720499,-0.6460142856217662,1.409881438350895,0.11574053959067844,1.0847124158688088,0.09649386928311444,0.6045615741756145,True,0.25899474845105014,60.21803537915393,49.50239907669753,luke kornet,2133278.0,False,False,BOS,178633307,78056804.75,256690111.75,3065449.42491501,0.017367256364348545,74.43139272421375,164.4238546873021,luke kornet
1630644,Mac McClung,1610612755,PHI,24.0,2,41.06666666666667,25,10,9,0,0,3,18,115.2,95.7,0.563,0.243,0.139,110.6,95.7,15.0,35.41558441558442,40.400000000000006,-0.004443062863806035,0.0022740438998072776,1.266174088825145,-0.20229199370559425,-0.4256468046487635,0.06444934240055081,0.5075295440719066,1.3500602419168533,0.13662601021279466,False,0.3763948864222114,64.66883264894273,39.543808022393286,mac mcclung,1832005.3523831696,True,True,PHI,150496913,344869.5,150841782.5,1836203.4635422584,0.010402982358558167,71.13921375708608,157.15121425584752,mac mcclung
1630201,Malachi Flynn,1610612761,TOR,25.0,53,690.7883333333333,246,76,70,21,4,25,-40,109.9,113.4,0.479,0.168,0.056,110.3,113.3,-3.1,21.70042439435138,416.4,-0.017183747165100464,-1.3168723855269593,-0.5555977079567931,-0.9920890005167875,-1.778408321749682,-0.42051077763018374,-0.25082163023496795,-1.2510899812981546,0.5603522971932006,True,-0.9908103539608684,16.088909626231327,12.905856155203866,malachi flynn,2145720.0,False,False,TOR,150992313,1087969.5,152080282.5,2161180.9057186903,0.012244137037228106,21.930461973923673,48.445836640280625,malachi flynn
1631103,Malaki Branham,1610612759,SAS,20.0,66,1549.5966666666666,673,181,127,33,7,76,-364,108.3,119.4,0.524,0.188,0.065,107.8,119.2,-11.4,22.249144401016178,957.6999999999999,-0.010769431351421938,-3.334207862514458,-5.215037316276351,-0.5454146279737109,-1.0973585927021923,-1.1621473641668636,-2.1904122555936563,-0.9690375474555635,0.8392628439363446,True,-1.0945526530995036,13.685633399513108,12.695727993307727,malaki branham,2925600.0,False,False,SAS,104545376,0.0,104545376.0,2925600.0,0.016574941607769896,19.40373032913282,42.86411981904284,malaki branham
1627763,Malcolm Brogdon,1610612738,BOS,30.0,67,1743.815,1000,280,248,45,18,98,182,114.4,109.3,0.615,0.223,0.133,114.0,108.5,5.5,31.81300768716865,1541.0,0.00751862132251546,1.3600090498997293,2.7684605046110025,0.6361313561790952,0.8444031914355394,0.5635958486498833,1.13288814802489,1.1620252860217923,0.8903051060272438,True,0.8887735030678584,81.29375905486205,77.2808794287856,malcolm brogdon,22600000.0,False,False,BOS,178633307,78056804.75,256690111.75,32475447.177104548,0.18398914432824842,50.8663539927896,112.36713020234106,malcolm brogdon
1630792,Malcolm Hill,1610612741,CHI,27.0,5,9.15,5,3,0,0,0,0,9,104.3,65.2,0.625,0.167,0.147,130.2,67.0,63.2,27.934426229508198,7.1,0.007300537044215615,0.1335247875682195,0.8285095367753221,-0.810961455031293,0.8212477617747649,0.11270128394673379,0.3253423856222233,1.6007735164436003,0.06449101417322346,False,0.466385405876815,67.95301720457574,39.346221010560775,malcolm hill,508891.0,False,False,CHI,151964990,2546985.0,154511975.0,517420.1865161509,0.0029314360740315183,110.27084458947765,243.59556718502714,malcolm hill
1627736,Malik Beasley,1610612747,LAL,26.0,81,2093.085,1025,283,124,65,9,90,-87,112.4,114.6,0.531,0.207,0.079,111.2,114.0,-2.8,24.624513576849477,1431.6999999999998,-0.010408831328427345,-0.5892722845864534,-1.4995338711513997,-0.006400787794115598,-1.059071337274065,-0.15302187388519473,-0.6437550915465547,-0.5302893170337549,0.9753985199533947,True,-0.4390642374645275,33.03074956393197,32.6650771670873,malik beasley,15558035.0,False,False,LAL,169391473,42154537.25,211546010.25,19429786.95025492,0.11007915783151656,25.73491438206151,56.850122883293686,malik beasley
1628370,Malik Monk,1610612758,SAC,25.0,77,1719.235,1041,203,298,49,20,146,68,113.8,112.7,0.587,0.247,0.116,113.4,112.1,1.3,32.32437683039259,1543.6999999999998,0.0014118002989296733,0.8908717005477699,0.03273460730408806,0.6780527061433614,0.19600218901133032,0.3911260604767142,-0.005915817690886576,0.6292595776524533,0.8840081756100757,True,0.44547291460115,67.20109853337581,63.69344842442382,malik monk,9472219.0,False,False,SAC,139423615,0.0,139423615.0,9472219.0,0.05366471042555666,64.52670810384762,142.543753225586,malik monk
1629603,Mamadi Diakite,1610612739,CLE,26.0,22,175.87833333333333,57,30,8,4,9,12,-9,104.6,103.9,0.56,0.164,0.057,105.6,104.5,1.1,20.304945653718953,99.2,-0.003490610327836154,-1.8762098637287445,2.113588425405566,-1.3376475906726149,-0.3245187092454161,-0.6261409976841471,0.860283746549642,-1.2197508219823112,0.2827449327038364,False,-0.7138935383198352,23.76465066397474,16.094258413908182,mamadi diakite,1964316.8500552874,True,True,CLE,151966241,2548861.5,154515102.5,1997263.45424817,0.011315465247982028,28.11392283857834,62.10550944046251,mamadi diakite
1630699,MarJon Beauchamp,1610612749,MIL,22.0,52,701.3816666666667,266,115,35,21,7,45,-99,105.8,112.9,0.513,0.175,0.051,107.4,113.3,-6.0,20.156215469941472,392.7,-0.011949736630312976,-3.2985633903372644,-0.44238118919144104,-1.130280198307234,-1.2226792993421522,-1.149043324221127,-0.20369285147776883,-1.4077857778773721,0.5646324897531566,True,-1.0912181041961775,13.75884617441548,11.063276603144422,marjon beauchamp,2485200.0,False,False,MIL,182930771,97652912.25,280583683.25,3811860.4420734663,0.021596036452124573,15.413053156848347,34.04845079198492,marjon beauchamp
202694,Marcus Morris Sr.,1610612746,LAC,33.0,65,1825.1133333333328,728,258,114,42,21,56,-16,113.7,113.9,0.534,0.176,0.072,112.6,113.4,-0.7,22.174622945789675,1124.2,-0.008322020839629046,0.4944923289826008,-0.9558773428449141,-0.42700807277396136,-0.8375010623994188,0.2454044155373544,-0.41744652348709915,-0.7496634322446594,0.9108221394415977,True,-0.48308252341926267,31.451857128533213,30.18969293034321,marcus morris,16372093.0,False,False,LAC,192905421,150170920.75,343076341.75,29117262.46008806,0.16496340068842974,20.644713439905104,45.60553334372405,marcus morris
203935,Marcus Smart,1610612738,BOS,29.0,61,1956.76,703,191,382,93,23,143,240,118.1,111.7,0.538,0.176,0.076,117.3,110.7,6.6,26.15977432081604,1421.8999999999999,-0.0076180208396290465,4.14962951539403,1.0212901291131842,0.10609845079577473,-0.7627527925641565,1.5891489226738116,0.405591398611248,-0.6243067949812855,0.9430993392195562,True,0.02403070351269357,50.95859410437035,49.65378414972885,marcus smart,17207142.0,False,False,BOS,178633307,78056804.75,256690111.75,24726089.871236153,0.14008528021746305,35.95429682752091,79.42541259246435,marcus smart
1631109,Mark Williams,1610612766,CHA,21.0,43,827.975,387,304,18,28,45,40,-79,105.6,110.3,0.659,0.168,0.133,105.5,108.6,-3.0,31.331380778405148,720.6,0.013056252834899546,-4.283379069786089,1.9342151382947559,-0.013537778667023048,1.432369632537723,-1.5110928431067523,0.7856158089078072,1.1620252860217923,0.6134755681584009,True,0.45125703089059854,67.40978449680435,55.68479660286798,mark williams,3722040.0,False,False,CHA,125874047,0.0,125874047.0,3722040.0,0.021087160125028665,78.22870261875227,172.81236264678222,mark williams
1628365,Markelle Fultz,1610612753,ORL,25.0,60,1777.9416666666666,837,234,341,87,26,139,-130,110.3,114.0,0.564,0.208,0.111,109.2,112.9,-3.7,30.918899663937232,1527.0,-0.003595115537743437,-2.1620251976912455,-0.7475236402365956,0.5559106036989592,-0.33561470871891086,-0.7312157911817206,-0.3307148728361715,0.47256378107323593,0.8989745841959621,True,0.07111497933619007,52.83468767155392,50.43274684065108,markelle fultz,16500000.0,False,False,ORL,126107324,0.0,126107324.0,16500000.0,0.09348049512175392,42.07228454775074,92.94045089917762,markelle fultz
202693,Markieff Morris,1610612742,DAL,33.0,35,355.07,132,71,31,9,5,18,10,111.2,109.5,0.553,0.159,0.066,112.5,108.3,4.3,23.28892894358859,229.70000000000002,-0.004497189281255785,-0.17857468164095816,1.4958454651935071,-1.00741603423721,-0.43139375927482876,-0.002036392381574046,0.6031351288555159,-0.93769838813972,0.4017405313700057,False,-0.5077077784213515,30.582914631516395,22.34948141604303,markieff morris,2905851.0,False,False,DAL,177244238,72153261.5,249397499.5,4088775.9257910233,0.023164896847566827,30.381740109604994,67.11526733670748,markieff morris
1630250,Marko Simonovic,1610612741,CHI,23.0,7,19.596666666666668,6,2,0,0,0,0,15,108.2,80.9,0.381,0.145,-0.045,118.2,85.4,32.8,13.594148664738901,7.4,-0.02904121035083075,0.06750865919696705,1.0855270785283564,-1.9298441586124935,-3.0373924947165234,0.0884316586612383,0.4323313921213781,-4.416345072198344,0.0943799542147365,False,-2.1848589779027128,1.4449594055097472,0.8560965141707344,marko simonovic,1563518.0,False,False,CHI,151964990,2546985.0,154511975.0,1589723.094299878,0.009006551634038745,1.6198062197619147,3.5782587528162453,marko simonovic
1628963,Marvin Bagley III,1610612765,DET,24.0,42,990.455,504,269,36,19,30,46,-229,107.3,117.9,0.587,0.202,0.112,107.0,116.9,-9.9,28.354241232564824,780.0999999999999,0.0011545897181530122,-3.515399870230772,-3.26799897045346,-0.20148023130048826,0.16869246472670194,-1.2287593003784465,-1.3799162216867036,0.5039029403890795,0.6709745287131383,True,-0.2651966343091655,39.5428993771199,33.68811988049728,marvin bagley,12500000.0,False,False,DET,129153570,0.0,129153570.0,12500000.0,0.07081855691041965,30.971420312295674,68.41790978917967,marvin bagley
203486,Mason Plumlee,1610612746,LAC,33.0,79,2052.945,857,700,245,46,47,117,-269,111.5,117.4,0.689,0.149,0.127,110.2,116.9,-6.7,30.18609850726639,1721.4,0.01604965281190494,-1.359040859604278,-3.7937642967494547,0.6437610178084485,1.750198424023614,-0.43601324785931206,-1.5987771972000544,0.9739903301267313,0.9660004234894611,True,0.4104485503347686,65.92615311324808,64.91749553417935,mason plumlee,9080417.0,False,False,LAC,192905421,150170920.75,343076341.75,16149241.58053863,0.09149327871451922,54.56464870587186,120.53690709671905,mason plumlee
1629680,Matisse Thybulle,1610612757,POR,26.0,71,1200.4383333333333,293,140,53,83,32,24,-14,109.9,110.3,0.552,0.102,0.055,110.5,109.4,1.1,20.338570772065204,678.1999999999999,-0.00298698935023956,-1.5178374087451993,1.851202139383282,-0.9030437287807118,-0.27104598662028995,-0.49439190227852786,0.7510598863062747,-1.282429140613998,0.7386838213192353,True,-0.6126463747682589,27.005509372843218,23.829869942155685,matisse thybulle,4379526.0,False,False,POR,144997250,0.0,144997250.0,4379526.0,0.024812136901733,31.624599676892547,69.86082607756833,matisse thybulle
1630346,Matt Ryan,1610612750,MIN,26.0,34,310.1816666666667,122,26,16,5,1,7,21,112.3,110.1,0.538,0.157,0.047,114.2,110.6,3.6,19.242916785324727,165.79999999999998,-0.006795620862623638,0.39432526734820644,0.7589150640995895,-1.3708388110686995,-0.6754332252435403,0.2085798226417416,0.29637220935089376,-1.5331424151407458,0.3754885706205539,False,-0.8282246062970342,20.3771655538794,14.650567799839726,matt ryan,442439.0,False,False,MIN,145793656,0.0,145793656.0,442439.0,0.0025066313200711324,43.37191706041748,95.81142482010618,matt ryan
203521,Matthew Dellavedova,1610612758,SAC,32.0,32,212.79833333333332,47,13,41,7,0,10,-51,98.3,107.1,0.443,0.122,0.051,102.4,108.2,-5.8,19.43812216574378,114.9,-0.01687067353656105,-3.4779947002968497,1.379924803071558,-1.393580526433956,-1.7451672534764302,-1.2150079720222704,0.5548806930354553,-1.4077857778773721,0.3110088666766836,False,-1.1315250448411875,12.891708414413744,8.894685658499448,matthew dellavedova,2628597.0,False,False,SAC,139423615,0.0,139423615.0,2628597.0,0.014892275699124668,14.11334813758365,31.177316699200233,matthew dellavedova
1631108,Max Christie,1610612747,LAL,20.0,41,512.425,128,75,21,9,7,13,-77,106.1,113.2,0.566,0.1,0.058,106.4,114.6,-8.2,15.842318388056793,225.50000000000003,-0.0015284209316074216,-3.102634859775516,-0.8390449932384234,-1.5916785187498481,-0.11618026825508128,-1.0770137742188874,-0.3688125784026376,-1.1884116626664676,0.4826183321688625,True,-0.9887441216188932,16.139417487008895,12.381810055245635,max christie,1017781.0,False,False,LAL,169391473,42154537.25,211546010.25,1271064.6294353628,0.007201197023719175,25.335432257626206,55.96764052774108,max christie
1629622,Max Strus,1610612748,MIA,27.0,80,2271.978333333333,923,258,171,42,12,69,-145,109.3,113.1,0.557,0.17,0.073,107.8,111.9,-4.1,21.59386789926841,1362.8000000000002,-0.004128315583732599,-3.2867216198316744,0.0018480178148715836,-0.29431537819625253,-0.3922280338805191,-1.1446899133202137,-0.018773016079212133,-0.718324272928816,1.0,True,-0.5224297709196997,30.068556611152196,30.068556611152196,max strus,1815677.0,False,False,MIA,151408266,1711899.0,153120165.0,1836205.9692745244,0.010402996554745613,54.09323384495744,119.4955205828911,max strus
1628467,Maxi Kleber,1610612742,DAL,31.0,37,929.7683333333332,220,135,52,12,30,27,-43,110.7,113.6,0.592,0.1,0.056,110.9,113.9,-3.0,16.877752701837917,435.9,0.001071579068392581,-1.0339910519235342,-0.9089439687949254,-1.3538988204325773,0.15987868284105822,-0.3165146158406352,-0.39790951046062456,-1.2510899812981546,0.6500938160734723,False,-0.7969835160166209,21.273030241518192,17.92342606695473,maxi kleber,9000000.0,False,False,DAL,177244238,72153261.5,249397499.5,12663754.381115621,0.07174630482708902,16.403140844766963,36.235619783020844,maxi kleber
1630593,McKinley Wright IV,1610612742,DAL,24.0,27,335.03,114,47,58,8,5,19,-110,102.7,117.6,0.536,0.16,0.091,103.7,117.2,-13.5,24.617496940572487,229.1,-0.0072454734905718614,-3.655121704388489,-1.997166571956351,-0.9041830443468938,-0.7231970116355513,-1.2801254838077463,-0.8509052646338529,-0.1542194052436335,0.3902388545959559,False,-0.7004457466713861,24.18244877886146,17.546965829128524,mckinley wright,1832005.3523831696,True,True,DAL,177244238,72153261.5,249397499.5,2577785.089718848,0.014604401606326835,28.032932771183418,61.92659704093508,mckinley wright
203086,Meyers Leonard,1610612749,MIL,31.0,9,113.73833333333332,43,34,1,2,0,6,-27,109.8,122.2,0.652,0.14,0.068,113.4,122.4,-9.1,20.32032589423092,64.20000000000002,0.00990021069574962,-0.08340143132710953,-1.8416685488461533,-1.3625600933150932,1.097272062326591,0.032952316882473215,-0.7861759123426828,-0.8750200695080329,0.2273746741047525,False,-0.551538774151226,29.063219710267806,18.958478890172927,meyers leonard,713558.0,False,False,MIL,182930771,97652912.25,280583683.25,1094472.6836170363,0.006200718082530624,40.877527342238025,90.30115344744631,meyers leonard
1629662,Mfiondu Kabengele,1610612738,BOS,25.0,4,36.43333333333333,6,10,0,2,0,1,-5,108.3,115.3,0.381,0.107,0.046,107.4,119.3,-11.9,15.809698078682525,15.999999999999998,-0.021430410396819935,-0.3158200668297051,-0.3611691788777816,-1.7505277517629279,-2.229304243829304,-0.0524921545244637,-0.16988662860288617,-1.5644815744565894,0.12868801832574026,False,-1.274728864321207,10.12026133235408,6.152204101904412,mfiondu kabengele,1903250.0049758484,True,True,BOS,178633307,78056804.75,256690111.75,2734906.8584697843,0.015494572560099153,9.627282117125649,21.267301039564842,mfiondu kabengele
1630695,Micah Potter,1610612762,UTA,25.0,7,52.44,24,16,4,1,0,2,-3,95.8,100.0,0.8,0.121,0.159,97.4,99.3,-1.9,27.597254004576666,40.20000000000001,0.026464610672755032,-1.4855695300375464,1.2152455240282656,-0.8125789530894321,2.8560224020146783,-0.4825292053238004,0.48632944810615486,1.9768434282337222,0.15439029644496327,False,0.8188816869173134,79.3573040393174,49.15991618469105,micah potter,1903250.0049758484,True,True,UTA,148738241,0.0,148738241.0,1903250.0049758484,0.010782833503371086,87.3354259315266,192.92971496081407,micah potter
203487,Michael Carter-Williams,1610612753,ORL,31.0,4,44.48333333333333,17,5,7,1,1,4,-26,95.7,128.1,0.498,0.191,0.055,98.7,129.0,-30.3,23.388535031847137,28.9,-0.015907283979370166,-1.2181240129530115,-1.328229274347264,-1.1494555118526728,-1.6428779032244731,-0.38420773988697315,-0.5724459174886077,-1.282429140613998,0.1421959808493087,False,-1.0620223542373757,14.411276852563692,8.848353810213586,michael carter williams,652829.0,False,False,ORL,126107324,0.0,126107324.0,652829.0,0.0036985926151417874,22.86048969968223,50.500329214427225,michael carter williams
1630701,Michael Foster Jr.,1610612755,PHI,20.0,1,1.0333333333333334,0,0,0,0,0,0,-2,0.0,100.0,0.0,0.0,0.0,0.0,200.0,-200.0,0.0,0.0,-0.0,-0.23183495447622363,-0.09820704569300813,-2.996244226054202,0.04610214682681439,-0.021616560080078916,-0.06042305975679125,-3.006082902985389,0.021672493389016636,False,-1.6562765483606756,4.883291373123474,2.733435150218208,michael foster,106288.0,False,False,PHI,150496913,344869.5,150841782.5,106531.56306508426,0.002,8.757579733039881,19.346071123150846,michael foster
1629008,Michael Porter Jr.,1610612743,DEN,25.0,62,1797.8933333333334,1080,341,65,37,29,68,418,122.6,112.2,0.621,0.22,0.103,121.1,111.4,9.8,29.112071906379317,1453.9,0.008737473950463684,7.268552976785442,0.5181543116697664,0.36036848634759167,0.9738167214402161,2.735764235774672,0.19615043642923422,0.22185050654648797,0.9040045588514709,True,0.7425069825974627,77.1109888618,73.77995233486548,michael porter,30913750.0,False,False,DEN,162338665,21429162.5,183767827.5,34994452.35291374,0.1982605292403032,47.308753197864945,104.5081554508203,michael porter
1628969,Mikal Bridges,1610612751,BKN,26.0,83,2963.1766666666667,1671,364,273,91,61,127,36,114.0,113.2,0.587,0.223,0.112,112.4,111.1,1.3,29.79451107088901,2452.3999999999996,0.001274621322515454,0.5390099050890821,0.37840369712033667,1.158585568651525,0.18143700272619517,0.2617704902736201,0.13797627716248329,0.5039029403890795,1.0,True,0.5279948398039499,70.12485412579097,70.12485412579097,mikal bridges,20100000.0,False,False,BKN,159566723,15024515.25,174591238.25,21992579.798890773,0.12459862112757533,52.90273947670041,116.86564001975788,mikal bridges
201144,Mike Conley,1610612750,MIN,35.0,67,2028.055,798,182,450,73,14,103,60,117.3,116.1,0.583,0.161,0.099,115.6,115.0,0.6,28.39804640406695,1599.8,0.00027624230011205375,3.1045583647306856,-2.4529828711955055,0.41349930647737965,0.07543259283347535,1.204947579016618,-1.040648473089946,0.09649386928311444,0.9601266488428398,True,0.16828274221830142,56.68195750192343,55.664912683836185,mike conley,22680000.0,False,False,MIN,145793656,0.0,145793656.0,22680000.0,0.1284931896582654,41.544096397943875,91.77364844643853,mike conley
203488,Mike Muscala,1610612738,BOS,31.0,63,945.09,383,203,50,15,24,23,204,116.4,107.6,0.608,0.146,0.087,117.0,108.3,8.7,24.527187886867914,643.9,0.00390050543985317,2.8448781000152827,2.852918025391212,-0.6017571120918195,0.4602442393155264,1.109480866954395,1.1680453835117153,-0.27957604250700746,0.6554283817751285,True,0.17635348269218842,56.99918763674556,48.161051592072134,mike muscala,3500000.0,False,False,BOS,178633307,78056804.75,256690111.75,5029383.412383447,0.028493894033135816,60.89317978137067,134.51704955888448,mike muscala
1630540,Miles McBride,1610612752,NYK,22.0,64,760.2466666666667,222,50,72,37,8,25,53,110.9,107.3,0.475,0.141,0.049,112.6,107.1,5.5,19.897752483842964,420.20000000000005,-0.01498607351356646,-0.29561697989631075,3.1382719839000623,-1.1299333180633684,-1.5450669820981051,-0.04506485817157294,1.286830024875995,-1.470464096509059,0.5878491870085955,True,-0.7691178307776123,22.091168195763554,17.993966376447343,miles mcbride,1563518.0,False,False,NYK,148987936,0.0,148987936.0,1563518.0,0.00885808707707724,34.24473008266542,75.64886692072228,miles mcbride
1629011,Mitchell Robinson,1610612752,NYK,25.0,59,1588.8283333333334,435,555,53,56,109,41,185,119.9,112.6,0.652,0.101,0.101,118.3,111.3,7.0,26.7706706304541,1181.5,0.007142294859076513,4.966893310737151,0.4276685683958276,-0.02558498028108914,0.8044461572945104,1.8896010479610728,0.15848382539099365,0.15917218791480142,0.8498203910060625,True,0.46923506590115466,68.05491882860001,63.455711333693024,mitchell robinson,17045454.0,False,False,NYK,148987936,0.0,148987936.0,17045454.0,0.0965707563330352,52.33721018884253,115.61634853071247,mitchell robinson
1628964,Mo Bamba,1610612747,LAL,25.0,49,768.4283333333333,323,225,46,13,43,30,8,113.0,111.5,0.602,0.166,0.101,112.8,110.8,2.0,28.929177954135827,617.5,0.0034388212535316856,0.28470788882255,0.78892074112938,-0.27792497553928963,0.41122421923337893,0.1682809931400331,0.30886270923216846,0.15917218791480142,0.591003896823537,True,0.11152560073045509,54.44002171093333,44.42043117945713,mo bamba,10300000.0,False,False,LAL,169391473,42154537.25,211546010.25,12863244.335652007,0.07287651208296038,40.43085642704906,89.3144279413927,mo bamba
1628420,Monte Morris,1610612764,WAS,28.0,62,1696.0866666666666,636,210,326,43,13,60,6,117.4,117.3,0.579,0.155,0.102,116.0,116.7,-0.7,27.083521675386084,1276.0,-0.0003540524439915016,3.2051075572198116,-3.5200482403569584,0.06933419628642568,0.008510090549384198,1.2419126553498872,-1.4848370795856733,0.19051134723064447,0.8780367218109302,True,0.039324803187839444,51.56842840881839,48.73817384790936,monte morris,9125000.0,False,False,WAS,152008934,2612901.0,154621835.0,9281850.791579131,0.05258618228139762,49.72788649579542,109.85218042858664,monte morris
1626149,Montrezl Harrell,1610612755,PHI,29.0,57,681.075,320,159,33,17,25,35,19,111.9,109.6,0.631,0.178,0.103,112.5,109.5,3.0,27.26924347538817,515.9,0.008849410741738799,-0.08652086470230469,1.6390056774824757,-0.48326688420461944,0.9857017803588607,0.0318055141088646,0.6627286055440541,0.22185050654648797,0.5563987288398001,True,0.19777381591455842,57.83889833108904,46.29306436110954,montrezl harrell,2463490.0,False,False,PHI,150496913,344869.5,150841782.5,2469135.182666006,0.013988847236252155,75.08065950418208,165.85812781824242,montrezl harrell
1629021,Moritz Wagner,1610612753,ORL,26.0,57,1109.4666666666667,600,259,84,37,13,68,-27,109.4,110.6,0.63,0.201,0.115,108.3,109.8,-1.5,29.563393822857826,911.0999999999999,0.009791873927469094,-2.5298974649772314,1.5594583290360917,-0.009382342178711589,1.0857692413201803,-0.8664573192784272,0.6296153335009398,0.5979204183366099,0.7101429646930472,True,0.30436962828770897,61.9576848042114,53.87619292988729,moritz wagner,1878720.0,False,False,ORL,126107324,0.0,126107324.0,1878720.0,0.010643859139099487,96.14972172063949,212.40107559180387,moritz wagner
1629650,Moses Brown,1610612746,LAC,23.0,36,294.145,155,139,4,4,14,15,27,111.5,108.1,0.607,0.188,0.133,111.3,109.2,2.2,33.497764707882176,273.70000000000005,0.004834568648578054,-0.381518165076645,1.3416543746616276,-0.17789722999571156,0.5594198199532516,-0.07664486183647311,0.5389498149874119,1.1620252860217923,0.3656532137521462,False,0.4573919942732383,67.63053412085412,48.32498873354879,moses brown,824041.0,False,False,LAC,192905421,150170920.75,343076341.75,1465531.5038140465,0.008302946096549435,94.07545091669314,207.8188746041924,moses brown
1630541,Moses Moody,1610612744,GSW,21.0,63,817.1466666666666,302,105,51,18,7,34,-7,110.7,111.3,0.603,0.141,0.07,111.2,110.8,0.4,19.952844042685115,452.9,0.00306192648643354,-0.8747761201856717,0.8575391503830606,-1.1012372209672079,0.3712068445877106,-0.2579821506920681,0.3374265783888426,-0.812341750876346,0.6094508208463608,True,-0.4514141396620329,32.584554716669025,26.857912722712157,moses moody,3740160.0,False,False,GSW,192386134,189304154.5,381690288.5,7420403.538210087,0.04204018162152083,29.636402034145103,65.468766378887,moses moody
1631217,Moussa Diabaté,1610612746,LAC,21.0,22,195.49666666666667,59,50,4,7,8,9,-22,109.2,112.4,0.546,0.125,0.068,106.9,116.1,-9.2,21.802929291207015,118.4,-0.004410526164509265,-1.2902107446906772,-0.6290062409870363,-1.206421141908951,-0.4221921711564571,-0.41070911175613944,-0.2813794900755731,-0.8750200695080329,0.29809750286126385,False,-0.731253422277873,23.23121874020947,15.893496039811318,moussa diabate,1017780.7513239831,True,True,LAC,192905421,150170920.75,343076341.75,1810091.6763132259,0.010255046431365206,28.73605133410123,63.479832311508396,moussa diabate
1626167,Myles Turner,1610612754,IND,27.0,62,1825.21,1113,466,89,36,140,103,-47,115.1,116.3,0.651,0.225,0.125,113.3,115.4,-2.1,35.0846203998444,1778.8,0.015686052903883318,1.2637643067096205,-2.65141405303496,1.0688636211733324,1.7115926512439594,0.5282132245767659,-1.1232496638828142,0.9113120114950444,0.9108462598544879,True,0.7080929405325331,76.05562283703613,73.00433338127793,myles turner,35096500.0,False,False,IND,125706114,0.0,125706114.0,35096500.0,0.19883867860852344,46.76373161902609,103.30416684331853,myles turner
1630230,Naji Marshall,1610612740,NOP,25.0,77,1792.0366666666666,698,279,189,54,14,97,6,111.2,111.4,0.539,0.172,0.086,110.7,110.3,0.3,23.481885601299076,1168.8999999999999,-0.007272884002364749,-1.1806289216504249,1.28400243741241,-0.2916403571510269,-0.7261073643796101,-0.37042335358001294,0.5149509725466407,-0.310915201822851,0.9025309530493241,True,-0.25342161164655935,39.997121446489885,38.242804857817966,naji marshall,1782621.0,False,False,NOP,148360910,0.0,148360910.0,1782621.0,0.010099411739056733,69.51554527716445,153.56442351565306,naji marshall
1629642,Nassir Little,1610612757,POR,23.0,54,976.0566666666666,359,141,50,20,20,36,-190,111.1,119.9,0.555,0.158,0.068,111.1,119.6,-8.6,20.702486535959324,561.3000000000001,-0.00415290507193971,-0.8662757115625163,-4.852154639268283,-0.9618606068045943,-0.39483886015838293,-0.25485713053188225,-2.0393546397436344,-0.8750200695080329,0.6660796658149243,True,-0.9063287671186434,18.238093178305625,15.497561602256363,nassir little,4171548.0,False,False,POR,144997250,0.0,144997250.0,4171548.0,0.023633840755403777,20.920024472896106,46.213713570178385,nassir little
1631466,Nate Williams,1610612757,POR,24.0,5,126.56666666666666,53,15,10,3,2,4,-38,109.7,120.7,0.657,0.139,0.067,109.7,119.9,-10.3,23.465894126942324,82.5,0.010524494905065697,-0.5474286891694244,-1.583227049224851,-1.1034286173487624,1.163556386945698,-0.13763883936886895,-0.6785941531598647,-0.9063592288238764,0.2398547540289811,False,-0.49566641382180887,31.006489351517363,20.40024338785424,nate williams,1832005.3523831696,False,True,POR,144997250,0.0,144997250.0,1832005.3523831696,0.01037919802463527,36.729400788693084,81.13766835464715,nate williams
1630233,Nathan Knight,1610612750,MIN,25.0,38,290.74833333333333,139,56,13,10,6,21,-9,109.6,111.9,0.655,0.177,0.076,110.9,112.6,-1.7,24.887502937821363,200.99999999999997,0.013047694951054878,-0.7464200092832347,0.022890285170138455,-0.9040767624692636,1.4314609862155072,-0.21079436807647645,-0.010013725707534523,-0.6243067949812855,0.363535876267162,False,-0.23171329524697712,40.83803521429149,29.141660280355826,nathan knight,1836090.0,False,False,MIN,145793656,0.0,145793656.0,1836090.0,0.010402339532612192,52.42690933114451,115.81449985100393,nathan knight
1629675,Naz Reid,1610612750,MIN,23.0,68,1250.9083333333333,781,333,77,42,53,92,-128,109.2,113.3,0.617,0.242,0.122,108.7,112.8,-4.0,34.290282394793124,1191.5000000000002,0.00864322134551005,-2.5076907900948697,-0.4413381952833123,0.5687017326779413,0.9638093078780704,-0.8582934403668847,-0.20325868312780232,0.8172945335475139,0.7540521845135766,True,0.372702370891247,64.53150141575327,57.38937960428466,naz reid,1930681.0,False,False,MIN,145793656,0.0,145793656.0,1930681.0,0.010938243381949273,101.44618036934042,224.1013020061888,naz reid
1629674,Neemias Queta,1610612758,SAC,23.0,5,28.69,12,11,1,0,2,1,-30,78.3,121.7,0.607,0.141,0.089,80.9,119.0,-38.1,29.73858487277797,23.7,0.0036259264864335404,-1.7663670794949924,-0.41772742477633107,-0.6577811008571058,0.43109040167164236,-0.5857593018858583,-0.19343019880726997,-0.2168977238753205,0.1141967998277933,False,-0.2817294572300955,38.90754827059017,23.398554424565653,neemias queta,1638627.0096316128,True,True,SAC,139423615,0.0,139423615.0,1638627.0096316128,0.00928361601092377,43.80501585174166,96.76816860956863,neemias queta
203457,Nerlens Noel,1610612751,BKN,29.0,17,194.68,35,46,10,16,10,13,-75,97.4,114.2,0.424,0.113,0.046,98.2,114.9,-16.7,21.85740702691596,118.19999999999997,-0.017773115652716383,-4.071958226230341,-0.6271150053792843,-1.202318948406368,-1.8409854165575161,-1.4333678268533638,-0.280592223115703,-1.5644815744565894,0.2974742158421618,False,-1.3031660294175564,9.625904249578909,6.5828035805552485,nerlens noel,9391069.0,False,False,BKN,159566723,15024515.25,174591238.25,10275315.143253203,0.0582146392195979,6.48164807009648,14.318388000082038,nerlens noel
1629651,Nic Claxton,1610612751,BKN,24.0,76,2270.6566666666668,961,702,144,65,189,96,119,115.1,111.3,0.691,0.155,0.134,115.1,109.0,6.2,32.35257935663252,2040.6,0.017005947556008497,2.204523771135192,2.017909744149625,1.0509803010842342,1.8517344717143753,0.8740662797119183,0.8204554648654344,1.1933644453376357,1.0,True,1.1526928413161086,87.54817596108278,87.54817596108278,nic claxton,9350000.0,False,False,BKN,159566723,15024515.25,174591238.25,10230379.160180533,0.057960055101633295,86.3351900536337,190.72012794893232,nic claxton
1630208,Nick Richards,1610612766,CHA,25.0,65,1217.675,532,416,38,11,71,59,-113,107.5,112.0,0.676,0.151,0.12,106.6,111.4,-4.7,28.381957418851506,960.0000000000001,0.014302084393272808,-3.8635806625606657,0.5261909330965208,-0.06509765336479433,1.5646476914788736,-1.356761616932551,0.1994958506612498,0.7546162149158269,0.7439681689182921,True,0.27121773991468534,60.688821516138866,53.69659997160327,nick richards,1782621.0,False,False,CHA,125874047,0.0,125874047.0,1782621.0,0.010099411739056733,97.60655476065818,215.6193158437798,nick richards
1629638,Nickeil Alexander-Walker,1610612750,MIN,24.0,59,883.885,363,101,108,32,21,55,-51,109.8,111.8,0.565,0.177,0.077,109.9,111.8,-2.0,25.264372627660837,620.3,-0.002882305048945136,-1.6287054096096492,0.3718850984256792,-0.5618351298116153,-0.25993097184660885,-0.5351505002684078,0.1352627721100607,-0.592967635665442,0.6338500683055174,True,-0.4173218781532798,33.82214939828223,28.2493594369085,nickeil alexander walker,5009633.0,False,False,MIN,145793656,0.0,145793656.0,5009633.0,0.0283819983768653,35.76674252385248,79.01109276794325,nickeil alexander walker
201587,Nicolas Batum,1610612746,LAC,34.0,78,1709.57,478,299,121,54,44,50,165,114.5,110.0,0.594,0.111,0.072,114.8,110.1,4.7,20.921050322595743,993.5,0.001411452765915765,1.756295425228624,1.7967554747813925,-0.6223486504903493,0.19596528916544922,0.7092833052194761,0.728395306631218,-0.7496634322446594,0.8815198651915184,True,-0.13543960714356354,44.61321553231266,42.23461462658394,nicolas batum,19700319.0,False,False,LAC,192905421,150170920.75,343076341.75,35036409.753503084,0.1984982382452192,27.070079400355525,59.799590452239585,nicolas batum
203999,Nikola Jokić,1610612743,DEN,28.0,69,2323.0066666666667,1690,817,678,87,47,247,640,124.2,111.6,0.701,0.263,0.211,122.7,110.8,11.9,48.82689388177965,3150.7,0.031485252949872485,8.96117353210865,1.0386890524746255,3.1648481421495136,3.389096725418515,3.358025305027409,0.4128340697219391,3.606479712657582,1.0,True,2.9471493643598325,99.83964087641075,99.83964087641075,nikola jokic,33047803.0,False,False,DEN,162338665,21429162.5,183767827.5,37410206.3791025,0.21194694635912115,62.54020874495961,138.15544514793848,nikola jokic
1631107,Nikola Jović,1610612748,MIA,20.0,15,204.455,82,31,10,7,2,10,-16,105.7,109.2,0.53,0.185,0.07,106.5,108.7,-2.2,21.675185248587706,123.1,-0.009487578723473715,-1.8081532095245887,1.0106598546530594,-1.2128836375918275,-0.9612559419594169,-0.6011212103008164,0.40116632125837637,-0.812341750876346,0.304850932275253,False,-0.7211050593111392,23.54224392471319,16.17782791232736,nikola jovic,2239920.0,False,False,MIA,151408266,1711899.0,153120165.0,2265245.676790196,0.012833714390227884,27.041619995917724,59.736721751164666,nikola jovic
202696,Nikola Vučević,1610612741,CHI,32.0,82,2746.355,1447,903,265,60,57,139,-20,112.3,112.8,0.594,0.218,0.143,111.8,111.9,-0.1,32.79037123751299,2501.5,0.0027720423690958266,-0.34688502193257154,0.10342517989758256,1.4290131534945516,0.34042795790629543,-0.06391261856042525,0.023510633434000783,1.4754168791802265,1.0,True,0.8448822480446865,80.09117065775808,80.09117065775808,nikola vucevic,22000000.0,False,False,CHI,151964990,2546985.0,154511975.0,22368727.494405128,0.12672968008609584,60.06383345785031,132.6849688414213,nikola vucevic
203943,Noah Vonleh,1610612738,BOS,27.0,23,171.635,25,48,7,2,8,11,-13,111.8,113.2,0.502,0.09,0.024,113.7,114.6,-1.0,15.395461298686168,73.4,-0.007135578838446674,0.13543055679210883,-0.4236335388439352,-1.740029599504123,-0.7115287799444919,0.11340190523558485,-0.19588874413477458,-2.2539430794051456,0.27931328126479965,False,-1.2302926665241267,10.929376474926539,7.384881063635115,noah vonleh,1160955.0,False,False,BOS,178633307,78056804.75,256690111.75,1668253.6627210358,0.009451465356354055,13.738984307417368,30.350322312040017,noah vonleh
1626181,Norman Powell,1610612746,LAC,30.0,60,1567.135,1019,175,109,50,18,101,-124,109.2,113.0,0.612,0.251,0.11,108.9,113.2,-4.3,29.833549757997872,1298.6999999999998,0.007709663461665382,-2.5700538911589397,-0.5592989601674802,0.3008807077223787,0.8646873808774204,-0.8812200968038525,-0.2523623550202229,0.4412246217573924,0.8439988690212156,True,0.1672533028158141,56.64146272747498,52.665203216874545,norman powell,16758621.0,False,False,LAC,192905421,150170920.75,343076341.75,29804690.58697281,0.1688580141224786,35.72127903844428,78.91066093072058,norman powell
1628384,OG Anunoby,1610612761,TOR,25.0,67,2385.651666666666,1124,332,131,128,50,132,132,114.4,111.4,0.586,0.192,0.087,112.4,110.7,1.6,26.205669869378813,1736.6000000000001,0.0009054318113137541,0.6530838196059929,1.1592845173844557,0.3444711929371386,0.14223774533464223,0.30370768393341463,0.4630344914169072,-0.27957604250700746,1.0,True,0.1385919735849271,55.51137068753441,55.51137068753441,og anunoby,17357143.0,False,False,TOR,150992313,1087969.5,152080282.5,17482209.248843666,0.09904518644872798,45.38121235633991,100.25009062587381,og anunoby
1630167,Obi Toppin,1610612752,NYK,25.0,67,1050.5083333333334,497,187,66,23,12,38,57,112.8,110.4,0.565,0.187,0.095,112.4,109.2,3.2,25.417409032135232,741.6999999999999,-0.0030451471421058785,0.10160252413032994,1.8308454309218438,-0.4593182636260429,-0.27722097855132205,0.10096564614099081,0.7425859743739328,-0.02886276798025953,0.6910164888617261,True,-0.03853880000604837,48.46290482589062,41.724497504011964,obi toppin,5348280.0,False,False,NYK,148987936,0.0,148987936.0,5348280.0,0.030300597724228735,51.632008581454656,114.05851167754453,obi toppin
1630534,Ochai Agbaji,1610612762,UTA,23.0,59,1209.2066666666667,467,121,67,16,15,41,-19,114.4,114.6,0.561,0.154,0.052,113.4,113.8,-0.4,19.449776988769496,653.3000000000001,-0.0031237682346754126,0.983351201986047,-1.2293967860399213,-0.9909820230119621,-0.2855686925316213,0.42512446210781923,-0.5313047966852567,-1.3764466185615287,0.7413766882896939,True,-0.719441845387808,23.593436090234597,20.84762043090773,ochai agbaji,3918360.0,False,False,UTA,148738241,0.0,148738241.0,3918360.0,0.02219940805244095,28.765559591855347,63.5450179987226,ochai agbaji
1630846,Olivier Sarr,1610612760,OKC,24.0,9,113.64166666666668,36,31,4,1,5,4,14,110.9,104.2,0.544,0.13,0.069,108.9,105.2,3.7,22.143286646623157,69.9,-0.004846947211089636,-0.5018781075536959,1.4041746344737895,-1.216044695795386,-0.46852983898540185,-0.1208929990019032,0.564975200016577,-0.8436809101921895,0.22727803024116308,False,-0.5607825927021126,28.74728774071567,18.751140377012227,olivier sarr,257371.0,False,False,OKC,148856338,0.0,148856338.0,257371.0,0.002,60.076276886978256,132.71245719691032,olivier sarr
1630209,Omer Yurtseven,1610612748,MIA,25.0,9,83.23166666666667,40,23,2,2,2,4,10,117.2,115.5,0.675,0.159,0.088,118.4,113.8,4.6,26.686958088868412,61.69999999999998,0.014900810718744216,0.7863140595876035,-0.2993644656638081,-0.8675771920624646,1.6282183689416747,0.3526873511878545,-0.14415910503143273,-0.24823688319116397,0.19450597871935907,False,-0.015853370708250866,49.36756850530517,31.47319193102157,omer yurtseven,1752638.0,False,False,MIA,151408266,1711899.0,153120165.0,1772454.2182212826,0.01004181199393738,57.32477828553177,126.63421534682367,omer yurtseven
1630168,Onyeka Okongwu,1610612737,ATL,22.0,80,1848.555,791,576,81,56,107,81,63,114.2,112.4,0.678,0.15,0.111,113.9,111.4,2.5,29.8235107962706,1531.4,0.014507368602588881,1.2672055580454966,0.4582945113407468,0.4737098714880284,1.586444054363641,0.5294783378528013,0.17123252412349182,0.47256378107323593,0.9166527547153681,True,0.603269839644968,72.6835403190645,69.95745253065668,onyeka okongwu,6395160.0,False,False,ATL,149836313,0.0,149836313.0,6395160.0,0.03623168019289914,81.31840357813802,179.63771580731756,onyeka okongwu
1631115,Orlando Robinson,1610612748,MIA,22.0,31,425.15,116,126,25,12,12,16,27,110.3,106.6,0.565,0.116,0.086,109.7,106.9,2.8,22.625426320122312,267.2,-0.0018889682806646092,-1.1350991379343722,2.5744999107205304,-1.03121740996536,-0.1544619309478585,-0.3536851591814539,1.0521479343461377,-0.310915201822851,0.4396020928066653,False,-0.2694787864056715,39.37806323091875,29.447740330148598,orlando robinson,1017780.7513239831,True,True,MIA,151408266,1711899.0,153120165.0,1029288.2990718107,0.005831416958803685,64.8734306610366,143.3096862180168,orlando robinson
1629052,Oshae Brissett,1610612754,IND,25.0,65,1083.1766666666667,398,218,44,33,13,34,22,112.4,111.8,0.52,0.155,0.073,110.8,111.8,-1.0,22.0418337421104,663.2,-0.009499052443991492,-0.6636803989028724,0.39836661027223524,-0.7813133099218368,-0.9624741816714583,-0.18037665971123215,0.1462862634396177,-0.718324272928816,0.7016787229943846,True,-0.5603102960505649,28.763390288331504,24.902061193509816,oshae brissett,1846738.0,False,False,IND,125706114,0.0,125706114.0,1846738.0,0.010462665612130764,44.709138212845666,98.76543452494018,oshae brissett
203490,Otto Porter Jr.,1610612761,TOR,30.0,8,146.34166666666667,44,19,8,11,0,4,-21,109.5,114.6,0.656,0.104,0.09,108.1,116.2,-8.1,21.426570240874668,87.10000000000001,0.00777044223112829,-0.8490662858315091,-0.7194902713558644,-1.2591442476853079,0.8711406590877451,-0.24853039910768704,-0.319045388080708,-0.185558564559477,0.25791265846006745,False,-0.32491890050426764,37.26212259086796,24.81883531875144,otto porter,6000000.0,False,False,TOR,150992313,1087969.5,152080282.5,6043232.777022231,0.03423784194739698,29.426593303905662,65.00528505856776,otto porter
1631172,Ousmane Dieng,1610612760,OKC,20.0,39,568.71,193,105,46,14,7,26,39,110.3,107.4,0.505,0.154,0.074,110.2,107.0,3.2,21.478081974996044,339.3,-0.01174776823467542,-1.1547779360272523,2.779003171484162,-1.0669631633520151,-1.2012349980135855,-0.3609197103065559,1.1372767568603708,-0.6869851136129724,0.508433422833851,False,-0.5365680176408612,29.57830204538869,23.03543493271149,ousmane dieng,4569840.0,False,False,OKC,148856338,0.0,148856338.0,4569840.0,0.025890357928920967,30.118540388040593,66.53384179583936,ousmane dieng
200782,P.J. Tucker,1610612755,PHI,38.0,75,1920.055,266,295,60,39,15,44,135,117.3,113.3,0.566,0.066,0.032,116.4,111.7,4.7,11.450296996700613,610.6999999999999,-0.0010087578148608983,3.4512293645991554,0.033524600993917936,-1.6470395376932279,-0.06100424712723675,1.3323948479149197,-0.005586966051270806,-2.003229804878398,0.9342121133486082,True,-0.8228582806763645,20.52942947914159,19.921664978325413,pj tucker,10490000.0,False,False,PHI,150496913,344869.5,150841782.5,10514038.240937209,0.05956712124193121,19.458490279006057,42.985088159296836,pj tucker
1629023,P.J. Washington,1610612766,CHA,24.0,73,2379.563333333333,1144,358,175,66,79,110,-375,107.5,114.8,0.542,0.2,0.083,106.5,113.8,-7.3,27.062444229963766,1788.8,-0.007856841863214826,-4.553289723902493,-1.502116650000088,0.45027866937220595,-0.788109977668309,-1.6103205712026742,-0.6448302280572514,-0.404932679770381,1.0,True,-0.465399253127298,32.08227844700641,32.08227844700641,pj washington,5808435.0,False,False,CHA,125874047,0.0,125874047.0,5808435.0,0.032907598768637865,38.56979758958485,85.203226247377,pj washington
1628408,PJ Dozier,1610612758,SAC,26.0,16,79.34666666666666,22,14,10,6,1,5,-23,94.1,107.0,0.333,0.203,0.058,98.9,107.9,-9.0,24.500084019492526,54.0,-0.05040169449116305,-2.1132807185526947,0.6631897496825396,-1.0439843213287758,-5.305374358826467,-0.7132957726556958,0.2565245156236679,-1.1884116626664676,0.18991226044325485,False,-1.4818414215109084,6.919124734701912,4.396830582481286,pj dozier,784654.0,False,False,SAC,139423615,0.0,139423615.0,784654.0,0.004445445116319073,10.651363765876052,23.52956493171006,pj dozier
1631094,Paolo Banchero,1610612753,ORL,20.0,72,2429.7233333333334,1437,497,269,60,39,200,-215,111.1,115.3,0.529,0.272,0.108,109.5,113.8,-4.4,30.988713392608485,2091.5,-0.014221304933972166,-1.8826235279969938,-1.673387634277468,0.9825204562701977,-1.4638665159773032,-0.6284988643500324,-0.7161254101875697,0.3785463031257054,1.0,True,-0.06207961357197478,47.52497158462422,47.52497158462422,paolo banchero,11055120.0,False,False,ORL,126107324,0.0,126107324.0,11055120.0,0.06263261158972147,45.61183107377487,100.75954258016141,paolo banchero
1627783,Pascal Siakam,1610612761,TOR,29.0,71,2652.036666666667,1720,556,415,65,36,169,123,115.6,113.3,0.565,0.27,0.135,113.6,111.9,1.7,36.22483852033216,2668.6,-0.004396736515340039,1.674298494164246,-0.06541273667894226,1.8217067001227631,-0.4207280342004415,0.6791386293563025,-0.04677173262826165,1.2247036046534794,1.0,True,0.8545835858058746,80.36091411184564,80.36091411184564,pascal siakam,35448672.0,False,False,TOR,150992313,1087969.5,152080282.5,35704096.08871837,0.20228100486351946,51.16776011881869,113.03295621008075,pascal siakam
1626192,Pat Connaughton,1610612749,MIL,30.0,61,1442.735,466,283,77,37,11,33,134,113.3,109.9,0.531,0.133,0.075,114.9,109.6,5.3,20.688206773939775,829.0999999999999,-0.00668779983903786,1.3738383609297953,1.9770725587042588,-0.763175017359713,-0.6639851642138473,0.5686799425665818,0.8034561197264954,-0.6556459542971289,0.8098077774161201,True,-0.28126490591718245,38.92536126217142,35.59387582417164,pat connaughton,5728393.0,False,False,MIL,182930771,97652912.25,280583683.25,8786349.055750262,0.049778924851156946,37.020746803047416,81.7812709123128,pat connaughton
1631116,Patrick Baldwin Jr.,1610612744,GSW,20.0,31,225.845,122,40,11,6,4,11,-51,100.8,113.2,0.546,0.227,0.092,102.6,114.6,-12.0,27.289512718900127,171.2,-0.008009515514748825,-3.2763972993143247,-0.5158036271110022,-0.7388585381938239,-0.8043203346308065,-1.1408943652251433,-0.23425649952365943,-0.12288024592779001,0.3204010271235381,False,-0.5484993882337345,29.16745246071647,20.247475630539792,patrick baldwin,2226000.0,False,False,GSW,192386134,189304154.5,381690288.5,4416340.016484764,0.025020706143455192,26.791798099972592,59.18484870925092,patrick baldwin
201976,Patrick Beverley,1610612741,CHI,34.0,67,1816.5266666666664,415,247,194,63,41,60,-80,111.6,113.1,0.534,0.107,0.056,110.7,112.4,-1.7,19.74075066335387,996.0999999999999,-0.005059410396819932,-1.0586458577618847,-0.2334798284382163,-0.712518711476885,-0.49108844060049794,-0.32557850543771094,-0.1167332265009449,-1.2510899812981546,0.9086770269980085,True,-0.6934666981395406,24.40083588736855,23.398075292732866,patrick beverley,13801614.0,False,False,CHI,151964990,2546985.0,154511975.0,14032933.75222576,0.0795033694041719,20.657655027228305,45.63412216351596,patrick beverley
1630172,Patrick Williams,1610612741,CHI,21.0,82,2322.8416666666667,833,327,100,72,70,101,-142,110.7,113.2,0.576,0.156,0.069,111.4,112.0,-0.6,21.06058312196627,1358.9,-0.0008243366533075762,-1.0615387170644481,-0.08043200638785156,-0.3388423057733697,-0.04142305004325916,-0.3266420123868317,-0.0530238224021305,-0.8436809101921895,1.0,True,-0.4009781822258325,34.42180936075212,34.42180936075212,patrick williams,7775400.0,False,False,CHI,151964990,2546985.0,154511975.0,7905718.3527271645,0.04478972520642862,37.149851266757,82.06647118606182,patrick williams
201988,Patty Mills,1610612751,BKN,34.0,40,566.6483333333333,246,44,56,15,3,30,-66,111.2,117.0,0.554,0.182,0.069,110.7,116.2,-5.5,22.375782745912367,352.2,-0.004965726095525489,-0.8021959110139788,-2.1981438453556006,-0.9872827220012397,-0.4811413675429907,-0.23129936084662575,-0.9345663200747928,-0.8436809101921895,0.50751100898643,True,-0.7469760108276282,22.75390207598868,17.711181252227323,patty mills,2900675.141273352,False,True,BKN,159566723,15024515.25,174591238.25,3173797.4883140777,0.017981100643865395,26.30859503942788,58.11742128510147,patty mills
202331,Paul George,1610612746,LAC,33.0,56,1938.8916666666669,1332,342,288,83,20,176,157,116.5,112.5,0.588,0.294,0.135,115.2,111.5,3.7,36.22110570042163,1950.8000000000002,0.0019744424610741865,2.6313822810247247,0.3833871189799066,1.285879840892855,0.25574157559751426,1.030993023835483,0.1400507322758774,1.2247036046534794,0.9387834648838858,True,0.9028988413755887,81.67102071862226,79.42119311011656,paul george,42492492.0,False,False,LAC,192905421,150170920.75,343076341.75,75571586.48849553,0.4,39.83375369632405,87.99538863503587,paul george
1630194,Paul Reed,1610612755,PHI,24.0,69,755.1633333333333,287,262,27,45,51,45,-17,111.0,111.5,0.62,0.152,0.106,112.4,111.1,1.3,30.805521101395286,646.2,0.0058848001839567265,-0.3429612214852336,0.6751994656724781,-0.1100838299611992,0.6709297492089148,-0.062470104906543374,0.26152381478954034,0.31586798449401843,0.5858805856196811,True,0.1977369567216925,57.83745633571327,47.059230239566496,paul reed,1782621.0,False,False,PHI,150496913,344869.5,150841782.5,1786705.9450045498,0.010122554931879186,85.47302862495148,188.81555650027093,paul reed
1630202,Payton Pritchard,1610612738,BOS,25.0,48,642.7766666666666,270,88,64,14,1,40,12,107.9,106.5,0.536,0.193,0.076,109.3,107.4,1.8,22.290790476733758,398.00000000000006,-0.008739852398002308,-2.0642837155620963,3.004853685622796,-0.9597450457864667,-0.8818649630684141,-0.6952829183421739,1.2312918266497872,-0.6243067949812855,0.5405286413514201,True,-0.47910670815512246,31.593135888106378,25.06087240639153,payton pritchard,2239200.0,False,False,BOS,178633307,78056804.75,256690111.75,3217655.8105740044,0.018229579291142207,37.047608867079205,81.84061098309893,payton pritchard
1631212,Peyton Watson,1610612743,DEN,20.0,23,186.11166666666668,75,37,11,2,11,8,-47,101.6,113.5,0.553,0.174,0.087,103.0,115.1,-12.0,25.43634198106872,131.50000000000003,-0.004921452420996896,-2.7044293451521546,-0.5636001492852782,-0.9130981927586638,-0.4764405428693233,-0.9306207810979017,-0.25415281627566666,-0.27957604250700746,0.29085427987432494,False,-0.561329481978202,28.728647349661014,19.560888558805647,peyton watson,2193960.0,False,False,DEN,162338665,21429162.5,183767827.5,2483568.91946783,0.014070621349142555,31.660280327237878,69.93964698703682,peyton watson
1630173,Precious Achiuwa,1610612761,TOR,23.0,55,1140.52,508,328,50,31,30,59,-37,114.0,115.6,0.554,0.19,0.1,113.0,114.4,-1.4,26.930873636586824,853.2,-0.005183999770054082,0.6882394752294505,-1.736478952763442,-0.2580205920092834,-0.504316906636169,0.3166320193904873,-0.7423885105094233,0.12783302859895793,0.7200126261519181,True,-0.16566624908589925,43.42098041482479,37.95018359050968,precious achiuwa,2840160.0,False,False,TOR,150992313,1087969.5,152080282.5,2860624.6673312434,0.016206824864219833,58.459544372609905,129.14098846199494,precious achiuwa
1629656,Quentin Grimes,1610612752,NYK,23.0,71,2120.9066666666668,799,229,150,47,26,69,186,118.6,114.2,0.619,0.142,0.07,117.2,112.9,4.4,20.84561319687178,1228.1000000000001,0.005355642277117468,4.329329487873788,-0.8397708013223746,-0.4532055693908083,0.6147456043141939,1.6552123393493758,-0.36911471142158,-0.812341750876346,0.9818597073148918,True,-0.0718774327743073,47.134972481241114,46.75020349280971,quentin grimes,2277000.0,False,False,NYK,148987936,0.0,148987936.0,2277000.0,0.012900308326802041,78.00263927510245,172.31297381357675,quentin grimes
1631245,Quenton Jackson,1610612764,WAS,24.0,9,134.58333333333334,56,8,15,4,1,4,-17,104.6,111.3,0.542,0.164,0.071,106.6,112.7,-6.0,23.48582043343653,87.8,-0.006442610327836157,-1.4018663892672323,0.051377723695836486,-1.0979193614860177,-0.6379517952591869,-0.4517572725880536,0.001844775174474625,-0.7810025915605029,0.24733427264380978,False,-0.6719602617405702,25.080449740150673,16.58571201440978,quenton jackson,50000.0,False,False,WAS,152008934,2612901.0,154621835.0,50859.45639221442,0.002,53.13851890133039,117.38649231654693,quenton jackson
1630181,R.J. Hampton,1610612765,DET,22.0,47,749.635,302,87,54,27,9,42,-140,107.1,115.8,0.558,0.175,0.074,107.6,114.5,-7.0,21.951483055086808,457.09999999999997,-0.004074736630312969,-3.005437896532126,-1.582338991909834,-0.9421311176282872,-0.38653920707980677,-1.041281083814214,-0.6782244804550371,-0.6869851136129724,0.5837321147737049,True,-0.7575350291933223,22.436469394650764,18.23365764456567,rj hampton,2898243.0,False,False,DET,129153570,0.0,129153570.0,2898243.0,0.01641995094685803,27.959504495629016,61.76438913822351,rj hampton
1629628,RJ Barrett,1610612752,NYK,23.0,73,2475.465,1431,368,201,31,15,164,-62,115.3,116.5,0.531,0.256,0.087,114.3,114.9,-0.6,26.73824917742727,1838.6,-0.01287275758491498,1.9051539732734633,-2.6271147299882096,0.46213342231519977,-1.3206824518679932,0.7640084348313543,-1.1131345549542884,-0.27957604250700746,1.0,True,-0.21881074297194136,41.33987389869238,41.33987389869238,rj barrett,10900634.0,False,False,NYK,148987936,0.0,148987936.0,10900634.0,0.06175737354309242,39.8716203104352,88.07903848261,rj barrett
1630564,RaiQuan Gray,1610612751,BKN,23.0,1,35.083333333333336,16,9,7,0,1,4,-14,108.2,125.7,0.621,0.205,0.107,107.2,121.6,-14.4,29.24465558194774,28.5,0.008141737090204795,-0.31537553445208116,-0.7119001346624018,-0.6927458623811702,0.9105634549893021,-0.05232873030528605,-0.31588583259477676,0.34720714380986195,0.12628131174868948,False,0.012328011361051897,50.49180403910255,30.639769282483446,raiquan gray,5849.0,False,False,BKN,159566723,15024515.25,174591238.25,6399.73130565732,0.002,98.16593690612133,216.85502788992002,raiquan gray
203526,Raul Neto,1610612739,CLE,31.0,48,505.2316666666667,157,46,79,17,4,24,11,111.2,109.8,0.628,0.133,0.087,112.5,109.0,3.5,22.20288382557176,311.5999999999999,0.006213200160962137,-0.21613842177680176,1.539096016472415,-1.0310664584456035,0.7057981158212647,-0.01584601617974342,0.621139088742104,-0.27957604250700746,0.47921890360852587,True,-0.1449757491059593,44.23650094462414,33.86961088651541,raul neto,2463490.0,False,False,CLE,151966241,2548861.5,154515102.5,2504809.0112179914,0.014190956760853862,54.65651590529029,120.73984779814691,raul neto
203493,Reggie Bullock Jr.,1610612742,DAL,32.0,78,2364.485,561,283,108,54,13,36,-87,114.7,116.5,0.577,0.098,0.052,114.2,115.2,-1.0,15.296861684468286,1004.6999999999999,-0.00041985251297527214,1.6426106492814998,-2.7551370170969016,-1.052900820915433,0.0015236682318021592,0.6674891712559385,-1.166426549010748,-1.3764466185615287,1.0,True,-0.7507712472257679,22.639516814902972,22.639516814902972,reggie bullock,10012800.0,False,False,DAL,177244238,72153261.5,249397499.5,14088848.874137167,0.07982015566363077,19.960139750323368,44.093264921237314,reggie bullock
202704,Reggie Jackson,1610612743,DEN,33.0,68,1656.8533333333332,693,144,233,47,6,115,-79,109.5,111.7,0.514,0.205,0.073,108.8,111.1,-2.3,23.34449237108093,1074.4,-0.0137932629097952,-2.558071840174932,0.800640068238538,-0.37286691271973127,-1.418418503585241,-0.8768151143441388,0.3137411278634237,-0.718324272928816,0.8678220736505563,True,-0.605937883568471,27.227800096612427,25.60828872649009,reggie jackson,11457217.0,False,False,DEN,162338665,21429162.5,183767827.5,12969602.018632269,0.07347907989296022,23.24122863449276,51.34140662813413,reggie jackson
1626158,Richaun Holmes,1610612758,SAC,29.0,42,347.575,130,80,9,3,11,14,-69,104.2,113.5,0.668,0.132,0.078,105.3,115.4,-10.1,21.502121844206286,207.6,0.011446484370278216,-3.096132746629732,-0.9258600326479319,-1.1633457193470194,1.261450019518105,-1.07462339093672,-0.40495118105308736,-0.5616284763495984,0.39747784386508433,True,-0.4920436556123897,31.13442412011198,22.692792962221024,richaun holmes,11215260.0,False,False,SAC,139423615,0.0,139423615.0,11215260.0,0.06353988228601223,21.66993119767575,47.87030697561236,richaun holmes
201937,Ricky Rubio,1610612739,CLE,32.0,33,565.9933333333333,171,70,115,26,6,31,45,107.2,104.2,0.442,0.172,0.084,107.2,104.0,3.2,25.874509711539595,406.8,-0.023956884002364752,-2.7662904609655796,4.4081146418229995,-0.6735082835790481,-2.497556418259605,-0.9533628918150192,1.815428981409347,-0.37359352045453753,0.5072176031741179,False,-0.5257786763309149,29.95209959501145,23.310159252232676,ricky rubio,5853659.0,False,False,CLE,151966241,2548861.5,154515102.5,5951839.793056719,0.033720056408503,27.785624472826782,61.38027670184613,ricky rubio
203496,Robert Covington,1610612746,LAC,32.0,48,778.6416666666667,288,166,57,38,33,32,-7,109.2,110.2,0.584,0.149,0.097,109.0,109.9,-1.0,27.22279182764858,588.8000000000001,0.0004046528119049443,-2.0278604842560806,1.4385187006782514,-0.4325027787275509,0.08906677406242294,-0.6818925818093688,0.5792716464664746,0.03381555065142745,0.5949185072789636,True,-0.1000141536785302,46.01665443881985,37.628431657272486,robert covington,12307692.0,False,False,LAC,192905421,150170920.75,343076341.75,21888850.63393704,0.12401094514585162,28.43419483550844,62.81301140107697,robert covington
1629057,Robert Williams III,1610612738,BOS,25.0,35,823.55,279,292,50,22,48,34,173,116.3,105.0,0.742,0.113,0.13,115.9,105.3,10.6,28.422318013478233,650.1999999999999,0.01816088434728362,2.2711084592162365,4.481445257950029,-0.29308323121112967,1.9743616406304336,0.8985449256026737,1.8459544066853406,1.0680078080742619,0.6118340535561166,False,0.9549606805572634,83.02012093341982,68.51860821621686,robert williams,10714287.0,False,False,BOS,178633307,78056804.75,256690111.75,15396073.518090174,0.0872262166910299,58.56226882031153,129.36791354082973,robert williams
201577,Robin Lopez,1610612739,CLE,35.0,37,298.49833333333333,112,51,19,2,8,25,-58,102.3,111.0,0.675,0.156,0.07,103.2,111.6,-8.4,19.260409047510034,159.7,0.014619663346692437,-3.5775160605516585,0.38214397720919197,-1.3740248078725439,1.598367119467809,-1.2515951845849933,0.13953324813032375,-0.812341750876346,0.3683491015409982,False,-0.5142629497790688,30.353408082046762,21.72566721320386,robin lopez,2905851.0,False,False,CLE,151966241,2548861.5,154515102.5,2954589.5335709956,0.016739181362410222,33.09039652121786,73.09886796434935,robin lopez
203585,Rodney McGruder,1610612765,DET,31.0,32,523.9016666666666,183,74,28,16,1,11,-44,111.5,114.9,0.566,0.135,0.067,109.9,115.9,-6.0,20.325951753032538,295.8,-0.0020633682576700193,-0.9568461904095577,-1.595262517714042,-1.1893291434664783,-0.1729791135337448,-0.2881537148329814,-0.6836041723501024,-0.9063592288238764,0.4879929520107039,False,-0.7409506046213068,22.936169536749144,17.651603331237318,rodney mcgruder,2298385.0,False,False,DET,129153570,0.0,129153570.0,2298385.0,0.013021464713964388,29.355470098951702,64.84816920881369,rodney mcgruder
1629641,Romeo Langford,1610612759,SAS,23.0,43,844.3016666666666,297,114,50,24,13,30,-180,107.0,115.5,0.524,0.148,0.059,106.5,115.1,-8.6,20.620118006794574,483.6,-0.008478062978778973,-3.586245065964677,-1.8073957653828696,-1.0262589399380317,-0.8540690736534674,-1.2548042441847573,-0.7719091388466511,-1.1570725033506244,0.6194945398052228,True,-1.0358038544924266,15.014682949599228,12.44375696916206,romeo langford,5634257.0,False,False,SAS,104545376,0.0,104545376.0,5634257.0,0.03192079600019442,15.120339577306659,33.40182719264031,romeo langford
1631199,Ron Harper Jr.,1610612761,TOR,23.0,9,47.5,20,7,4,0,1,0,19,119.8,98.0,0.608,0.136,0.098,117.7,103.3,14.4,24.63157894736842,32.5,0.003633347533013912,0.5318231235954894,0.9718851123257478,-1.0497632371224297,0.43187834256972424,0.2591284011635568,0.38502551183904876,0.06515470996727095,0.14693845341131467,False,-0.08148955795457669,46.75263144031492,28.805339002710294,ron harper,1638627.0096316128,True,True,TOR,150992313,1087969.5,152080282.5,1650434.075653281,0.009350508761083818,53.791849888408926,118.82974354899588,ron harper
1626220,Royce O'Neale,1610612751,BKN,30.0,76,2409.235,671,384,283,65,49,114,78,113.9,111.8,0.538,0.136,0.067,113.4,110.1,3.4,21.179503037271168,1417.4,-0.005886652466986082,0.9854468038478205,1.326880826097314,-0.28591624275837324,-0.5789221245207541,0.42589487190293496,0.5328000118549793,-0.9063592288238764,1.0,True,-0.2864209154511822,38.72778786045566,38.72778786045566,royce o neale,9200000.0,False,False,BKN,159566723,15024515.25,174591238.25,10066255.430338066,0.05703021464545737,38.408006122342194,84.84581822737502,royce o neale
200752,Rudy Gay,1610612762,UTA,36.0,56,815.5683333333334,293,163,57,19,18,37,57,111.5,108.6,0.475,0.173,0.07,111.5,108.3,3.2,22.63991776695597,512.9000000000001,-0.01838716821168083,-0.5641658849456267,2.4563448305131863,-0.8467748802219224,-1.9061833801519874,-0.1437919640649136,1.0029633745764446,-0.812341750876346,0.6088619538022382,True,-0.6124480407644529,27.01206826578154,22.25761684342428,rudy gay,6184500.0,False,False,UTA,148738241,0.0,148738241.0,6184500.0,0.03503818921699922,26.177303412807735,57.82738942425699,rudy gay
203497,Rudy Gobert,1610612750,MIN,31.0,70,2148.483333333333,939,814,87,56,95,122,-7,110.8,110.3,0.675,0.161,0.137,109.4,109.4,0.0,29.70839894809517,1773.0,0.015088242300112067,-1.9875025522167293,2.1272063454758303,0.644979314860051,1.6481192019242514,-0.6670557243313852,0.865952494795248,1.2873819232851662,0.9882223096719347,True,0.8245118015587798,79.51755935374175,79.09611941837139,rudy gobert,38172414.0,False,False,MIN,145793656,0.0,145793656.0,38172414.0,0.21626522186136796,49.197797511882165,108.68117890796161,rudy gobert
1629060,Rui Hachimura,1610612747,LAL,25.0,63,1466.03,707,283,58,19,26,53,-28,108.5,109.7,0.556,0.194,0.098,108.2,108.5,-0.2,24.7009952047366,1005.8999999999999,-0.004905136607318378,-3.049861642076235,2.5369945936419183,-0.31811267364398554,-0.4747081865576419,-1.057612663455943,1.0365355501278954,0.06515470996727095,0.8163193448199502,True,-0.13434955040366856,44.65630864045008,40.9651836273999,rui hachimura,6263188.0,False,False,LAL,169391473,42154537.25,211546010.25,7821836.656711032,0.04431449475338373,44.37717977690158,98.03211644991592,rui hachimura
201566,Russell Westbrook,1610612746,LAC,34.0,73,2125.826666666667,1159,423,551,76,33,255,-21,114.1,114.3,0.513,0.266,0.115,113.2,113.9,-0.7,35.60835941469043,2102.7,-0.018163599678075727,0.9309899840039667,-1.358275361583769,1.3513909037860015,-1.8824456513500154,0.40587481552493027,-0.5849532389760629,0.5979204183366099,0.9829978883420089,True,0.20799524022731108,58.23836580831186,57.79278696909853,russell westbrook,47080179.0,False,False,LAC,192905421,150170920.75,343076341.75,83730646.32670522,0.4,28.986011811222188,64.03201148837788,russell westbrook
1627853,Ryan Arcidiacono,1610612752,NYK,29.0,20,172.35333333333332,26,15,23,5,0,7,-40,93.2,105.9,0.351,0.106,0.026,95.7,106.6,-10.9,14.600239817429312,69.89999999999999,-0.024410126187503864,-4.5398513814348815,1.5540189301895386,-1.8046994763013404,-2.545680096037307,-1.605380209745653,0.6273510682894059,-2.1912647607734588,0.2798971672640226,False,-1.637110682931406,5.08036724114663,3.434093162386692,ryan arcidiacono,1836090.0,False,False,NYK,148987936,0.0,148987936.0,1836090.0,0.010402339532612192,6.178058804031604,13.647739292042523,ryan arcidiacono
1631157,Ryan Rollins,1610612744,GSW,20.0,12,62.07,23,12,6,1,1,16,-47,73.2,111.3,0.508,0.26,0.009,75.6,114.7,-39.1,12.527791203479943,21.6,-0.019053894422179283,-4.17098636144175,-0.10576485098494408,-2.002467722720219,-1.9769740487437206,-1.469773714226621,-0.06356915661065993,-2.724030469142798,0.1679691530122015,False,-1.8443736093600445,3.2564355322064156,2.037180865896126,ryan rollins,1017781.0,False,False,GSW,192386134,189304154.5,381690288.5,2019257.3936738004,0.011440071572053893,3.544992759928706,7.8311227708148845,ryan rollins
1630240,Saben Lee,1610612756,PHX,24.0,25,373.53,151,45,67,19,1,24,-30,100.7,105.1,0.517,0.184,0.097,101.6,103.3,-1.7,27.61223998072444,286.5,-0.011828294514157643,-4.776418174587414,3.5757821757419257,-0.6276501831410289,-1.2097849981095612,-1.692349675639134,1.4689529276130917,0.03381555065142745,0.4120514089726713,False,-0.36174514251016965,35.87712447532695,26.384867321905695,saben lee,1859644.0,False,False,PHX,176042453,67045675.25,243088128.25,2567888.4352477356,0.014548332263296016,42.20910216985827,93.24269004844928,saben lee
1630180,Saddiq Bey,1610612737,ATL,24.0,77,2128.695,1062,362,118,70,13,71,-147,113.9,117.0,0.564,0.194,0.094,112.5,116.2,-3.7,26.402655147872288,1561.2,-0.0033531366073183983,0.5263331419698865,-3.3507111695524254,0.22898153624851758,-0.3099222280571794,0.2571101095708062,-1.4143469299823335,-0.06020192729610302,0.9836608340091805,True,-0.18088905139700756,42.82273314036969,42.50787365513721,saddiq bey,2959080.0,False,False,ATL,149836313,0.0,149836313.0,2959080.0,0.016764622030598763,64.7094020108402,142.94733611334553,saddiq bey
1630573,Sam Hauser,1610612738,BOS,25.0,80,1289.8983333333333,512,204,71,29,21,30,219,114.1,106.4,0.634,0.141,0.084,114.9,106.8,8.0,22.829706217156648,817.9999999999999,0.007432926486433543,1.563792406079956,4.138181845017692,-0.6043351826895016,0.835304411988182,0.6385130819977943,1.7030637258911516,-0.37359352045453753,0.7657136698808663,True,0.2133703311728326,58.448094002351745,52.285978751530635,sam hauser,1637966.0,False,False,BOS,178633307,78056804.75,256690111.75,2353702.5801280187,0.013334865609679811,86.23330684668645,190.49506122639713,sam hauser
1630241,Sam Merrill,1610612739,CLE,27.0,5,58.516666666666666,25,9,5,4,0,0,-5,99.2,102.5,0.546,0.177,0.12,100.9,101.7,-0.8,28.97636001139276,47.099999999999994,-0.006245305048945119,-1.2771694665213082,1.085669669870032,-0.6998064147106346,-0.6170026074374979,-0.40591472374485577,0.43239074879360057,0.7546162149158269,0.16309041924185752,False,-0.03714572656122364,48.5184406321865,30.245944118351588,sam merrill,1105522.0,False,False,CLE,151966241,2548861.5,154515102.5,1124064.4239269234,0.006368369630147751,64.60900862253686,142.72556049843644,sam merrill
1630572,Sandro Mamukelashvili,1610612759,SAS,24.0,43,659.6533333333333,263,185,62,14,12,35,-114,106.3,116.4,0.516,0.177,0.091,106.3,117.6,-11.3,26.47390548570967,485.1,-0.011555305048945124,-3.4756140489225773,-2.6950032215691273,-0.5683138116990434,-1.1807999267915366,-1.2141327689739476,-1.1413945803884586,-0.1542194052436335,0.5475786922830583,True,-0.7187933659209425,23.613412291748155,18.805967400836753,sandro mamukelashvili,1116112.0,False,False,SAS,104545376,0.0,104545376.0,1116112.0,0.006323315295232183,40.27177850008757,88.96301431080825,sandro mamukelashvili
1630583,Santi Aldama,1610612763,MEM,22.0,77,1681.7483333333332,696,371,97,45,48,60,91,112.7,110.2,0.591,0.157,0.093,111.5,109.9,1.6,25.74106906602157,1202.5,0.0015253791373763517,-0.33148503516038946,1.8208873454527157,-0.09026679895029179,0.20806159478375646,-0.058251094360451096,0.7384407099545904,-0.09154108661194651,0.8743174827292776,True,0.08320865583552749,53.31571848757738,50.300334318250215,santi aldama,2094120.0,False,False,MEM,127139520,0.0,127139520.0,2094120.0,0.011864204511779839,86.42177395467402,190.91139749585142,santi aldama
1630567,Scottie Barnes,1610612761,TOR,21.0,77,2677.55,1179,512,371,83,61,154,175,114.8,111.6,0.524,0.2,0.103,113.8,111.3,2.5,28.850553677802466,2145.8,-0.011456841863214828,1.5083038157285917,0.8108401485952804,0.8561718675418477,-1.1703454484168099,0.6181137140149484,0.3179871277906506,0.22185050654648797,1.0,True,0.2454614278577267,59.69504145884531,59.69504145884531,scottie barnes,7644600.0,False,False,TOR,150992313,1087969.5,152080282.5,7699682.881204025,0.04362243442517849,65.0242897750566,143.64294394884806,scottie barnes
1630590,Scotty Pippen Jr.,1610612747,LAL,22.0,6,31.516666666666666,14,4,2,2,1,2,-1,89.4,90.9,0.439,0.231,0.051,89.1,93.6,-4.6,26.500264410364885,23.2,-0.03286765235201313,-1.3750701842105653,1.1777468146966883,-0.910870696997566,-3.4436707890536846,-0.44190613663319495,0.4707198145028536,-1.4077857778773721,0.11969025681214647,False,-1.162281974290207,12.256047308308442,7.400944271994609,scotty pippen,1017780.7513239831,False,True,LAL,169391473,42154537.25,211546010.25,1271064.3188741622,0.00720119526423949,15.143677494950149,33.45338219166519,scotty pippen
201586,Serge Ibaka,1610612749,MIL,33.0,16,185.3583333333333,66,44,4,2,7,11,-25,101.0,107.6,0.553,0.159,0.068,100.1,109.3,-9.3,20.47061997032775,105.4,-0.004497189281255785,-3.231943284469931,1.017519200935414,-1.3200927777096958,-0.43139375927482876,-1.1245516576273573,0.404021669725945,-0.8750200695080329,0.2902650304097754,False,-0.7653177773562699,22.20411703326482,15.112549785942921,serge ibaka,2905851.0,False,False,MIL,182930771,97652912.25,280583683.25,4457065.217068898,0.025251434138275648,19.933036004354197,44.03339095911451,serge ibaka
203552,Seth Curry,1610612751,BKN,32.0,61,1210.715,561,100,99,36,7,51,-69,110.4,113.9,0.593,0.188,0.079,110.4,112.8,-2.5,23.53187992219474,791.4000000000001,0.002202568648578052,-1.4225537538281678,-0.6070473935255626,-0.5693836775087684,0.27996322022823666,-0.4593626047761947,-0.2722386537818892,-0.5302893170337549,0.7418389313051722,True,-0.3691784202367957,35.59973698512284,31.464027219722492,seth curry,8496653.0,False,False,BKN,159566723,15024515.25,174591238.25,9296682.543581327,0.05267021134325753,32.085023476761556,70.87793261277373,seth curry
1631101,Shaedon Sharpe,1610612757,POR,20.0,80,1778.6033333333332,789,236,94,38,24,83,-297,110.8,118.4,0.568,0.186,0.071,109.6,118.2,-8.6,22.288949569043872,1101.1999999999998,-0.0024708629327898036,-1.8187521264485105,-4.603587323979029,-0.43524591120025236,-0.21624547991483312,-0.6050177087553924,-1.935883219351195,-0.7810025915605029,0.8991418467661599,True,-0.756684216471427,22.46195365209802,21.4424916285794,shaedon sharpe,6012960.0,False,False,POR,144997250,0.0,144997250.0,6012960.0,0.03406633199680615,25.468137841715695,56.26079591387461,shaedon sharpe
1628983,Shai Gilgeous-Alexander,1610612760,OKC,24.0,68,2415.985,2135,329,371,112,65,192,149,116.1,113.3,0.626,0.318,0.175,114.9,111.9,3.0,44.58752848217187,2992.3,0.014219621437488417,2.460706029332273,-0.06441440561506787,2.7158317245631514,1.5558920618334404,0.9682470134906456,-0.04635615613510618,2.4782699772872174,1.0,True,1.7941063622053002,96.360190311661,96.360190311661,shai gilgeous alexander,30913750.0,False,False,OKC,148856338,0.0,148856338.0,30913750.0,0.17514137309515881,64.52788194630443,142.54634632097867,shai gilgeous alexander
1629003,Shake Milton,1610612755,PHI,26.0,76,1567.3533333333332,637,191,240,25,13,94,144,114.1,110.2,0.575,0.175,0.09,114.5,109.3,5.2,24.25719790900159,1056.1000000000001,-0.0010997366303129863,1.4631902422303482,2.063863459682979,-0.315293175291569,-0.07066406111403392,0.6015285317101828,0.839584674242834,-0.185558564559477,0.8440576599577385,True,0.0710765085351121,52.83315678255559,49.12564003733446,shake milton,1997718.0,False,False,PHI,150496913,344869.5,150841782.5,2002295.8481037747,0.01134397619763473,85.73856056096082,189.40213405663894,shake milton
1627885,Shaquille Harrison,1610612747,LAL,29.0,5,119.91666666666669,44,22,30,11,2,6,-1,113.0,113.4,0.516,0.162,0.117,112.5,113.2,-0.7,36.38526754690758,121.20000000000002,-0.010576041909204012,0.05609010119502577,-0.1736598284754715,-0.06633532433416234,-1.0768251747899815,0.084233834116767,-0.09183188194235706,0.6605987369682969,0.23346857552479255,False,0.01893230661461265,50.755244639802555,33.247774151801586,shaquille harrison,134862.0,False,False,LAL,169391473,42154537.25,211546010.25,168423.57840725253,0.002,106.52165391860893,235.31335776371444,shaquille harrison
1631323,Simone Fontecchio,1610612762,UTA,27.0,52,765.8116666666666,328,86,42,15,8,39,-205,105.2,118.3,0.495,0.192,0.046,105.7,117.8,-12.1,20.749749176799344,441.4,-0.01656656818868624,-4.180549459628806,-3.3987164064981124,-1.0476271388884744,-1.7128784060314128,-1.4732894128186838,-1.4343301286875438,-1.5644815744565894,0.5899967899244979,True,-1.4243259491897415,7.717606958191478,6.293697326059687,simone fontecchio,3205128.0,False,False,UTA,148738241,0.0,148738241.0,3205128.0,0.01815860317385436,9.316715278401924,20.5812384134064,simone fontecchio
1630219,Skylar Mays,1610612757,POR,25.0,6,188.76666666666668,92,19,50,6,1,10,-74,108.4,124.8,0.624,0.182,0.113,107.7,125.9,-18.2,33.66060392018365,176.5,0.007774273904474502,-1.2141174730989908,-3.584149036668505,-0.23770824207800023,0.8715474928280905,-0.3827348085996117,-1.5115203964768096,0.5352420997049229,0.29292154291384975,False,-0.05226058744527287,47.916052852070145,32.66986892793506,skylar mays,116574.0,False,False,POR,144997250,0.0,144997250.0,116574.0,0.002,104.67011883618808,231.2231946726056,skylar mays
203915,Spencer Dinwiddie,1610612751,BKN,30.0,79,2725.335,1369,270,515,67,24,145,-8,114.1,114.2,0.573,0.22,0.113,112.7,112.4,0.3,30.003797698264616,2271.4,-0.001822526049536326,0.7181980131669842,-0.6233780504160816,1.039877858978441,-0.14740732608871962,0.32764572933961333,-0.27903663630198533,0.5352420997049229,1.0,True,0.4057223596984234,65.75266943464561,65.75266943464561,spencer dinwiddie,19500000.0,False,False,BKN,159566723,15024515.25,174591238.25,21336084.8795209,0.12087925930287159,50.13327614678586,110.74771289985401,spencer dinwiddie
1626169,Stanley Johnson,1610612762,UTA,27.0,30,469.495,174,95,67,16,6,33,-92,111.5,118.5,0.625,0.148,0.093,112.1,118.9,-6.8,25.710177957166746,335.3,0.0064699370212210235,-0.2663659277127916,-3.0788499396353375,-0.739677286690899,0.7330575421100279,-0.034311242453483895,-1.301178923253765,-0.09154108661194651,0.46195975818443125,False,-0.3027465411958919,38.10415132111128,28.8784462651668,stanley johnson,4022164.0,False,False,UTA,148738241,0.0,148738241.0,4022164.0,0.022787508010963287,39.48351012876686,87.22167749851899,stanley johnson
1630649,Stanley Umude,1610612765,DET,24.0,1,2.1166666666666667,2,0,0,1,1,0,3,175.0,80.0,0.532,0.5,0.25,180.4,80.0,100.4,105.4488188976378,6.2,-0.024642104658037067,0.27750539651713246,0.13650699866899602,5.237543067987698,-2.5703107626728006,0.16563312823660947,0.037281642600914315,4.828706925975477,0.031018078794812744,False,2.402888446014276,99.18669256865755,55.93714220323283,stanley umude,58493.0,False,False,DET,129153570,0.0,129153570.0,58493.0,0.002,179.21551306753898,395.8988862066681,stanley umude
201939,Stephen Curry,1610612744,GSW,35.0,56,1941.1516666666664,1648,341,352,52,20,179,268,118.1,112.4,0.656,0.297,0.166,116.8,111.1,5.7,42.34537744345926,2283.3,0.02219058983312598,3.904296331226833,0.606128669560355,2.011885566596606,2.402221744341203,1.498956653046135,0.2327716300019256,2.1962175434446265,0.9393304352924303,True,1.781929158790929,96.26196076013574,93.63388369438917,stephen curry,48070014.0,False,False,GSW,192386134,189304154.5,381690288.5,95369957.96099858,0.4,46.962138374592804,103.74246044971598,stephen curry
1628425,Sterling Brown,1610612747,LAL,28.0,4,24.363333333333333,0,8,2,3,0,0,-4,106.8,106.3,0.0,0.061,0.031,107.1,108.4,-1.3,22.16445478177589,15.0,-0.03545833676828052,-0.252294230474077,0.22405494738032083,-1.2553524880415052,-3.7187406438905652,-0.02913803966894644,0.07372533430295365,-2.0345689641942415,0.10523422648664466,False,-1.4753318136571325,7.006167867164832,4.185172222202162,sterling brown,3122602.0,False,False,LAL,169391473,42154537.25,211546010.25,3899688.5911646243,0.02209362547410449,5.784365299507588,12.778044379587486,sterling brown
203500,Steven Adams,1610612763,MEM,29.0,42,1133.2916666666667,361,485,97,36,46,79,243,118.7,109.0,0.564,0.139,0.112,115.5,107.4,8.1,28.490812162211846,896.9,-0.0024025050949343166,3.032183894822162,3.0129591574736914,-0.10368028443728228,-0.20898748260037708,1.1783404254580472,1.2346659013320804,0.5039029403890795,0.7177273686836637,True,0.45585363763586584,67.57523847853015,58.99165030880651,steven adams,17926829.0,False,False,MEM,127139520,0.0,127139520.0,17926829.0,0.1015641727807889,47.80432408831364,105.60290422678786,steven adams
1629004,Svi Mykhailiuk,1610612766,CHA,26.0,32,467.9016666666666,222,53,53,15,4,24,20,109.6,108.5,0.584,0.191,0.092,109.6,108.8,0.8,26.213200066965648,340.70000000000005,0.0005187160206298279,-1.3584249846725462,1.7897387839943846,-0.6963929206582453,0.10117760858521194,-0.4357868326758617,0.7254744601742275,-0.12288024592779001,0.4611752115601788,False,-0.15233251853036167,43.946233906251116,33.290539821982925,svi mykhailiuk,3846895.0,False,False,CHA,125874047,0.0,125874047.0,3846895.0,0.021794524198872702,46.231190153405315,102.12774762887989,svi mykhailiuk
204456,T.J. McConnell,1610612754,IND,31.0,75,1526.4133333333334,650,234,397,81,10,143,-62,110.5,112.9,0.59,0.182,0.134,109.5,112.7,-3.3,32.25443523379425,1367.6,0.0015862739044744966,-1.890708340030934,-0.29960506830254985,0.541209983347782,0.21452718921927857,-0.631471098005783,-0.14425926098617603,1.1933644453376357,0.8329611289995725,True,0.40913135397233413,65.87783660924327,60.925964856221896,tj mcconnell,8100000.0,False,False,IND,125706114,0.0,125706114.0,8100000.0,0.045890424877951926,65.19818587408392,144.02709189866673,tj mcconnell
203933,T.J. Warren,1610612756,PHX,29.0,42,686.7083333333334,314,121,40,22,12,20,55,112.8,108.4,0.55,0.185,0.09,112.1,109.1,3.0,26.16482009586797,499.1,-0.005787578723473712,-0.017382408041152413,2.0613573951178954,-0.5819895403778956,-0.56840281924568,0.05722300643054893,0.8385414716808134,-0.185558564559477,0.5586950433959044,True,-0.15206070563246465,43.95695280498859,35.227663287464395,tj warren,2628597.0,False,False,PHX,176042453,67045675.25,243088128.25,3629696.779182947,0.02056399103393075,49.92660880593832,110.2911711158512,tj warren
201959,Taj Gibson,1610612764,WAS,38.0,49,480.445,168,93,34,15,12,26,-4,110.6,111.7,0.585,0.151,0.059,110.7,113.5,-2.8,22.576569638564248,301.3,0.000561084393272796,-0.8575670835360291,-0.19490612231103943,-1.0095888595512308,0.10567613493577661,-0.2516555623065386,-0.10067610266656253,-1.1570725033506244,0.46731583635598195,True,-0.6365172953985936,26.22196558629818,19.936353972950418,taj gibson,2905851.0,False,False,WAS,152008934,2612901.0,154621835.0,2955800.0443354533,0.016746039492447296,30.36073777060031,67.0688717849086,taj gibson
1629659,Talen Horton-Tucker,1610612762,UTA,22.0,65,1313.215,698,210,246,41,29,126,-8,112.0,112.0,0.508,0.25,0.1,110.8,111.4,-0.6,31.83271589191413,1161.2000000000003,-0.01832105232901854,-0.818426835837343,0.5375755365744093,0.3543085439150433,-1.899163425837161,-0.23726636426259148,0.20423493347706986,0.12783302859895793,0.7726033323063712,True,-0.1629021839349543,43.52977256340396,39.07543621153314,talen horton tucker,10260000.0,False,False,UTA,148738241,0.0,148738241.0,10260000.0,0.058127871512072445,38.49506979117628,85.03814761298736,talen horton tucker
1631106,Tari Eason,1610612745,HOU,22.0,82,1767.22,760,496,88,96,47,101,-157,108.6,113.4,0.525,0.184,0.095,108.3,113.3,-5.0,28.40121773180476,1394.2000000000003,-0.010356294514157642,-3.1100979394377246,-0.7465295036317732,0.260352939375994,-1.0534931611812854,-1.0797574393102274,-0.33030104237561647,-0.02886276798025953,0.8962599054860249,True,-0.3131033419801488,37.71010750679594,35.94968495419672,tari eason,3359160.0,False,False,HOU,137579793,0.0,137579793.0,3359160.0,0.01903126909049642,52.35006194892072,115.64473891619674,tari eason
1627752,Taurean Prince,1610612750,MIN,29.0,54,1192.5483333333334,493,132,84,28,15,69,0,111.9,111.0,0.597,0.165,0.065,112.0,110.6,1.4,21.07084408877907,698.0,0.0025931054628477593,-0.31709164858432326,1.1430203317770615,-0.8311251996608202,0.3214290599635148,-0.052959628359507536,0.45626417897914767,-0.9690375474555635,0.7362522830133869,True,-0.3897825225644008,34.8348684302017,30.700440771204068,taurean prince,7100000.0,False,False,MIN,145793656,0.0,145793656.0,7100000.0,0.04022494032511836,34.403849678790465,76.00037260123678,taurean prince
1629611,Terance Mann,1610612746,LAC,26.0,81,1872.1766666666667,713,276,184,42,22,80,2,113.7,113.5,0.619,0.149,0.087,113.4,113.1,0.4,22.847843775427176,1188.2,0.005619652811904949,0.876007092402019,-0.6927368705425807,-0.3267212691451148,0.6427773240494873,0.3856613584620139,-0.3079087171983863,-0.27957604250700746,0.9224908638785503,True,-0.05747363524141368,47.708395370674985,46.04436894076027,terance mann,1930681.0,False,False,LAC,192905421,150170920.75,343076341.75,3433656.613342306,0.01945332850262567,66.53719318138324,146.98504733739384,terance mann
1629056,Terence Davis,1610612758,SAC,26.0,64,840.9766666666667,431,139,67,43,12,53,47,115.4,111.4,0.563,0.215,0.08,115.9,112.2,3.7,28.53111263491258,666.5,-0.0039311050029559565,2.0632578689190075,0.31498273398217846,-0.2724318764696269,-0.3712889007750343,0.8221324478288413,0.11157595525803117,-0.49895015771791146,0.6182735003314643,True,-0.1334300910860044,44.69266244621324,37.01549432780607,terence davis,4000000.0,False,False,SAC,139423615,0.0,139423615.0,4000000.0,0.022661938211334286,50.70670721995993,112.01445995372293,terence davis
203082,Terrence Ross,1610612756,PHX,32.0,63,1330.5083333333334,522,154,95,35,10,43,-76,112.1,114.7,0.544,0.166,0.069,111.1,113.5,-2.4,21.63503923938845,799.5999999999999,-0.006189178746468305,-0.6614633193715292,-1.1613240849668054,-0.7112941208103855,-0.6110433119795541,-0.1795615908669757,-0.5029680901404372,-0.8436809101921895,0.777673784534052,True,-0.6249637522082983,26.599742429387273,23.93852339937467,terrence ross,11500000.0,False,False,PHX,176042453,67045675.25,243088128.25,15879768.926390728,0.08996658555503322,20.239731578094325,44.710901705645,terrence ross
1626179,Terry Rozier,1610612766,CHA,29.0,63,2220.9266666666667,1329,259,319,74,16,134,-288,109.3,115.6,0.517,0.262,0.101,108.1,114.7,-6.6,31.836980959899616,1964.1,-0.016842462840811426,-3.1262272744600814,-2.1856803350040157,0.9536682678186175,-1.7421719399847642,-1.0856870950891215,-0.9293781193748993,0.15917218791480142,1.0,True,-0.277416849838223,39.07300224383151,39.07300224383151,terry rozier,21486316.0,False,False,CHA,125874047,0.0,125874047.0,21486316.0,0.12173039139530081,29.71823068171884,65.64953125732714,terry rozier
1630678,Terry Taylor,1610612741,CHI,23.0,31,263.43666666666667,89,47,10,3,6,9,18,113.2,108.8,0.557,0.129,0.059,110.3,110.2,0.2,19.391378066834534,141.9,-0.0031326630017735604,-0.32782684933902256,0.9462611281477504,-1.3770842727119406,-0.286513107945221,-0.05690622907828849,0.3743589846010431,-1.1570725033506244,0.3460403724913314,False,-0.6867518720465424,24.611955147454434,17.369103888234225,terry taylor,1563518.0,False,False,CHI,151964990,2546985.0,154511975.0,1589723.094299878,0.009006551634038745,32.8637975323442,72.59829585552285,terry taylor
201152,Thaddeus Young,1610612761,TOR,35.0,54,795.46,240,166,75,54,5,42,-92,109.4,115.0,0.573,0.131,0.084,109.5,115.3,-5.8,24.040429437055288,531.2,-0.0010852314204057214,-1.8114320865068159,-1.717918317667691,-0.7238265555863225,-0.06912394840925358,-0.6023266296078739,-0.7346622522340411,-0.37359352045453753,0.6013091777719073,True,-0.5039516195706172,30.71476876024225,25.204205375037226,thaddeus young,8000000.0,False,False,TOR,150992313,1087969.5,152080282.5,8057643.7026963085,0.04565045592986264,27.02110105360355,59.691394054531294,thaddeus young
203648,Thanasis Antetokounmpo,1610612749,MIL,30.0,37,206.20666666666668,51,44,15,3,3,12,-114,93.6,120.1,0.458,0.138,0.041,99.4,122.7,-23.2,17.213798454624808,98.6,-0.017013220885618234,-4.476248011059271,-2.7090270023599534,-1.5793264828850115,-1.7603024348849925,-1.5819975909221164,-1.147232276772677,-1.7211773710358067,0.3061540511414197,False,-1.584614677418963,5.652695405594445,3.8877504923079984,thanasis antetokounmpo,1878720.0,False,False,MIL,182930771,97652912.25,280583683.25,2881626.6094206753,0.016325811042707014,5.973488620738167,13.19583026736761,thanasis antetokounmpo
1630177,Theo Maledon,1610612766,CHA,22.0,44,853.6566666666666,295,123,152,37,12,59,-147,106.9,115.8,0.515,0.166,0.091,107.3,115.2,-7.9,26.00717696810193,616.6999999999999,-0.01100317874646831,-3.323445160836987,-1.9283062767254517,-0.506553016114709,-1.1221770775860216,-1.1581906532355157,-0.8222407053055578,-0.1542194052436335,0.6229171354006547,True,-0.6382953410208316,26.164072210905864,21.724361726413235,theo maledon,1900000.0,False,False,CHA,125874047,0.0,125874047.0,1900000.0,0.010764420650383785,38.61767452117434,85.30898954636177,theo maledon
1629033,Theo Pinson,1610612742,DAL,27.0,40,322.95666666666665,95,63,46,6,1,12,-50,108.6,116.2,0.512,0.136,0.073,111.1,116.9,-5.7,22.505805732451204,201.89999999999998,-0.009422652466986085,-0.9065391160841422,-1.6630378568117297,-1.089271490661207,-0.9543622980115039,-0.26965923669240816,-0.711817095661666,-0.718324272928816,0.3831429039516259,True,-0.7781909490987833,21.822822588424728,15.765119252161186,theo pinson,1968175.0,False,False,DAL,177244238,72153261.5,249397499.5,2769387.197672471,0.015689920389228437,24.562118646501855,54.259339766873296,theo pinson
1628418,Thomas Bryant,1610612743,DEN,25.0,59,1081.486666666667,579,339,31,16,30,38,-93,111.1,115.8,0.682,0.181,0.129,111.0,115.2,-4.3,30.01534924147623,901.6999999999999,0.018229558113790584,-0.936889734263408,-2.09101399630782,0.018874840226829365,1.9816531821495615,-0.28081708778981807,-0.8899712467663728,1.0366686487584182,0.7011311207504974,True,0.4373490318232383,66.90708793089209,57.90868705820295,thomas bryant,1968175.0,False,False,DEN,162338665,21429162.5,183767827.5,2227979.661467664,0.012622584356072419,97.35934500696555,215.0732131963519,thomas bryant
203501,Tim Hardaway Jr.,1610612742,DAL,31.0,71,2152.233333333333,1019,251,129,49,12,60,160,117.9,114.5,0.554,0.201,0.081,117.0,112.9,4.1,23.803924605448604,1423.1,-0.005484126072530898,4.0167927546269215,-0.9394867189647503,-0.07685533129936345,-0.5361832728892891,1.5403139108744737,-0.41062357843486963,-0.467610998402068,0.9890843638375235,True,-0.07047107341291399,47.190936168337,46.9591325781159,tim hardaway,19602273.0,False,False,DAL,177244238,72153261.5,249397499.5,27582041.175952718,0.15626562821797962,32.72681021295498,72.29568183376576,tim hardaway
202699,Tobias Harris,1610612755,PHI,30.0,74,2435.8783333333336,1085,424,186,68,40,89,296,117.2,111.7,0.602,0.18,0.105,115.9,110.1,5.8,25.821979340785354,1747.1999999999998,0.003728842323106647,3.3270376555368655,1.3625675950199925,0.32243665584981474,0.44201764702670365,1.2867380316660655,0.5476553868078339,0.28452882517817496,1.0,True,0.5074294713409967,69.40732443024724,69.40732443024724,tobias harris,37633050.0,False,False,PHI,150496913,344869.5,150841782.5,37719287.5903815,0.21369804118719343,43.35217961569981,95.76782350319704,tobias harris
1628396,Tony Bradley,1610612741,CHI,25.0,12,33.365,19,11,1,1,1,1,11,106.1,96.2,0.69,0.174,0.147,115.6,102.6,13.0,33.34032668964483,30.9,0.018916547579003084,-0.038161376048967764,0.7720778989831629,-0.3713315938248021,2.0545953326036615,0.049583997906253514,0.30185151872915844,1.6007735164436003,0.12314994555788115,False,0.7483037838627404,77.28615286520343,46.790387558839434,tony bradley,2036318.0,False,False,CHI,151964990,2546985.0,154511975.0,2070447.3833614571,0.011730087667889022,80.71179868186378,178.2976855906701,tony bradley
1628470,Torrey Craig,1610612756,PHX,32.0,79,1947.8416666666667,588,426,117,50,62,73,-177,111.9,115.5,0.566,0.128,0.073,111.3,114.2,-2.9,21.842021724900636,1181.8,-0.0019563787924574997,-0.6923232492532367,-1.8602337449821018,-0.40998991538920854,-0.16161934447801207,-0.19090668112058487,-0.7939040692478472,-0.718324272928816,0.9409477008620488,True,-0.48995927495291347,31.208135858660384,30.37882538024184,torrey craig,5121951.0,False,False,PHX,176042453,67045675.25,243088128.25,7072643.333243122,0.04006995155219025,34.08946732664311,75.30588125432271,torrey craig
1629027,Trae Young,1610612737,ATL,24.0,73,2540.74,1914,217,741,80,9,300,100,115.9,114.6,0.573,0.313,0.143,115.3,114.4,1.0,40.768752410714995,2877.3,-0.0025929575159312273,2.6152902874860597,-1.7528053544510471,2.332017673371996,-0.22920905782119536,1.0250770959718598,-0.7491847217109973,1.4754168791802265,1.0,True,1.0326319795630172,84.9111921728462,84.9111921728462,trae young,37096500.0,False,False,ATL,149836313,0.0,149836313.0,37096500.0,0.21016964771419058,53.34592664818566,117.84466970624473,trae young
1630200,Tre Jones,1610612759,SAS,23.0,68,1983.7383333333328,875,245,448,89,9,110,-325,110.9,118.8,0.534,0.189,0.111,109.4,117.7,-8.3,31.458786147030487,1733.4999999999998,-0.008936715560738011,-1.9248751593076814,-4.598656742796988,0.7521083427694448,-0.9027672085354476,-0.6440319058189992,-1.933830760291273,0.47256378107323593,0.9495784551179761,True,-0.19229826118252602,42.37542901788816,41.413943449633955,tre jones,1782621.0,False,False,SAS,104545376,0.0,104545376.0,1782621.0,0.010099411739056733,75.27985647711773,166.29816706691642,tre jones
1630544,Tre Mann,1610612760,OKC,22.0,67,1183.388333333333,517,155,120,40,11,62,57,109.3,108.2,0.492,0.2,0.072,108.8,108.3,0.6,24.844929742702107,816.7,-0.017856841863214835,-2.39718903433552,2.8978626268561896,-0.44803826889828613,-1.8498751741919226,-0.8176694857086076,1.186754527741485,-0.7496634322446594,0.7334192442790056,True,-0.5590271167218261,28.80716069420647,25.351415093589512,tre mann,3046200.0,False,False,OKC,148856338,0.0,148856338.0,3046200.0,0.017258199044841625,38.20230909830157,84.39141993718337,tre mann
1630570,Trendon Watford,1610612757,POR,22.0,62,1181.6083333333331,459,238,130,32,12,71,-181,110.8,117.9,0.625,0.158,0.097,110.6,117.7,-7.1,24.45277270387114,802.6,0.006907094928060282,-1.2156387095190138,-3.792809944294392,-0.48916168017225503,0.7794734471967316,-0.38329406341802486,-1.5983799277361852,0.03381555065142745,0.732867448430954,True,-0.29247583644125735,38.496141615851535,33.86853397491894,trendon watford,1563518.0,False,False,POR,144997250,0.0,144997250.0,1563518.0,0.00885808707707724,64.4559837449064,142.3875184529748,trendon watford
1630235,Trent Forrest,1610612737,ATL,25.0,23,276.975,52,37,38,7,2,15,-58,104.3,114.4,0.424,0.116,0.055,105.7,112.8,-7.2,16.831844029244515,129.5,-0.018244968280664606,-2.5916136016656033,-0.3770636122189901,-1.5860801305329613,-1.8910850863818789,-0.8891461310650246,-0.1765030238125056,-1.282429140613998,0.35482069735674565,False,-1.2247589110063513,11.033303525953087,7.82999694232649,trent forrest,1903250.0049758484,True,True,ATL,149836313,0.0,149836313.0,1903250.0049758484,0.010782833503371086,13.910441088457128,30.72908164757053,trent forrest
1630243,Trevelin Queen,1610612755,PHI,26.0,7,70.0,21,17,6,2,5,7,14,107.2,98.0,0.337,0.194,0.046,106.2,100.5,5.7,23.605714285714285,45.9,-0.04739113660731838,-0.7135135286501517,1.5820312808821528,-1.1198236310621845,-4.985723800507862,-0.19869690077366636,0.6390118037779917,-1.5644815744565894,0.17837651700316892,False,-1.4311117147280532,7.619910019145074,4.8025963646214835,trevelin queen,838891.0,False,False,PHI,150496913,344869.5,150841782.5,840813.3511895192,0.00476361505298045,11.356227411199564,25.0866552043919,trevelin queen
1631309,Trevor Hudgins,1610612745,HOU,24.0,5,28.33333333333333,9,0,3,0,0,1,3,105.3,98.3,0.436,0.177,0.032,107.3,98.2,9.1,14.99294117647059,11.799999999999999,-0.025715305048945127,-0.31694214027129225,0.7584174453243828,-1.8174004950403653,-2.684259445068972,-0.05290466435565194,0.29616506497463224,-2.003229804878398,0.11348474733984244,False,-1.4214689218911094,7.759024111387998,4.663702162161474,trevor hudgins,1832005.3523831696,True,True,HOU,137579793,0.0,137579793.0,1832005.3523831696,0.01037919802463527,8.396712853686235,18.54889239035251,trevor hudgins
1631211,Trevor Keels,1610612752,NYK,19.0,3,8.04,3,2,0,0,0,0,-18,42.1,136.8,0.375,0.211,0.058,50.4,146.4,-96.0,19.701492537313435,4.4,-0.043525968165691646,-1.0338821971019694,-0.4775786790121496,-1.4554689996278358,-4.575333667505794,-0.3164745973512891,-0.21834455362034166,-1.1884116626664676,0.060452836612895626,False,-1.486913671478513,6.8518806474795895,3.9549313856866903,trevor keels,1017780.7513239831,True,True,NYK,148987936,0.0,148987936.0,1017780.7513239831,0.005766221124797372,8.747074479183324,19.322864324643607,trevor keels
1626168,Trey Lyles,1610612758,SAC,27.0,74,1247.235,562,300,66,27,31,64,105,116.3,112.3,0.607,0.174,0.099,116.0,112.3,3.7,25.867779528316635,896.1999999999999,0.004474547579003093,2.6482949005027585,0.058716177505763224,-0.3089024089901439,0.5211940357842617,1.0372106398553098,0.004899562318608262,0.09649386928311444,0.7529442210416386,True,0.18621819423112534,57.38631717141448,51.00638759076355,trey lyles,2625000.0,False,False,SAC,139423615,0.0,139423615.0,2625000.0,0.014871896951188126,80.97149572318602,178.87137347990935,trey lyles
1630530,Trey Murphy III,1610612740,NOP,23.0,79,2448.005,1148,281,112,89,43,61,38,113.3,112.8,0.65,0.159,0.094,112.0,112.0,0.0,24.969066648148186,1697.8999999999999,0.010925810718744211,0.09131115133874779,0.05169592841295018,0.21909417091546568,1.2061667033235381,0.09718221067624447,0.00197723464130764,-0.06020192729610302,1.0,True,0.23251188683619906,59.19297720925821,59.19297720925821,trey murphy,3206520.0,False,False,NOP,148360910,0.0,148360910.0,3206520.0,0.018166489528351905,87.61150751604886,193.53959738641268,trey murphy
1628972,Troy Brown Jr.,1610612747,LAL,23.0,76,1859.79,541,308,95,59,16,49,-15,112.0,112.5,0.561,0.119,0.067,111.2,112.1,-0.8,19.024083364250803,982.8000000000001,-0.0024138209086128188,-0.7014544242466586,0.0963509879325653,-0.7783698425702845,-0.21018895631379503,-0.19426359102993876,0.020565850891302744,-0.9063592288238764,0.9194341145014638,True,-0.5240832337575987,30.01103247235869,28.92299303972128,troy brown,1968175.0,False,False,LAL,169391473,42154537.25,211546010.25,2457972.4194487273,0.013925604773677724,46.98336669761404,103.78935521510927,troy brown
1629660,Ty Jerome,1610612744,GSW,25.0,45,815.5783333333334,309,78,135,23,5,30,-92,110.7,116.3,0.594,0.147,0.092,111.5,116.6,-5.2,25.21302879143021,571.2,0.0018692212305370939,-0.7625489981228347,-2.5403521665498148,-0.6024744535695457,0.24456955154554696,-0.21672389658759542,-1.0770177965405248,-0.12288024592779001,0.6088656865372069,True,-0.34485850840810944,36.5100372347682,30.083889478023266,ty jerome,4220057.0,False,False,GSW,192386134,189304154.5,381690288.5,8372509.70392931,0.047434324396060684,31.822724308385457,70.2984964532829,ty jerome
1631102,TyTy Washington Jr.,1610612745,HOU,21.0,31,432.7133333333333,145,45,47,15,2,14,-47,104.9,111.0,0.432,0.17,0.057,103.9,110.5,-6.7,21.60599010892508,259.7,-0.02537831558373261,-3.7624871097366066,0.7804477748467804,-1.1163691839871277,-2.6484790764931962,-1.3195964164527276,0.30533565719325656,-1.2197508219823112,0.443495071886801,False,-1.1944285179543754,11.61551934743706,8.70667715568774,tyty washington,2210040.0,False,False,HOU,137579793,0.0,137579793.0,2210040.0,0.012520947481144306,14.67963464853307,32.42828094398772,tyty washington
1628416,Tyler Dorsey,1610612742,DAL,27.0,3,8.25,9,2,0,0,0,0,2,88.2,81.3,0.9,0.227,0.365,88.9,94.5,-5.6,45.38181818181819,10.4,0.07234848448525118,-0.3861639341852951,0.37597363778647525,0.5530844476163702,7.727812431593638,-0.0783527940980531,0.1369647133910359,8.432710247297475,0.06123724356957945,False,3.836047838726328,99.99374849680933,57.75206536270561,tyler dorsey,201802.0,False,False,DAL,177244238,72153261.5,249397499.5,283952.329068655,0.002,185.03029681214497,408.7441269373329,tyler dorsey
1629639,Tyler Herro,1610612748,MIA,23.0,67,2335.391666666667,1347,360,280,51,16,158,170,113.9,111.3,0.566,0.25,0.119,113.1,110.5,2.6,29.50425874318012,1913.9999999999998,-0.003821052329018554,0.8318621916152952,1.286762843834332,0.7342454856420815,-0.35960389087792477,0.36943229100846553,0.5161000503045281,0.7232770555999835,1.0,True,0.47943375565577573,68.41849578497232,68.41849578497232,tyler herro,5722116.0,False,False,MIA,151408266,1711899.0,153120165.0,5786813.158993182,0.032785100562409915,82.36118060314655,181.94127901842865,tyler herro
1630169,Tyrese Haliburton,1610612754,IND,23.0,56,1882.8533333333328,1160,205,585,91,25,141,-35,116.9,117.9,0.624,0.238,0.159,114.7,117.2,-2.5,41.591556078009276,2175.2999999999997,0.010166358182774348,2.5048004650816846,-4.028072801064384,1.8724812674201645,1.1255306762130985,0.9844575283938429,-1.696313084906292,1.9768434282337222,0.9251175191522556,True,1.1232246132802552,86.93289441706827,84.00350655651697,tyrese haliburton,4215120.0,False,False,IND,125706114,0.0,125706114.0,4215120.0,0.023880697248339845,112.98395882742744,249.58901544500551,tyrese haliburton
1631213,Tyrese Martin,1610612737,ATL,24.0,16,65.54,21,12,2,1,0,2,1,106.7,104.4,0.44,0.164,0.054,109.7,107.1,2.6,17.35733902960024,31.599999999999998,-0.023170610327836162,-0.45313141171286714,0.7373168548123233,-1.6181119611335755,-2.414072616003886,-0.10297216554572437,0.28738149635113347,-1.3137682999298417,0.17260043189664703,False,-1.1331079730421179,12.858445677209184,8.070863097297698,tyrese martin,1017781.0,False,False,ATL,149836313,0.0,149836313.0,1017781.0,0.005766222533667505,17.85022992857023,39.43233499318035,tyrese martin
1630178,Tyrese Maxey,1610612755,PHI,22.0,60,2015.77,1218,176,212,49,8,80,241,118.0,112.6,0.605,0.236,0.109,117.1,111.7,5.5,29.464075762611806,1649.8,0.005596926601406493,4.046300107954128,0.2582077806702508,0.533995541566721,0.6403643341138743,1.5511617510324232,0.08794217599359569,0.40988546244154894,0.9572142345938504,True,0.598384763295129,72.5208384976448,71.12455168528692,tyrese maxey,2726880.0,False,False,PHI,150496913,344869.5,150841782.5,2733128.7510435516,0.015484498719942553,111.32465628460339,245.923506710076,tyrese maxey
1626145,Tyus Jones,1610612763,MEM,27.0,80,1939.4233333333332,822,200,417,83,6,74,95,113.6,111.6,0.546,0.175,0.116,112.9,110.1,2.8,30.382639513119887,1636.8000000000002,-0.006174736630312971,0.6121450205085314,1.3374488977632653,0.5959806693772249,-0.6095098983497657,0.28865728127808055,0.5371991959746315,0.6292595776524533,0.9389121687389405,True,0.37022502747548414,64.43925849177347,62.6678539445735,tyus jones,15000000.0,False,False,MEM,127139520,0.0,127139520.0,15000000.0,0.08498226829250358,54.0524936747477,119.40552286040696,tyus jones
1628962,Udoka Azubuike,1610612762,UTA,23.0,36,358.535,125,119,11,6,15,18,-83,103.2,114.9,0.774,0.113,0.114,104.1,113.4,-9.3,24.268760372069668,241.7,0.021776884347283622,-3.6207170787930596,-0.6755907510898224,-0.9219976375489553,2.3582959356933717,-1.2674772508396879,-0.30077128108000206,0.5665812590207664,0.40369599272900214,False,0.05798207888504328,52.31185482569964,38.27465892854512,udoka azubuike,2174880.0,False,False,UTA,148738241,0.0,148738241.0,2174880.0,0.012321749044266677,64.89508822607685,143.35752920733523,udoka azubuike
2617,Udonis Haslem,1610612748,MIA,43.0,7,72.11833333333334,27,11,0,1,2,1,-25,103.9,115.7,0.433,0.185,0.022,104.2,116.5,-12.2,19.717593769499207,39.50000000000001,-0.02743257872347372,-1.0500424038977039,-0.4787244952080998,-1.4280250941232018,-2.86659358712104,-0.3224156025744821,-0.2188215239298357,-2.316621398036833,0.1810554075581854,False,-1.563167299985654,5.900662465506381,3.7261204374285044,udonis haslem,2905851.0,False,False,MIA,151408266,1711899.0,153120165.0,2938706.0319772437,0.016649193629485914,5.68597689293023,12.560697901523696,udonis haslem
1630586,Usman Garuba,1610612745,HOU,21.0,75,970.18,225,307,64,44,29,47,-253,103.3,115.5,0.569,0.099,0.079,103.4,115.9,-12.5,22.950380341792247,618.5,-0.0012161367222913472,-5.972171147932405,-2.215794882170303,-0.7437606207940737,-0.08302301776751102,-2.131946442567038,-0.9419139387610675,-0.5302893170337549,0.6640714638432441,True,-0.8185594601729874,20.651890227853762,17.529988563952944,usman garuba,2471160.0,False,False,HOU,137579793,0.0,137579793.0,2471160.0,0.014000318807580209,28.422952059962917,62.78817536852512,usman garuba
1630176,Vernon Carey Jr.,1610612762,UTA,22.0,11,28.48333333333333,6,11,3,2,2,2,-10,74.6,91.9,0.338,0.147,0.11,80.0,102.2,-22.2,29.701579871269747,23.499999999999996,-0.0357627787694629,-1.8631996024850865,0.7708396136499015,-0.660818164449976,-3.75106523601211,-0.6213580124797696,0.301336056178764,0.4412246217573924,0.11378475160130068,False,-0.6435002334322438,25.994978167091382,15.628262452030938,vernon carey,1882621.0,False,False,UTA,148738241,0.0,148738241.0,1882621.0,0.010665960194340091,27.870613843726975,61.56802382653901,vernon carey
203506,Victor Oladipo,1610612748,MIA,31.0,42,1105.64,449,128,146,57,12,87,-35,110.1,111.5,0.513,0.204,0.076,108.8,110.2,-1.5,25.090988025035273,770.6,-0.013929978700479125,-2.1277935434339503,1.1446247626659736,-0.4632302752619417,-1.432934510421581,-0.7186311479706691,0.4569320573878759,-0.6243067949812855,0.7089172281470076,True,-0.5572946474605271,28.866306607120574,25.085188563959026,victor oladipo,8750000.0,False,False,MIA,151408266,1711899.0,153120165.0,8848931.958245926,0.05013348731851762,26.02605979034778,57.49328228892662,victor oladipo
1631246,Vince Williams Jr.,1610612763,MEM,22.0,15,104.59,30,15,4,6,2,5,-34,89.2,104.0,0.367,0.176,0.024,88.3,105.6,-17.4,19.37852567167033,56.300000000000004,-0.037714020839629055,-4.108596819522701,1.2840001004329902,-1.4419516336930136,-3.958241328021621,-1.4468373372916716,0.5149499997293588,-2.2539430794051456,0.21803877886951462,False,-1.7701901320823872,3.8347736320547714,2.4853837096185307,vince williams,1017780.7513239831,True,True,MEM,127139520,0.0,127139520.0,1017780.7513239831,0.005766221124797372,5.496893447016797,12.143000100948608,vince williams
1628427,Vlatko Čančar,1610612743,DEN,26.0,60,889.0233333333333,297,128,80,22,14,37,-66,109.1,113.1,0.606,0.134,0.076,109.1,113.0,-3.9,21.186395557671908,523.2,0.00331191595164606,-2.1185401263733743,-0.42097990080612524,-0.9525222538154526,0.39774985595373097,-0.7152292979953472,-0.19478411098274462,-0.6243067949812855,0.6356897947517446,True,-0.502262134901903,30.77415703734231,25.729054277365012,vlatko cancar,2234359.0,False,False,DEN,162338665,21429162.5,183767827.5,2529300.7016231935,0.014329714054517316,41.378668657117814,91.40820765830742,vlatko cancar
1630249,Vít Krejčí,1610612737,ATL,23.0,29,165.42333333333335,36,26,17,5,1,5,-3,107.7,109.5,0.475,0.108,0.053,112.4,110.9,1.5,18.280371571926572,84.0,-0.011478694606136012,-0.4698610519478119,0.507701737634473,-1.5069845207367043,-1.1726656966050388,-0.10912251258485893,0.19179933064957705,-1.345107459245685,0.2742123706954598,False,-0.9437766997389299,17.264188487072207,11.625627991817716,vit krejci,1563518.0,False,False,ATL,149836313,0.0,149836313.0,1563518.0,0.00885808707707724,22.12499925210374,48.875582315969645,vit krejci
1631117,Walker Kessler,1610612762,UTA,21.0,74,1703.2066666666667,679,620,69,26,173,58,72,115.7,112.7,0.702,0.13,0.128,113.7,111.5,2.1,32.372818330913056,1531.6,0.015693052788910353,1.6156613977181498,0.3109662493024383,0.6728054946649356,1.712335874674097,0.6575817705448743,0.10990400826727913,1.0053294894425748,0.8798777463289138,True,0.8417734685219439,80.00426172583104,75.67963022602183,walker kessler,2696400.0,False,False,UTA,148738241,0.0,148738241.0,2696400.0,0.015276412548260442,119.01654608252468,262.91539849275813,walker kessler
1628976,Wendell Carter Jr.,1610612753,ORL,24.0,57,1689.54,868,497,132,30,33,106,-41,110.5,111.4,0.621,0.204,0.126,109.2,110.3,-1.1,29.496075854966445,1384.3000000000002,0.008102021299520869,-2.0757456093287643,1.2672319448177003,0.33840881775625187,0.9063465705592413,-0.6994966744899871,0.5079698990799373,0.9426511708108879,0.8763405315701923,True,0.474620524954708,68.24712629543954,64.44939478363933,wendell carter,14150000.0,False,False,ORL,126107324,0.0,126107324.0,14150000.0,0.08016660642259503,56.73576854497468,125.33305398941621,wendell carter
1631111,Wendell Moore Jr.,1610612750,MIN,21.0,29,152.65833333333333,42,18,18,8,5,8,-53,99.4,112.9,0.465,0.139,0.06,103.9,113.8,-9.9,22.685954473497464,96.2,-0.016163505094934305,-2.4115425318915515,-0.24740913267649192,-1.1540733497076745,-1.6700825695365187,-0.8229462872390175,-0.12253159501506593,-1.125733344034781,0.263420104614571,False,-1.0185724084059433,15.420300443103951,10.309072963866925,wendell moore,2306520.0,False,False,MIN,145793656,0.0,145793656.0,2306520.0,0.013067553430801689,17.123298891734994,37.82649639747981,wendell moore
1629117,Wenyen Gabriel,1610612747,LAL,26.0,68,1023.75,372,286,36,26,35,46,-32,111.2,111.4,0.626,0.135,0.082,111.9,111.7,0.2,24.101978021978024,685.4000000000001,0.006036631742329989,-0.5307971473075147,0.539004603940175,-0.6039779498147975,0.6870506956503821,-0.13152455640700486,0.20482981309750664,-0.4362718390862245,0.6821590057244052,True,-0.16782264632843413,43.3361402990045,37.13783943468849,wenyen gabriel,1878720.0,False,False,LAL,169391473,42154537.25,211546010.25,2346255.7668229262,0.013292675803931973,61.318018675469496,135.45554669070148,wenyen gabriel
202083,Wesley Matthews,1610612749,MIL,36.0,52,820.425,179,113,34,20,13,18,53,111.1,108.3,0.519,0.095,0.041,113.0,108.2,4.8,15.379833622817445,350.50000000000006,-0.005916999885027044,-0.10565085314410905,2.5737238579798367,-1.534510665138619,-0.5821443077487787,0.024772722840229286,1.051824885922472,-1.7211773710358067,0.6106721334279587,True,-0.8258128824433082,20.44551225915095,16.86350880817846,wesley matthews,2905851.0,False,False,MIL,182930771,97652912.25,280583683.25,4457065.217068898,0.025251434138275648,22.242502621617827,49.13515500764075,wesley matthews
203115,Will Barton,1610612761,TOR,32.0,56,992.96,379,137,112,28,13,48,-168,104.9,113.2,0.493,0.182,0.078,104.0,112.3,-8.2,23.642039961327743,652.0999999999999,-0.016067726095525498,-5.354039264690081,-0.1847269568134713,-0.6647156687813793,-1.6599130887235063,-1.904701532066627,-0.09643880899334797,-0.5616284763495984,0.6718224873770262,True,-0.8838254745677466,18.839521621945508,16.057303316741944,will barton,15059712.0,False,False,TOR,150992313,1087969.5,152080282.5,15168224.195152504,0.08593533987155294,13.795844962636897,30.47593124892881,will barton
1626195,Willy Hernangomez,1610612740,NOP,29.0,38,457.6616666666667,262,180,33,17,13,39,19,108.5,106.8,0.61,0.222,0.141,109.2,107.2,2.0,34.84670262238844,443.0,0.006374905531831533,-1.6678718580959495,2.553036507642897,0.05368424884875944,0.7229674293092715,-0.5495493305539492,1.0432133372921615,1.4127385605485394,0.45610089925698494,False,0.6197373457838742,73.22846379365092,55.30546077087929,willy hernangomez,2443581.0,False,False,NOP,148360910,0.0,148360910.0,2443581.0,0.013844070409097612,90.02466393335558,198.87041904075335,willy hernangomez
1641645,Xavier Cooks,1610612764,WAS,27.0,10,125.78333333333332,38,38,6,6,4,8,19,114.8,107.3,0.586,0.127,0.078,115.5,108.3,7.2,23.75513449052604,83.0,0.0005989054168585769,0.5648061810485379,0.9009395248568601,-1.0804834360026105,0.10969183958980469,0.2712540205372618,0.35549290536003764,-0.5616284763495984,0.23911135988121188,False,-0.32814358708246655,37.14015495868105,24.4233700585407,xavier cooks,140384.0,False,False,WAS,152008934,2612901.0,154621835.0,142797.07852329258,0.002,78.24938177887061,172.8580442751101,xavier cooks
1629875,Xavier Moon,1610612746,LAC,28.0,4,19.566666666666663,7,3,5,0,0,1,3,92.3,82.5,0.389,0.233,0.1,91.6,86.1,5.4,27.045996592844983,14.700000000000001,-0.04480222077064528,-0.7731528027486775,1.0440086943060238,-0.8746237618966721,-4.710841727297031,-0.22062219191661797,0.4150484835342832,0.12783302859895793,0.09430768470246416,False,-0.8577683472463857,19.551019557990344,11.582775881533689,xavier moon,2279828.882965722,True,True,LAC,192905421,150170920.75,343076341.75,4054605.354941626,0.02297130400625806,15.791867792868038,34.885277302770625,xavier moon
1630270,Xavier Sneed,1610612766,CHA,25.0,4,48.22666666666667,17,5,5,0,1,3,-28,85.6,110.4,0.723,0.136,0.074,86.3,109.8,-23.6,18.885816975393976,25.3,0.01927334753301391,-2.3214915995409378,0.20604458756438082,-1.5035307712575934,2.0924791099326536,-0.7898407047294166,0.0662281397914161,-0.6869851136129724,0.14805813763928047,False,-0.3766482451490922,35.32175146278619,21.78031603741435,xavier sneed,1903250.0049758484,True,True,CHA,125874047,0.0,125874047.0,1903250.0049758484,0.010782833503371086,38.69398741251732,85.47756975556784,xavier sneed
1630214,Xavier Tillman,1610612763,MEM,24.0,61,1180.1083333333331,429,307,96,58,29,44,-1,110.9,110.1,0.621,0.136,0.105,109.7,109.3,0.4,27.525269572708726,902.3,0.005401347533013913,-1.56637952482219,1.940208106928457,-0.17500181311823926,0.619598429315099,-0.512237525716612,0.7881105092917848,0.28452882517817496,0.7324021291530212,True,0.17592890620743346,56.98251021735852,50.12073093300191,xavier tillman,1782621.0,False,False,MEM,127139520,0.0,127139520.0,1782621.0,0.010099411739056733,91.10654810627477,201.260372520405,xavier tillman
1629139,Yuta Watanabe,1610612751,BKN,28.0,58,927.7866666666666,322,141,48,25,17,22,-7,112.3,112.9,0.637,0.127,0.076,112.8,113.0,-0.2,21.18978500804783,546.1,0.007075905416858583,0.12343828006484127,-0.37542329254535733,-0.9351725326037013,0.7973971573781491,0.10899316346790658,-0.17582020593546116,-0.6243067949812855,0.6494006560831396,True,-0.3114996544087218,37.77104027847295,31.811914405162483,yuta watanabe,1968175.0,False,False,BKN,159566723,15024515.25,174591238.25,2153494.813218002,0.012200591598893808,54.12430309776019,119.56415461110298,yuta watanabe
1628380,Zach Collins,1610612759,SAS,25.0,63,1440.5966666666666,731,402,180,37,49,129,-239,108.7,116.3,0.599,0.209,0.11,107.1,116.0,-8.9,31.56692018816278,1263.2,0.003702600252940495,-3.466790574232856,-2.774705063562686,0.40966607361743207,0.4392313553479886,-1.2108889794679751,-1.1745721636494377,0.4412246217573924,0.8092074311736557,True,-0.057150563233837964,47.7212629287154,43.62407487490224,zach collins,7350000.0,False,False,SAS,104545376,0.0,104545376.0,7350000.0,0.04164131146332675,48.29792959957259,106.6933113505241,zach collins
203897,Zach LaVine,1610612741,CHI,28.0,77,2767.95,1913,345,327,69,18,194,18,112.0,111.7,0.607,0.278,0.126,111.6,110.4,1.2,32.88570964070884,2528.5000000000005,0.007148989810131379,-0.5505820810665405,1.238528111039989,1.4565974391464114,0.805157003896759,-0.1387981263735678,0.49602131908166974,0.9426511708108879,1.0,True,0.8213017405205985,79.42627917267097,79.42627917267097,zach lavine,37096500.0,False,False,CHI,151964990,2546985.0,154511975.0,37718249.97709999,0.2136921626051752,49.6105490623942,109.59297430073104,zach lavine
1630192,Zeke Nnaji,1610612743,DEN,22.0,53,727.7983333333333,277,138,18,17,23,31,-97,101.5,107.4,0.62,0.149,0.072,101.9,107.6,-5.7,21.704913678010627,438.80000000000007,0.005768652811904949,-6.324846838332749,2.882184135859764,-0.9750264885175204,0.6585976254776891,-2.2616012263978176,1.1802280231158773,-0.7496634322446594,0.575167301089365,True,-0.5320719884734155,29.733806863867912,24.049454825378856,zeke nnaji,2617800.0,False,False,DEN,162338665,21429162.5,183767827.5,2963356.997111563,0.01678885329166684,36.5917935979508,80.83368499619553,zeke nnaji
1630533,Ziaire Williams,1610612763,MEM,21.0,37,560.755,210,79,35,14,6,37,-76,106.9,112.2,0.511,0.178,0.052,106.6,110.1,-3.6,19.600003566620007,305.3,-0.012510589258261198,-3.0079685411695736,0.7624301022696216,-1.2388939466907198,-1.282228679415575,-1.0422114291494662,0.29783541858966117,-1.3764466185615287,0.5048649684456591,False,-1.0266481757374457,15.229308019074505,11.83605426111565,ziaire williams,4591680.0,False,False,MEM,127139520,0.0,127139520.0,4591680.0,0.02601409211155485,15.449688777996442,34.12938129492946,ziaire williams
1629627,Zion Williamson,1610612740,NOP,22.0,29,956.0983333333334,754,202,133,32,16,99,149,116.2,108.4,0.652,0.288,0.171,114.3,107.3,7.0,39.36247840616115,1045.4,0.020366147716970647,1.7400085505869476,3.0481814964249314,0.8555306689462094,2.20850883014064,0.7032957328734818,1.249327947452616,2.3529133400238442,0.6592345193595004,False,1.5439265458137164,93.86969358181246,79.47529551887023,zion williamson,13534817.0,False,False,NOP,148360910,0.0,148360910.0,13534817.0,0.07668129663892922,71.06023973289001,156.97675542868842,zion williamson
