PLAYER_ID,PLAYER_NAME,TEAM_ID,TEAM_ABBREVIATION,AGE,GP,MIN,PTS,REB,AST,STL,BLK,TOV,PLUS_MINUS,OFF_RATING,DEF_RATING,TS_PCT,USG_PCT,PIE,E_OFF_RATING,E_DEF_RATING,E_NET_RATING,BOX36,BOX_TOTAL,EFF,OFF_IMP,DEF_IMP,z_box,z_eff,z_off,z_dfn,z_adv,AVAIL,ELIGIBLE,CPI,PS,WPS,norm_name,salary,two_way,salary_imputed,team,payroll,tax,total_expenditure,effective_cost,cost_index,R_raw,R_VALUE,nn
1630639,A.J. Lawson,1610612761,TOR,24.0,26,486.41,236,86,31,13,6,15,-17,109.7,111.1,0.542,0.189,0.082,109.1,112.6,-3.5,26.584979749593963,359.2,-0.0063944170434551955,-1.266410675260061,-0.04990323649248625,-0.7252879707240419,-0.6989117160671711,-0.33164006767671467,-0.022763093610225105,-0.5267102824874718,0.47020788439312095,False,-0.4973323090303686,30.94773657572435,23.569596500560525,aj lawson,534309.0,False,False,TOR,170516134,0.0,170516134.0,534309.0,0.002764902621560808,66.29519816070565,153.76477909273356,aj lawson
1631260,AJ Green,1610612749,MIL,25.0,73,1659.1416666666669,541,174,108,37,7,40,227,114.0,107.6,0.621,0.123,0.058,113.5,106.9,6.6,18.51704445571756,853.4,0.005555553987592645,1.3768634494453393,3.626050384397387,-0.9971199377295304,0.6712818593707423,0.45385269853172383,1.3248772939658604,-1.3349613553582724,0.8684211553332306,True,-0.2822666132596153,38.886954193246595,36.584438965835965,aj green,2163876.201524763,False,True,MIL,182559432,32359012.0,214918444.0,2547427.43853592,0.01318223874769824,59.568691215130045,138.1633496793252,aj green
1642358,AJ Johnson,1610612764,WAS,20.0,29,638.3866666666667,220,59,76,12,3,35,-152,104.1,115.6,0.48,0.173,0.053,103.5,114.8,-11.3,19.799285699367154,351.09999999999997,-0.01657909073289815,-4.580581219004837,-1.8063911522465317,-1.2746378207937443,-1.8666948362897342,-1.3165008370389346,-0.6667086652049131,-1.5033469955396894,0.5386796428080028,False,-1.3471492046403801,8.89660918139551,7.04972506498397,aj johnson,2795294.0,False,False,WAS,173806822,4489233.0,178296055.0,2867493.272301878,0.014838491707786025,11.0129491553566,25.543383850033123,aj johnson
203932,Aaron Gordon,1610612743,DEN,29.0,51,1446.7166666666667,748,247,164,23,14,73,301,122.5,113.0,0.65,0.186,0.104,121.3,112.8,8.5,28.0417036277548,1126.8999999999999,0.013795081639774248,7.336297011909389,-0.7291864742910641,-0.027637934209851715,1.616032923982513,2.224797266960477,-0.27179494228714257,0.21418653431076184,0.8109244630965851,False,0.5927017640391429,72.33096196622,66.17675500539342,aaron gordon,22841455.0,False,False,DEN,185864258,28913338.5,214777596.5,26394707.93498612,0.13658537880659877,47.537010135699106,110.2571236686836,aaron gordon
1628988,Aaron Holiday,1610612745,HOU,28.0,62,792.2466666666667,340,78,83,19,11,37,88,110.3,103.6,0.594,0.162,0.082,109.6,105.0,4.6,23.756237535447717,522.8000000000001,0.002943071105609822,-1.2434452148929054,4.572818026315197,-0.8279183021318023,0.3717324084529095,-0.3248155000609522,1.6719715294991542,-0.5267102824874718,0.6000934270695866,False,-0.10715939459552534,45.73312641505793,37.5030863807403,aaron holiday,4668000.0,False,False,HOU,163038023,0.0,163038023.0,4668000.0,0.02415562050694608,49.40017761173492,114.57854578240799,aaron holiday
1630174,Aaron Nesmith,1610612754,IND,25.0,45,1121.618333333333,541,178,54,35,17,37,198,120.1,111.5,0.653,0.171,0.087,120.7,109.8,10.9,25.69002230408146,800.4000000000001,0.013195575055921489,5.914986820286729,0.9813352683719123,-0.46301017507548026,1.5472930025639962,1.8024313596097372,0.35529898271227583,-0.3583246423060553,0.7140213688339552,False,0.33250356527221475,63.02454759953721,54.9138943659685,aaron nesmith,11000000.0,False,False,IND,169543082,0.0,169543082.0,11000000.0,0.05692198491354046,53.586093915715615,124.28734089336015,aaron nesmith
1630598,Aaron Wiggins,1610612760,OKC,26.0,76,1743.9,914,295,134,60,18,69,514,120.7,106.6,0.596,0.2,0.105,120.2,106.3,13.9,28.47755031825219,1379.5,0.004033421118036818,6.5996001949867935,4.257978533389648,0.19843357060600017,0.4967528439104101,2.0058755837446,1.5565483060234093,0.24786366234704524,0.8903268041465551,True,0.7328440014073765,76.81732096503782,73.02616047582683,aaron wiggins,10981303.0,False,False,OKC,166418720,0.0,166418720.0,10981303.0,0.05682523306336515,71.30285305390304,165.37951092532558,aaron wiggins
1641745,Adam Flagler,1610612760,OKC,25.0,37,202.965,65,27,12,8,3,4,7,99.1,96.7,0.335,0.207,0.025,101.2,98.4,2.7,21.053876284088393,118.70000000000002,-0.049852409142831886,-3.334278725514328,4.09380266725562,-1.350095327814084,-5.68184108227972,-0.94614137110445,1.4963598350345015,-2.4463065805556234,0.30373807496232375,False,-1.841159198872658,3.279911626794843,2.252256714343308,adam flagler,2163876.201524763,True,True,OKC,166418720,0.0,166418720.0,2163876.201524763,0.011197466227087435,3.882789471750094,9.00572412409077,adam flagler
1641766,Adama Sanogo,1610612741,CHI,23.0,4,21.49833333333333,8,6,1,0,0,1,-5,104.2,122.2,0.571,0.145,0.078,112.0,123.9,-11.9,20.42949065819056,12.2,-0.0007007696894233106,-0.12483518525233667,-0.46670704711018096,-1.4806842194694747,-0.04607339495037982,0.00759803142958229,-0.1755674287062819,-0.6614187946326053,0.09885327357740711,False,-0.6007031120912122,27.401887293557596,16.289982828981977,adama sanogo,1863016.4087993947,True,True,CHI,165722496,0.0,165722496.0,1863016.4087993947,0.009640599265032497,29.593892048103406,68.63993772580632,adama sanogo
1641737,Adem Bona,1610612755,PHI,22.0,58,904.55,337,245,27,26,69,61,-112,107.4,114.0,0.714,0.135,0.093,107.3,114.1,-6.8,26.111989386988007,656.1,0.018652559254674853,-2.9419878357865343,-1.3918437425213352,-0.5384436897456257,2.172995330291098,-0.8295656239087265,-0.5147315486450241,-0.15626187408835496,0.6412168828946184,False,-0.05718476100231086,47.719900862673356,40.015408211911975,adem bona,1157153.0,False,False,PHI,171403241,883861.5,172287102.5,1163119.9991088996,0.006018827185628544,85.72667219586253,198.83405100620158,adem bona
1642349,Ajay Mitchell,1610612760,OKC,23.0,36,596.955,234,68,64,25,4,29,127,110.0,100.2,0.587,0.159,0.082,109.3,100.2,9.1,23.7364625474282,393.6,0.0017755697888392685,-1.2669918783733456,6.366402188592029,-0.9272864275957029,0.23786574054233084,-0.33181278182577545,2.3295169462489844,-0.5267102824874718,0.5209061161266796,False,-0.054499205900336245,47.82687206254318,37.515769212062885,ajay mitchell,3347451.0,False,False,OKC,166418720,0.0,166418720.0,3347451.0,0.01732214139280145,55.51638415610124,128.7644472394074,ajay mitchell
201143,Al Horford,1610612738,BOS,39.0,60,1658.5733333333333,538,369,128,36,51,46,397,119.6,108.1,0.563,0.136,0.091,119.2,106.5,12.8,23.70880998126904,1092.3,-0.0017452736397349682,5.725703075025884,3.6564972942646436,-0.400688771169464,-0.16583708295582777,1.7461825539056353,1.336039427563202,-0.22361613016092174,0.8682724052375324,False,0.270200702936309,60.64970740313649,57.05454936746832,al horford,9500000.0,False,False,BOS,195348491,62004341.25,257352832.25,12515335.510705328,0.06476343082984236,53.21605819426273,123.42908173516749,al horford
202692,Alec Burks,1610612748,MIA,33.0,49,863.4966666666667,356,124,55,28,7,29,110,113.5,107.6,0.608,0.16,0.088,113.1,106.7,6.4,23.13014140181973,554.8,0.005146736894429456,0.8560866234027984,3.064391086973264,-0.8538203516817968,0.6244065528845568,0.2990952233829828,1.1189675270512485,-0.3246475142697719,0.6264969950833642,False,-0.004478946703562567,49.82131647625591,41.447531340502984,alec burks,3303771.0,False,False,MIA,176102077,8004134.75,184106211.75,3453932.932883632,0.017873156208907514,60.66610329461515,140.70868223216974,alec burks
1627936,Alex Caruso,1610612760,OKC,31.0,54,1040.635,382,159,137,87,30,37,321,117.5,102.5,0.568,0.147,0.101,117.0,102.3,14.7,30.6055437305107,884.7,-0.0011514354782429428,3.574388502717653,6.429553832582289,-0.005702413401490969,-0.09774710753980469,1.1068837318149625,2.35266895379866,0.11315515020191215,0.6877615205075878,False,0.5367917784212737,70.42942743200253,60.53357763220218,alex caruso,9890000.0,False,False,OKC,166418720,0.0,166418720.0,9890000.0,0.05117803916317411,61.31051114713433,142.20331885499178,alex caruso
1642505,Alex Ducas,1610612760,OKC,24.0,21,125.34166666666668,36,26,5,5,0,4,-22,99.6,106.3,0.583,0.115,0.065,101.7,105.5,-3.8,19.12851539126388,66.60000000000001,0.0008242171428711687,-2.214469927149601,1.2184168612239505,-1.5436593376370316,0.1287828582412305,-0.6133716055962695,0.44221540294745065,-1.099221459104289,0.23869119139273837,False,-0.7220372738016829,23.51357806635107,15.458085719646661,alex ducas,2082875.488098702,True,True,OKC,166418720,0.0,166418720.0,2082875.488098702,0.010778309737303413,27.007280173343798,62.6405619858482,alex ducas
203458,Alex Len,1610612747,LAL,32.0,46,379.79,74,95,38,9,21,20,-153,101.4,118.9,0.525,0.101,0.057,104.6,119.7,-15.1,21.564548829616363,227.5,-0.005134122335391403,-3.7073779350766585,-3.2295038915026026,-1.2268688238824252,-0.5544052810590195,-1.057013992089971,-1.1884356512573775,-1.3686384833945557,0.41548985328382954,False,-1.1372869896499282,12.770916590331332,9.411787941869788,alex len,4480977.0,False,False,LAL,192057940,49664775.0,241722715.0,5639724.794989237,0.02918402997244522,11.603504126321686,26.913114345934783,alex len
1642024,Alex Reese,1610612755,PHI,26.0,15,216.04666666666665,76,47,4,10,10,6,19,117.3,111.8,0.641,0.123,0.079,116.9,111.9,5.0,24.678001666306663,148.1,0.008015553987592648,1.5544075327591373,0.011706570780222319,-1.037719576883037,0.9533474967534391,0.5066128688911412,-0.00017633841297602762,-0.6277416665963219,0.3133736273253228,False,-0.22878479011491515,40.95180945071114,28.29844288078828,alex reese,79804.0,False,False,PHI,171403241,883861.5,172287102.5,80215.51895806918,0.002,89.14970495145049,206.77341750774323,alex reese
1642259,Alex Sarr,1610612764,WAS,20.0,67,1814.2283333333328,869,435,161,44,101,114,-546,102.7,116.4,0.482,0.23,0.084,102.0,116.1,-14.1,30.520744816207454,1538.1000000000001,-0.02158156571425766,-7.547984966700348,-3.3875848385345453,0.4820351499064611,-2.440282760723947,-2.1983140990268173,-1.2463896655615487,-0.459356026414905,0.9081020000111454,True,-0.9000459992447032,18.404788587959636,17.6436751203066,alex sarr,11245680.0,False,False,WAS,173806822,4489233.0,178296055.0,11536143.154337177,0.059696378781056714,16.932657591963885,39.27352849552914,alex sarr
1631214,Alondes Williams,1610612746,LAC,26.0,1,3.716666666666667,5,0,1,0,0,0,6,171.4,85.7,1.25,0.286,0.4,171.4,87.2,84.2,61.99103139013453,6.4,0.19281179219879263,0.43895941788246456,0.1866668509141832,1.842077770958123,22.142237219097634,0.1751389528385948,0.06396580374851109,10.182616433050637,0.04110223764460932,False,6.872505669007433,99.99999999968459,56.84960069382811,alondes williams,244502.0,False,False,LAC,174124752,8276880.0,182401632.0,256124.2058639888,0.002,179.09554775903536,415.3933935140238,alondes williams
1630578,Alperen Sengun,1610612745,HOU,22.0,76,2394.9766666666665,1451,786,372,84,61,194,410,114.9,107.4,0.545,0.259,0.153,112.5,106.9,5.7,38.43845381931349,2557.2000000000003,-0.007985719652142304,1.2837806345904028,3.9699844182480444,1.8871826039374866,-0.8813717911029747,0.42619159556722486,1.450966859417696,1.8643658080886465,1.0,True,1.1804733929932576,88.10940066599237,88.10940066599237,alperen sengun,5424654.0,False,False,HOU,163038023,0.0,163038023.0,5424654.0,0.028071097559016083,110.11572153596185,255.40190038454386,alperen sengun
1641708,Amen Thompson,1610612745,HOU,22.0,69,2225.415,970,564,265,97,89,138,268,114.2,107.9,0.602,0.172,0.129,112.7,106.9,5.8,31.28585005493357,1933.9999999999998,0.004500742161511664,1.1364593951365134,3.7551113709957487,0.8429216490540334,0.5503362617925561,0.38241264475076775,1.372192308228272,1.0561147352178462,1.0,True,0.8733060150446017,80.87518485753708,80.87518485753708,amen thompson,9249748.0,False,False,HOU,163038023,0.0,163038023.0,9249748.0,0.04786491055545919,83.85464366100335,194.49207659321112,amen thompson
1629599,Amir Coffey,1610612746,LAC,28.0,72,1747.54,696,161,77,40,7,45,-66,109.1,110.6,0.614,0.15,0.072,108.4,110.5,-2.1,19.68366961557389,955.5,0.005725065838527615,-2.5100402152475327,1.0565133703438785,-0.8264529509036641,0.6907182285893979,-0.7012052211252473,0.38286000685115207,-0.8634815628503056,0.8912554985167629,True,-0.4098017544337123,34.09756895653747,32.42900354445143,amir coffey,3938271.0,False,False,LAC,174124752,8276880.0,182401632.0,4125473.5435790997,0.0213481948008018,44.604129568483586,103.45461390877516,amir coffey
203083,Andre Drummond,1610612755,PHI,31.0,40,750.6333333333333,293,310,34,39,18,55,-245,103.4,118.9,0.535,0.183,0.109,103.4,117.7,-14.3,28.89080332163951,602.4000000000001,-0.007472419676996301,-5.106645913558009,-3.7699927888250864,-0.3566324435431027,-0.8225163908354627,-1.4728296900576214,-1.3865841433735309,0.3825721744921788,0.58412068076466,False,-0.5266759921781143,29.920930512417222,24.321357216840827,andre drummond,5000000.0,False,False,PHI,171403241,883861.5,172287102.5,5025783.103482857,0.026007049999561615,31.21934546251307,72.41000693332809,andre drummond
1641748,Andre Jackson Jr.,1610612749,MIL,23.0,67,980.0916666666668,230,182,83,34,14,58,-33,110.6,112.1,0.554,0.115,0.051,110.9,111.9,-0.9,18.189319026281552,495.2,-0.0025107828571288215,-0.747077669163975,-0.05376975596667728,-1.2944593420644586,-0.25361100382026935,-0.17731164758247892,-0.02418059729502619,-1.5707012516122563,0.6674550262910695,True,-0.8630906983044577,19.404380086644114,16.50060700705609,andre jackson,1863016.4087993947,False,True,MIL,182559432,32359012.0,214918444.0,2193239.666333065,0.01134941410898084,28.312426081224142,65.66771142919893,andre jackson
1629614,Andrew Nembhard,1610612754,IND,25.0,65,1880.67,653,216,326,79,11,112,204,115.5,110.2,0.545,0.163,0.081,115.1,109.3,5.8,24.877091674775475,1299.6,-0.005025761788799983,2.6478352746763294,1.7685956499579922,-0.1502685152790215,-0.5419805710421715,0.8315430657330242,0.6439163035986937,-0.5603874105237552,0.9245809861769817,True,-0.06566153223344992,47.382364955971305,45.77427589905954,andrew nembhard,2019699.0,False,False,IND,169543082,0.0,169543082.0,2019699.0,0.01045138872799025,80.84039968180184,187.5008529080508,andrew nembhard
203952,Andrew Wiggins,1610612748,MIA,30.0,60,1842.2816666666668,1078,269,158,60,50,99,-100,109.4,111.7,0.566,0.238,0.105,108.4,110.9,-2.5,30.89234454738644,1580.9,-0.0023402288695361937,-2.4447048803878593,0.5338979728563243,0.5441762482671634,-0.23405514234934455,-0.681789742257425,0.19126411379609723,0.24786366234704524,0.9150960373511392,False,0.10171604514930357,54.05089669921779,51.98578580769827,andrew wiggins,26276786.0,False,False,MIA,176102077,8004134.75,184106211.75,27471109.99392378,0.1421554644211218,36.824362497656196,85.41025778302883,andrew wiggins
1629014,Anfernee Simons,1610612757,POR,26.0,70,2291.898333333333,1348,189,337,60,5,143,-220,108.8,113.4,0.557,0.241,0.106,107.2,112.8,-5.6,29.74843997588608,1893.8999999999999,-0.0045387275527656165,-3.3396309870042917,-0.9368235371354289,0.689496709924495,-0.486136822174599,-0.947731884416682,-0.3479167111409621,0.28154079038332863,1.0,True,-0.010431398063714167,49.58385497395439,49.58385497395439,anfernee simons,25892857.0,False,False,POR,167012048,0.0,167012048.0,25892857.0,0.13398843777476915,35.857878794590064,83.1685999070173,anfernee simons
1641710,Anthony Black,1610612753,ORL,21.0,78,1886.993333333333,736,230,240,86,48,139,-40,106.2,107.1,0.521,0.19,0.084,104.9,106.0,-1.1,25.2515995463683,1323.6000000000001,-0.010418249937865016,-5.129129479708651,4.3153525690527905,-0.10212339646612047,-1.1602877282961004,-1.4795110548108388,1.5775821861078823,-0.459356026414905,0.9261340304859995,True,-0.32267014659086013,37.3472531666956,36.105842187966346,anthony black,7607754.0,False,False,ORL,152308863,0.0,152308863.0,7607754.0,0.039368041673993374,40.08621163288083,92.97577573345139,anthony black
203076,Anthony Davis,1610612742,DAL,32.0,51,1705.4883333333332,1261,590,181,59,110,113,25,113.3,112.9,0.588,0.301,0.179,113.0,110.9,2.1,44.72853816062458,2119.0000000000005,0.0036622987826454077,0.9370730944029939,0.1537300447277995,2.059074789177004,0.4541996495692992,0.3231616970554752,0.05189084991822,2.739971137032014,0.8804669043734521,False,1.4611478678853045,92.8012566931776,87.80948702242138,anthony davis,43219440.0,False,False,DAL,174411922,5396883.0,179808805.0,44556792.73558604,0.23056918944461616,52.51445516307183,121.8017868767926,anthony davis
1630162,Anthony Edwards,1610612750,MIN,23.0,79,2871.0583333333334,2177,450,359,91,51,249,291,116.2,111.4,0.595,0.307,0.14,114.7,109.8,4.9,36.96727397272202,2948.2,0.005884301416186515,2.8887200793151786,1.2424281517872038,2.0653378234486164,0.7089763118033651,0.9031259824516741,0.4510181758488757,1.4265631436169635,1.0,True,1.2537714694628304,89.50374589541491,89.50374589541491,anthony edwards,42176400.0,False,False,MIN,203708244,98747659.0,302455903.0,62621428.06203366,0.3240487257646763,47.51661228567521,110.20981298872626,anthony edwards
1630264,Anthony Gill,1610612764,WAS,32.0,51,397.575,129,66,16,9,2,10,-73,101.9,109.7,0.586,0.124,0.071,102.2,111.0,-8.9,18.779852857951333,207.4,0.0012607210931828256,-4.353338989324446,0.6284478914296031,-1.465006504774947,0.17883276269843473,-1.2489720378414932,0.22592703451067772,-0.8971586908865891,0.42510693841774577,False,-0.7620310695545706,22.302073047958338,16.53248487358101,anthony gill,2237691.0,False,False,WAS,173806822,4489233.0,178296055.0,2295488.019503659,0.011878521310490924,27.91831288197836,64.75360707924803,anthony gill
1641817,Anton Watson,1610612752,NYK,24.0,9,22.166666666666668,8,3,2,1,0,2,-9,103.9,119.2,0.444,0.193,0.033,104.9,136.3,-31.4,19.975939849624055,12.299999999999997,-0.025443748621094466,-0.3144880768357532,-0.7454962330996173,-1.5169169177946142,-2.8831238514985316,-0.04876047222954544,-0.27777425866293254,-2.1768895562653565,0.10037807318213264,False,-1.513744883686912,6.504527822631359,3.8713006888551367,anton watson,2082875.488098702,True,True,NYK,191906878,49098292.5,241005170.5,2615767.435597063,0.013535879500580586,6.245317277417124,14.485360300126068,anton watson
1641810,Antonio Reeves,1610612740,NOP,24.0,44,659.5583333333333,305,63,39,21,4,30,-150,107.3,117.5,0.579,0.183,0.072,106.1,118.2,-12.0,22.70064563407331,415.90000000000003,0.0005795803230036851,-3.030689627238572,-3.42486704634684,-0.9933295565651661,0.10073259786594693,-0.8559248330743934,-1.2600576859359978,-0.8634815628503056,0.5475392610801918,False,-0.8096643461680499,20.906655745471138,16.649907337349074,antonio reeves,1157153.0,False,False,NOP,172778396,2946594.0,175724990.0,1176887.2964503618,0.006090069175771356,35.52318612469356,82.39231526079239,antonio reeves
1630574,Ariel Hukporti,1610612752,NYK,23.0,25,217.365,48,51,11,1,15,21,-63,97.6,110.1,0.654,0.113,0.048,98.6,111.0,-12.4,16.876682078531502,101.9,0.008832882931690808,-4.1536509075004755,0.381422150988997,-1.6972099247883035,1.0470631103991195,-1.1896314108876962,0.13536499295040932,-1.6717326357211062,0.3143282881435788,False,-0.9269027680441329,17.69885099537239,12.23783033842247,ariel hukporti,1112306.0,False,False,NYK,191906878,49098292.5,241005170.5,1396883.2173809477,0.007228487765976015,24.589839261303332,57.03356060230061,ariel hukporti
1642422,Armel Traore,1610612747,LAL,22.0,9,66.66666666666667,14,15,1,4,2,3,-49,81.9,119.3,0.317,0.153,0.027,86.2,122.9,-36.7,18.63,34.5,-0.03960143284470183,-3.2268475406690977,-1.1248471457771785,-1.6078621950016299,-4.5064556500329855,-0.9142164119137208,-0.41684799672178546,-2.378952324483057,0.17407765595569785,False,-1.9912792548955984,2.3225097423394816,1.4593140316330429,armel traore,578577.0,False,False,LAL,192057940,49664775.0,241722715.0,728192.769726443,0.0037681979865925304,3.6831535781479596,8.542689546468717,armel traore
1641709,Ausar Thompson,1610612765,DET,22.0,59,1327.715,594,303,134,98,40,80,67,113.1,109.2,0.568,0.185,0.104,112.6,107.9,4.6,31.92160968280091,1177.3000000000002,-0.0014490854658159484,0.6478311985700644,2.527119359789602,0.32110784259780206,-0.13187590162993945,0.23720866829554568,0.921998480831295,0.21418653431076184,0.7768570127004185,False,0.29863260806721426,61.738980874917445,55.539501593550085,ausar thompson,8376291.0,False,False,DET,140501660,0.0,140501660.0,8376291.0,0.043345009993947706,59.61988857146028,138.28209659319919,ausar thompson
1630559,Austin Reaves,1610612747,LAL,27.0,73,2550.0916666666667,1475,329,421,81,22,177,195,117.1,113.3,0.616,0.23,0.118,116.3,111.8,4.4,32.033201420863946,2269.0999999999995,0.009238434285742345,3.9393935605067125,-0.4190391528521534,1.1563703847404503,1.0935639645340636,1.2153510412941688,-0.1580919145627511,0.6856663268187289,1.0,True,0.8174159579205535,79.31546204002765,79.31546204002765,austin reaves,12976362.0,False,False,LAL,192057940,49664775.0,241722715.0,16331954.062731434,0.08451338570613041,67.39874391741574,156.32433806845177,austin reaves
1630245,Ayo Dosunmu,1610612741,CHI,25.0,46,1393.8833333333334,566,161,208,43,18,69,-234,110.1,117.8,0.585,0.163,0.084,110.1,117.1,-7.0,25.927851446199462,1003.9,0.0014942382112000047,-1.3308240839775345,-4.034120910419094,-0.28995204404366304,0.20560802885017698,-0.3507815808937905,-1.4834160843784132,-0.459356026414905,0.7959794804725392,False,-0.4545832643986913,32.470453850332916,29.489366361606105,ayo dosunmu,7000000.0,False,False,CHI,165722496,0.0,165722496.0,7000000.0,0.03622308130861666,33.70842211123666,78.18315991656658,ayo dosunmu
1628389,Bam Adebayo,1610612748,MIA,27.0,78,2673.693333333333,1410,749,337,98,53,161,27,110.9,110.8,0.561,0.232,0.137,110.2,110.6,-0.4,33.692270866267386,2502.2999999999997,-0.0034412315030772733,-1.2031974637158513,1.0267833455418474,1.4656824002892344,-0.36029701616633314,-0.3128552129646388,0.3719606902985246,1.3255317595081133,1.0,True,0.7189013970998754,76.38991622064002,76.38991622064002,bam adebayo,34848340.0,False,False,MIA,176102077,8004134.75,184106211.75,36432255.49904215,0.18852693617115718,49.019989041199516,113.69673815253641,bam adebayo
1631248,Baylor Scheierman,1610612738,BOS,24.0,31,383.8883333333333,113,65,33,17,2,12,29,109.9,105.8,0.49,0.143,0.074,111.6,106.0,5.6,21.503128079780144,229.3,-0.012274103900603673,-0.42919451358288224,2.5966982446113946,-1.23042344651006,-1.3730814806900362,-0.08284739324174187,0.9475067774473044,-0.7961273067777389,0.4177256240281376,False,-0.6227073681335078,26.673841996118348,19.68466937974051,baylor scheierman,2494320.0,False,False,BOS,195348491,62004341.25,257352832.25,3286026.4916907907,0.017004286398683406,29.319094309895952,68.00257310992231,baylor scheierman
1641767,Ben Sheppard,1610612754,IND,23.0,63,1229.5583333333334,332,177,85,38,14,22,-59,111.2,113.4,0.555,0.108,0.055,112.3,113.3,-1.0,19.198113143608477,655.7,-0.0022499525962601107,-0.03426871844150473,-1.0245623663694252,-1.0922272404450166,-0.2237039900883068,0.03451135981881766,-0.3800826201890069,-1.4359927394671226,0.7475895608655537,False,-0.7892459195201653,21.498414409344935,19.056523509554257,ben sheppard,2663880.0,False,False,IND,169543082,0.0,169543082.0,2663880.0,0.013784848833771107,30.547160143038564,70.85094338082426,ben sheppard
1627732,Ben Simmons,1610612746,LAC,28.0,51,1119.6933333333334,256,241,285,38,23,102,-56,111.7,113.5,0.539,0.133,0.103,111.1,113.0,-1.9,26.05892089500697,810.5000000000001,-0.004898774956505508,-0.3927992570077903,-0.8995195342978978,-0.4258343194384038,-0.5274201556802404,-0.07203193884114274,-0.33424070049805854,0.18050940627447845,0.71340837894681,False,-0.19235967723017372,42.37302377156209,36.908334664334284,ben simmons,40338144.0,False,False,LAC,174124752,8276880.0,182401632.0,42255585.22231812,0.2186610713216014,22.486522839937145,52.15513812425777,ben simmons
1631097,Bennedict Mathurin,1610612754,IND,23.0,72,2149.318333333333,1156,383,136,47,24,135,94,113.8,112.2,0.579,0.222,0.092,113.8,111.3,2.5,26.412281103078424,1576.9,0.0007030974410208639,1.5347614399166032,0.19373120359610577,0.18250355739334234,0.11489517291521087,0.5007747064138424,0.06655566422230445,-0.18993900212463835,0.9884143254667441,True,0.09097802024364776,53.62449720399256,53.34492301676584,bennedict mathurin,7245720.0,False,False,IND,169543082,0.0,169543082.0,7245720.0,0.03749461495706713,60.24511641064772,139.732247180912,bennedict mathurin
1641731,Bilal Coulibaly,1610612764,WAS,20.0,59,1947.506666666667,727,294,199,78,41,125,-587,104.5,118.3,0.515,0.175,0.07,103.1,117.0,-13.9,23.845874725289768,1290.0,-0.010645756521717778,-6.563182312494235,-4.472848251314488,-0.24008692688310113,-1.1863738216225999,-1.905663649422773,-1.6442577991281673,-0.930835818922872,0.9408667828286336,False,-1.0497167679236679,14.692417605365343,14.301453140901629,bilal coulibaly,6945240.0,False,False,WAS,173806822,4489233.0,178296055.0,7124627.668689553,0.036867995333794513,16.24690734073684,37.68300250242318,bilal coulibaly
202687,Bismack Biyombo,1610612759,SAS,32.0,28,527.4866666666667,144,158,31,16,23,27,-100,108.7,117.9,0.576,0.124,0.08,108.4,118.0,-9.6,23.299925432554375,341.4,2.072109318282456e-05,-1.739421583171029,-3.1116730538614314,-1.00174039184698,0.036653335725042924,-0.4722031076690806,-1.1452377189426812,-0.5940645385600386,0.48965974580995186,False,-0.6657725831627644,25.277823583854136,19.472692672934247,bismack biyombo,1253154.0,False,False,SAS,162395330,0.0,162395330.0,1253154.0,0.0064847284620311715,40.64262506150465,94.26631849235793,bismack biyombo
1631104,Blake Wesley,1610612759,SAS,22.0,58,683.1066666666667,217,61,114,37,6,54,-9,110.2,109.7,0.51,0.165,0.066,111.2,110.8,0.4,23.03534831065914,437.0999999999999,-0.01086242757761962,-0.6398591328406454,0.8884778214799639,-0.9504901686437728,-1.2112175043402158,-0.14544988042852602,0.32125653859446957,-1.0655443310680055,0.5572279877240826,False,-0.7125974684074858,23.804743937813644,19.06171046903723,blake wesley,2624280.0,False,False,SAS,162395330,0.0,162395330.0,2624280.0,0.013579929688082361,30.716066964512223,71.24270508923932,blake wesley
1626171,Bobby Portis,1610612749,MIL,30.0,49,1243.68,680,411,104,35,26,57,95,114.1,110.8,0.542,0.234,0.131,113.3,110.0,3.3,33.650135082979546,1162.5,-0.007916897291896909,1.2209386643624824,1.1260787901384626,0.4482811701215189,-0.8734805622782597,0.40751706137232024,0.4083633670570873,1.123468991290413,0.7518703950210375,False,0.44047096984017575,67.02019832702781,59.536835425604096,bobby portis,12578286.0,False,False,MIL,182559432,32359012.0,214918444.0,14807811.492900481,0.07662636567285748,52.35657595084517,121.435602554777,bobby portis
1641752,Bobi Klintman,1610612765,DET,22.0,8,42.38166666666667,15,7,7,2,1,1,0,121.4,117.2,0.689,0.121,0.095,120.4,122.0,-1.6,29.475008848165476,34.699999999999996,0.01369321977641227,0.6948043292108785,-0.63927847117106,-0.739528624891007,1.6043533583669904,0.2511675134942576,-0.2388337929727769,-0.08890761801578818,0.13879623171899855,False,0.030948620205782477,51.234474242117244,31.378979214673972,bobi klintman,1157153.0,False,False,DET,140501660,0.0,140501660.0,1157153.0,0.005987949600787099,67.34561655652313,156.20111471083194,bobi klintman
203992,Bogdan Bogdanović,1610612746,LAC,32.0,54,1347.6583333333333,583,159,146,41,11,74,106,112.7,110.0,0.559,0.183,0.074,112.6,109.5,3.1,24.23670688045313,907.3,-0.0030804196769962976,0.533762563648311,1.6037760303470363,-0.49844603027669054,-0.31892603336196523,0.20331128067885468,0.5834918263173722,-0.7961273067777389,0.7826697705271168,False,-0.29326813855735506,38.46586026231784,34.70395285536121,bogdan bogdanovic,17260000.0,False,False,LAC,174124752,8276880.0,182401632.0,18080440.214036886,0.09356132228123436,28.458571159058483,66.0066796536277,bogdan bogdanovic
1629626,Bol Bol,1610612756,PHX,25.0,36,448.48333333333335,244,104,22,9,25,20,-37,112.1,115.9,0.627,0.204,0.114,113.4,117.4,-4.0,31.25734884239474,389.40000000000003,0.01043808954039756,0.4595065102031241,-2.3174965416472593,-0.32839103749444715,1.2311174295925285,0.1812448622611727,-0.8540848772305376,0.5509578146735957,0.45150421992054585,False,0.1669311972219414,56.62879071419995,42.651496982216386,bol bol,2425403.0,False,False,PHX,220708856,244237706.0,464946562.0,5109368.091303441,0.026439579400990863,54.4330987480727,126.25188002366265,bol bol
1630538,Bones Hyland,1610612750,MIN,24.0,24,238.77,149,25,32,18,4,25,-31,102.0,108.1,0.576,0.274,0.108,99.7,108.5,-8.8,33.758009800226155,223.89999999999998,4.578693171043491e-05,-3.6483404739327043,1.1502016859423876,-0.25346281346707333,0.03952740553025519,-1.0394700308978808,0.41720705552636383,0.3488950464558954,0.329441676449441,False,-0.04610752490618905,48.16122741904958,33.628517055834784,bones hyland,4158439.0,False,False,MIN,203708244,98747659.0,302455903.0,6174244.095960187,0.031950020843887456,40.1661942970269,93.16128715848485,bones hyland
203078,Bradley Beal,1610612756,PHX,32.0,53,1702.1916666666666,902,177,195,58,28,99,-273,110.6,118.6,0.598,0.219,0.093,111.5,118.5,-7.0,28.422416198724196,1343.9,0.004854596124250315,-0.5937860131663614,-5.133339084820846,0.16707601213199116,0.5909094502235603,-0.13175848842247018,-1.886400169423221,-0.15626187408835496,0.8796155324052009,False,-0.21919694033682835,41.32483193953227,39.08614138836395,bradley beal,50203930.0,False,False,PHX,220708856,244237706.0,464946562.0,105759891.44898047,0.4,19.276122217389613,44.708949618590275,bradley beal
1642382,Branden Carlson,1610612760,OKC,26.0,32,246.4033333333333,122,54,14,5,21,7,41,115.1,105.8,0.581,0.185,0.101,116.3,107.1,9.1,32.522287306719335,222.6,0.0009559145341840535,1.2913655487546785,1.755846750258103,-0.3533707758932463,0.14388339020151802,0.4284455786682074,0.639242432841704,0.11315515020191215,0.33466627429652235,False,0.1273395613439765,55.066417513476516,38.579522387053466,branden carlson,77500.0,False,False,OKC,166418720,0.0,166418720.0,77500.0,0.002,121.53859675115415,281.89606486098364,branden carlson
1641764,Brandin Podziemski,1610612744,GSW,22.0,64,1716.3483333333334,747,325,220,69,13,75,261,111.6,105.1,0.557,0.177,0.114,111.5,104.6,6.9,28.427096675208702,1355.3,-0.003333422310537403,-0.2851386113161205,5.4973363603810625,0.1760787952797904,-0.34793552486166957,-0.04003879155243258,2.010908952148167,0.5509578146735957,0.8832657206828155,False,0.45274723858213606,67.46346200729793,63.91957762934905,brandin podziemski,3519960.0,False,False,GSW,170316619,0.0,170316619.0,3519960.0,0.018214828183296897,92.94006853854933,215.56476945812997,brandin podziemski
1630527,Brandon Boston,1610612740,NOP,23.0,42,992.78,448,134,92,53,9,52,-140,108.6,114.8,0.535,0.199,0.085,107.6,113.7,-6.1,26.558149841858217,732.4,-0.008125745987553355,-2.5991685728081,-1.4905205521039062,-0.4449792487037396,-0.8974273266916255,-0.7276911914881085,-0.5509074277842271,-0.4256788983786216,0.6717615919086446,False,-0.5653523735841156,28.591705601292944,24.368502432259653,brandon boston,1863016.4087993947,False,True,NOP,172778396,2946594.0,175724990.0,1894788.6274283365,0.009805011787711256,44.00883457176834,102.07388941884997,brandon boston
1629634,Brandon Clarke,1610612763,MEM,28.0,64,1206.861666666667,534,326,66,52,36,41,181,116.5,108.2,0.638,0.15,0.108,115.3,107.1,8.1,29.340230929532098,983.6,0.009325065838527618,2.737610287538606,3.0819531795691044,-0.032142781243719956,1.1034972101250515,0.8582212004487897,1.1254059611865455,0.3488950464558954,0.7406574679624077,False,0.5597014743898967,71.21584617398018,62.90466213339832,brandon clarke,12500000.0,False,False,MEM,165903638,0.0,165903638.0,12500000.0,0.06468407376538689,58.697773253317436,136.1433465460457,brandon clarke
1627742,Brandon Ingram,1610612761,TOR,27.0,18,595.0316666666666,400,100,93,16,11,69,-128,107.0,117.7,0.56,0.305,0.122,105.6,115.9,-10.3,33.92895056005423,560.8000000000001,-0.004829032794993829,-3.1235292709011415,-2.5654636573293796,0.015204498150546308,-0.5194234616805498,-0.8835136736841221,-0.9449920361198494,0.8203748389638624,0.5200662836542467,False,-0.102275799495883,45.92688818835019,36.00805023055634,brandon ingram,36016200.0,False,False,TOR,170516134,0.0,170516134.0,36016200.0,0.18637396300391418,23.199714544478734,53.8093116985455,brandon ingram
1641706,Brandon Miller,1610612766,CHA,22.0,27,923.565,568,131,98,29,20,76,-124,106.9,113.8,0.54,0.27,0.1,104.4,112.6,-8.2,30.961329197186988,794.3000000000001,-0.00967488149065028,-4.22232178764824,-0.7663265538366296,-0.045639771683453456,-1.0750524864774784,-1.2100381023848361,-0.2854108570552065,0.07947802216562876,0.647921501979424,False,-0.37314175315880294,35.45214722974917,29.835274793034685,brandon miller,11424382.0,False,False,CHA,168575524,0.0,168575524.0,11424382.0,0.059118045440956654,28.730678889589303,66.63780507802225,brandon miller
1630314,Brandon Williams,1610612742,DAL,25.0,33,487.13,275,58,76,24,5,39,10,109.5,108.8,0.634,0.218,0.119,109.6,109.4,0.2,31.792745263071463,430.20000000000005,0.012680429018660138,-1.1587943443438777,1.3515456768199592,-0.25465112216895297,1.4882259312854216,-0.29966008925885884,0.4910217229259706,0.7193434548550123,0.4705557642540651,False,0.40407839065714546,65.69224625097849,50.04107475112611,brandon williams,598120.0,False,False,DAL,174411922,5396883.0,179808805.0,616627.8154230764,0.0031908799278892517,133.86771066886286,310.49215523498134,brandon williams
1630296,Braxton Key,1610612744,GSW,28.0,3,10.825,3,2,0,2,0,1,-8,90.0,120.7,0.226,0.222,-0.026,95.9,126.6,-30.7,24.609699769053123,7.4,-0.07766290255897913,-0.3892444757711845,-0.2615249801807323,-1.1496762361266248,-8.870615290146734,-0.07097557661192501,-0.10034568525742772,-4.163840110406075,0.0701459517396018,False,-2.8928615749558917,0.19087475106998641,0.11100620407308122,braxton key,129415.0,False,False,GSW,170316619,0.0,170316619.0,129415.0,0.002,0.3497072394613687,0.8111093701320145,braxton key
1641729,Brice Sensabaugh,1610612762,UTA,21.0,71,1431.9216666666666,772,210,110,46,8,107,-285,109.9,119.5,0.612,0.208,0.087,108.1,119.0,-10.9,26.156738089723255,1040.4,0.007522757962758293,-2.2889470272018104,-5.411579419287315,-0.2440038019937757,0.8968430964101214,-0.6355037116810717,-1.9884057850677732,-0.3583246423060553,0.8067673052674388,True,-0.4275583032410691,33.448636440460376,30.540119870926418,brice sensabaugh,2571030.0,False,False,UTA,154060898,0.0,154060898.0,2571030.0,0.013304375533841813,49.56676023281711,114.96491675107605,brice sensabaugh
1642355,Bronny James,1610612747,LAL,20.0,27,181.2433333333333,62,18,22,9,3,13,-71,95.5,114.1,0.424,0.199,0.05,98.2,116.4,-18.2,22.444963492910084,112.99999999999999,-0.030214745987553367,-3.934370104146864,-0.9527708052796175,-1.2430478102516243,-3.4301703608974727,-1.1244684816278208,-0.35376313490988104,-1.6043783796485394,0.2870249698777675,False,-1.528335763072744,6.321459742564453,4.293290414897337,bronny james,1157153.0,False,False,LAL,192057940,49664775.0,241722715.0,1456384.2808602187,0.007536389460312986,8.501605912448781,19.718585830187525,bronny james
201572,Brook Lopez,1610612749,MIL,37.0,80,2546.07,1041,401,143,50,148,84,134,114.8,112.7,0.624,0.157,0.087,114.1,111.6,2.5,25.596625387361698,1810.3000000000002,0.007562235577658906,2.0660606611448,-0.11802321214405535,0.2938562392830004,0.901369632430158,0.6586590858909191,-0.04773653992006481,-0.3583246423060553,1.0,True,0.19281049388908544,57.64463076172122,57.64463076172122,brook lopez,23000000.0,False,False,MIL,182559432,32359012.0,214918444.0,27076794.432620715,0.14011498947278844,41.0399782278098,95.18793760707268,brook lopez
1628971,Bruce Brown,1610612740,NOP,28.0,41,921.53,340,164,84,34,10,39,-226,104.8,116.8,0.504,0.169,0.078,104.7,116.4,-11.7,23.931505214154722,612.6,-0.012139759155258886,-4.646905179840557,-3.0216993782110593,-0.7459223282053704,-1.3576774009239005,-1.3362101025198865,-1.1122524934392757,-0.6614187946326053,0.6472072872946292,False,-0.9558272199735837,16.957976689613837,14.265783920368348,bruce brown,23000000.0,False,False,NOP,172778396,2946594.0,175724990.0,23392246.15790507,0.12104846208128156,10.690001458432363,24.79434044034775,bruce brown
1628981,Bruno Fernando,1610612761,TOR,26.0,17,146.58,58,51,18,4,9,14,-22,103.9,110.1,0.552,0.182,0.1,104.8,113.6,-8.8,30.970118706508387,126.1,-0.004337586782586483,-1.6930454952919192,-0.06828235382807796,-0.5506635481767409,-0.4630738548801991,-0.4584216836337859,-0.029501056969906236,0.07947802216562876,0.2581225924386952,False,-0.2564719697170803,39.87932108485158,26.565815781071024,bruno fernando,1115128.0,False,False,TOR,170516134,0.0,170516134.0,1115128.0,0.005770481744787868,57.75861905972016,133.96507660917274,bruno fernando
1631121,Bryce McGowens,1610612757,POR,22.0,13,32.016666666666666,13,3,2,1,0,4,-4,89.9,97.1,0.391,0.244,0.0,90.0,109.3,-19.3,16.304008328995312,14.499999999999998,-0.04509922623599507,-1.3208389482727785,0.4500727853192994,-1.8092032518080357,-5.13683719357506,-0.34781433213499235,0.1605329838985205,-3.2882347814627075,0.12063594117438758,False,-2.237389028662551,1.2630462487965277,0.7632413846747473,bryce mcgowens,1157153.0489437233,True,True,POR,167012048,0.0,167012048.0,1157153.0489437233,0.005987949854057452,1.6380698849313404,3.799331791487416,bryce mcgowens
1642267,Bub Carrington,1610612764,WAS,19.0,82,2457.79,807,341,364,54,21,141,-798,102.8,118.0,0.514,0.154,0.071,102.5,117.4,-14.9,22.244862254301623,1518.6999999999998,-0.009522265739111645,-7.718078411360973,-4.770678704224227,-0.19516209167734577,-1.0575534380090297,-2.24886018848142,-1.7534453429291357,-0.8971586908865891,1.0,True,-1.0769169755982508,14.075867925620367,14.075867925620367,bub carrington,4454880.0,False,False,WAS,173806822,4489233.0,178296055.0,4569944.49561019,0.023648210148621864,18.67943156499299,43.32498805126747,bub carrington
1627741,Buddy Hield,1610612744,GSW,32.0,82,1862.9883333333328,912,264,134,69,23,91,141,112.3,110.1,0.56,0.196,0.085,111.1,110.3,0.7,26.179874091177886,1354.7999999999997,-0.0031032473043239037,-0.2587572662092674,1.3235712563346524,-0.004197929134446582,-0.3215434680172888,-0.032199137106229035,0.4807660280089306,-0.4256788983786216,0.9202243632874967,True,-0.10969963836438616,45.63237936148433,43.99422090826333,buddy hield,8780488.0,False,False,GSW,170316619,0.0,170316619.0,8780488.0,0.04543661867904755,46.45381640230412,107.74476908266422,buddy hield
203468,CJ McCollum,1610612740,NOP,33.0,56,1831.6783333333333,1183,212,227,46,24,106,-279,112.3,119.4,0.55,0.266,0.097,110.8,118.1,-7.3,32.42927479078841,1650.0,-0.006871549913011014,-0.3992259213778428,-5.279921158852445,0.7195114351687819,-0.7536201660539585,-0.07394172879684338,-1.940138584929081,-0.021553361943221407,0.912458799401957,False,-0.24174322175775342,40.44895682552091,38.85552921597088,cj mccollum,33333333.0,False,False,NOP,172778396,2946594.0,175724990.0,33901805.68693131,0.17543255198666222,25.57008281522985,59.307133013400595,cj mccollum
1630595,Cade Cunningham,1610612765,DET,23.0,70,2451.9466666666667,1830,425,638,71,53,309,175,115.0,112.2,0.565,0.323,0.152,113.5,110.5,3.0,41.84870796537172,2850.2999999999997,-0.003499024894370549,1.8205500533861598,0.5970492189622227,2.3820186276685336,-0.36692365427675805,0.585701535018914,0.2144159754774923,1.8306886800523632,1.0,True,1.2096903393657896,88.68011308879582,88.68011308879582,cade cunningham,13940809.0,False,False,DET,140501660,0.0,140501660.0,13940809.0,0.07213986541641355,79.64944299735569,184.73855342673752,cade cunningham
1631216,Caleb Houstan,1610612753,ORL,22.0,58,787.99,239,75,35,22,6,13,-66,104.2,108.2,0.605,0.115,0.061,103.3,107.7,-4.4,17.483978223073898,382.7,0.003354217142871171,-5.046236651962097,2.446458302930807,-1.4360700907346762,0.41887475359823156,-1.4548780755988406,0.8924273520472575,-1.2339299712494225,0.5984791330758933,False,-0.7507329095514985,22.64067065443795,18.549854885427052,caleb houstan,1157153.0489437233,False,True,ORL,152308863,0.0,152308863.0,1157153.0489437233,0.005987949854057452,39.8117283310226,92.33914041979618,caleb houstan
1628997,Caleb Martin,1610612742,DAL,29.0,45,1218.0166666666669,356,177,95,46,23,56,-155,106.5,112.8,0.513,0.143,0.063,106.5,112.1,-5.6,20.14849276829819,681.7,-0.00898510390060367,-3.8342367993803514,-0.34115531683439493,-0.9964678033397594,-0.9959620167259348,-1.094712208596772,-0.12953894197887075,-1.1665757151768557,0.7440725363793099,False,-0.9321216404832331,17.563683272328774,15.540920262052865,caleb martin,9186594.0,False,False,DAL,174411922,5396883.0,179808805.0,9470857.669696283,0.049009092490249165,15.980772552084579,37.06573069207566,caleb martin
1642353,Cam Christie,1610612746,LAC,19.0,13,58.64833333333333,18,12,6,5,1,2,-10,97.6,105.6,0.349,0.192,0.07,104.7,108.8,-4.0,27.622268322487137,45.0,-0.043551915726684653,-1.054886210237035,0.4596975652291651,-0.8800516492791646,-4.959421289088236,-0.2687820630532954,0.16406152192314497,-0.930835818922872,0.16327379867367983,False,-1.2588849325294107,10.40359484520369,6.486362667469274,cam christie,1157153.0,False,False,LAC,174124752,8276880.0,182401632.0,1212157.3369057605,0.006272581967653371,13.69660326165133,31.76783889752256,cam christie
1629629,Cam Reddish,1610612747,LAL,25.0,33,589.45,105,66,22,33,10,12,-91,107.6,115.9,0.498,0.084,0.04,109.4,113.7,-4.2,15.744846891169733,257.8,-0.006537963130424535,-1.746628945066683,-1.4506712338024161,-1.669824456336555,-0.715370829284569,-0.4743448948486882,-0.5362982797103015,-1.941149660011373,0.5176213076968704,False,-1.2587031126640844,10.406879335979474,8.147853755708667,cam reddish,2463946.0,False,False,LAL,192057940,49664775.0,241722715.0,3101104.368470213,0.016047365097943262,12.384252212953308,28.723977883546812,cam reddish
1642285,Cam Spencer,1610612763,MEM,25.0,25,252.2433333333333,106,30,34,9,1,6,40,116.4,109.6,0.587,0.148,0.087,116.5,111.4,5.1,26.831234390073078,188.0,0.0016527316273472435,1.5263148514312859,0.4086895484600751,-0.8351471768131941,0.2237810152105558,0.4982646624905335,0.1453614863466506,-0.3583246423060553,0.3386090084537926,False,-0.18617311228795413,42.6154504304627,29.93198667353631,cam spencer,2163876.201524763,True,True,MEM,165903638,0.0,165903638.0,2163876.201524763,0.011197466227087435,51.60140137864219,119.6840541094468,cam spencer
1630560,Cam Thomas,1610612751,BKN,23.0,25,781.1566666666666,599,83,94,15,2,62,-92,114.9,120.6,0.575,0.328,0.122,112.9,118.1,-5.2,34.05258014824172,738.9000000000001,-0.00027318936641962567,1.092507538208863,-4.390771333215234,0.1598965426021336,0.0029533190091053816,0.36935162116815107,-1.614167601828139,0.8203748389638624,0.5958785212786345,False,0.09980718809205968,53.97512993615937,44.15950074036901,cam thomas,4041249.0,False,False,BKN,168312896,0.0,168312896.0,4041249.0,0.02091235587362368,61.17880474473961,141.89783962827266,cam thomas
1641715,Cam Whitmore,1610612745,HOU,20.0,51,826.585,477,151,49,31,13,46,-1,113.4,112.3,0.549,0.231,0.108,111.4,112.5,-1.0,29.663736941754333,681.1000000000001,-0.00619839860866746,0.1818158034097255,-0.32475620705340663,-0.23519218736573919,-0.6764360799910893,0.09872446099411394,-0.12352686866663895,0.3488950464558954,0.6129604021023336,False,-0.05931530605420837,47.63504850556671,39.33855599682304,cam whitmore,1157153.0489437233,False,True,HOU,163038023,0.0,163038023.0,1157153.0489437233,0.005987949854057452,84.42847202597851,195.8230114757596,cam whitmore
1629661,Cameron Johnson,1610612751,BKN,29.0,57,1799.763333333333,1070,247,194,53,25,99,-200,110.9,116.7,0.632,0.224,0.124,109.0,115.0,-6.0,30.85405673708951,1542.5,0.012581431652201243,-1.681155146660547,-2.9591159871012396,0.5120481168045614,1.4768748112571954,-0.4548882692404981,-1.0893088129282453,0.8877290950364292,0.9044745670411315,False,0.3842324170753369,64.95969031973361,62.16730417553365,cameron johnson,23062500.0,False,False,BKN,168312896,0.0,168312896.0,23062500.0,0.11934211609713881,46.81684008641944,108.58676455355956,cameron johnson
1626166,Cameron Payne,1610612752,NYK,30.0,72,1089.9766666666667,500,104,203,39,16,52,204,116.6,107.5,0.532,0.2,0.089,115.6,107.1,8.5,29.79146342582257,902.0,-0.008766578881963171,2.8050487494342895,3.1800359475244044,-0.057778976296875256,-0.9709057571052446,0.8782616584127123,1.1613640588814282,-0.29097038623348853,0.7038777872570915,True,0.058572134084069055,52.335354682768795,45.3614072177629,cameron payne,3003427.0,False,False,NYK,191906878,49098292.5,241005170.5,3771836.860476171,0.019518221897123676,64.37990041272131,149.3224462649213,cameron payne
1627747,Caris LeVert,1610612737,ATL,30.0,64,1596.1066666666666,776,203,215,57,33,76,258,120.5,113.4,0.582,0.191,0.094,120.0,112.3,7.6,29.41382363751796,1304.1,0.0011779171677251583,6.313891812843245,-0.640542835459409,0.2163191207241791,0.1693383960268875,1.920972597209336,-0.2392973212311056,-0.12258474605207158,0.8517646566411583,False,0.29495640716619104,61.598640951450825,57.48964789010648,caris levert,16615384.0,False,False,ATL,170057021,0.0,170057021.0,16615384.0,0.08598005794369833,48.558840890222484,112.62715324244809,caris levert
1641717,Cason Wallace,1610612760,OKC,21.0,68,1876.26,568,229,173,120,35,59,369,117.2,107.1,0.562,0.124,0.075,116.0,106.2,9.8,23.444725144702762,1221.9,-0.0017152789068171632,3.609822908025926,4.215437494737508,-0.3237419116435442,-0.162397862037704,1.117413653318147,1.5409523470615605,-0.7624501787414555,0.9234963208077521,True,0.06472468921797789,52.58033975589308,50.770174505866166,cason wallace,5555920.0,False,False,OKC,166418720,0.0,166418720.0,5555920.0,0.028750363129167067,62.92183196814192,145.94060899008045,cason wallace
1629646,Charles Bassey,1610612759,SAS,24.0,36,375.515,157,152,17,14,30,23,-129,101.6,117.5,0.597,0.164,0.113,104.3,116.4,-12.1,33.15127225277286,345.8,0.0034714053167901903,-3.7264363957122724,-2.1193183389723718,-0.20977429105596374,0.4323116466755415,-1.0626775299063569,-0.7814308186090732,0.5172806866373124,0.41314481282431265,False,-0.10902887204878059,45.65897951264627,33.601135476981064,charles bassey,2162606.0,False,False,SAS,162395330,0.0,162395330.0,2162606.0,0.011190893282357462,57.93875505465969,134.3828832111137,charles bassey
1631096,Chet Holmgren,1610612760,OKC,23.0,32,876.54,479,257,63,23,71,56,294,121.7,105.6,0.599,0.214,0.122,120.1,105.4,14.7,35.37408446847834,861.3,0.004957760596299395,5.623826682817952,4.087301716000998,0.3583262288797556,0.6027383740299722,1.7159082935181835,1.4939765230093975,0.8203748389638624,0.631210957388473,False,0.9075874874927308,81.79518962171079,68.22086326984223,chet holmgren,10880640.0,False,False,OKC,166418720,0.0,166418720.0,10880640.0,0.056304329629969535,66.82599793857226,154.9959136673415,chet holmgren
1628449,Chris Boucher,1610612761,TOR,32.0,50,862.3,502,224,33,24,25,29,5,113.3,113.5,0.615,0.208,0.126,112.5,112.9,-0.4,32.02968804360431,767.1999999999999,0.008146757962758292,0.5771427793355443,-0.785647359121426,0.01937557506448606,0.9683914532096346,0.216202431581594,-0.292494052385615,0.955083351108996,0.6260627328427603,False,0.4251838739596623,66.46486805741536,55.28070705190497,chris boucher,10810000.0,False,False,TOR,170516134,0.0,170516134.0,10810000.0,0.05593878699230658,54.274007832166625,125.88288528168061,chris boucher
1630537,Chris Duarte,1610612741,CHI,28.0,17,74.46833333333333,36,20,9,0,0,1,12,105.2,102.4,0.61,0.151,0.127,109.1,103.3,5.8,29.58572995232873,61.2,0.005159232944117798,-0.5662503218901125,1.161329199393074,-0.7106084654084691,0.6258393602911049,-0.12357580085787528,0.42128651029810577,0.9887604791452793,0.18398163610600496,False,0.25750853785116673,60.160688738237866,38.069186680527125,chris duarte,5893768.0,False,False,CHI,165722496,0.0,165722496.0,5893768.0,0.03049863392544614,46.216104074829474,107.19342019864469,chris duarte
1641753,Chris Livingston,1610612749,MIL,21.0,21,105.81,30,35,5,5,0,6,-29,89.6,102.2,0.441,0.15,0.099,90.8,105.2,-14.4,21.808902750212642,64.1,-0.02022493416147238,-3.770568124271104,1.3795941793552309,-1.3309767566915287,-2.2847302633134356,-1.0757920053288028,0.5013045770438123,0.04580089412934537,0.21930675900540444,False,-0.7478865746738427,22.726428803880268,14.742362592269872,chris livingston,1891857.0,False,False,MIL,182559432,32359012.0,214918444.0,2227192.308039762,0.0115251097234357,25.159915837709313,58.35579360361871,chris livingston
101108,Chris Paul,1610612759,SAS,40.0,82,2292.1633333333334,723,296,605,103,22,129,4,114.2,115.0,0.58,0.137,0.102,113.5,114.4,-0.9,29.325658875385553,1867.2000000000003,0.000570893465855218,1.5366085100139821,-2.250326744311178,0.63544364850117,0.09973655563081082,0.5013235939418557,-0.8294597755423692,0.14683227823819509,1.0,True,0.16865065170129562,56.69642815672709,56.69642815672709,chris paul,10983000.0,False,False,SAS,162395330,0.0,162395330.0,10983000.0,0.056834014573219536,55.35548394446304,128.3912560251878,chris paul
1631128,Christian Braun,1610612743,DEN,24.0,79,2675.383333333333,1218,410,205,85,37,81,480,122.7,114.5,0.665,0.155,0.096,122.0,113.0,8.9,26.09928795250525,1939.6,0.013820901366478544,8.738639397594948,-1.4333274525569861,0.43195694761906767,1.6189934352304374,2.641526576042734,-0.5299398806416082,-0.0552304899795048,1.0,True,0.6510071095056501,74.2479051232053,74.2479051232053,christian braun,3089640.0,False,False,DEN,185864258,28913338.5,214777596.5,3570269.294326938,0.018475164991723157,107.42272383855118,249.1557738545981,christian braun
1631132,Christian Koloko,1610612747,LAL,25.0,37,341.53,90,92,16,8,16,12,-7,104.7,106.0,0.624,0.104,0.082,106.8,106.5,0.2,22.09352033496325,209.59999999999997,0.005009378981379147,-2.4140436405120376,2.2722397437680453,-1.1980703622304611,0.6086569808137876,-0.6726782460639971,0.828557132015424,-0.5267102824874718,0.39400622976154714,False,-0.3428502952890746,36.58555431893051,26.608776219833928,christian koloko,2163876.201524763,True,True,LAL,192057940,49664775.0,241722715.0,2723438.7204010044,0.014093048886874356,42.32442192576499,98.16707043950453,christian koloko
1629643,Chuma Okeke,1610612739,CLE,26.0,9,196.68,53,47,15,5,4,3,-28,115.8,122.1,0.641,0.093,0.089,115.6,121.8,-6.3,22.275777913361807,121.7,0.006060540819887124,1.0648171591838642,-2.8290890528899495,-1.2500071299725921,0.7291840677939174,0.3611229655722694,-1.041639672866186,-0.29097038623348853,0.29899832775452106,False,-0.3924927942881945,34.73470672253738,23.77761734868264,chuma okeke,372949.0,False,False,CLE,165110486,0.0,165110486.0,372949.0,0.002,74.9075692967775,173.74027327547282,chuma okeke
203991,Clint Capela,1610612737,ATL,31.0,55,1176.4333333333334,488,469,62,34,53,47,-79,108.7,111.5,0.564,0.16,0.117,107.9,110.9,-3.0,31.154846570141384,1018.0999999999999,-0.0018932631055705506,-2.588188955701447,0.5324856802086043,0.139235104134667,-0.18280567767405473,-0.7244284160792296,0.19074635356094946,0.6519891987824459,0.7312608455554176,False,0.12293237463955023,54.89196755993877,48.25373813340295,clint capela,22265280.0,False,False,ATL,170057021,0.0,170057021.0,22265280.0,0.11521672111415947,36.78903561443334,85.3283207718198,clint capela
1629632,Coby White,1610612741,CHI,25.0,74,2450.2566666666667,1509,273,330,69,16,177,-141,111.5,113.9,0.601,0.237,0.103,111.3,113.7,-2.4,30.825995099833076,2098.1,0.005964604024873629,-0.4386857663746304,-1.562380895334343,0.9303077395287508,0.7181838754223994,-0.08566787649790238,-0.5772521292657906,0.18050940627447845,1.0,True,0.2950193372133373,61.60104460813927,61.60104460813927,coby white,12000000.0,False,False,CHI,165722496,0.0,165722496.0,12000000.0,0.062096710814771416,58.308509160600494,135.24048919157698,coby white
1628998,Cody Martin,1610612756,PHX,29.0,53,1173.2066666666667,358,224,105,56,32,51,-105,108.1,111.3,0.509,0.142,0.08,107.6,110.7,-3.1,23.86075769543303,777.6,-0.009490271006193854,-2.8805601418559714,0.672283769414356,-0.6267056141750527,-1.0538848954344988,-0.8113113653827777,0.24199769417879657,-0.5940645385600386,0.7302573228498004,False,-0.5783755501075467,28.150529869332296,24.733500188764637,cody martin,8120000.0,False,False,PHX,220708856,244237706.0,464946562.0,17105639.31082131,0.08851699479882139,20.679694493881726,47.96438873067087,cody martin
1642262,Cody Williams,1610612762,UTA,20.0,50,1059.611666666667,230,113,59,23,16,44,-339,103.0,118.5,0.419,0.122,0.021,103.0,117.5,-14.6,14.021363172357168,412.70000000000005,-0.01913361311799754,-6.0522995503184545,-4.077260034067469,-1.6905594440143692,-2.159598488631777,-1.7538463595250076,-1.4992313071230123,-2.5810150927007567,0.694004082600864,False,-2.008845812105789,2.227674405148573,1.9209277321770672,cody williams,5469120.0,False,False,UTA,154060898,0.0,154060898.0,5469120.0,0.02830119692094022,2.393851549053737,5.552288323036033,cody williams
1641732,Colby Jones,1610612764,WAS,23.0,39,514.6483333333333,157,87,44,26,13,23,-112,104.4,114.8,0.544,0.138,0.078,105.6,114.4,-8.8,23.118699176460304,330.5,-0.004392939428554588,-3.443102215222673,-1.3498100573890257,-1.0244978782899583,-0.4694206351102041,-0.978480076787876,-0.4993215904232869,-0.6614187946326053,0.48366420232022606,False,-0.7466334533104763,22.76424246297592,17.474945482162514,colby jones,2120693.0,False,False,WAS,173806822,4489233.0,178296055.0,2175468.0939170215,0.011257451092893939,30.06974013465587,69.74361759916715,colby jones
1630175,Cole Anthony,1610612763,MEM,25.0,67,1234.1133333333332,630,204,191,45,32,103,-16,107.7,109.0,0.531,0.238,0.105,106.7,108.2,-1.5,30.891814366049573,1058.9999999999998,-0.010670228869536174,-3.4218460061485847,2.4045840248000387,0.14913360403695758,-1.1891798412915622,-0.9721634415555875,0.8770758339843184,0.24786366234704524,0.7489730342679942,True,-0.08099761761607174,46.77219235740384,41.48870566975308,cole anthony,12900000.0,False,False,MEM,165903638,0.0,165903638.0,12900000.0,0.06675396412587926,38.28959603235518,88.80871373508892,cole anthony
1631306,Cole Swider,1610612754,IND,26.0,10,169.5,59,27,3,4,2,4,54,114.2,100.5,0.465,0.155,0.046,113.6,100.6,13.0,18.96637168141593,89.30000000000001,-0.017179098633521458,0.4890805164764701,2.8706892826311146,-1.5394590252106846,-1.935492239104355,0.19003326894907355,1.0479545596420872,-1.7390868917936728,0.27757062983221864,False,-1.0112164854177519,15.59564136233178,10.525604147293404,cole swider,2233305.384461386,False,True,IND,169543082,0.0,169543082.0,2233305.384461386,0.011556743218330882,17.946199446164712,41.624332831834806,cole swider
1630658,Colin Castleton,1610612761,TOR,25.0,26,431.99,123,122,28,8,10,23,-30,106.1,108.2,0.536,0.125,0.074,105.5,108.3,-2.8,21.083821384754277,253.0,-0.004979111801226982,-2.859046220770579,1.686632788671116,-1.246053111212673,-0.5366316448313286,-0.8049181467500949,0.6138679206365736,-0.7961273067777389,0.4431242386837927,False,-0.6595037504782174,25.478616925245863,19.093826036357232,colin castleton,314053.0,False,False,TOR,170516134,0.0,170516134.0,314053.0,0.002,60.15203609281254,139.51635711787736,colin castleton
1631221,Collin Gillespie,1610612756,PHX,26.0,33,461.2183333333333,194,78,78,21,5,17,-29,115.6,118.4,0.578,0.17,0.105,117.0,119.7,-2.7,30.456725122953333,390.19999999999993,0.0003684079503312921,2.1744772040974873,-3.4937153746435468,-0.39187838293910826,0.0765193987214531,0.6908768605934025,-1.285298153416999,0.24786366234704524,0.457869737992911,False,-0.10129578114598506,45.96578325637209,34.75203430230996,collin gillespie,2233305.384461386,True,True,PHX,220708856,244237706.0,464946562.0,4704694.135161526,0.024345502598589697,45.65113094753107,105.88302411382146,collin gillespie
1629012,Collin Sexton,1610612762,UTA,26.0,63,1757.76,1159,171,264,47,6,160,-286,110.4,117.9,0.593,0.264,0.106,109.5,117.7,-8.2,31.53399781540142,1539.7,0.004532115875808598,-1.5946120186536041,-4.578759217618788,0.5643606794330035,0.5539335978576891,-0.4291705427364107,-1.6830857905554182,0.28154079038332863,0.8938578288418232,False,-0.008196003341871469,49.673030434333626,47.30044895009576,collin sexton,18150000.0,False,False,UTA,154060898,0.0,154060898.0,18150000.0,0.09392127510734176,38.736086268764645,89.84430114523798,collin sexton
1630557,Corey Kispert,1610612764,WAS,26.0,61,1601.5233333333333,705,181,103,26,14,64,-274,108.7,117.1,0.584,0.169,0.074,107.4,116.9,-9.5,21.8379584437317,971.5000000000001,0.001380240844741109,-3.039320009456071,-3.8722679952933476,-0.6418847293871344,0.19253699639888544,-0.8584894943549237,-1.4240792298460707,-0.7961273067777389,0.8532087385365621,False,-0.7128141335504217,23.79803893031528,22.226034060593634,corey kispert,5705887.0,False,False,WAS,173806822,4489233.0,178296055.0,5853263.586948187,0.03028903469011277,27.047675264542757,62.73425417543307,corey kispert
202709,Cory Joseph,1610612753,ORL,33.0,50,611.7333333333333,177,74,72,26,4,18,35,110.5,106.9,0.547,0.126,0.075,109.0,108.4,0.6,21.75065387968614,369.6,-0.003632944695636797,-1.270093594508693,2.2553719128066185,-1.104422005495453,-0.3822790096029078,-0.33273450824240997,0.8223732209548372,-0.7624501787414555,0.5273145228993851,False,-0.48873659952987203,31.25140944055796,24.6039701188934,cory joseph,3303771.0,False,False,ORL,152308863,0.0,152308863.0,3303771.0,0.01709610936543568,36.5770781163567,84.83670752119194,cory joseph
1641854,Craig Porter Jr.,1610612739,CLE,25.0,51,513.265,188,67,71,17,15,38,-45,108.3,113.5,0.61,0.155,0.091,108.9,112.0,-3.2,24.443513584600552,348.50000000000006,0.0052959013664785354,-1.6453637253561089,-0.3551901993627019,-0.9048183847646725,0.6415098747883686,-0.4442522545100592,-0.13468426656146268,-0.22361613016092174,0.4830137396878817,False,-0.28390343218191766,38.82421930892131,29.792004731395764,craig porter,2163876.201524763,False,True,CLE,165110486,0.0,165110486.0,2163876.201524763,0.011197466227087435,51.36007879417964,119.1243316118985,craig porter
1642385,Cui Cui,1610612751,BKN,22.0,5,10.318333333333332,3,2,0,0,0,0,2,80.8,76.0,0.19,0.296,-0.056,84.8,86.1,-1.2,15.35131642707156,4.4,-0.1142065367453055,-0.580462820776575,0.6033227829171812,-1.8931138743970428,-13.060738651547645,-0.12779928073108215,0.21671592510463067,-5.174153951494575,0.06848468087938729,False,-3.971297955123748,0.003574105503389342,0.0020759051905371345,cui cui,1157153.0489437233,False,True,BKN,168312896,0.0,168312896.0,1157153.0489437233,0.005987949854057452,0.0044553110521393414,0.010333628056453617,cui cui
1626156,D'Angelo Russell,1610612751,BKN,29.0,58,1480.4183333333333,732,162,297,56,23,108,0,110.1,111.6,0.522,0.228,0.098,109.1,109.9,-0.8,31.106883076968106,1279.1999999999998,-0.01227389992543802,-1.8002002070255982,0.9858394920672006,0.333009081155749,-1.3730580927286091,-0.4902644842518778,0.3569502749734057,0.012123766093061983,0.8203154419139166,False,-0.13906644518420636,44.46988216975236,40.87413416313689,d angelo russell,18692307.0,False,False,BKN,168312896,0.0,168312896.0,18692307.0,0.09672756518666062,33.13018385784665,76.84199675901858,d angelo russell
1630618,D.J. Carton,1610612761,TOR,24.0,4,33.38666666666666,3,4,3,2,0,4,12,109.0,96.1,0.202,0.122,0.007,108.8,99.7,9.1,9.488817891373802,8.8,-0.045607613117997534,-0.1895466217278543,0.8537034633856248,-2.3590979535621606,-5.195129254513689,-0.011632045680994038,0.30850792034378005,-3.0524948852087235,0.12318992481431902,False,-2.2402609609307924,1.253699305025564,0.7590340231706988,dj carton,289289.0,False,False,TOR,170516134,0.0,170516134.0,289289.0,0.002,2.3912149335863138,5.546172969192185,dj carton
1629610,DaQuan Jeffries,1610612766,CHA,27.0,47,1071.506666666667,315,135,53,26,25,35,-276,106.6,118.2,0.518,0.136,0.046,105.9,117.9,-11.9,18.20651294750071,541.9,-0.007865273639734958,-3.905684275317284,-4.173642746211932,-1.2577379947862368,-0.8675613515664372,-1.115944011604932,-1.5345661478054025,-1.7390868917936728,0.6978885905705042,False,-1.3638712928811767,8.630403862461694,7.457099298786365,daquan jeffries,2425403.0,False,False,CHA,168575524,0.0,168575524.0,2425403.0,0.012550795725023253,12.35244287978151,28.650199461821725,daquan jeffries
1631342,Daeqwon Plowden,1610612737,ATL,26.0,6,71.55,43,11,2,0,0,4,29,104.0,84.2,0.831,0.181,0.122,105.9,88.3,17.6,24.100628930817614,47.9,0.046185246111823314,-0.8472837075433967,3.159541749832849,-1.1597767593002246,5.329916008022711,-0.20708953461347818,1.1538506864702107,0.8203748389638624,0.18034058687030846,False,0.8976698358460191,81.53192023100802,51.459137581459835,daeqwon plowden,77500.0,False,False,ATL,170057021,0.0,170057021.0,77500.0,0.002,162.1137584060403,376.0059090369002,daeqwon plowden
1630227,Daishen Nix,1610612750,MIN,23.0,3,13.233333333333333,1,4,3,0,0,4,9,103.2,79.3,0.266,0.176,0.024,109.3,82.9,26.4,6.528967254408059,2.3999999999999995,-0.05453058941612759,-0.13016412456893364,0.7848414175862123,-2.6008885493039786,-6.218245106905049,0.00601444868815278,0.2832624238927293,-2.479983708591907,0.0775574078676661,False,-2.2835624850521916,1.1198628331085227,0.6550087045361446,daishen nix,362356.0,False,False,MIN,203708244,98747659.0,302455903.0,538008.2270380182,0.0027840451075289746,1.8379269556635356,4.262879366332311,daishen nix
1630625,Dalano Banton,1610612757,POR,25.0,67,1119.945,559,135,160,43,34,86,-55,110.2,111.8,0.497,0.237,0.089,109.1,111.4,-2.3,29.563237480411985,919.6999999999999,-0.018683395975126364,-1.637252089388561,0.23422803752097313,-0.06265303772505976,-2.1079762181583725,-0.44184174728529857,0.08140219782816129,-0.29097038623348853,0.7134885486753864,True,-0.47321674044363804,31.802927781790792,27.702571433981053,dalano banton,2196970.0,False,False,POR,167012048,0.0,167012048.0,2196970.0,0.011368717563227363,47.50495771596055,110.18278143308854,dalano banton
1631207,Dalen Terry,1610612741,CHI,22.0,73,987.1783333333332,326,124,97,44,15,53,-172,104.0,111.6,0.546,0.142,0.056,104.7,112.2,-7.5,21.924306145292903,601.2,-0.00423627100619385,-4.970616282629494,-0.040624612580272626,-0.9152339706164512,-0.45145690404885325,-1.4324062280770138,-0.019361459744615755,-1.4023156114308393,0.6698637355779339,True,-0.934986864863937,17.48975343476041,14.891452595683749,dalen terry,3510480.0,False,False,CHI,165722496,0.0,165722496.0,3510480.0,0.01816577178175323,21.67285293390066,50.26791586944502,dalen terry
1642261,Dalton Knecht,1610612747,LAL,24.0,78,1493.795,706,216,66,24,8,37,-73,112.2,114.9,0.594,0.181,0.087,112.0,113.8,-1.9,23.29476266823761,966.6,0.003288246111823319,0.12871326434399843,-1.7540790091623606,-0.5289708466421468,0.4113104605407901,0.08294416037619051,-0.6475305242239554,-0.3583246423060553,0.8240131839192425,True,-0.2627314898483995,39.637877189909126,36.49879247862564,dalton knecht,3819120.0,False,False,LAL,192057940,49664775.0,241722715.0,4806716.427921699,0.024873439999438734,47.58705380288069,110.37319472122823,dalton knecht
203081,Damian Lillard,1610612749,MIL,34.0,58,2092.87,1447,272,410,70,10,162,53,115.3,114.6,0.621,0.269,0.144,114.1,113.4,0.8,37.13063878788458,2158.6,0.012149951403759527,2.156576108427666,-1.5991529042538983,1.4808067261709723,1.4274009286170504,0.6855572529808484,-0.5907331057587162,1.561271655762096,0.9753484225929447,False,1.0669169396472493,85.69953276223939,84.74884986270283,damian lillard,48787676.0,False,False,MIL,182559432,32359012.0,214918444.0,57435385.82162188,0.29721237865833966,46.37439638461111,107.560562657238,damian lillard
1641878,Damion Baugh,1610612766,CHA,24.0,15,370.4883333333333,109,50,56,15,2,31,-169,99.5,121.8,0.399,0.186,0.051,99.4,123.1,-23.7,20.988515157922205,215.99999999999997,-0.03289091836022575,-5.3065893914768605,-4.546023316219233,-1.2816861827354717,-3.7370225015656837,-1.5322462121988194,-1.6710844903760462,-1.5707012516122563,0.41037030579561656,False,-1.8326849017886273,3.342472193673464,2.4556028078244116,damion baugh,2082875.488098702,True,True,CHA,168575524,0.0,168575524.0,2082875.488098702,0.010778309737303413,4.29025651870169,9.950801327272233,damion baugh
1627814,Damion Lee,1610612756,PHX,32.0,25,144.01833333333337,83,20,11,6,0,10,25,104.7,98.7,0.499,0.269,0.089,106.4,103.3,3.1,27.896448368841924,111.60000000000001,-0.020668048596240475,-1.3838345805694914,2.334372165733145,-0.8076963106979236,-2.335538131393247,-0.36653452956336524,0.851335482847233,-0.29097038623348853,0.2558571452742307,False,-0.5668257702609345,28.541628012804104,18.984056166218043,damion lee,2800834.0,False,False,PHX,220708856,244237706.0,464946562.0,5900253.223335578,0.030532193178616024,23.037830522776247,53.43383863976701,damion lee
1629655,Daniel Gafford,1610612742,DAL,26.0,57,1226.095,701,388,80,23,102,66,35,114.9,113.4,0.716,0.186,0.141,114.4,113.0,1.4,36.607930054359564,1246.7999999999997,0.02607108163977424,1.9120601700939093,-0.8958672148486558,0.7488658452018856,3.0236092510190895,0.6128952846330741,-0.3329017246279178,1.4602402716532459,0.74653593958423,False,1.120828964450082,86.88196637168248,76.97231118361962,daniel gafford,13394160.0,False,False,DAL,174411922,5396883.0,179808805.0,13808619.708799493,0.07145582206737293,69.36481454317735,160.8844332765257,daniel gafford
1628464,Daniel Theis,1610612740,NOP,33.0,38,621.2416666666667,162,164,60,18,20,25,-61,109.3,115.2,0.558,0.111,0.081,108.2,114.1,-5.9,23.49230707320018,405.40000000000003,-0.001979451279489558,-1.8108001332555046,-1.463399013739337,-0.9379011225514156,-0.1926880850770285,-0.4934144282164912,-0.5409644077565589,-0.5603874105237552,0.5313968157202071,False,-0.5866515419524923,27.871887946680918,21.994502997014006,daniel theis,2800834.0,False,False,NOP,172778396,2946594.0,175724990.0,2848599.9293665164,0.01474072383673757,34.43899257901667,79.87764171474382,daniel theis
1642450,Daniss Jenkins,1610612765,DET,23.0,7,22.74833333333333,7,2,3,0,0,1,-9,102.3,108.2,0.322,0.231,0.0,102.9,130.5,-27.6,17.724375412118103,11.2,-0.05863539860866747,-0.40245222430818006,-0.4212948515316739,-1.6979953335043376,-6.688905928542494,-0.07490047824688746,-0.15891887566080434,-3.2882347814627075,0.10168653556470254,False,-2.4493780601824247,0.7155157779578507,0.42627492214790547,daniss jenkins,1863016.4087993947,True,True,DET,140501660,0.0,140501660.0,1863016.4087993947,0.009640599265032497,0.7744105172667739,1.7961642082426736,daniss jenkins
203957,Dante Exum,1610612742,DAL,29.0,20,372.31,174,33,56,12,3,22,-48,109.3,115.2,0.589,0.193,0.083,109.6,114.6,-5.0,26.79380086487067,277.09999999999997,0.0025412513789055276,-1.0363800333199809,-1.2553317595540108,-0.7707084991508251,0.3256594258001503,-0.26328264550796615,-0.46468492656867433,-0.4930331544511884,0.4113779505294592,False,-0.40093329306453634,34.423461861906056,25.305377959944295,dante exum,2754024.2564860615,False,True,DAL,174411922,5396883.0,179808805.0,2839242.895905775,0.014692303753329587,39.668815550996875,92.00766917210619,dante exum
203967,Dario Saric,1610612743,DEN,31.0,16,210.38333333333333,56,50,23,7,1,15,-49,97.3,108.7,0.449,0.157,0.067,96.5,106.6,-10.1,20.465499485066942,119.6,-0.019912764422341092,-4.46844192806375,1.3204941714629381,-1.396515854245974,-2.248936622484307,-1.2831767859998526,0.4796379387355633,-1.0318672030317222,0.3092390464976696,False,-1.1165604449332995,13.209115607606691,9.103162026191882,dario saric,5168000.0,False,False,DEN,185864258,28913338.5,214777596.5,5971942.269352293,0.030903164341873256,11.000416004254307,25.51431451674735,dario saric
1641727,Dariq Whitehead,1610612751,BKN,20.0,20,246.07833333333332,114,29,12,6,1,15,-64,98.7,109.7,0.58,0.189,0.065,99.5,111.2,-11.7,21.25664591898244,145.3,0.0007875829565447898,-4.198131898830881,0.4283817706210785,-1.3137306653410588,0.12458235209645552,-1.2028496755380595,0.15258084672009967,-1.099221459104289,0.3344454931357094,False,-0.7970520755747771,21.27103939383406,14.900373133419702,dariq whitehead,3114342.0,False,False,BKN,168312896,0.0,168312896.0,3114342.0,0.016115866212691402,22.61393996636641,52.450668823940326,dariq whitehead
1629636,Darius Garland,1610612739,CLE,25.0,75,2300.77,1544,214,506,91,11,189,499,123.2,113.4,0.6,0.265,0.126,121.5,111.5,10.0,36.92363860794429,2359.7999999999997,0.006404282981398784,8.438050915557314,-0.2967183397826128,1.6165139045738945,0.7685978287215972,2.5522017209172936,-0.11324791354030293,0.955083351108996,1.0,True,1.1717862268909607,87.93585531244648,87.93585531244648,darius garland,36725670.0,False,False,CLE,165110486,0.0,165110486.0,36725670.0,0.1900452757890605,56.27090296744448,130.51447471600179,darius garland
1630561,David Duke Jr.,1610612759,SAS,25.0,6,33.71666666666667,16,5,4,1,0,2,28,128.4,91.8,0.538,0.207,0.087,126.6,95.8,30.8,26.159169550173008,24.5,-0.007831409142831881,0.9736146867696506,1.1180923369074898,-1.0126934324191905,-0.8636784203048068,0.3340206375646989,0.40543545554417193,-0.3583246423060553,0.12379724381325126,False,-0.37930409987600466,35.22310277395076,21.334941894557616,david duke,2163876.201524763,True,True,SAS,162395330,0.0,162395330.0,2163876.201524763,0.011197466227087435,36.78048210092328,85.30848179174538,david duke
1631223,David Roddy,1610612745,HOU,24.0,33,409.7533333333333,153,84,35,14,9,22,-76,106.4,114.6,0.561,0.159,0.089,106.8,114.8,-8.0,24.494736670842624,278.8,-0.0023584302111607177,-2.3728016263253076,-1.2706701525517734,-0.9534702612444984,-0.23614212325444273,-0.6604224972164753,-0.47030813078072725,-0.29097038623348853,0.4315686679446448,False,-0.530689593868918,29.781694915969204,22.163713085591446,david roddy,2847240.0,False,False,HOU,163038023,0.0,163038023.0,2847240.0,0.014733686575020813,34.70974231809753,80.50561741998668,david roddy
1630558,Davion Mitchell,1610612748,MIA,26.0,74,2027.3133333333333,588,167,363,72,16,128,-3,111.0,110.7,0.573,0.135,0.069,110.4,110.0,0.4,21.74049727554037,1224.3,-0.00038244074532515105,-1.017304438933122,1.2985383657482865,-0.45835507831712297,-0.009573534578669208,-0.2576140161130963,0.47158872659243634,-0.9645129469591553,0.9599510719854739,True,-0.37328247728192665,35.44691083031214,34.808085979230924,davion mitchell,6451077.0,False,False,MIA,176102077,8004134.75,184106211.75,6744289.269101322,0.03489984836621257,40.309719262756886,93.49417830689451,davion mitchell
1630549,Day'Ron Sharpe,1610612751,BKN,23.0,50,907.4583333333334,397,330,91,41,42,63,64,109.2,107.1,0.568,0.186,0.134,108.4,107.0,1.4,33.37938381009229,841.4000000000001,-0.0014569183602257646,-2.055593623256293,3.1327093490929325,0.1835819014175647,-0.13277402779020617,-0.5661588756475602,1.1440136671108685,1.2245003753992632,0.6422468844658265,False,0.48000770252513536,68.43890419769522,57.42100015748359,day ron sharpe,3989122.0,False,False,BKN,168312896,0.0,168312896.0,3989122.0,0.020642612936570215,79.91365382241821,185.35136280474353,day ron sharpe
1628368,De'Aaron Fox,1610612759,SAS,27.0,62,2241.1366666666668,1459,298,392,91,25,174,-69,113.7,114.9,0.56,0.274,0.119,113.0,114.5,-1.5,35.70866569196285,2222.9999999999995,-0.004338213068289539,1.1215719878997688,-2.257540930260413,1.4157137975415608,-0.46314566531760404,0.37798860466246803,-0.8321045663507798,0.7193434548550123,1.0,False,0.43214224179100647,66.71809825256445,66.71809825256445,de aaron fox,34848340.0,False,False,SAS,162395330,0.0,162395330.0,34848340.0,0.1803306076129026,43.48477446809872,100.85838681371807,de aaron fox
1629631,De'Andre Hunter,1610612739,CLE,27.0,64,1740.015,1088,258,92,50,13,82,88,115.9,113.9,0.623,0.221,0.101,115.4,112.7,2.7,29.350091809553362,1418.6,0.010423930335430688,2.867739836761189,-0.9952203463171262,0.2978765231589633,1.2294939234243119,0.8968913552499669,-0.3693255499553588,0.11315515020191215,0.8893345315970302,False,0.37197463515815254,64.50441326602963,61.29212826736487,de andre hunter,21696429.0,False,False,CLE,165110486,0.0,165110486.0,21696429.0,0.11227307311051835,47.15482176885108,109.37067772040027,de andre hunter
1629001,De'Anthony Melton,1610612751,BKN,27.0,6,120.98333333333332,62,20,17,7,2,10,27,108.3,97.4,0.539,0.223,0.091,111.3,95.7,15.6,31.30348532855766,105.2,-0.008213735453388936,-0.35228410667474624,3.0234564490412894,-0.5397945162832813,-0.9075162717175914,-0.05999218964865201,1.1039604902337987,-0.22361613016092174,0.23450463586552875,False,-0.1815656637889636,42.79617986120733,28.054055082318676,de anthony melton,12822000.0,False,False,BKN,168312896,0.0,168312896.0,12822000.0,0.06635033550558325,25.94588099056694,60.17875758074989,de anthony melton
201599,DeAndre Jordan,1610612743,DEN,36.0,56,690.7016666666667,209,284,53,16,27,40,-47,108.8,112.1,0.621,0.126,0.115,108.4,111.0,-2.5,26.85269327567859,515.1999999999999,0.005691055304363197,-1.942224668002255,0.26614006097097875,-0.5857878785770405,0.6868185525744335,-0.5324694094539697,0.0931014563297122,0.5846349427098791,0.5603171450440394,False,0.06606110308622996,52.63354107929526,42.219611555611394,deandre jordan,3303771.0,False,False,DEN,185864258,28913338.5,214777596.5,3817710.8520047003,0.019755607229279205,59.66786090122702,138.39336339522708,deandre jordan
201942,DeMar DeRozan,1610612758,SAC,35.0,77,2767.615,1710,298,342,62,32,105,110,116.8,115.3,0.569,0.244,0.112,115.3,114.5,0.8,31.879000511270533,2450.7999999999997,-0.0016672262359950887,3.3809840577039507,-2.4742079417437144,1.281545753823658,-0.15688810300381403,1.0494103918042088,-0.9115368022938503,0.483603558601029,1.0,True,0.4626153290122049,67.81799404955547,67.81799404955547,demar derozan,23400000.0,False,False,SAC,167811057,0.0,167811057.0,23400000.0,0.12108858608880425,50.81321646633695,117.85594163241561,demar derozan
1629731,Dean Wade,1610612739,CLE,28.0,59,1252.4516666666666,320,249,76,42,20,22,284,120.0,109.4,0.563,0.101,0.067,120.4,107.5,12.9,20.18664725584886,702.3,-0.0012961223353914102,5.954613108692248,2.6005968014175025,-0.9778222811992442,-0.11433702241073218,1.8142069687315092,0.948936026329911,-1.0318672030317222,0.7545172046555414,False,-0.15669483531172443,43.77426788116508,38.938644541533584,dean wade,6166667.0,False,False,CLE,165110486,0.0,165110486.0,6166667.0,0.03191081144916617,46.528650045101585,107.91833789115566,dean wade
1629028,Deandre Ayton,1610612757,POR,26.0,40,1205.62,576,406,64,31,39,69,-162,110.0,116.8,0.583,0.197,0.125,108.3,115.7,-7.4,29.842238848061577,999.4,0.001411919801266263,-2.0698053621806523,-2.9978989664057605,0.020003004747506714,0.19616933179070914,-0.570382129685418,-1.103527030743694,0.9214062230727126,0.7402763611713472,False,0.05976164381292992,52.382726262414195,46.26046173792644,deandre ayton,34005126.0,False,False,POR,167012048,0.0,167012048.0,34005126.0,0.17596720628682205,30.41072150656652,70.53448823205191,deandre ayton
1627749,Dejounte Murray,1610612740,NOP,28.0,31,1012.1483333333332,542,200,228,63,12,106,-207,109.0,118.1,0.494,0.263,0.118,107.4,117.0,-9.6,36.11565498469428,1015.4000000000002,-0.02152205122978158,-2.589161553888411,-3.7089728362748264,0.5343222720198313,-2.4334587806437646,-0.724717439768883,-1.3642136346605294,0.6856663268187289,0.6782827023022363,False,-0.33907801221040024,36.72754809995581,31.410398713353725,dejounte murray,28817135.0,False,False,NOP,172778396,2946594.0,175724990.0,29308587.629807897,0.15166390753646397,21.751165572901805,50.44955384580327,dejounte murray
1626153,Delon Wright,1610612752,NYK,33.0,40,634.4966666666667,125,66,77,35,12,22,1,106.1,106.3,0.44,0.111,0.061,106.1,106.9,-0.7,19.81287004397186,349.2,-0.015077451279489564,-3.2483886875236574,2.929934274852898,-1.274988360532558,-1.694515612897581,-0.920617721135471,1.0696743506171373,-1.2339299712494225,0.5370359166364721,False,-0.9207449290203534,17.859180656539518,14.13850901551421,delon wright,3003427.0,False,False,NYK,191906878,49098292.5,241005170.5,3771836.860476171,0.019518221897123676,20.06630433737363,46.54169440996774,delon wright
1630166,Deni Avdija,1610612757,POR,24.0,72,2161.148333333333,1219,522,281,71,35,196,-78,113.6,114.5,0.605,0.228,0.126,111.4,113.6,-2.2,32.142911677356715,1929.6,0.006650100074561974,0.30193961339201913,-1.6739241800943288,0.9082023915630975,0.7967834202104739,0.1344212443540331,-0.6181449834767934,0.955083351108996,0.991130743905743,True,0.5605345553866302,71.24425617213929,70.9599085731833,deni avdija,15625000.0,False,False,POR,167012048,0.0,167012048.0,15625000.0,0.0808550922067336,61.23973953794026,142.03917150864274,deni avdija
203471,Dennis Schröder,1610612765,DET,31.0,75,2104.778333333333,980,198,404,66,12,142,-72,111.8,112.8,0.531,0.211,0.091,110.7,111.8,-1.1,28.300177294996228,1654.6,-0.009459740720471146,-0.6207435448495452,-0.2433837772456586,0.3924437514839635,-1.0503842675882176,-0.13976936627053888,-0.09369494363338059,-0.22361613016092174,0.978119330267235,True,-0.16155118780110617,43.58296493671251,43.15383392892281,dennis schroder,13025250.0,False,False,DET,140501660,0.0,140501660.0,13025250.0,0.06740209854500845,39.691869881964614,92.06114128180246,dennis schroder
1641726,Dereck Lively II,1610612742,DAL,21.0,36,832.7366666666667,314,270,85,20,56,41,121,114.1,106.4,0.704,0.132,0.124,114.1,106.5,7.6,31.152224993095057,720.6,0.0169180579379043,1.369504464776221,3.3983364309423365,-0.08613774378850436,1.9741159727886537,0.4516658541290928,1.241395141539694,0.8877290950364292,0.6152370816739403,False,0.7948608378324187,78.66527715074551,65.0449104273934,dereck lively,5014409.0,False,False,DAL,174411922,5396883.0,179808805.0,5169571.436012528,0.02675111520819771,82.67258690851105,191.75041957332482,dereck lively
1627884,Derrick Jones Jr.,1610612746,LAC,28.0,77,1873.388333333333,781,263,60,79,33,66,249,115.5,108.7,0.609,0.16,0.076,114.3,108.5,5.9,22.99256338559455,1196.4999999999998,0.005306736894429456,2.2667967425700652,2.6196302259992907,-0.3791630956357892,0.6427522853972525,0.7183111433157795,0.9559138650965742,-0.7287730507051722,0.9227893321420395,True,0.03412390495094206,51.36108269055178,49.57655211715134,derrick jones,9523810.0,False,False,LAC,174124752,8276880.0,182401632.0,9976516.64628312,0.051625739093583006,50.06001673660236,116.10897362766514,derrick jones
1628401,Derrick White,1610612738,BOS,30.0,76,2573.615,1248,341,361,72,80,131,540,119.7,109.5,0.606,0.195,0.106,118.7,107.9,10.7,29.75410074933508,2127.1,0.005882585590085899,6.021871254622863,2.812406940955737,0.8664473785644499,0.7087795737616138,1.8341938428144149,1.0265876857299965,0.28154079038332863,1.0,True,0.8365082471020149,79.85654804350112,79.85654804350112,derrick white,19821429.0,False,False,BOS,195348491,62004341.25,257352832.25,26112824.656486776,0.13512671010422433,57.5796447916265,133.54996451115935,derrick white
1630217,Desmond Bane,1610612753,ORL,27.0,69,2205.225,1327,418,369,80,28,169,143,116.1,113.3,0.6,0.227,0.131,114.2,111.9,2.4,34.79808182838486,2131.6,0.005485932968971789,2.487740067124879,-0.45747540404035314,1.2736421417659023,0.6632990557152445,0.7839681183369351,-0.17218301847491038,1.123468991290413,1.0,True,0.8467138561651899,80.14226832145123,80.14226832145123,desmond bane,34005250.0,False,False,ORL,152308863,0.0,152308863.0,34005250.0,0.1759678479528338,52.68389031907846,122.19477400190452,desmond bane
1626164,Devin Booker,1610612756,PHX,28.0,75,2794.9666666666667,1923,305,529,67,16,220,-177,115.3,118.5,0.589,0.285,0.122,114.7,117.7,-3.0,35.401495545564046,2748.5,0.0037526250932024626,2.5717311736154427,-5.192329318185316,1.7888485784340642,0.46455653914641426,0.8089274693015398,-1.9080265633207736,0.8203748389638624,1.0,True,0.5981432130667519,72.51278107359266,72.51278107359266,devin booker,49205800.0,False,False,PHX,220708856,244237706.0,464946562.0,103657224.9754201,0.4,35.76114655087205,82.94423958380973,devin booker
1642269,Devin Carter,1610612758,SAC,23.0,36,395.9433333333333,138,76,41,21,4,18,43,113.1,109.3,0.471,0.169,0.07,114.0,110.0,4.0,25.239975417357705,277.6,-0.01771675915525889,0.7653308166884485,0.9628745590560805,-0.8947194234311939,-1.997140839819551,0.27212562949968533,0.34853110693823536,-0.930835818922872,0.42423371203175547,False,-0.7094032170419046,23.903714598042626,17.71038573779732,devin carter,4689000.0,False,False,SAC,167811057,0.0,167811057.0,4689000.0,0.02426428975087193,23.29202436052323,54.02341466325442,devin carter
1630170,Devin Vassell,1610612759,SAS,24.0,64,1983.185,1041,255,183,84,33,88,-262,111.9,118.1,0.553,0.217,0.092,111.0,116.6,-5.5,29.104092659030805,1603.3,-0.004954738086930037,-0.4378208387637968,-4.233781126973604,0.4179736619625239,-0.5338369345636248,-0.08541084890653232,-1.5566134637174671,-0.18993900212463835,0.9494460107203185,False,-0.27886747222490416,39.01732660220659,38.129709922360185,devin vassell,29347826.0,False,False,SAS,162395330,0.0,162395330.0,29347826.0,0.15186695534701913,26.39181271416847,61.213049578849265,devin vassell
1628415,Dillon Brooks,1610612745,HOU,29.0,75,2388.2616666666668,1053,275,128,60,16,76,207,113.5,108.8,0.555,0.176,0.067,110.6,107.4,3.1,22.34378282111745,1482.3,-0.0036665894161275873,-0.12254781644543875,3.2569359611882236,-0.21479249536129666,-0.3861367411190856,0.008277761025039737,1.1895563526115727,-1.0318672030317222,1.0,True,-0.24150367887221175,40.45823827649279,40.45823827649279,dillon brooks,23255493.0,False,False,HOU,163038023,0.0,163038023.0,23255493.0,0.12034080197299507,30.37947901920831,70.46202454991166,dillon brooks
1641794,Dillon Jones,1610612760,OKC,23.0,54,551.4933333333333,135,121,58,16,4,28,75,108.9,102.9,0.464,0.131,0.066,109.0,102.6,6.4,19.90305110971423,304.9,-0.014650109167685879,-1.5462912151076482,4.814149971204092,-1.301297510720541,-1.6455162124315752,-0.414811214171895,1.7604461701737093,-1.0655443310680055,0.5006783277502511,False,-0.689969865465001,24.510656902459083,19.00324091584501,dillon jones,2622360.0,False,False,OKC,166418720,0.0,166418720.0,2622360.0,0.013569994214351996,30.62969426334461,71.04237264159377,dillon jones
1627734,Domantas Sabonis,1610612758,SAC,29.0,70,2428.8766666666666,1337,972,423,48,26,202,144,116.5,113.9,0.655,0.213,0.164,114.7,112.6,2.1,36.82294833139599,2484.3999999999996,0.016862593490709222,2.9122834795868062,-1.0127247808991666,1.7027568380738096,1.9677563733373697,0.9101282378317136,-0.3757428461014213,2.234814216487764,1.0,True,1.471454739224931,92.94159104181536,92.94159104181536,domantas sabonis,39200000.0,False,False,SAC,167811057,0.0,167811057.0,39200000.0,0.2028492553282533,58.132269205719176,134.8317190471097,domantas sabonis
1631230,Dominick Barlow,1610612737,ATL,22.0,35,374.9983333333333,148,85,19,9,16,5,-2,110.2,111.8,0.58,0.141,0.082,112.0,111.1,0.9,26.774518997862213,278.9,0.0005875618882159541,-0.2692296429622798,0.22234197570259567,-0.7708897517321279,0.1016477707435527,-0.03531117762734504,0.07704465183937544,-0.5267102824874718,0.4128604944515615,False,-0.32922833593593603,37.099155335861155,27.297084461788153,dominick barlow,922983.0,False,False,ATL,170057021,0.0,170057021.0,922983.0,0.004776184036495847,63.409709648883464,147.072190249128,dominick barlow
1642270,Donovan Clingan,1610612757,POR,21.0,67,1323.6433333333334,436,527,77,34,110,72,-2,109.9,109.7,0.574,0.135,0.105,108.3,108.9,-0.6,30.099649200565104,1106.7,-0.00024744074532515096,-2.1543925237003028,1.944335670363492,0.12181967818438458,0.0059056772289177994,-0.5955186082923031,0.7083443061355059,0.24786366234704524,0.7756649151573511,True,0.1226237245110278,54.87974666104331,49.33959298053661,donovan clingan,6836400.0,False,False,POR,167012048,0.0,167012048.0,6836400.0,0.035376496151175274,56.86738346896797,131.8979488603516,donovan clingan
1628378,Donovan Mitchell,1610612739,CLE,28.0,71,2232.0333333333333,1701,322,354,95,17,149,522,119.7,109.1,0.575,0.298,0.137,120.0,108.3,11.7,39.61876316064575,2456.4,-0.0002482025341251477,6.512846665471146,2.678733511166561,1.9053801215790074,0.005818329894193378,1.9800953329409923,0.9775817048857384,1.3255317595081133,1.0,True,1.3185288634053245,90.63366652967831,90.63366652967831,donovan mitchell,35410310.0,False,False,CLE,165110486,0.0,165110486.0,35410310.0,0.18323864832761735,58.74236684718944,136.2467767235083,donovan mitchell
1628978,Donte DiVincenzo,1610612750,MIN,28.0,62,1605.7333333333331,723,228,225,73,17,99,174,114.2,109.1,0.582,0.188,0.1,113.3,108.2,5.1,28.105289379722663,1253.6,0.001159415850954606,1.3358372744657405,2.546011492366636,0.073345275541251,0.167217019723105,0.4416610898860378,0.9289245205733551,0.07947802216562876,0.8543294375583623,False,0.2728501200623761,60.75157847584358,56.76920600323654,donte divincenzo,11445000.0,False,False,MIN,203708244,98747659.0,302455903.0,16992968.678454664,0.08793395515920563,47.57468011946886,110.34449525657361,donte divincenzo
1627827,Dorian Finney-Smith,1610612747,LAL,32.0,63,1818.6783333333333,549,247,90,58,23,56,309,119.1,110.3,0.604,0.123,0.06,117.8,109.2,8.6,18.668282003322926,943.1,0.0034645539875926435,5.02915567083641,1.7717115893482016,-0.9171233477844694,0.43152606759545015,1.5391919348857193,0.6450586373168402,-1.2676070992857058,0.909215029405569,False,-0.2171964707621275,41.402761748239094,39.71132491971014,dorian finney smith,14924167.0,False,False,LAL,192057940,49664775.0,241722715.0,18783447.15325701,0.09719919049836181,32.13292938991144,74.52896931184837,dorian finney smith
203926,Doug McDermott,1610612758,SAC,33.0,42,341.65166666666664,147,22,7,4,2,6,27,111.5,109.9,0.617,0.15,0.051,114.4,110.9,3.5,18.608426711416605,176.60000000000002,0.006175065838527616,0.5406159203252309,0.5678145933094213,-1.5020407790902768,0.7423156012813547,0.20534786933367943,0.2036982770763232,-1.5707012516122563,0.3940764039132667,False,-0.6740163081025424,25.015047282433162,18.19430394988996,doug mcdermott,3303771.0,False,False,SAC,167811057,0.0,167811057.0,3303771.0,0.01709610936543568,27.04825577465764,62.735600607935766,doug mcdermott
203110,Draymond Green,1610612744,GSW,35.0,68,1983.3066666666664,613,414,383,99,70,174,275,115.4,108.8,0.534,0.157,0.088,115.1,108.0,7.0,28.192916879554687,1553.2,-0.006567764422341089,2.6449841994260366,2.85822791363912,0.30711254091974,-0.7187878700972806,0.8306958214142873,1.0433861004420948,-0.3246475142697719,0.9494751341151753,True,0.15267798871286872,56.067389015267175,54.792630225538275,draymond green,24107143.0,False,False,GSW,170316619,0.0,170316619.0,24107143.0,0.12474785728677841,40.628279810809026,94.23304618357176,draymond green
1629234,Drew Eubanks,1610612746,LAC,28.0,61,746.01,280,226,54,12,39,41,-126,106.7,114.8,0.622,0.149,0.111,107.2,115.4,-8.2,27.06237181807214,560.8,0.006878898732937432,-2.938635594757429,-1.9525432086263181,-0.5344899762772047,0.8230176638718476,-0.8285694498629328,-0.7202894320528412,0.44992643056474557,0.5823190315844524,False,-0.10752074760646654,45.71879332616119,37.125651884093614,drew eubanks,5000000.0,False,False,LAC,174124752,8276880.0,182401632.0,5237670.977415089,0.027103511668955492,46.97134652180218,108.94512607240503,drew eubanks
1641809,Drew Peterson,1610612738,BOS,25.0,25,186.14666666666668,54,40,13,5,2,8,46,115.7,102.9,0.601,0.121,0.078,116.9,103.5,13.3,20.11317240885323,104.0,0.003045219776412275,1.2240178508017572,2.3436442447939396,-1.4365277771310145,0.3834448596470921,0.40843209271592973,0.8547347173065896,-0.6614187946326053,0.29088162749153,False,-0.3105658322220935,37.80653527341654,25.742346329945402,drew peterson,2163876.201524763,True,True,BOS,195348491,62004341.25,257352832.25,2850698.5963908443,0.014751583863346419,40.29697723395759,93.46462450363462,drew peterson
1631166,Drew Timme,1610612751,BKN,24.0,9,253.87833333333333,109,65,20,4,1,15,-66,102.8,115.5,0.5,0.205,0.086,101.5,114.4,-12.9,24.432175517144042,172.3,-0.015545743354012256,-3.3299813305059494,-0.9904876007530002,-1.0390830709861951,-1.7482103700038851,-0.944864328870702,-0.36759047935215744,-0.3920017703423387,0.33970463998044303,False,-0.8364710755832621,20.14449710788302,14.158904021264874,drew timme,113055.0,False,False,BKN,168312896,0.0,168312896.0,113055.0,0.002,44.60535589357869,103.45745824158622,drew timme
1630696,Dru Smith,1610612748,MIA,27.0,14,268.205,87,36,23,21,6,17,38,107.3,100.5,0.656,0.131,0.082,106.3,100.4,5.8,23.999552581048082,178.8,0.010501890832314122,-1.8183510644734437,4.000634278308616,-1.0687965751098143,1.238432938564189,-0.4956583127210882,1.4622033965318892,-0.5267102824874718,0.34915807829171536,False,-0.09446552516744655,46.236968343981566,32.69513754504863,dru smith,2430021.402781819,True,True,MIA,176102077,8004134.75,184106211.75,2540469.9510590187,0.013146235657044031,53.286910801220046,123.59341694735777,dru smith
1629130,Duncan Robinson,1610612748,MIA,31.0,74,1785.595,817,167,176,40,6,86,66,110.1,109.9,0.595,0.187,0.078,109.7,109.8,0.0,23.38514612776133,1159.8999999999999,0.003584248745364424,-1.6001360662054405,1.6084134180622534,-0.37543614966264327,0.44525036765328135,-0.4308121051273876,0.5851919378047317,-0.6614187946326053,0.9009073708817632,True,-0.20234014575584858,41.98254086077703,40.11046870284584,duncan robinson,19406000.0,False,False,MIA,176102077,8004134.75,184106211.75,20288035.246855717,0.10498502147699075,31.592284874314853,73.27500089762195,duncan robinson
1641871,Duop Reath,1610612757,POR,29.0,46,469.4266666666667,194,92,26,12,14,16,-55,108.0,114.5,0.552,0.162,0.077,106.5,115.8,-9.3,25.062061521856446,326.79999999999995,-0.0038609288943901665,-2.328282580726256,-1.6372829909321711,-0.8717250369701162,-0.40841986664947383,-0.6471929241087463,-0.6047119667806291,-0.6950959226688888,0.4619261386582898,False,-0.6755087496740231,24.967629714835155,18.922136696690036,duop reath,2048780.0,False,False,POR,167012048,0.0,167012048.0,2048780.0,0.010601874931923948,33.25095385636799,77.12211014066423,duop reath
203939,Dwight Powell,1610612742,DAL,33.0,55,550.86,114,118,55,18,21,18,-14,108.6,109.7,0.713,0.073,0.073,108.7,111.4,-2.6,21.56627818320445,330.00000000000006,0.010013198708083437,-1.7027060770705178,0.6179256617019,-1.149153221282104,1.1823990948629564,-0.46129248580807797,0.22206948264500057,-0.8298044348140223,0.5003907564003447,False,-0.3947532220097508,34.65125101943666,26.86081262921552,dwight powell,4000000.0,False,False,DAL,174411922,5396883.0,179808805.0,4123773.2590321433,0.021339396294317203,36.950751190129026,85.70340313770133,dwight powell
1630700,Dyson Daniels,1610612737,ATL,22.0,76,2571.17,1073,449,333,229,55,155,-65,113.3,114.2,0.545,0.178,0.099,112.3,112.9,-0.6,31.50736824091756,2250.3,-0.005488255204947221,0.6628880443907674,-1.2735425601211334,1.100046749292245,-0.595010449176672,0.24168305987057617,-0.4713611833622535,0.04580089412934537,1.0,True,0.1650486696616125,56.554716276605355,56.554716276605355,dyson daniels,6059520.0,False,False,ATL,170057021,0.0,170057021.0,6059520.0,0.03135635509302697,67.9943374954001,157.70575508640553,dyson daniels
1630604,E.J. Liddell,1610612741,CHI,24.0,12,52.85666666666667,21,9,3,1,1,2,-8,117.9,126.4,0.661,0.13,0.047,127.4,126.5,0.9,22.407769439364323,32.900000000000006,0.011071723726723938,1.1178111726046296,-1.392144800159198,-1.3066490424137294,1.3037704501752994,0.376871015994018,-0.5148419193062498,-1.7054097637573895,0.15500244377350175,False,-0.6634152577011889,25.353231833544733,15.712693309739612,ej liddell,706898.0,False,False,CHI,165722496,0.0,165722496.0,706898.0,0.003658003390128357,40.07126630938492,92.94111161855957,ej liddell
203901,Elfrid Payton,1610612740,NOP,31.0,24,510.805,85,79,166,24,11,59,-149,99.7,113.1,0.34,0.151,0.079,100.3,112.7,-12.4,25.717054453264943,364.9,-0.035610767055882196,-5.987427736405704,-0.4857377471807589,-0.7904544841745087,-4.048882605600168,-1.7345686235978022,-0.18254426864060874,-0.6277416665963219,0.48185484423121755,False,-1.2808354456983109,10.012573551545767,7.6779886344153345,elfrid payton,1099236.0,False,False,NOP,172778396,2946594.0,175724990.0,1117982.5694622146,0.005785253359320853,16.678327606601083,38.68363669188493,elfrid payton
1641989,Elijah Harkless,1610612762,UTA,25.0,10,138.0,32,21,8,10,1,3,31,113.2,103.5,0.425,0.12,0.037,109.8,102.3,7.5,20.269565217391303,77.7,-0.01809994732917791,-0.16183724953738557,1.9724048558046556,-1.4439131313014095,-2.0410775131992174,-0.0033977459508378674,0.7186347428080223,-2.0421810441202233,0.25045413298101654,False,-1.1725086735127244,12.049644594066722,7.985352007028066,elijah harkless,2163876.201524763,True,True,UTA,154060898,0.0,154060898.0,2163876.201524763,0.011197466227087435,13.76638839775746,31.929698222707824,elijah harkless
1641801,Emanuel Miller,1610612741,CHI,25.0,6,24.73333333333333,10,8,2,1,0,0,-8,120.4,130.4,0.563,0.143,0.092,129.6,133.4,-3.8,29.983827493261455,20.599999999999998,-0.0018351039006036796,0.6604467387244312,-0.9568981672225045,-0.7094674412671058,-0.17613709506484684,0.2409575853830504,-0.3552762659833445,-0.18993900212463835,0.10603029870006139,False,-0.27791692730393913,39.05380647403743,23.34299260533805,emanuel miller,2163876.201524763,True,True,CHI,165722496,0.0,165722496.0,2163876.201524763,0.011197466227087435,40.24227138493564,93.33774000787449,emanuel miller
1641734,Emoni Bates,1610612739,CLE,21.0,10,74.78333333333333,37,7,8,1,1,2,-34,89.0,110.5,0.487,0.201,0.08,88.7,112.4,-23.7,26.23579228883441,54.5,-0.017855411776372995,-3.003936897304754,0.03367159461916958,-0.9838539942277669,-2.013038864189198,-0.8479748154644401,0.007876253184268081,-0.5940645385600386,0.18437034534442961,False,-0.8521534740953588,19.706445788443155,12.47352308063068,emoni bates,1157153.0489437233,True,True,CLE,165110486,0.0,165110486.0,1157153.0489437233,0.005987949854057452,26.7706952579417,62.091828016228085,emoni bates
1642402,Enrique Freeman,1610612754,IND,24.0,22,181.205,46,30,9,3,3,6,-19,104.4,110.7,0.507,0.109,0.04,104.6,112.0,-7.4,16.648547225518055,83.79999999999998,-0.007502785490669931,-1.9653107701191614,0.11140335151722987,-1.7291719367195417,-0.8259981601803801,-0.5393298277674885,0.03637347208218038,-1.941149660011373,0.2869946150904388,False,-1.2139810595631504,11.23774784599742,7.632089218194028,enrique freeman,2082875.488098702,True,True,IND,169543082,0.0,169543082.0,2082875.488098702,0.010778309737303413,13.334249502947772,30.927397248560133,enrique freeman
201569,Eric Gordon,1610612755,PHI,36.0,39,768.4916666666667,266,46,65,26,12,28,-72,111.0,116.4,0.591,0.14,0.067,110.8,115.2,-4.5,20.19956841865559,431.2,0.0021233947826257717,-0.6229179898711087,-2.290768898492421,-1.1819700271334335,0.27774764240006355,-0.14041553868943107,-0.8442862630218354,-1.0318672030317222,0.5910282513885389,False,-0.7110957915895555,23.851243884054536,19.46172567103545,eric gordon,3303771.0,False,False,PHI,171403241,883861.5,172287102.5,3320807.2939153323,0.017184267516820333,28.880410192164838,66.98509117569684,eric gordon
1630596,Evan Mobley,1610612739,CLE,24.0,71,2166.555,1316,659,226,61,113,145,546,120.5,108.6,0.633,0.226,0.151,120.6,108.2,12.4,37.40149684637592,2250.8999999999996,0.01291976586338161,7.029516239293066,2.8752466132092422,1.5723471817772041,1.5156684921210013,2.1336322699404215,1.04962532140353,1.7970115520160799,0.992369753304043,True,1.6370291735688678,94.91878130051661,94.59286712768547,evan mobley,11227657.0,False,False,CLE,165110486,0.0,165110486.0,11227657.0,0.058100047488036995,91.64620547850994,212.56378940040497,evan mobley
1630532,Franz Wagner,1610612753,ORL,23.0,60,2023.3066666666664,1449,342,284,75,21,138,247,111.8,105.8,0.558,0.306,0.153,110.2,104.6,5.6,37.36101958510162,2099.8,-0.005456865689403646,-0.8565365822220646,5.467635854762753,1.4547467416124862,-0.5914113013275124,-0.2098391798579104,2.0000204576156992,1.8643658080886465,0.9590020065072066,False,1.102811924294257,86.4945575656773,84.89881107696944,franz wagner,7007092.0,False,False,ORL,152308863,0.0,152308863.0,7007092.0,0.03625978046470819,97.01093007037137,225.00670705729593,franz wagner
1627832,Fred VanVleet,1610612745,HOU,31.0,60,2111.298333333333,844,221,333,94,25,87,264,115.0,108.8,0.515,0.176,0.093,111.9,107.2,4.7,27.28008595027231,1599.9,-0.010706589416127593,0.9959370044334911,3.2816381052567225,0.26938203369936775,-1.193348971677697,0.3406540846544546,1.1986123991343722,-0.15626187408835496,0.979633125514884,False,0.07235457301500496,52.88401322624955,52.399326299407846,fred vanvleet,42846615.0,False,False,HOU,163038023,0.0,163038023.0,42846615.0,0.2217194884205706,31.76963454296441,73.68634490712266,fred vanvleet
1641713,GG Jackson,1610612763,MEM,20.0,29,458.615,209,92,29,12,5,31,-68,112.7,118.6,0.482,0.219,0.064,113.1,118.7,-5.7,24.098644832811836,307.0,-0.020549403875749682,0.493625781629072,-3.2346542428035283,-0.9638356660373609,-2.3219342294796994,0.19138396990910583,-1.190323820189621,-1.1328985871405723,0.45657569321675856,False,-1.078959604615544,14.030286791092706,10.599307298053876,gg jackson,1891857.0,False,False,MEM,165903638,0.0,165903638.0,1891857.0,0.009789841419325084,19.15242953119681,44.42205736854045,gg jackson
1629216,Gabe Vincent,1610612747,LAL,29.0,72,1527.265,460,92,98,51,13,41,48,111.8,110.7,0.536,0.131,0.039,112.0,110.0,2.0,17.499517110652047,742.4,-0.005218109167685878,0.008886589469104375,1.219542315972136,-1.162587073160526,-0.5640352808081637,0.04733567564382097,0.4426280056158915,-1.9748267880476564,0.833193473111956,True,-0.894205544636696,18.56059630870574,17.167383435453925,gabe vincent,11000000.0,False,False,LAL,192057940,49664775.0,241722715.0,13844519.341402913,0.07164159282605052,15.456606306060442,35.84998190085263,gabe vincent
202066,Garrett Temple,1610612761,TOR,39.0,28,226.76833333333332,53,29,31,17,2,10,-28,106.6,111.1,0.406,0.129,0.051,107.2,113.4,-6.2,22.87620993524963,144.1,-0.021908443378866247,-1.543952789777839,-0.18134791637753314,-1.184986926012355,-2.4777628244694703,-0.41411631228346957,-0.07095199303986945,-1.5707012516122563,0.3210553147847192,False,-1.2118817764556868,11.277881945553736,7.83220584221515,garrett temple,3303771.0,False,False,TOR,170516134,0.0,170516134.0,3303771.0,0.01709610936543568,11.643617006919602,27.006151977543635,garrett temple
1629726,Garrison Mathews,1610612737,ATL,28.0,47,829.5083333333333,353,87,60,26,15,31,-60,107.9,111.4,0.606,0.153,0.068,108.8,111.6,-2.8,23.50934790689264,541.7,0.004615567155298167,-2.1638857966843177,0.23634086052267694,-0.8333782385003077,0.5635021906786757,-0.5983396918821169,0.08217677931164762,-0.9981900749954388,0.6140433554922995,False,-0.5007006904074776,30.82908931569708,25.47467797621549,garrison mathews,2230253.0,False,False,ATL,170057021,0.0,170057021.0,2230253.0,0.011540947965398032,43.45523003916602,100.78986160051565,garrison mathews
203914,Gary Harris,1610612753,ORL,30.0,48,710.71,145,64,30,26,12,17,86,110.4,103.2,0.524,0.09,0.043,108.6,103.0,5.6,14.649012958872113,289.2,-0.004664960496883428,-1.5193254642696807,5.1768043732272515,-1.7337848265905633,-0.5006107960938204,-0.4067978938656013,1.8933988048645554,-1.840118275902523,0.5683748762920472,False,-0.8375831721826277,20.113242353768186,16.206621030167234,gary harris,7500000.0,False,False,ORL,152308863,0.0,152308863.0,7500000.0,0.038810444259232135,18.08332682159379,41.94238543859081,gary harris
1627780,Gary Payton II,1610612744,GSW,32.0,62,927.1766666666666,400,185,83,52,17,39,45,113.5,110.1,0.635,0.156,0.104,116.3,109.0,7.3,28.712974514026456,739.5,0.009230068472068724,2.1255482179788086,1.5973784857643074,-0.2671040991121849,1.0926047334096427,0.6763368004857817,0.5811464241849815,0.21418653431076184,0.6491871374218218,False,0.34999312922724324,63.68280729813662,53.62947073176341,gary payton,9130000.0,False,False,GSW,170316619,0.0,170316619.0,9130000.0,0.047245247478238585,55.859370292209334,129.55996771319323,gary payton
1629018,Gary Trent Jr.,1610612749,MIL,26.0,74,1893.395,824,168,87,72,4,42,70,115.9,114.0,0.591,0.168,0.07,116.0,113.5,2.5,22.26476778485208,1171.0000000000002,0.002548073739150926,3.20534224657697,-1.4249150154569685,-0.4567254510442017,0.3264416832761961,0.9972155131896538,-0.5268557992947976,-0.930835818922872,0.9277036654606313,True,-0.27391189886225414,39.207616360406035,37.932061233408625,gary trent,2613120.0,False,False,MIL,182559432,32359012.0,214918444.0,3076300.568163906,0.015919012230049257,57.81674950719155,134.0999041028976,gary trent
1627777,Georges Niang,1610612737,ATL,32.0,79,1697.2333333333331,784,272,111,28,14,82,194,118.7,114.1,0.607,0.177,0.071,118.7,113.0,5.7,23.429660034958854,1104.6,0.005516577689462585,5.246262300467075,-1.1904867945000648,-0.4137264750614015,0.6668128047468099,1.603708772347588,-0.4409121310303828,-0.8971586908865891,0.8783334770858372,True,-0.0981378091217247,46.091143253968205,43.56765614238621,georges niang,8500000.0,False,False,ATL,170057021,0.0,170057021.0,8500000.0,0.043985170160463084,46.52912323993509,107.91943541708604,georges niang
203507,Giannis Antetokounmpo,1610612749,MIL,30.0,67,2288.63,2036,798,433,58,78,206,334,118.9,111.7,0.625,0.346,0.21,117.7,110.4,7.3,50.2728706693524,3195.9999999999995,0.0170118185342037,5.147265955141812,0.8033010304198813,3.3180465026395503,1.9848666404132764,1.5742903656801626,0.2900298976857333,3.783962106156798,1.0,True,2.5420782930738026,99.44902256676806,99.44902256676806,giannis antetokounmpo,48787676.0,False,False,MIL,182559432,32359012.0,214918444.0,57435385.82162188,0.29721237865833966,54.4183006618369,126.21755741019784,giannis antetokounmpo
1629048,Goga Bitadze,1610612753,ORL,25.0,70,1429.4616666666666,502,463,137,49,98,72,80,110.1,107.4,0.631,0.142,0.134,108.6,106.1,2.6,30.747519170969955,1220.8999999999999,0.007833728993806145,-2.0064010636618237,3.9108531254277077,0.26011632434223597,0.9324992923776282,-0.5515404903081131,1.429288751750227,1.2245003753992632,0.8060740059264428,True,0.7039163267782993,75.92575583981407,69.29996588515412,goga bitadze,9057971.0,False,False,ORL,152308863,0.0,152308863.0,9057971.0,0.04687251714629882,72.38181908301644,167.88205979339006,goga bitadze
1641711,Gradey Dick,1610612761,TOR,21.0,54,1587.3733333333332,777,193,98,48,10,83,-210,110.3,116.1,0.543,0.209,0.071,108.8,115.3,-6.5,24.01023073757066,1058.6999999999998,-0.006862074931651512,-1.9074001916530783,-2.829841086359174,-0.40198912095585865,-0.7525337568440572,-0.5221207384615792,-1.0419153756580213,-0.8971586908865891,0.8494311822233354,False,-0.71713036814949,23.66468296082752,22.0612594594154,gradey dick,4763543.0,False,False,TOR,170516134,0.0,170516134.0,4763543.0,0.024650029343727387,28.854401303495667,66.9247662783948,gradey dick
1629684,Grant Williams,1610612766,CHA,26.0,16,479.025,166,82,37,18,13,28,10,114.9,113.3,0.596,0.146,0.076,113.0,113.1,-0.1,22.666040394551437,301.6,0.0029443974161668766,0.9060611660206598,-0.6268759061824326,-1.0826078270051793,0.37188448431983756,0.3139459879533356,-0.23428689189295177,-0.7287730507051722,0.4666247275527052,False,-0.42155233490581323,33.667590187897275,25.586733147796167,grant williams,13025250.0,False,False,CHA,168575524,0.0,168575524.0,13025250.0,0.06740209854500845,23.53406847881956,54.5848106830734,grant williams
1628960,Grayson Allen,1610612756,PHX,29.0,64,1543.705,680,194,137,54,19,75,-79,114.7,118.0,0.631,0.169,0.084,116.3,118.5,-2.2,24.705756605050833,1059.3999999999999,0.009323240844741117,2.8339051362437266,-4.835123262389458,-0.3457799633129117,1.1032879548260237,0.8868368125693973,-1.777071345403546,-0.459356026414905,0.8376658587462491,False,-0.19229378545391818,42.37560430266164,39.280051002100045,grayson allen,15625000.0,False,False,PHX,220708856,244237706.0,464946562.0,32915716.03837229,0.17032980834132813,26.117895644519137,60.57772758158699,grayson allen
1627824,Guerschon Yabusele,1610612755,PHI,29.0,70,1894.736666666667,768,395,148,58,24,87,-118,113.5,116.7,0.616,0.163,0.092,112.4,115.6,-3.3,24.804502296713174,1305.5,0.006547238211200009,0.7372450968517243,-3.276554367596964,-0.15161414054536365,0.7849891937667486,0.2637794918216787,-1.2056848138907446,-0.18993900212463835,0.928032294370158,True,-0.11842265501908,45.28663879854202,43.82000982803371,guerschon yabusele,2087519.0,False,False,PHI,171403241,883861.5,172287102.5,2098283.543679886,0.010858042201606972,76.36200207137988,177.1136779940143,guerschon yabusele
1630611,Gui Santos,1610612744,GSW,23.0,56,761.5233333333333,227,172,80,25,10,42,165,117.8,107.3,0.575,0.126,0.073,117.2,107.4,9.8,22.483355729962312,475.59999999999997,-0.00010494469563680741,3.3392895280350454,2.7398633470805316,-0.9655404333239949,0.022244392302031214,1.0370201704725344,0.9999924979097329,-0.8298044348140223,0.5883425615208964,False,-0.1814378796725606,42.80119442870521,34.87245090064012,gui santos,1891857.0,False,False,GSW,170316619,0.0,170316619.0,1891857.0,0.009789841419325084,63.01281203322233,146.15162773649132,gui santos
203084,Harrison Barnes,1610612759,SAS,33.0,82,2230.063333333333,1011,310,136,39,14,50,-25,114.5,115.6,0.656,0.157,0.092,113.7,114.5,-0.9,23.604352043813407,1462.2,0.01258623557765891,1.7250290702747524,-2.4842171882165913,-0.1290920599966299,1.4774256333288034,0.55731588990029,-0.9152062895037534,-0.18993900212463835,1.0,True,0.07867556942225207,53.13546609958119,53.13546609958119,harrison barnes,18000000.0,False,False,SAS,162395330,0.0,162395330.0,18000000.0,0.09314506622215712,43.64117293174217,101.2211366942491,harrison barnes
1631127,Harrison Ingram,1610612759,SAS,22.0,5,34.75,4,9,3,3,0,1,30,132.0,92.0,0.5,0.06,0.08,131.2,91.4,39.7,20.408633093525182,19.700000000000003,-0.004549973664588953,1.2744458301540251,1.3164904615541202,-1.4766775653150885,-0.4874263106703415,0.42341760353582236,0.47817013970170186,-0.5940645385600386,0.12567996875180446,False,-0.48526453801170627,31.374435353514695,19.03035156910894,harrison ingram,1157153.0489437233,True,True,SAS,162395330,0.0,162395330.0,1157153.0489437233,0.005987949854057452,40.84297108482596,94.73100014159942,harrison ingram
1629312,Haywood Highsmith,1610612748,MIA,28.0,74,1818.3266666666664,478,252,112,68,37,54,61,111.8,110.4,0.583,0.111,0.057,111.5,109.6,1.9,18.990647078449417,959.1999999999999,0.0007955487205104323,-0.22604631183590648,1.5520260866589815,-0.8791315663229389,0.12549571319003644,-0.022478534238786,0.5645197931087681,-1.3686384833945557,0.9091271204909251,True,-0.5302438907900986,29.797142179551646,28.57865372960292,haywood highsmith,5200000.0,False,False,MIA,176102077,8004134.75,184106211.75,5436348.721202192,0.028131614535728742,35.68958562366052,82.77826149686476,haywood highsmith
1630529,Herbert Jones,1610612740,NOP,26.0,20,648.1316666666667,205,78,65,37,9,35,-20,111.8,112.5,0.541,0.146,0.062,110.3,110.9,-0.6,22.273252091267466,401.0,-0.005085602583833114,-0.5691411706944114,0.20254572686522762,-1.0388210264726725,-0.5488419661610768,-0.12443486454815077,0.06978715427353697,-1.2002528432131392,0.5427755549306758,False,-0.7103045610474634,23.875764601552525,18.963302152304724,herbert jones,12976362.0,False,False,NOP,172778396,2946594.0,175724990.0,13197663.223395014,0.06829428971782535,17.361901861504585,40.26911568908049,herbert jones
1641816,Hunter Tyson,1610612743,DEN,25.0,51,399.935,134,78,20,10,6,14,-98,98.5,108.7,0.506,0.146,0.057,99.2,110.5,-11.3,20.79337892407516,231.0,-0.010195602583833119,-5.772013984352995,0.9416035407064244,-1.285954788984467,-1.1347587982852962,-1.6705548527982717,0.3407329445104055,-1.3686384833945557,0.4263667861872409,False,-1.1017673482504577,13.528141449625803,10.036055384127701,hunter tyson,1891857.0,False,False,DEN,185864258,28913338.5,214777596.5,2186157.2728076666,0.011312764663762251,17.23978539633602,39.98587931885784,hunter tyson
1630193,Immanuel Quickley,1610612761,TOR,26.0,33,917.7533333333332,564,117,191,23,4,58,-39,109.0,110.7,0.57,0.246,0.128,109.2,110.8,-1.5,34.93879982275558,890.7,-0.0014348920248147203,-1.8048863244880637,0.7371781769863536,0.3457315184436526,-0.13024846992966907,-0.49165704181295933,0.26578861582559266,1.0224376071815628,0.6458797148545586,False,0.33974662737782657,63.29763277195131,53.210893677145634,immanuel quickley,32500000.0,False,False,TOR,170516134,0.0,170516134.0,32500000.0,0.1681785917900059,35.53846563975189,82.42775449806403,immanuel quickley
1642403,Isaac Jones,1610612758,SAC,24.0,40,303.86333333333334,134,57,12,5,10,16,-64,104.6,115.1,0.678,0.152,0.087,105.7,117.2,-11.6,23.61193080222468,199.29999999999998,0.015529400049707992,-2.51304590398352,-1.6863504914855556,-1.0843116687635033,1.8148913092355643,-0.7020984114067719,-0.6227005902190134,-0.3583246423060553,0.37164458420606233,False,-0.30506146374122556,38.01596702857452,27.266574582502663,isaac jones,641962.0,False,False,SAC,167811057,0.0,167811057.0,641962.0,0.003321977389006024,71.92164573665359,166.81473584066092,isaac jones
1630171,Isaac Okoro,1610612739,CLE,24.0,55,1053.2033333333334,337,130,68,32,16,23,253,122.1,109.7,0.587,0.124,0.057,121.9,107.0,14.9,20.28326280775159,593.4,0.0013847210931828258,6.829530166092303,2.5894691471417657,-1.05250886054686,0.19305070539577393,2.0742030899044166,0.9448565199303345,-1.3686384833945557,0.6919022964832447,False,-0.19190221287050288,42.39094020202349,36.5136921052517,isaac okoro,10185186.0,False,False,CLE,165110486,0.0,165110486.0,10185186.0,0.052705545803054865,36.603609064841976,84.89824328164129,isaac okoro
1642268,Isaiah Collier,1610612762,UTA,20.0,71,1839.1066666666663,615,235,446,66,16,208,-403,108.3,118.6,0.494,0.186,0.077,107.4,118.3,-10.9,25.249432695584094,1289.9,-0.015220918360225755,-3.261497184283689,-5.127249614081211,-0.12780271774140722,-1.7109656671948528,-0.9245131284580163,-1.8841677101612055,-0.6950959226688888,0.9143071561338539,True,-0.9184264321081297,17.919782893098613,17.228764172190523,isaiah collier,2512680.0,False,False,UTA,154060898,0.0,154060898.0,2512680.0,0.013002430277504987,28.187944590243475,65.37898962893556,isaiah collier
1642384,Isaiah Crawford,1610612758,SAC,23.0,15,45.66666666666666,13,8,1,1,2,1,23,112.0,92.7,0.509,0.122,0.07,124.2,96.6,27.6,19.550364963503654,24.8,-0.008153613117997538,0.6202907995667901,1.4109074518891118,-1.5415250978731785,-0.9006225949480341,0.2290245817517495,0.5127843276298981,-0.930835818922872,0.1440748963476141,False,-0.6884540729801143,24.55834412199781,15.09929766482944,isaiah crawford,1863016.4087993947,True,True,SAC,167811057,0.0,167811057.0,1863016.4087993947,0.009640599265032497,27.43078306381907,63.622832651081126,isaiah crawford
1628392,Isaiah Hartenstein,1610612760,OKC,27.0,57,1589.6416666666669,637,611,219,47,62,96,417,118.3,105.3,0.599,0.165,0.138,117.0,105.1,11.9,33.16143575334064,1464.3000000000002,0.003822572422380375,4.269030780073821,5.111155383938853,0.637576458196473,0.47257675784063585,1.3133082107844447,1.8693312462136988,1.3592088875443966,0.8500378779439149,False,1.1154392130382542,86.76688731989582,80.91160137388405,isaiah hartenstein,30000000.0,False,False,OKC,166418720,0.0,166418720.0,30000000.0,0.15524177703692854,55.57451154069623,128.89926762911074,isaiah hartenstein
1630543,Isaiah Jackson,1610612754,IND,23.0,5,83.88,35,28,5,3,8,5,10,112.5,107.1,0.6,0.164,0.095,115.8,106.9,8.9,33.133047210300425,77.19999999999999,0.003963405316790191,0.3694633151567897,0.7066330102140637,-0.41452327753025725,0.4887247741520808,0.15448703275944667,0.25459046029020804,-0.08890761801578818,0.1952620616691136,False,0.0043672352929595565,50.17422692685118,32.00453015634406,isaiah jackson,4435380.0,False,False,IND,169543082,0.0,169543082.0,4435380.0,0.022951875767801735,42.918344435185844,99.5446115886828,isaiah jackson
1630198,Isaiah Joe,1610612760,OKC,25.0,74,1603.9766666666667,756,196,119,48,9,38,550,119.9,104.1,0.617,0.166,0.089,119.1,104.1,15.0,25.36645379296872,1130.1999999999998,0.0068337395279705615,5.726653506271339,5.945451886740447,-0.23930375747087124,0.8178396720292964,1.7464649903208014,2.175192467095135,-0.29097038623348853,0.8538619929650827,True,0.5638075141790206,71.35574313026771,66.66323938906895,isaiah joe,12991650.0,False,False,OKC,166418720,0.0,166418720.0,12991650.0,0.06722822775472709,61.37071756323326,142.34296134084687,isaiah joe
1630600,Isaiah Mobley,1610612755,PHI,25.0,1,17.366666666666667,6,4,5,1,1,0,-6,92.7,110.0,0.381,0.17,0.099,96.4,111.7,-15.2,41.45873320537428,20.0,-0.033121592049668705,-0.5702502631179112,0.029499028086190707,0.20868617174524962,-3.7634717378421656,-0.12476444976505019,0.006346549667951841,0.04580089412934537,0.08884784405903946,False,-0.5163716345157737,30.279743658226323,17.864489486236682,isaiah mobley,11997.0,False,False,PHI,171403241,883861.5,172287102.5,12058.863978496767,0.002,56.27920848915365,130.53373850502865,isaiah mobley
1641815,Isaiah Stevens,1610612748,MIA,24.0,3,5.55,0,2,0,1,0,0,4,61.5,30.8,0.0,0.143,0.125,72.7,33.7,39.1,23.351351351351354,3.6,-0.08234410390060366,-0.47961533524095473,0.8712122161961461,-1.253287611546981,-9.407365712968708,-0.09783077703403614,0.31492679959444725,0.9214062230727126,0.05022675853295007,False,-1.4154404895261765,7.84696926039818,4.493190616834875,isaiah stevens,2082875.488098702,True,True,MIA,176102077,8004134.75,184106211.75,2177545.6723363018,0.011268201991752026,7.729005112172315,17.92661907124669,isaiah stevens
1630191,Isaiah Stewart,1610612765,DET,24.0,72,1433.8483333333334,435,399,123,28,101,68,9,109.1,108.6,0.616,0.121,0.096,108.5,107.7,0.8,26.485646436338566,1054.8999999999999,0.004860219776412276,-2.3490591707525117,2.8462707376573357,-0.20669916854442394,0.5915542628379841,-0.6533670325826152,1.0390024833086156,-0.0552304899795048,0.8073098800486976,True,0.07833451790464024,53.121901975230024,48.51567242658824,isaiah stewart,15000000.0,False,False,DET,140501660,0.0,140501660.0,15000000.0,0.07762088851846427,42.47245952541434,98.51042817036642,isaiah stewart
1631209,Isaiah Wong,1610612766,CHA,24.0,20,265.50333333333333,120,32,28,11,0,18,-6,100.0,102.6,0.5,0.22,0.077,100.3,104.0,-3.7,24.48782815030571,180.60000000000002,-0.016683236770159496,-4.067751433373214,2.9338074727715844,-1.0283460183645345,-1.878636307176321,-1.1641049568141546,1.0710943026847137,-0.6950959226688888,0.34739506809011167,False,-0.7613623255876646,22.322034174577844,15.766672857912086,isaiah wong,2082875.488098702,True,True,CHA,168575524,0.0,168575524.0,2082875.488098702,0.010778309737303413,27.546421917811703,63.89104487959896,isaiah wong
1627826,Ivica Zubac,1610612746,LAC,28.0,80,2624.1766666666667,1340,1010,214,55,90,127,514,116.5,107.1,0.641,0.192,0.157,115.0,106.1,8.9,33.88217002666233,2469.7999999999997,0.012512084273315353,3.1009528921837113,4.534763734590956,1.4562868786117384,1.4689233833603386,0.9661944843910565,1.658020455645351,1.9990743202337802,1.0,True,1.5777647642325805,94.26901692609758,94.26901692609758,ivica zubac,11743210.0,False,False,LAC,174124752,8276880.0,182401632.0,12301414.039738128,0.06365644585319896,88.45899728949948,205.17139331890075,ivica zubac
1631120,JD Davison,1610612738,BOS,22.0,16,92.915,33,13,13,5,1,13,-28,91.7,105.4,0.445,0.228,0.079,92.9,105.3,-12.4,21.34854436850885,55.099999999999994,-0.02982989992543802,-3.053973138731165,1.0278215820580772,-1.3746417641272404,-3.3860435926841452,-0.8628439148595265,0.3723413179139483,-0.6277416665963219,0.20550934506511112,False,-1.1134648694551652,13.275441407749216,8.529195045382629,jd davison,571779.0,False,False,BOS,195348491,62004341.25,257352832.25,753263.7918921665,0.003897933654363835,21.27325081165283,49.341080536613255,jd davison
1630550,JT Thor,1610612764,WAS,22.0,20,249.31666666666663,71,48,6,8,9,9,-96,95.3,115.3,0.517,0.132,0.065,95.3,114.0,-18.7,19.637676315261718,136.0,-0.007765942062095695,-5.5259708860825825,-0.8721399910204152,-1.4503737485426331,-0.8561719106074749,-1.597439063535037,-0.324203093357305,-1.099221459104289,0.33663891274740887,False,-1.1090319849919175,13.370819203662897,9.379462679683058,jt thor,1157153.0489437233,True,True,WAS,173806822,4489233.0,178296055.0,1187040.999218591,0.006142611804479513,19.951348498662323,46.275066363966346,jt thor
1629630,Ja Morant,1610612763,MEM,25.0,50,1519.11,1159,205,364,61,12,185,226,116.4,109.6,0.563,0.312,0.141,114.3,108.9,5.4,40.55453522128088,1711.3,-0.004003863055862574,2.431493814700743,2.0455325094802475,1.416362860076048,-0.4248088159825941,0.7672536111306812,0.7454440526376842,1.4602402716532459,0.8309660314685224,False,0.9553461236828514,83.02986551125105,76.71417505795033,ja morant,36725670.0,False,False,MEM,165903638,0.0,165903638.0,36725670.0,0.1900452757890605,49.090054171594254,113.85924689519278,ja morant
1642266,Ja'Kobe Walter,1610612761,TOR,20.0,52,1103.235,449,160,81,43,10,50,-83,108.6,111.1,0.523,0.179,0.068,108.3,111.5,-3.2,23.461909747243336,719.0,-0.00945708809935704,-2.400339841324334,0.38452684889762223,-0.7029862665427395,-1.050080115854362,-0.6686059347471698,0.13650320543195676,-0.9981900749954388,0.7081457862230449,False,-0.7125310159097528,23.80680061126212,20.68014882753703,ja kobe walter,3465000.0,False,False,TOR,170516134,0.0,170516134.0,3465000.0,0.017930425247765246,30.23533765708505,70.1277037345295,ja kobe walter
1631095,Jabari Smith Jr.,1610612745,HOU,22.0,57,1715.5783333333334,698,399,60,25,41,61,250,113.4,106.1,0.562,0.16,0.093,110.7,105.4,5.3,23.353290969906162,1112.8999999999999,-0.0022132631055705333,-0.09927167344829063,4.8153735351292335,-0.4135582370911045,-0.21949714269944415,0.015194653139485401,1.7608947406216418,-0.15626187408835496,0.8830675700835884,False,0.08322071615996986,53.31619796192949,50.51072130021271,jabari smith,9770880.0,False,False,HOU,163038023,0.0,163038023.0,9770880.0,0.050561625813819476,51.376448470176285,119.16229936345934,jabari smith
1631133,Jabari Walker,1610612757,POR,22.0,60,749.165,313,211,37,33,6,34,15,108.1,107.6,0.601,0.156,0.107,107.7,108.4,-0.7,26.40539800978423,549.5,0.003926068472068718,-2.4278400542327083,2.2902584913023034,-0.595635515868201,0.48444370061377956,-0.6767780793260555,0.8351629802972707,0.315217918419612,0.58354909429674,False,0.042080786796582545,51.678285174127225,41.993624274446745,jabari walker,1157153.0489437233,False,True,POR,167012048,0.0,167012048.0,1157153.0489437233,0.005987949854057452,90.12678382528603,209.03964977432912,jabari walker
1629098,Jack McVeigh,1610612745,HOU,29.0,9,43.25,14,5,1,0,2,2,-10,84.7,93.9,0.412,0.176,0.02,85.3,94.7,-9.4,16.730635838150288,20.099999999999998,-0.0288345894161276,-2.1374778226202986,1.3947318325516151,-1.7708118139858078,-3.271920465366121,-0.5904921241994351,0.5068541880902185,-2.61469222073704,0.1402108801380653,False,-1.7304443799388645,4.177545524454376,2.5612318391101696,jack mcveigh,2754024.2564860615,True,True,HOU,163038023,0.0,163038023.0,2754024.2564860615,0.014251320652656736,4.05805073443589,9.412224294360538,jack mcveigh
1642050,Jackson Rowe,1610612744,GSW,28.0,6,51.73166666666667,22,11,4,4,0,1,23,116.4,103.5,0.56,0.142,0.101,119.2,103.7,15.4,29.71487483488514,42.699999999999996,-0.0022482710061938484,0.5786821887268903,0.7762398093846599,-0.714271681863739,-0.22351117757860897,0.2166598926257717,0.28010899057827104,0.11315515020191215,0.15334403783451753,False,-0.10363271956154606,45.873041050001504,28.39563338156094,jackson rowe,2592022.8296339405,True,True,GSW,170316619,0.0,170316619.0,2592022.8296339405,0.013413007673088694,45.95526441394321,106.58842988339481,jackson rowe
1631210,Jacob Toppin,1610612737,ATL,25.0,17,75.15,23,15,6,2,0,3,-25,89.9,104.4,0.523,0.14,0.09,95.7,107.6,-11.9,20.16766467065868,42.099999999999994,-0.0073966052173742225,-2.4209241724609285,0.7289346508844358,-1.4790145114934945,-0.81382344210533,-0.6747229103018093,0.2627664588952523,-0.2572932581972051,0.18482178147905326,False,-0.6308085893593183,26.40828432625356,16.720928149182054,jacob toppin,2163876.201524763,True,True,ATL,170057021,0.0,170057021.0,2163876.201524763,0.011197466227087435,28.826129526919292,66.85919284924105,jacob toppin
1630702,Jaden Hardy,1610612742,DAL,22.0,57,907.4383333333334,496,89,81,28,5,82,-65,108.3,111.6,0.549,0.244,0.069,108.4,112.2,-3.8,24.933925721307045,628.5,-0.006547226235995066,-2.2876856020337315,-0.039458849015146,-0.6536410187587314,-0.7164329446410304,-0.6351288582614516,-0.018934079471425853,-0.9645129469591553,0.6422398070012242,False,-0.6583385211335157,25.51603152586841,21.40815236240252,jaden hardy,2019699.0,False,False,DAL,174411922,5396883.0,179808805.0,2082195.18187349,0.01077478933905904,37.40709483701041,86.7618445029868,jaden hardy
1631093,Jaden Ivey,1610612765,DET,23.0,30,898.0333333333333,528,124,119,28,11,89,-62,110.5,114.6,0.569,0.256,0.099,109.9,114.0,-4.1,29.68085817156008,740.4,-0.00174922096891288,-1.1358142758139373,-1.5038813836640772,-0.1889403448005328,-0.1662896869885623,-0.2928311805851305,-0.5558056387191433,0.04580089412934537,0.6389029423135956,False,-0.18573379390525505,42.632676284866605,35.70513599937358,jaden ivey,7977240.0,False,False,DET,140501660,0.0,140501660.0,7977240.0,0.04128003044833559,38.98877210999317,90.43037952850459,jaden ivey
1630183,Jaden McDaniels,1610612750,MIN,24.0,82,2614.41,1000,470,163,110,74,95,172,113.9,109.9,0.562,0.16,0.086,112.6,108.8,3.8,24.981238596853593,1814.2,-0.0022132631055705333,1.0172492800222441,2.231944854940051,0.24754401637011397,-0.21949714269944415,0.34698738098189175,0.8137846334482773,-0.3920017703423387,1.0,True,0.08547670374943567,53.4058792303301,53.4058792303301,jaden mcdaniels,22586207.0,False,False,MIN,203708244,98747659.0,302455903.0,33534880.569339752,0.17353381507684895,35.27950627370124,81.82712533004724,jaden mcdaniels
1630531,Jaden Springer,1610612762,UTA,22.0,43,365.175,109,58,33,24,4,16,-32,105.6,108.9,0.511,0.139,0.063,107.5,109.2,-1.7,23.088108441158347,234.20000000000002,-0.009011772322964408,-2.181407149585486,1.1897650996584044,-1.0998314667158011,-0.9990198401207204,-0.6035464526298644,0.4317113881956043,-1.1665757151768557,0.4074170300363454,False,-0.800558816915254,21.16935502320659,15.524285350866544,jaden springer,4777088.0,False,False,UTA,154060898,0.0,154060898.0,4777088.0,0.02472012100605956,20.28438192436858,47.04750256681296,jaden springer
203109,Jae Crowder,1610612758,SAC,34.0,9,102.76166666666668,23,20,6,3,0,4,-18,101.9,109.2,0.467,0.113,0.048,102.1,109.8,-7.8,16.255088635515833,46.4,-0.012298117068309192,-1.685787914869045,0.3987295864007626,-1.7889759238959015,-1.3758348503869609,-0.4562649731855349,0.14171006728260765,-1.6717326357211062,0.21612461332492533,False,-1.2023222351337903,11.461935268469853,7.418807245192437,jae crowder,3297886.1894896114,False,True,SAC,167811057,0.0,167811057.0,3297886.1894896114,0.017065657084063737,11.035929101737848,25.59668343246004,jae crowder
1630256,Jae'Sean Tate,1610612745,HOU,29.0,52,588.11,188,117,47,26,7,22,51,111.0,104.7,0.557,0.126,0.071,110.6,104.9,5.7,23.022223733655267,376.09999999999997,-0.0023729446956367957,-0.6205901156268018,3.826003467778404,-0.9977087102974671,-0.237806366065429,-0.1397237722311377,1.3981820411349488,-0.8971586908865891,0.5170326172232534,False,-0.3654769994145861,35.73776864630413,27.970689181080264,jae sean tate,7565217.0,False,False,HOU,163038023,0.0,163038023.0,7565217.0,0.03914792435833271,31.1152272769827,72.16851569049624,jae sean tate
1626143,Jahlil Okafor,1610612754,IND,29.0,1,3.3666666666666667,0,1,1,0,0,0,5,125.0,62.5,0.0,0.0,0.133,145.3,62.5,82.8,22.45544554455445,2.0999999999999996,-0.0,0.16902532192143435,0.3303939292331827,-1.3261433886755922,0.034277438019400794,0.09492355718641848,0.11665755002906017,1.1908232473629796,0.03911908779998621,False,0.06258990882522758,52.49534673732209,29.796547240675757,jahlil okafor,150179.0,False,False,IND,169543082,0.0,169543082.0,150179.0,0.002,93.86924242681881,217.71989112051875,jahlil okafor
1642443,Jahmir Young,1610612741,CHI,24.0,6,29.666666666666668,11,3,6,0,0,1,-7,110.0,123.5,0.935,0.092,0.1,121.9,127.0,-5.1,24.391011235955055,20.1,0.03304337371429694,0.2930332507764807,-0.7674052018756673,-1.15757104497366,3.823058034766475,0.13177457091886133,-0.28580629992835005,0.07947802216562876,0.11612428034157407,False,0.2848045912698216,61.21030727414097,36.86427029754084,jahmir young,2082875.488098702,True,True,CHI,165722496,0.0,165722496.0,2082875.488098702,0.010778309737303413,64.4066603309222,149.38451309668073,jahmir young
1631170,Jaime Jaquez Jr.,1610612748,MIA,24.0,66,1368.38,570,290,166,61,14,98,-152,107.9,113.9,0.543,0.194,0.098,107.8,113.6,-5.9,27.108259401628196,1030.3999999999999,-0.006369581515504275,-2.979505839527629,-1.333826452529938,-0.1753995815462875,-0.6960640538634263,-0.8407147212595338,-0.4934618452609011,0.012123766093061983,0.7886640026595034,True,-0.3447488586162325,36.51415917160977,33.041618861097966,jaime jaquez,3685800.0,False,False,MIA,176102077,8004134.75,184106211.75,3853325.7916551996,0.01993990477995942,46.54532946263147,107.95702405581062,jaime jaquez
1631222,Jake LaRavia,1610612758,SAC,23.0,66,1349.28,458,259,158,62,23,86,126,115.0,111.2,0.591,0.14,0.081,114.3,110.1,4.2,24.61312700106724,922.5000000000001,0.0021233947826257717,1.9494077574899384,0.9914132347394883,-0.45680811215154526,0.27774764240006355,0.6239937399392138,0.3589936633046526,-0.5603874105237552,0.7831405307536387,True,-0.09320799434842335,46.286916173426405,41.76992593993737,jake laravia,3352680.0,False,False,SAC,167811057,0.0,167811057.0,3352680.0,0.017349200034538985,61.77798881011906,143.28758440625217,jake laravia
1627751,Jakob Poeltl,1610612761,TOR,29.0,57,1685.7483333333332,824,547,158,66,71,111,-37,111.2,111.9,0.641,0.184,0.133,109.9,110.4,-0.6,33.31244580794485,1559.9,0.011990747428593879,-1.1477705533183928,0.693194789604442,0.7220202536096725,1.4091464689711326,-0.29638418683701795,0.24966387777628085,1.1908232473629796,0.8753566372766259,False,0.7421159615978713,77.0991460098326,72.77469244003792,jakob poeltl,19500000.0,False,False,TOR,170516134,0.0,170516134.0,19500000.0,0.10090715507400355,58.119994091194044,134.8032482026796,jakob poeltl
1641779,Jalen Bridges,1610612756,PHX,24.0,8,30.37333333333333,9,4,0,0,0,4,7,98.4,88.7,0.514,0.197,0.026,100.9,94.9,6.0,7.348551360842847,6.200000000000001,-0.012181080198733728,-0.6876838687207937,1.11550869114376,-2.5324018446319454,-1.3624153059909938,-0.15966179425485777,0.40448826585205894,-2.41262945251934,0.11749919406557904,False,-1.5245276220728572,6.3688481080133394,3.839616993325282,jalen bridges,2082875.488098702,True,True,PHX,220708856,244237706.0,464946562.0,4387797.639010749,0.022705650091948935,5.168433054204877,11.987639963137507,jalen bridges
1628973,Jalen Brunson,1610612752,NYK,28.0,65,2300.708333333333,1690,187,475,60,8,164,146,118.3,115.7,0.605,0.289,0.138,116.4,115.3,1.0,37.62093558143326,2404.3,0.008429293515563202,4.314212393418817,-2.9254328698278225,1.7060148912961517,1.0007872136914189,1.3267346768919188,-1.076960254187145,1.3592088875443966,1.0,True,1.021850634546786,84.65742000282886,84.65742000282886,jalen brunson,24960001.0,False,False,NYK,191906878,49098292.5,241005170.5,31345876.496855788,0.16220631900506616,57.26103310345582,132.8109780203253,jalen brunson
1631105,Jalen Duren,1610612765,DET,21.0,78,2033.5483333333332,918,807,209,54,89,136,36,115.5,114.0,0.703,0.161,0.14,114.2,112.9,1.4,33.31536255592647,1881.9,0.020473904000019635,2.2568832809143915,-1.1567773633715859,0.9659595647797078,2.381832227237968,0.7153651936899591,-0.42855392537381753,1.4265631436169635,0.9614261029923993,True,1.0697553586131323,85.7635279462993,84.27482287399525,jalen duren,4536840.0,False,False,DET,140501660,0.0,140501660.0,4536840.0,0.023476903457740627,112.12215413014374,260.0556109573814,jalen duren
1630224,Jalen Green,1610612745,HOU,23.0,82,2697.11,1723,377,282,71,27,203,166,113.8,111.1,0.544,0.267,0.111,111.2,109.6,1.6,30.802303206024224,2307.7,-0.008499382807420831,0.27990593113178447,1.4331219365457537,1.0870469525203994,-0.9402688339052692,0.1278735700638085,0.5209283739917324,0.44992643056474557,1.0,True,0.3630196338220643,64.17048911465454,64.17048911465454,jalen green,12483048.0,False,False,HOU,163038023,0.0,163038023.0,12483048.0,0.06459635181190922,59.90739319198155,138.94893349374559,jalen green
1641720,Jalen Hood-Schifino,1610612755,PHI,22.0,15,314.6766666666667,106,27,37,5,7,18,-96,107.2,123.5,0.494,0.164,0.049,107.4,123.1,-15.8,20.19215491033124,176.5,-0.013420594683209807,-1.7722377845000707,-4.38837261970526,-1.3753332912168545,-1.5045390633523068,-0.4819549864157751,-1.6132882101008075,-1.6380555076848227,0.37819948239632545,False,-1.3752173140899937,8.453204103454997,6.087911094332977,jalen hood schifino,3879830.0,False,False,PHI,171403241,883861.5,172287102.5,3899836.811677179,0.02018058655995983,8.54002901537134,19.807704199192514,jalen hood schifino
1630552,Jalen Johnson,1610612737,ATL,23.0,36,1284.1783333333333,680,359,181,56,36,106,55,111.8,110.2,0.569,0.214,0.135,111.3,110.1,1.2,34.52324248838752,1231.5,-0.0014622394037006104,-0.29380855347584084,1.265911518666991,0.5703992518194531,-0.13338414304194335,-0.04261520872621508,0.4596274067879229,1.2581775034355465,0.7640140209724061,False,0.5625972722384918,71.31454250495528,63.74138804558371,jalen johnson,4510905.0,False,False,ATL,170057021,0.0,170057021.0,4510905.0,0.023342696941492203,84.97409050798301,197.0885164849001,jalen johnson
1629667,Jalen McDaniels,1610612758,SAC,27.0,4,7.335,0,0,1,1,0,0,-1,81.3,77.8,0.0,0.0,0.114,85.5,77.8,7.7,17.66871165644172,3.6,-0.0,-0.40609651816229236,0.4929971174444054,-1.7082034812736775,0.034277438019400794,-0.07598344063568702,0.17626946197941612,0.5509578146735957,0.057741587344745805,False,-0.24157900701187132,40.45531951602431,23.301605198240726,jalen mcdaniels,4881191.0,False,False,SAC,167811057,0.0,167811057.0,4881191.0,0.025258825496555407,30.217540008055757,70.08642394885445,jalen mcdaniels
1629618,Jalen Pickett,1610612743,DEN,25.0,49,666.19,200,71,107,19,5,24,52,112.6,109.7,0.545,0.13,0.078,112.6,109.5,3.1,22.571938936339485,417.70000000000005,-0.0040082762732760605,0.3951907609343691,1.324621956640825,-1.002270662790493,-0.42531483914627033,0.16213237016975432,0.48115122497109847,-0.6614187946326053,0.5502850501000699,False,-0.41629799068821743,33.8595981350847,27.00737276955658,jalen pickett,1891857.0,False,False,DEN,185864258,28913338.5,214777596.5,2186157.2728076666,0.011312764663762251,46.39285982841086,107.60338668425544,jalen pickett
1630188,Jalen Smith,1610612741,CHI,25.0,64,962.3833333333332,524,357,65,17,44,37,-36,110.3,111.5,0.586,0.201,0.133,110.4,111.2,-0.7,35.106593006944564,938.5,0.002043588223627,-1.018861323379341,0.3809033851338722,0.3953414170459062,0.2685969562491252,-0.25807667015979446,0.1351748083370647,1.1908232473629796,0.6613977394102354,False,0.4779365926343297,68.36523321507806,57.948353084510714,jalen smith,8571429.0,False,False,CHI,165722496,0.0,165722496.0,8571429.0,0.04435479565686211,61.70633650239763,143.1213943717709,jalen smith
1630591,Jalen Suggs,1610612753,ORL,24.0,35,1002.4533333333334,567,141,129,51,33,102,3,105.7,104.8,0.536,0.268,0.107,104.3,103.3,1.0,31.663518833794424,881.7,-0.01067521570183065,-4.702639032428353,5.336886546724057,0.07672177073857114,-1.1897516356125628,-1.3527723416124817,1.9520864882752706,0.315217918419612,0.6750263743444445,False,0.025180194868060293,51.00443829232714,43.54564453595497,jalen suggs,9188385.0,False,False,ORL,152308863,0.0,152308863.0,9188385.0,0.04754737384998195,45.25518091405789,104.96465941897316,jalen suggs
1631114,Jalen Williams,1610612760,OKC,24.0,69,2236.673333333333,1490,369,354,111,46,150,456,116.7,106.5,0.573,0.27,0.138,115.3,106.0,9.2,38.147546505077486,2370.1,-0.0007648814906503021,3.229788667245156,4.657608266068032,1.722287719022857,-0.05342450717673921,1.0044801727325565,1.7030564569350772,1.3592088875443966,1.0,True,1.2364514143926675,89.18545925482195,89.18545925482195,jalen williams,4775760.0,False,False,OKC,166418720,0.0,166418720.0,4775760.0,0.024713248970062728,116.54307611784066,270.30947717521167,jalen williams
1630592,Jalen Wilson,1610612751,BKN,24.0,79,2031.3866666666668,749,270,145,40,5,79,-262,106.9,113.7,0.541,0.161,0.065,105.6,112.2,-6.6,19.99737453562099,1128.4,-0.0056080959999803524,-4.644916866615126,-0.7231953891187863,-0.6704803102214423,-0.6087514939878383,-1.3356192422527144,-0.2695985521320309,-1.099221459104289,0.9609149680162006,True,-0.8294819085425349,20.341588491266165,19.983815254714077,jalen wilson,2082875.488098702,False,True,BKN,168312896,0.0,168312896.0,2082875.488098702,0.010778309737303413,34.91431651400762,80.98010587337262,jalen wilson
1631288,Jamal Cain,1610612740,NOP,26.0,37,501.79833333333335,196,85,22,23,9,22,-132,106.4,119.3,0.544,0.167,0.067,106.8,118.8,-12.0,23.25157184659176,324.1,-0.005316093366439247,-2.6388305379583152,-3.5569740705120263,-1.0187047825419853,-0.5752702301881645,-0.7394774025465537,-1.3084894072275186,-1.0318672030317222,0.47758784690897604,False,-0.9577219125393486,16.910150210342863,12.934819619127833,jamal cain,2233305.384461386,True,True,NOP,172778396,2946594.0,175724990.0,2271392.578221546,0.011753834006386783,21.923778345658494,50.849911120657126,jamal cain
1627750,Jamal Murray,1610612743,DEN,28.0,67,2418.346666666667,1436,261,403,91,33,138,331,122.0,115.5,0.584,0.235,0.111,121.0,114.7,6.2,33.58178590331686,2255.9,0.0019192698136932579,7.865567599648268,-2.5864457741191025,1.2703497512704243,0.25434250440507467,2.3820788043349306,-0.9526842844229778,0.44992643056474557,1.0,True,0.7051259206345839,75.96340615262133,75.96340615262133,jamal murray,36016200.0,False,False,DEN,185864258,28913338.5,214777596.5,41618937.14424265,0.21536659202201536,46.527517588115515,107.91571127560692,jamal murray
1642347,Jamal Shead,1610612761,TOR,22.0,75,1466.825,533,115,316,58,10,117,-234,105.5,113.3,0.499,0.179,0.07,106.0,112.4,-6.4,25.51715439810475,1039.7,-0.013753088099357044,-4.555395865243004,-0.6422690245137123,-0.295734586036983,-1.5426630338202418,-1.3090165912660807,-0.23993015894509384,-0.930835818922872,0.8165406519969697,True,-0.8169258597908198,20.69853992752413,18.989736639650907,jamal shead,1862265.0,False,False,TOR,170516134,0.0,170516134.0,1862265.0,0.009636710930455858,34.50338626440225,80.02699613381168,jamal shead
1631123,Jamaree Bouyea,1610612749,MIL,26.0,5,61.7,17,5,10,4,2,8,2,118.5,117.8,0.581,0.163,0.067,117.6,117.3,0.3,21.063209076175035,36.099999999999994,0.000842238211200004,0.6647602052627584,-0.6152645284009984,-1.4118640435222676,0.13084916886094194,0.2422394035385986,-0.2300300477465133,-1.0318672030317222,0.16746777166205606,False,-0.6410673930921296,26.073944902934965,16.305615149714416,jamaree bouyea,2233305.384461386,True,True,MIL,182559432,32359012.0,214918444.0,2629163.0782750403,0.01360519827970995,26.25780089171815,60.902223171408174,jamaree bouyea
201935,James Harden,1610612746,LAC,35.0,79,2789.036666666667,1802,456,687,118,55,341,344,115.4,109.2,0.582,0.286,0.145,113.7,108.0,5.7,38.402937214880644,2975.2,0.001763792198792645,2.0960330055034953,2.8990727258354956,2.200702820446778,0.2365153123133337,0.6675658653505362,1.0583602062703046,1.5949487837983793,1.0,True,1.3230265478413346,90.70867252897781,90.70867252897781,james harden,33653846.0,False,False,LAC,174124752,8276880.0,182401632.0,35253554.494519375,0.18242748155324623,58.88234382943985,136.57143869527926,james harden
201949,James Johnson,1610612754,IND,38.0,12,36.61666666666667,8,6,4,0,2,4,-9,97.4,110.5,0.35,0.165,0.015,104.7,118.8,-14.1,15.927173418297674,16.199999999999996,-0.037262427577619626,-0.6911098673238208,-0.24436742627623403,-1.8380836043476794,-4.238263368935008,-0.1606798865876074,-0.09405555894508373,-2.783077860918457,0.12901139249670704,False,-1.9683940815326115,2.4511356175294905,1.49042557828831,james johnson,3297886.1894896114,False,True,IND,169543082,0.0,169543082.0,3297886.1894896114,0.017065657084063737,2.217099119816769,5.142329547894526,james johnson
1630164,James Wiseman,1610612754,IND,24.0,1,4.633333333333334,6,1,0,0,0,0,-4,118.2,141.7,0.615,0.455,0.156,120.8,144.6,-23.7,52.057553956834525,6.7,0.017821033043533767,0.07209192355502085,-0.28959818368027845,1.0470940140849794,2.0776518462480373,0.06611818943845374,-0.1106375949892682,1.9653971921974966,0.0458918359412718,False,1.1563625272850773,87.62335487894345,50.002383665446644,james wiseman,2082875.488098702,False,True,IND,169543082,0.0,169543082.0,2082875.488098702,0.010778309737303413,87.36064797929033,202.6238869574058,james wiseman
1642419,Jamison Battle,1610612761,TOR,24.0,59,1041.6783333333333,419,158,53,17,10,27,-183,105.0,113.4,0.59,0.147,0.072,104.8,113.5,-8.7,21.544462702017736,623.4,0.0020825645217570597,-4.748803800655837,-1.054869195958986,-0.9288397347574306,0.27306601087305743,-1.3664909685068527,-0.3911933989926826,-0.8634815628503056,0.6881062065663639,False,-0.7139471560384211,23.762992825174152,20.427804336163224,jamison battle,1350668.0,False,False,TOR,170516134,0.0,170516134.0,1350668.0,0.006989336683563806,41.53239467672733,96.33004606424764,jamison battle
1641716,Jarace Walker,1610612754,IND,21.0,75,1186.62,461,229,110,54,25,78,-146,107.0,112.1,0.59,0.165,0.087,107.6,112.7,-5.1,25.32942306719927,834.8999999999999,0.0023375724223803737,-3.1998849438667314,-0.394832280559923,-0.4657661114706063,0.30230542795717874,-0.9062040288814411,-0.14921743949524222,-0.3583246423060553,0.7344199937860674,True,-0.33690632662239384,36.80937579529384,32.41025038169354,jarace walker,6362433.0,False,False,IND,169543082,0.0,169543082.0,6362433.0,0.03292384683994654,38.30641904115174,88.8477329446704,jarace walker
1630215,Jared Butler,1610612755,PHI,24.0,60,1043.735,541,110,220,42,13,80,-131,108.5,114.5,0.549,0.222,0.102,107.1,114.6,-7.4,32.15988732772208,932.4000000000001,-0.005956902558979117,-2.8722541769229966,-1.7992649991292622,0.15483017784243672,-0.6487459429257456,-0.808843110081425,-0.6640961480898144,0.14683227823819509,0.6887851624418168,False,-0.23549555223248012,40.69120653011171,34.992538276469865,jared butler,1115697.0,False,False,PHI,171403241,883861.5,172287102.5,1121450.2262413027,0.005803197532672179,75.92936048773944,176.11021108569406,jared butler
1642272,Jared McCain,1610612755,PHI,21.0,23,591.7916666666666,352,56,60,15,0,37,-27,109.3,111.4,0.589,0.243,0.106,108.3,110.7,-2.5,27.7638245441104,456.4,0.0031996066584147314,-1.7389658730316082,0.4980233523824459,-0.5573513246770124,0.4011469874013807,-0.4720676858395181,0.17811212864459283,0.28154079038332863,0.5186484475260792,False,-0.03879687952328624,48.45261663714109,37.95738262927088,jared mccain,4020360.0,False,False,PHI,171403241,883861.5,172287102.5,4041091.4715836677,0.020911540707247506,52.58707512778248,121.9702212904644,jared mccain
1631197,Jared Rhoden,1610612761,TOR,25.0,14,226.16333333333333,118,42,16,10,2,9,64,118.1,103.4,0.602,0.183,0.106,116.3,104.6,11.7,29.16122566286902,183.20000000000002,0.004788580323003689,1.5920671672200002,2.422704492801877,-0.6522558262637085,0.5833400237780486,0.5178040541604173,0.8837189739799601,0.28154079038332863,0.32062675364279125,False,0.21912773833683535,58.67247281287319,40.735244065864165,jared rhoden,135120.0,False,False,TOR,170516134,0.0,170516134.0,135120.0,0.002,128.32985210159927,297.64767142820693,jared rhoden
1628991,Jaren Jackson Jr.,1610612763,MEM,25.0,74,2206.951666666667,1641,417,148,92,113,153,331,115.2,108.8,0.591,0.274,0.124,113.8,107.9,6.0,38.40355966110117,2354.3,0.004155786931710439,1.9989256269257412,2.9666780505853434,1.7308242628845,0.5107834094501263,0.6387087964959045,1.0831449765487817,0.8877290950364292,1.0,True,1.0339203716062757,84.94133047298394,84.94133047298394,jaren jackson,25257798.0,False,False,MEM,165903638,0.0,165903638.0,25257798.0,0.1307021815186593,61.96378466515637,143.71851846179118,jaren jackson
1629020,Jarred Vanderbilt,1610612747,LAL,26.0,36,580.8583333333333,147,182,41,35,10,29,35,115.6,112.2,0.537,0.116,0.082,115.4,112.4,3.0,24.059567020070865,388.19999999999993,-0.0045046157515386395,1.9194998567365902,-0.22635525098036896,-0.9055077373621274,-0.48222553479437175,0.6151061109662433,-0.08745212010982123,-0.5267102824874718,0.5138351050205845,False,-0.37757575067746585,35.2872890802275,27.56734054481882,jarred vanderbilt,10714286.0,False,False,LAL,192057940,49664775.0,241722715.0,13484921.796029313,0.06978077409398668,25.04985502189043,58.100519051302975,jarred vanderbilt
1628386,Jarrett Allen,1610612739,CLE,27.0,82,2296.0533333333333,1103,798,158,77,73,97,514,121.9,111.3,0.724,0.156,0.148,120.9,109.5,11.4,32.33653109103156,2062.3999999999996,0.02311406847206872,7.7123222347034845,1.3785905272335681,1.0242120536270432,2.6845556721988113,2.3365394013293814,0.5009366284041606,1.6959801679072295,1.0,True,1.5931518190687828,94.44369315654373,94.44369315654373,jarrett allen,20000000.0,False,False,CLE,165110486,0.0,165110486.0,20000000.0,0.10349451802461902,74.76008040526968,173.39818821576222,jarrett allen
1629750,Javonte Green,1610612739,CLE,31.0,68,1257.8333333333333,347,218,56,65,31,32,-212,109.1,117.0,0.541,0.113,0.064,109.1,115.6,-6.6,21.12775937458593,738.2,-0.003936117068309191,-2.009435508689897,-3.049140227366366,-0.8753119229453066,-0.41704100494220175,-0.5524422259989865,-1.1223125759117316,-1.1328985871405723,0.756136511644838,True,-0.8724669279064363,19.14768513156234,17.046445551013264,javonte green,2425403.0,False,False,CLE,165110486,0.0,165110486.0,2425403.0,0.012550795725023253,28.236883610557026,65.49249856859188,javonte green
1629637,Jaxson Hayes,1610612747,LAL,25.0,56,1092.6833333333334,383,269,58,31,51,43,87,112.3,109.8,0.72,0.12,0.097,112.4,108.0,4.3,25.121642439865163,762.5,0.01730005267082209,0.3099610854076759,2.1808610033745013,-0.5371956683689323,2.0179158052347064,0.13680495786439184,0.7950567960970512,-0.021553361943221407,0.7047511918572699,False,0.301701708204223,61.856026701454084,53.63771352943194,jaxson hayes,2463946.0,False,False,LAL,192057940,49664775.0,241722715.0,3101104.368470213,0.016047365097943262,81.52612852301351,189.09132924286513,jaxson hayes
1630643,Jay Huff,1610612763,MEM,27.0,64,748.0316666666666,439,129,38,16,56,34,25,111.0,110.1,0.666,0.194,0.108,112.2,109.9,2.3,32.826952513151184,682.1,0.017492418484495724,-0.11280372696511748,1.1500690627176626,0.0187915153084679,2.0399726287487283,0.011173378898548468,0.4171584345609212,0.3488950464558954,0.5831075320551038,False,0.4796120590951153,68.42483650339392,55.588226972012265,jay huff,2088033.0,False,False,MEM,165903638,0.0,165903638.0,2088033.0,0.010804998447724966,97.0358118011312,225.0644176297035,jay huff
1627759,Jaylen Brown,1610612738,BOS,28.0,63,2157.9283333333333,1398,368,286,73,19,162,402,121.1,111.7,0.555,0.282,0.114,119.6,110.2,9.4,33.82911233536486,2027.8,-0.005874876223568066,6.731972827007593,0.8920970622090458,1.1175115606637038,-0.6393407353729468,2.0452123078189133,0.3225833874837356,0.5509578146735957,0.9903921017210886,False,0.70393347855746,75.92628993732544,75.5980185056396,jaylen brown,49205800.0,False,False,BOS,195348491,62004341.25,257352832.25,64823904.849754125,0.3354459394449533,39.65157048793973,91.96767105180501,jaylen brown
1641740,Jaylen Clark,1610612750,MIN,23.0,40,521.9933333333333,163,53,26,36,2,8,44,115.2,109.6,0.598,0.115,0.057,115.5,110.7,4.7,21.276133794812193,308.5,0.00254921714287117,1.773254538593061,0.837033139999206,-1.1886526121103071,0.3265727868937312,0.5716468880200054,0.30239641748318263,-1.3686384833945557,0.48710337400771203,False,-0.5276622841864056,29.88668775227624,22.98873616267386,jaylen clark,907334.0,False,False,MIN,203708244,98747659.0,302455903.0,1347164.5472168617,0.006971207275703161,46.7816103078914,108.50505276653512,jaylen clark
1641798,Jaylen Martin,1610612764,WAS,21.0,16,238.6266666666667,78,44,17,9,0,12,-131,93.6,120.7,0.497,0.155,0.074,94.3,119.3,-25.0,20.457059842431697,135.60000000000002,-0.012219098633521462,-5.779106967895668,-2.5720094883798827,-1.3850818724657459,-1.3667745312107886,-1.6726626505524023,-0.9473918015150864,-0.7961273067777389,0.3293427798915086,False,-1.1831330076414999,11.837821905402796,8.265217576355216,jaylen martin,175480.0,False,False,WAS,173806822,4489233.0,178296055.0,180012.44928924597,0.002,26.038242153311188,60.39297963875913,jaylen martin
1629669,Jaylen Nowell,1610612764,WAS,25.0,8,168.075,67,20,18,1,4,8,-42,100.9,114.0,0.43,0.215,0.06,100.5,113.5,-12.9,22.532797858099066,105.2,-0.031354072298110415,-2.8298348289977144,-0.4531479463013034,-1.2419197842813179,-3.5608064592609483,-0.7962374969779026,-0.17059653033438255,-1.2676070992857058,0.2764013879717815,False,-1.3699081488420262,8.53577878247575,5.7563638266650345,jaylen nowell,473929.0,False,False,WAS,173806822,4489233.0,178296055.0,486170.0483200539,0.002515796741444486,16.735152039265554,38.815435020845975,jaylen nowell
1631301,Jaylen Sims,1610612766,CHA,26.0,6,111.80833333333334,42,6,12,3,1,8,-47,100.4,120.4,0.607,0.159,0.057,100.3,120.7,-20.3,19.447566520086454,60.39999999999999,0.004955569788839272,-2.11409611332303,-1.5864945491723366,-1.5228106125284997,0.6024871742321583,-0.5835438613072388,-0.5860924295403742,-1.3686384833945557,0.22543728550745482,False,-0.8763665656428099,19.041539414344822,12.404549508743552,jaylen sims,2233305.384461386,False,True,CHA,168575524,0.0,168575524.0,2233305.384461386,0.011556743218330882,21.149809208907055,49.054770648360936,jaylen sims
1642377,Jaylen Wells,1610612763,MEM,21.0,79,2043.4816666666663,823,268,135,44,8,69,186,116.7,111.9,0.56,0.156,0.065,114.6,111.0,3.6,21.418738770187158,1215.8,-0.00246993152793127,2.837512169029991,0.43288159929744846,-0.49054623896060945,-0.24892695658122965,0.8879087022136101,0.15423052772450288,-1.099221459104289,0.9637713956277717,True,-0.3334211564679065,36.94081976889302,36.33857831382617,jaylen wells,1157153.0,False,False,MEM,165903638,0.0,165903638.0,1157153.0,0.005987949600787099,77.98991626176615,180.88945471407,jaylen wells
1631119,Jaylin Williams,1610612760,OKC,23.0,47,784.055,278,262,120,22,29,35,302,121.0,103.0,0.594,0.141,0.124,121.2,103.1,18.1,31.53452245059339,686.8,0.0025615618882159556,5.624801615005487,5.397046664278584,-0.0811149910700178,0.3279882456189361,1.716198010794835,1.9741417731072317,0.8877290950364292,0.5969829447845527,False,0.8487891851715748,80.20006954709184,65.65517141146749,jaylin williams,1863016.4087993947,False,True,OKC,166418720,0.0,166418720.0,1863016.4087993947,0.009640599265032497,119.27526723317725,276.64650873925444,jaylin williams
1642281,Jaylon Tyson,1610612739,CLE,22.0,47,452.96,167,96,44,13,3,26,-2,108.4,108.8,0.523,0.164,0.075,108.3,108.5,-0.2,23.366301660190743,294.0,-0.008664594683209802,-1.6960352241253924,1.5584756057069977,-1.0323014415676997,-0.9592121644124265,-0.4593101311654545,0.5668842495861717,-0.7624501787414555,0.4537520348063566,False,-0.614556120913118,26.942394992760182,20.319642193752784,jaylon tyson,3326160.0,False,False,CLE,165110486,0.0,165110486.0,3326160.0,0.01721196630363834,30.136530706359647,69.8985313453877,jaylon tyson
1628369,Jayson Tatum,1610612738,BOS,27.0,72,2623.8166666666666,1932,623,431,76,38,209,534,119.6,109.8,0.582,0.301,0.158,118.0,108.2,9.8,40.092587769724766,2922.1,0.0018562987826454063,5.6543005480477335,2.56920598649771,2.2957767072646935,0.2471221938322463,1.7249641082264187,0.9374278479501746,2.0327514482700635,1.0,True,1.6201967337985184,94.74049885838879,94.74049885838879,jayson tatum,34848340.0,False,False,BOS,195348491,62004341.25,257352832.25,45909333.37801399,0.23756821653945565,56.06962075219664,130.0476216674921,jayson tatum
1641789,Jazian Gortman,1610612742,DAL,22.0,16,56.61666666666667,24,5,6,2,1,5,11,103.8,99.2,0.485,0.195,0.031,112.4,102.4,10.1,22.44568737120989,35.3,-0.017712414409914102,-0.29987871105338393,1.0963733595609444,-1.301797133909979,-1.9966426677199804,-0.04441905677297673,0.3974730669866228,-2.244243812337923,0.1604208480368075,False,-1.2452607258048216,10.651796359855398,6.6274345902439915,jazian gortman,1157153.0489437233,True,True,DAL,174411922,5396883.0,179808805.0,1192959.1999604097,0.006173236871146885,14.072906107514617,32.64063399537976,jazian gortman
1630288,Jeff Dowtin Jr.,1610612755,PHI,28.0,41,620.77,285,60,78,24,12,15,-103,107.6,116.7,0.57,0.176,0.106,108.1,115.8,-7.8,28.53230665141679,492.0,-0.0010265894161276047,-2.2200566186459567,-2.3601859282590003,-0.4688876785922248,-0.08343215465960853,-0.6150317836748161,-0.8697352219987355,0.28154079038332863,0.5311950506341168,False,-0.26798955658303175,39.43536787267182,31.11599483522402,jeff dowtin,2592022.8296339405,True,True,PHI,171403241,883861.5,172287102.5,2605388.9082032163,0.013482173466059013,50.26730380220522,116.5897542985961,jeff dowtin
201145,Jeff Green,1610612745,HOU,38.0,32,396.44666666666666,172,58,20,6,4,9,-38,112.2,116.1,0.649,0.144,0.085,109.9,115.2,-5.3,22.62902113777389,249.19999999999996,0.010536063204986514,-0.4812499197441628,-1.6191379621202024,-1.1252303111657973,1.2423511711165132,-0.09831652094195165,-0.5980598225528625,-0.4256788983786216,0.4245032747848128,False,-0.327115023161781,37.179044474973566,27.550656221083877,jeff green,8000000.0,False,False,HOU,163038023,0.0,163038023.0,8000000.0,0.041397807209847606,30.054378320330123,69.70798747735145,jeff green
203924,Jerami Grant,1610612757,POR,31.0,47,1523.5866666666666,677,163,101,41,46,65,-202,107.4,113.4,0.523,0.192,0.07,105.4,112.5,-7.1,24.1884500608214,1023.7,-0.010143915726684646,-4.2977865954845536,-0.7237014624653608,-0.41421178175163875,-1.1288323404373726,-1.2324637222267965,-0.26978408354816297,-0.930835818922872,0.8321895180422509,False,-0.7774657130466212,21.84420278499954,20.194643996199428,jerami grant,29793104.0,False,False,POR,167012048,0.0,167012048.0,29793104.0,0.15417114694686745,13.904423431835003,32.249856048777524,jerami grant
1630526,Jeremiah Robinson-Earl,1610612740,NOP,24.0,66,1238.9,418,315,88,39,7,51,-331,107.2,119.0,0.563,0.14,0.087,106.1,119.2,-13.1,22.958753733150374,790.1,-0.001796605217374232,-3.8246408960532743,-5.144830407544103,-0.6894536657185603,-0.17172280416098154,-1.091860626697564,-1.890613000216441,-0.3583246423060553,0.75042412250431,True,-0.7529902737827047,22.572787935321543,20.037657424904644,jeremiah robinson earl,2196970.0,False,False,NOP,172778396,2946594.0,175724990.0,2234437.5235448997,0.011562601727770136,34.15823079221774,79.22644411186212,jeremiah robinson earl
1631110,Jeremy Sochan,1610612759,SAS,22.0,54,1363.9683333333332,617,352,128,45,27,84,-88,111.9,114.5,0.589,0.184,0.101,111.2,113.7,-2.5,28.452273452096275,1078.0,0.0024227474285938707,-0.31334053067129347,-1.552199458029348,-0.031780316614461034,0.3120716647119288,-0.048419459845453865,-0.5735195152203328,0.11315515020191215,0.7873916471874756,False,-0.020478630646120308,49.183077938807585,44.47754800473864,jeremy sochan,5570040.0,False,False,SAS,162395330,0.0,162395330.0,5570040.0,0.028823430258892446,55.07413996356444,127.73870808397682,jeremy sochan
1630579,Jericho Sims,1610612749,MIL,26.0,53,631.245,98,197,33,10,19,33,25,111.5,109.1,0.639,0.074,0.07,112.6,110.8,1.9,16.875222774041774,295.9,0.004674365813673625,0.14050440498552252,0.9925861678443015,-1.5504977781434492,0.5702440935453102,0.08644809346912909,0.35942367200089637,-0.930835818922872,0.5356580489963214,False,-0.5144578113604236,30.34659746626398,24.005558243050242,jericho sims,2092344.0,False,False,MIL,182559432,32359012.0,214918444.0,2463216.0161011894,0.01274646771884574,39.54970347121033,91.73140115958353,jericho sims
1642399,Jesse Edwards,1610612750,MIN,25.0,2,4.666666666666667,0,0,1,0,0,0,-10,72.7,150.0,0.0,0.0,-0.043,81.0,186.7,-105.8,10.799999999999999,1.4,-0.0,-0.3165091528002792,-0.5559424110617465,-2.2597337740069965,0.034277438019400794,-0.04936106848827431,-0.20828198195248662,-4.736351287022892,0.046056618647183835,False,-2.0193436714718205,2.1725755884661737,1.239944242068471,jesse edwards,2163876.201524763,True,True,MIN,203708244,98747659.0,302455903.0,3212816.1220239187,0.01662544280252955,1.8614415266383244,4.317418954593801,jesse edwards
1641724,Jett Howard,1610612753,ORL,21.0,60,701.1066666666667,267,70,44,13,11,36,-86,103.0,108.7,0.491,0.181,0.045,101.9,109.4,-7.5,19.39904531882928,377.80000000000007,-0.015354753888176677,-5.585125672585582,1.622033031044573,-1.286470606960883,-1.7263113596728716,-1.6150178899043564,0.590185020528579,-1.7727640198299564,0.5645217874314936,False,-1.266118492046505,10.27353315188454,8.26027821769885,jett howard,5278165.0,False,False,ORL,152308863,0.0,152308863.0,5278165.0,0.027313057136470663,10.422764739658312,24.174512818320753,jett howard
1628975,Jevon Carter,1610612741,CHI,29.0,36,320.5733333333333,153,39,40,13,3,11,37,114.8,111.5,0.509,0.2,0.082,115.1,112.3,2.8,28.69234288566319,255.50000000000003,-0.013366578881963177,1.200058315769289,-0.03172268771957571,-0.6350713083835686,-1.4983455668452466,0.40131211931861177,-0.016097927418944398,-0.5267102824874718,0.38172654022893343,False,-0.4837506180839706,31.428143250536543,22.68410916277608,jevon carter,6500000.0,False,False,CHI,165722496,0.0,165722496.0,6500000.0,0.03363571835800118,26.610886981936947,61.72116943251747,jevon carter
202710,Jimmy Butler III,1610612744,GSW,35.0,55,1746.135,964,296,298,77,18,74,246,115.9,109.6,0.626,0.203,0.145,115.4,109.5,5.9,34.84679019663429,1690.2000000000003,0.010183922434807376,2.869985126173186,1.8337196773217657,0.9434676753306158,1.2019744187632562,0.8975585802550028,0.6677914060968001,1.5949487837983793,0.8908971474153048,False,1.1294502147394265,87.06460199667261,82.79005360002795,jimmy butler,48798677.0,False,False,GSW,170316619,0.0,170316619.0,48798677.0,0.2525197778177031,47.96148746934067,111.2416544529351,jimmy butler
1629111,Jock Landale,1610612745,HOU,29.0,42,500.0233333333333,200,137,37,13,10,21,-25,110.5,112.6,0.59,0.148,0.097,109.6,112.0,-2.4,26.41556727352724,366.90000000000003,0.002096731627347244,-0.9741247763611192,-0.17060435013541508,-0.7330223046892739,0.27469042293328644,-0.24478246289634104,-0.06701329705301085,-0.021553361943221407,0.4767424182232302,False,-0.19528738530769477,42.25839860092307,32.307986243168045,jock landale,2754024.2564860615,False,True,HOU,163038023,0.0,163038023.0,2754024.2564860615,0.014251320652656736,51.189215009829965,118.72803093274842,jock landale
204060,Joe Ingles,1610612750,MIN,37.0,19,114.08666666666667,15,11,23,2,0,9,2,108.9,113.1,0.326,0.113,0.025,108.2,114.2,-6.0,14.736165488225321,46.69999999999999,-0.028231117068309195,-0.636900944378071,-0.345778861271712,-1.9103441628238451,-3.2027258261668403,-0.1445708056414218,-0.13123397838576992,-2.4463065805556234,0.22772258508451848,False,-1.733257606401753,4.152494607974217,2.709399597390655,joe ingles,3303771.0,False,False,MIN,203708244,98747659.0,302455903.0,4905275.414922398,0.02538345574227033,3.5075039588004366,8.13528862353576,joe ingles
203954,Joel Embiid,1610612755,PHI,31.0,19,574.3933333333333,452,155,85,14,18,62,-57,104.0,109.5,0.58,0.342,0.169,104.3,107.9,-3.6,41.334045195510626,659.5,0.001425150111842953,-4.1316608857111605,1.7956849168793838,0.6827102486565859,0.19768633015883313,-1.1830967110308668,0.6538474926010888,2.403199856669181,0.510967590741212,False,0.8419030859242589,80.00788985662595,62.40098684529206,joel embiid,51415938.0,False,False,PHI,171403241,883861.5,172287102.5,51681070.49002443,0.267435374068072,35.43094447590413,82.17837040290276,joel embiid
1628381,John Collins,1610612762,UTA,27.0,40,1220.4916666666666,758,327,80,39,40,103,-16,112.4,113.3,0.628,0.234,0.129,111.8,113.0,-1.3,33.05061484784138,1120.5,0.012207102708103084,0.09349409010858817,-0.8663019730248015,0.36849969099346064,1.4339539445060414,0.07247819835765314,-0.3220628191194651,1.0561147352178462,0.7448281274186276,False,0.5866147418753533,72.12687602027484,63.84473851238273,john collins,26580000.0,False,False,UTA,154060898,0.0,154060898.0,26580000.0,0.13754421445471868,45.74969125135117,106.11162443126032,john collins
1629723,John Konchar,1610612763,MEM,29.0,46,558.2233333333334,112,151,42,30,14,16,58,113.2,107.8,0.592,0.077,0.094,112.5,106.2,6.3,22.449079520144267,348.1,0.0012448671304441743,0.4598810103334508,2.6685669245122585,-1.0647827884574805,0.1770149342005001,0.18135615118900894,0.9738545352334148,-0.12258474605207158,0.5037240105334257,False,-0.10313727783655305,45.892700966610825,35.643750454936544,john konchar,6165000.0,False,False,MEM,165903638,0.0,165903638.0,6165000.0,0.03190218518108882,42.595538485763605,98.7958969475046,john konchar
1631098,Johnny Davis,1610612764,WAS,23.0,34,241.65833333333333,80,38,11,15,6,7,-26,104.7,107.2,0.473,0.15,0.067,103.7,109.1,-5.4,23.41818683402876,157.2,-0.015424934161472385,-2.544187132112011,1.159581790432081,-1.131684974491566,-1.734358287932565,-0.7113525440739628,0.42064589315972184,-1.0318672030317222,0.3314282682115347,False,-0.896241145359429,18.506199245317926,12.93847449009886,johnny davis,5291160.0,False,False,WAS,173806822,4489233.0,178296055.0,5427824.659113783,0.028087504850856152,16.166698432810836,37.49696632860235,johnny davis
1642277,Johnny Furphy,1610612754,IND,20.0,50,379.4966666666666,103,71,19,18,11,12,22,106.1,105.4,0.506,0.118,0.059,107.8,106.3,1.5,21.25868474909749,224.09999999999997,-0.008240281540358274,-2.066076612342315,2.5711802472380767,-1.2539276414848164,-0.9105600680350804,-0.5692740697995212,0.9381516311595721,-1.3012842273219893,0.4153293691138213,False,-0.7851195545690552,21.619173782559802,15.931130593950575,johnny furphy,1850842.0,False,False,IND,169543082,0.0,169543082.0,1850842.0,0.009577600036486096,29.00845664226079,67.28208152581065,johnny furphy
1630548,Johnny Juzang,1610612762,UTA,24.0,64,1269.83,571,184,68,39,8,36,-357,107.2,120.3,0.573,0.174,0.071,105.6,119.9,-14.3,23.99565296142003,846.4,-0.0004929236273079724,-4.066862696884248,-5.855555355338645,-0.5638354554670978,-0.022241593329222757,-1.163840854019585,-2.1511716859035483,-0.8971586908865891,0.7597338050563859,False,-0.9106945911206046,18.122815740589548,16.16338074974449,johnny juzang,3087519.0,False,False,UTA,154060898,0.0,154060898.0,3087519.0,0.015977064539842684,24.6051562107844,57.06908666480096,johnny juzang
202685,Jonas Valančiūnas,1610612758,SAC,33.0,81,1523.763333333333,843,627,164,37,46,120,-304,109.2,118.8,0.602,0.222,0.147,108.7,119.3,-10.7,35.837848834792815,1516.9,0.005809097441020868,-2.2649837679594507,-5.422039949774746,0.8916433385161098,0.7003533617266129,-0.6283826315729883,-1.9922407173912449,1.6623030398709462,0.8322377646860882,True,0.43356124850466815,66.76964599405022,61.729004715664026,jonas valanciunas,9900000.0,False,False,SAC,167811057,0.0,167811057.0,9900000.0,0.05122978642218642,62.49917049840354,144.96028991225236,jonas valanciunas
1628371,Jonathan Isaac,1610612753,ORL,27.0,71,1090.015,380,314,40,61,80,33,-38,105.9,106.6,0.512,0.155,0.108,105.6,106.8,-1.2,29.849864451406628,903.8,-0.009894098633521461,-4.242246323060241,3.550261397762514,-0.05174143223719738,-1.100188105635679,-1.2159590086918712,1.297092313561811,0.3488950464558954,0.7038901644691192,True,-0.06112506423739167,47.56298040469962,41.225240567452275,jonathan isaac,27600000.0,False,False,ORL,152308863,0.0,152308863.0,27600000.0,0.14282243487397425,29.154279743819217,67.62030295993918,jonathan isaac
1630228,Jonathan Kuminga,1610612744,GSW,22.0,47,1144.08,719,217,104,38,21,71,8,110.0,108.9,0.535,0.271,0.11,109.1,107.8,1.3,32.80994336060415,1042.6999999999998,-0.011065714385060097,-1.7036527065556224,2.5460799099822338,0.29035010981953907,-1.2345265380443589,-0.46157379246707314,0.9289496031373672,0.4162493025284622,0.7211354682972982,False,0.08238970910731366,53.283159041436946,46.596706604258046,jonathan kuminga,7636307.0,False,False,GSW,170316619,0.0,170316619.0,7636307.0,0.03951579562265122,51.66582114450164,119.83346901944637,jonathan kuminga
1642367,Jonathan Mogbo,1610612761,TOR,23.0,63,1285.655,389,311,146,55,34,70,-241,103.7,111.9,0.496,0.145,0.083,103.8,112.2,-8.4,25.259964765041943,902.1,-0.011575769689423303,-5.866631200674766,-0.13046284765833668,-0.4204661558997689,-1.2930099016726648,-1.6986719286190828,-0.05229703141552417,-0.4930331544511884,0.7644531616545492,False,-0.7096233145663895,23.896887889969637,21.36391151501952,jonathan mogbo,1862265.0,False,False,TOR,170516134,0.0,170516134.0,1862265.0,0.009636710930455858,38.817141338447776,90.0322999027643,jonathan mogbo
203903,Jordan Clarkson,1610612762,UTA,33.0,37,962.47,600,118,138,31,9,86,-204,107.5,117.5,0.54,0.269,0.102,105.9,116.9,-11.0,31.479007137884818,841.6,-0.009639048596240464,-3.532882996558004,-3.449300481628593,0.03160124252713464,-1.07094385712749,-1.0051599257011263,-1.2690152212013492,0.14683227823819509,0.6614275195638323,False,-0.4498178565012527,32.642089062117606,27.66881818494685,jordan clarkson,14092577.0,False,False,UTA,154060898,0.0,154060898.0,14092577.0,0.07292522321699157,24.75718491952699,57.421701355821135,jordan clarkson
1630692,Jordan Goodwin,1610612747,LAL,26.0,29,542.575,161,112,42,30,11,26,-11,111.2,112.4,0.541,0.134,0.08,111.5,113.2,-1.6,23.20932589964521,349.8,-0.004667607850915324,-0.2748870222454538,-0.510634717905616,-1.0026356692846374,-0.5009143438996678,-0.036992361754672715,-0.19167174051251845,-0.5940645385600386,0.4966135318333563,False,-0.5383150458141999,29.517978287555767,22.8314504106392,jordan goodwin,364102.0,False,False,LAL,192057940,49664775.0,241722715.0,458256.1073857712,0.0023713497482864224,67.76460433190493,157.17291303878878,jordan goodwin
1641722,Jordan Hawkins,1610612740,NOP,23.0,56,1320.5,604,158,66,30,23,58,-317,106.6,118.1,0.504,0.204,0.066,105.7,117.1,-11.4,22.840439227565316,837.8,-0.014653910459602439,-4.241995884842144,-4.0628319560502515,-0.6628234079747946,-1.6459520717109746,-1.2158845868198227,-1.4939418332459198,-1.0655443310680055,0.7747433592663268,False,-1.138735925080608,12.740665696230401,11.44920189628078,jordan hawkins,4525706.0,False,False,NOP,172778396,2946594.0,175724990.0,4602888.208274257,0.023818684831827325,15.15555556184017,35.151726183017395,jordan hawkins
1629162,Jordan McLaughlin,1610612759,SAS,29.0,46,314.27666666666664,98,30,51,16,1,16,57,118.0,108.9,0.6,0.134,0.083,118.9,109.3,9.7,23.505403943446854,205.19999999999996,0.0032383921490846683,2.5595952777979294,1.0647808923046942,-1.0883741121610153,0.4055941638839077,0.8053210864875067,0.38589096089699504,-0.4930331544511884,0.3779590325723547,False,-0.1804825426853489,42.83868791362582,30.847349420720565,jordan mclaughlin,2425403.0,False,False,SAS,162395330,0.0,162395330.0,2425403.0,0.012550795725023253,51.09763279860387,118.51561557132408,jordan mclaughlin
1641757,Jordan Miller,1610612746,LAC,25.0,37,420.31,152,58,34,17,5,26,-63,103.8,109.8,0.509,0.175,0.07,103.5,109.8,-6.3,21.515548047869434,251.20000000000002,-0.011695756521717778,-3.7852626435204915,0.9585317092570467,-1.2128541603065577,-1.3067676912371655,-1.080158725551054,0.34693897591865575,-0.930835818922872,0.4370926675202868,False,-0.8884624018839355,18.714603580814483,13.974039169773278,jordan miller,1471445.0,False,False,LAC,174124752,8276880.0,182401632.0,1541388.954272509,0.007976265345545243,27.127512242500732,62.919427696588876,jordan miller
1629673,Jordan Poole,1610612764,WAS,26.0,68,2000.8866666666668,1391,203,303,86,27,204,-558,104.8,117.9,0.591,0.281,0.107,103.3,117.0,-13.7,34.45292586953117,1914.9,0.0042619566708417276,-6.407131123763911,-4.369347835114762,1.082001685989591,0.5229569196691596,-1.859290449322099,-1.6063135388390726,0.315217918419612,0.9536739167000109,True,-0.07633126325052049,46.957777695714,45.97886123121269,jordan poole,29651786.0,False,False,WAS,173806822,4489233.0,178296055.0,30417657.987580203,0.1574030426431158,31.428343211978042,72.89475535657677,jordan poole
1641775,Jordan Walsh,1610612738,BOS,21.0,52,403.0033333333333,82,69,19,12,11,17,25,111.8,108.0,0.464,0.11,0.045,113.5,108.3,5.2,16.21326539896279,181.5,-0.012301618385079744,0.4069273890731508,1.6596710585835561,-1.690073542090934,-1.3762363142676781,0.16562010396797283,0.603983487879197,-1.7727640198299564,0.427999221183092,False,-1.0453424998347967,14.793235087581714,10.985451191488457,jordan walsh,1891857.0,False,False,BOS,195348491,62004341.25,257352832.25,2492339.483502784,0.012897173679942427,18.024477182270076,41.80588985457638,jordan walsh
1630631,Jose Alvarado,1610612740,NOP,27.0,56,1365.9,579,136,259,74,14,86,-232,108.4,117.1,0.523,0.193,0.09,107.3,116.0,-8.7,29.181638480122988,1107.1999999999998,-0.010196748621094463,-3.051262111741962,-3.324307888710489,0.048708023447634835,-1.134890203866835,-0.8620382882054041,-1.2231917196731887,-0.2572932581972051,0.7879490061949671,False,-0.548029003359067,29.18359940454328,26.398814339099665,jose alvarado,1988598.0,False,False,NOP,172778396,2946594.0,175724990.0,2022511.9097877261,0.010465944765126623,46.599347728083536,108.08231377338677,jose alvarado
1630528,Josh Christopher,1610612748,MIA,23.0,14,69.35,28,9,8,5,3,6,-5,105.7,108.2,0.416,0.235,0.063,111.5,110.0,1.4,28.08363374188897,54.1,-0.037560730186306734,-0.3323104488204381,0.3189843308035441,-0.8362303397961486,-4.272466993102589,-0.054056685792792936,0.11247468015757266,-1.1665757151768557,0.17754640878577993,False,-1.1911376493127654,11.67997759283288,7.35716981039572,josh christopher,1863016.4087993947,True,True,MIA,176102077,8004134.75,184106211.75,1947693.629145248,0.010078780670400425,13.15939283001418,30.521835481909278,josh christopher
1630581,Josh Giddey,1610612741,CHI,22.0,70,2116.641666666667,1022,566,503,84,45,202,-68,113.1,114.4,0.57,0.214,0.13,113.3,113.2,0.1,35.961873565435816,2114.4000000000005,-0.0012482394037006104,1.0611318716666194,-1.4408406581295718,1.3537900552587483,-0.10884672580621285,0.360027821236259,-0.5326942949552815,1.0897918632541295,0.9808719837393912,True,0.6231580928621406,73.34096812150817,72.70967786764952,josh giddey,8352367.0,False,False,CHI,165722496,0.0,165722496.0,8352367.0,0.043221209851486656,78.1297020674073,181.21367327168872,josh giddey
1630182,Josh Green,1610612766,CHA,24.0,68,1887.503333333333,506,172,108,74,15,70,-364,105.3,114.2,0.559,0.115,0.043,104.1,113.8,-9.7,16.63912293311623,872.3999999999999,-0.001935782857128821,-5.793503809959149,-1.6295362655263574,-1.133074193931148,-0.18768102760276914,-1.6769409110594806,-0.6018719418224772,-1.840118275902523,0.9262591757203059,True,-1.205278113326253,11.404797794852966,11.026348159291903,josh green,12654321.0,False,False,CHA,168575524,0.0,168575524.0,12654321.0,0.06548264264119075,10.244845224532561,23.761847109512107,josh green
1628404,Josh Hart,1610612752,NYK,30.0,77,2896.83,1051,737,453,119,27,158,203,117.9,114.3,0.611,0.151,0.119,115.9,113.3,2.6,28.529530555814464,2295.7000000000003,0.005310232944117799,4.0864624162793195,-1.5360710830581645,0.8960210737527899,0.6431531453499615,1.259054992111911,-0.5676066959253286,0.7193434548550123,1.0,True,0.6399985211251827,73.89132195805146,73.89132195805146,josh hart,18144000.0,False,False,NYK,191906878,49098292.5,241005170.5,22786040.079042923,0.11791151178350996,55.881317037882184,129.61087089462742,josh hart
1631169,Josh Minott,1610612750,MIN,22.0,46,276.275,119,47,18,15,12,11,-16,104.0,107.0,0.605,0.16,0.095,106.7,107.1,-0.4,28.497692516514345,218.7,0.004666736894429455,-2.237961529787791,1.7221207250052968,-0.6785058678957768,0.5693693553464696,-0.6203525251181892,0.6268781436175951,-0.08890761801578818,0.3543720438388805,False,-0.10991450630179936,45.62385889432585,32.36864144776874,josh minott,1157153.0489437233,False,True,MIN,203708244,98747659.0,302455903.0,1718083.4877133253,0.008890611124347353,60.49455359260731,140.31079063874367,josh minott
1629006,Josh Okogie,1610612766,CHA,26.0,40,624.9783333333334,283,113,33,48,19,31,-13,108.8,109.3,0.567,0.185,0.1,108.1,108.7,-0.5,29.29061540800081,508.5,-0.0016340854658159487,-1.9600831856458087,1.643752040327966,-0.3956942878620442,-0.15308815484774388,-0.5377763642995178,0.5981474207944875,0.07947802216562876,0.5329925521112473,False,-0.08898773006873859,46.454583070929374,36.69199674371852,josh okogie,8250000.0,False,False,CHA,168575524,0.0,168575524.0,8250000.0,0.04269148868515535,39.597681767373246,91.8426818000434,josh okogie
1626196,Josh Richardson,1610612748,MIA,31.0,8,149.49,32,12,12,8,1,8,-31,104.1,114.7,0.402,0.134,0.015,102.7,116.3,-13.6,15.797712221553278,65.6,-0.02329360785091533,-1.9905156819416767,-0.8656975449798426,-1.8110590339577475,-2.636586930033857,-0.5468198855426025,-0.3218412299132952,-2.783077860918457,0.2606722079547415,False,-1.8134753235884373,3.4879270610674995,2.3275024252742256,josh richardson,3051153.0,False,False,MIA,176102077,8004134.75,184106211.75,3189833.0211042752,0.016506511554910067,3.5029073982620718,8.124627382067644,josh richardson
201950,Jrue Holiday,1610612738,BOS,35.0,62,1896.0683333333332,686,265,239,66,27,77,339,116.6,107.7,0.565,0.156,0.088,115.7,106.4,9.3,24.635188077785525,1297.5,-0.0016899315279312868,3.285419130630085,3.93984740972377,-0.17122315927530007,-0.15949151058184002,1.0210116880079747,1.4399183386699819,-0.3246475142697719,0.9283583588379233,False,0.20501573331466097,58.12200836491361,56.248228134809345,jrue holiday,30000000.0,False,False,BOS,195348491,62004341.25,257352832.25,39522112.13906945,0.2045160973573969,35.081010287145084,81.36673464760877,jrue holiday
1630577,Julian Champagnie,1610612759,SAS,24.0,82,1932.128333333333,815,318,111,61,35,74,-67,112.3,114.5,0.577,0.164,0.079,112.0,113.8,-1.8,24.102746798219933,1293.6000000000001,0.00019140531679018747,0.16825463607243488,-1.7327867493482048,-0.21679872669021377,0.0562241301652793,0.09469453509833832,-0.6397245744684268,-0.6277416665963219,0.9371446801402393,True,-0.3158430680321713,37.60608132588245,36.54239730419772,julian champagnie,2082875.488098702,False,True,SAS,162395330,0.0,162395330.0,2082875.488098702,0.010778309737303413,63.84430647488153,148.0801921376208,julian champagnie
1641763,Julian Phillips,1610612741,CHI,21.0,79,1122.905,366,169,39,38,20,27,30,112.9,111.1,0.571,0.126,0.055,113.5,111.0,2.5,20.027696020589453,624.7,-0.0006089446956368079,0.9353217717193664,0.5942122207117263,-1.0492784904331574,-0.0355446651129603,0.32264126246020236,0.21337590429701692,-1.4359927394671226,0.7144307969540252,True,-0.6180465692017871,26.827232070457562,23.37976799342707,julian phillips,1891857.0,False,False,CHI,165722496,0.0,165722496.0,1891857.0,0.009789841419325084,42.24609650029287,97.98540280626403,julian phillips
1631124,Julian Strawther,1610612743,DEN,23.0,65,1383.47,588,142,83,39,16,57,-71,111.9,114.4,0.559,0.173,0.057,111.8,113.3,-1.5,21.899715931679037,841.5999999999999,-0.0029120907328981393,-0.05009812753086249,-1.3524218525014986,-0.7352556803814174,-0.29962529722090697,0.029807388249304255,-0.5002790999407193,-1.3686384833945557,0.7930006305167733,True,-0.7099200164505693,23.887686851625933,21.662555599111236,julian strawther,2552596.0,False,False,DEN,185864258,28913338.5,214777596.5,2949681.87867252,0.015263795217958263,33.507781445214135,77.71779487439287,julian strawther
203944,Julius Randle,1610612750,MIN,30.0,69,2225.526666666666,1288,487,323,47,16,196,166,115.0,111.6,0.593,0.246,0.124,114.3,110.4,3.9,31.41530544080952,1942.1,0.004223107975185284,2.1816528547162575,0.8318997391696238,0.8594155090080744,0.5185024960505331,0.6930092242408964,0.3005144627587683,0.8877290950364292,1.0,True,0.707976533220477,76.05200847583957,76.05200847583957,julius randle,33073920.0,False,False,MIN,203708244,98747659.0,302455903.0,49106516.96231676,0.25411276524413756,43.96117468301585,101.96334729108008,julius randle
1630551,Justin Champagnie,1610612764,WAS,24.0,62,1340.5333333333333,544,351,60,65,39,54,-288,107.1,116.8,0.614,0.15,0.101,107.2,115.9,-8.7,27.367913268350907,1019.1,0.005725065838527615,-3.45830512735732,-3.176435252895674,-0.163165759013279,0.6907182285893979,-0.9829978743917845,-1.1689801716523154,0.11315515020191215,0.7805980613179444,False,-0.22603386731095143,41.05875397900248,37.00498737871426,justin champagnie,2224662.0,False,False,WAS,173806822,4489233.0,178296055.0,2282122.49521719,0.0118093583857822,62.61796132078431,145.2358128018189,justin champagnie
1642348,Justin Edwards,1610612755,PHI,21.0,44,1154.72,445,148,69,45,16,49,-280,111.6,123.2,0.559,0.165,0.062,110.4,122.7,-12.3,22.060412913953165,707.6,-0.002777427577619613,-0.7175158536622969,-7.6770127377807125,-0.8238092533142052,-0.2841847083080604,-0.16852686358466157,-2.8189356965477645,-1.2002528432131392,0.7244810054602724,False,-1.056775256558566,14.530708471286808,12.729139686705327,justin edwards,782721.0,False,False,PHI,171403241,883861.5,172287102.5,786757.1953082411,0.0040712528365413735,31.268863447046236,72.52485871994472,justin edwards
1631303,Justin Minaya,1610612757,POR,26.0,19,100.67333333333332,18,10,7,6,1,5,-12,95.0,101.9,0.411,0.107,0.02,99.6,106.5,-6.9,15.376465134759291,43.0,-0.017637119701850303,-2.3712503751231893,1.2132285728100691,-1.8618862055696428,-1.9880093141339807,-0.6599615171817345,0.4403133259002307,-2.61469222073704,0.21391728789559308,False,-1.5810278434258453,5.693583576685208,3.6795511478859906,justin minaya,2233305.384461386,True,True,POR,167012048,0.0,167012048.0,2233305.384461386,0.011556743218330882,6.2736502198124695,14.55107559700031,justin minaya
203994,Jusuf Nurkić,1610612766,CHA,30.0,51,1062.8266666666666,453,398,115,40,34,97,-184,106.1,115.1,0.555,0.202,0.116,105.4,115.6,-10.2,30.91830590124448,912.8,-0.0042082446707828,-4.235595373130981,-2.3810506886293052,0.040602825099590956,-0.4482433812190894,-1.2139825685606642,-0.877384446295889,0.6183120707461626,0.6950561346416779,False,-0.18529723191259997,42.64979545251192,36.79718838559807,jusuf nurkic,18125000.0,False,False,CHA,168575524,0.0,168575524.0,18125000.0,0.09379190695981099,30.149119114212652,69.9277288409281,jusuf nurkic
1630231,KJ Martin,1610612762,UTA,24.0,43,911.4983333333332,274,125,48,17,22,24,-142,109.3,117.4,0.618,0.112,0.061,108.7,116.3,-7.6,18.81956266147863,476.5,0.00472271582610062,-1.91676675935065,-3.1262852394634306,-1.2581591602589501,0.57578794601388,-0.5249041694730958,-1.1505946884528802,-1.2339299712494225,0.6436749367828641,False,-0.8496754182263787,19.77527843964517,16.604386136580807,kj martin,7975000.0,False,False,UTA,154060898,0.0,154060898.0,7975000.0,0.041268439062316836,18.133196968767006,42.05805402962245,kj martin
1642354,KJ Simpson,1610612766,CHA,22.0,36,842.0833333333334,282,109,112,34,6,56,-278,101.0,116.4,0.437,0.188,0.06,99.3,116.2,-16.9,22.380207817911927,523.5000000000001,-0.026100584149045387,-7.484290741193449,-2.748962028479746,-0.9375446648173562,-2.9584371571274244,-2.179386303034226,-1.012264325577298,-1.2676070992857058,0.6186801690010368,False,-1.5371814638508932,6.21244391031995,5.146426282431766,kj simpson,1157153.0489437233,True,True,CHA,168575524,0.0,168575524.0,1157153.0489437233,0.005987949854057452,11.045268348313073,25.61834483820848,kj simpson
1630539,Kai Jones,1610612742,DAL,24.0,40,468.37,198,125,25,15,23,18,-21,107.0,109.2,0.804,0.128,0.131,107.8,109.9,-2.0,28.769562525353887,374.3,0.029205389515543575,-2.1417825338425156,1.1021832665457565,-0.5389757744071473,3.3829915879022128,-0.5917713405675235,0.3996030354542059,1.123468991290413,0.4614059541720876,False,0.6809202462036713,75.20390217891591,56.97693390745092,kai jones,2082875.488098702,True,True,DAL,174411922,5396883.0,179808805.0,2147326.5599287376,0.011111826368064395,98.48997746898206,228.43720282206843,kai jones
1626157,Karl-Anthony Towns,1610612752,NYK,29.0,72,2516.72,1759,920,222,71,50,192,378,119.4,112.7,0.63,0.265,0.161,117.5,112.2,5.3,38.638863282367524,2701.2,0.014354282981398792,5.29903066519325,-0.4181302620471552,2.0122125580213703,1.6801514129461659,1.6193897675155329,-0.1577587063444125,2.133782832378914,1.0,True,1.6144553603366099,94.67856539971635,94.67856539971635,karl anthony towns,49205800.0,False,False,NYK,191906878,49098292.5,241005170.5,61794826.43966988,0.3197712889394309,50.49817983391871,117.12524710952601,karl anthony towns
1631255,Karlo Matković,1610612740,NOP,24.0,42,790.585,325,209,46,22,41,43,-89,109.4,114.1,0.639,0.155,0.096,109.3,114.0,-4.7,27.590202192047652,605.8999999999999,0.00979090136647854,-1.5732273620017043,-1.3116541617376043,-0.4581012938323256,1.156910297566914,-0.42281573717503496,-0.48533326758053397,-0.0552304899795048,0.5994637755376201,False,-0.09378027653023108,46.26418498370018,37.92546809216,karlo matkovic,1407153.0,False,False,NOP,172778396,2946594.0,175724990.0,1431150.841644982,0.007405813328828764,75.56111413274989,175.25610217588414,karlo matkovic
202695,Kawhi Leonard,1610612746,LAC,34.0,37,1179.9566666666667,796,219,116,59,17,72,296,120.3,107.9,0.589,0.28,0.134,119.4,106.9,12.6,35.83962122902818,1174.6999999999998,0.003686789565251543,5.514891607878634,3.2300737002463906,0.6327910329372792,0.45700778298629124,1.6835364284318317,1.17970838621148,1.2245003753992632,0.7323550637456803,False,1.0235857604985392,84.6984513117788,74.49735109079751,kawhi leonard,49205800.0,False,False,LAC,174124752,8276880.0,182401632.0,51544758.11609828,0.26672999489605803,42.338313115092426,98.19928960043215,kawhi leonard
1630811,Keaton Wallace,1610612737,ATL,26.0,31,501.1666666666667,168,50,81,28,9,33,-19,106.2,108.4,0.503,0.164,0.074,107.9,108.6,-0.8,25.126970402394413,349.8,-0.011944594683209806,-2.3468336467008153,1.6913682999014847,-0.8491212880057725,-1.3352996809226887,-0.6527056811823607,0.6156040051599468,-0.7961273067777389,0.4772871570690231,False,-0.6569787175765303,25.559730054211617,19.54755043167824,keaton wallace,2233305.384461386,True,True,ATL,170057021,0.0,170057021.0,2233305.384461386,0.011556743218330882,33.32865589677986,77.30233189745002,keaton wallace
1631099,Keegan Murray,1610612758,SAC,24.0,76,2610.173333333333,942,507,109,61,69,60,46,114.8,113.4,0.553,0.148,0.075,113.5,112.7,0.8,22.58746545567855,1637.7,-0.003379268372652744,1.77229779954798,-0.9073839412577706,-0.07767027324866782,-0.3531922723137226,0.5713625771375146,-0.3371238686597105,-0.7624501787414555,1.0,True,-0.26599565650999135,39.5121277082742,39.5121277082742,keegan murray,8809560.0,False,False,SAC,167811057,0.0,167811057.0,8809560.0,0.04558705831044814,41.67290129422975,96.6559364695973,keegan murray
1631232,Keion Brooks Jr.,1610612740,NOP,24.0,14,331.7816666666667,142,58,13,10,10,12,-145,100.7,121.2,0.581,0.169,0.079,102.3,121.0,-18.8,24.522150611094645,226.0,0.0008732408447411085,-4.087810986305264,-3.662203923571881,-0.9912373749796302,0.13440395649928086,-1.1700659858176286,-1.3470676959078387,-0.6277416665963219,0.38834243714130506,False,-0.7935413025077321,21.373125773308516,15.490260463780105,keion brooks,2082875.488098702,True,True,NOP,172778396,2946594.0,175724990.0,2118397.2232118044,0.010962124980049849,26.90378772193244,62.40052206786716,keion brooks
1642276,Kel'el Ware,1610612748,MIA,21.0,64,1422.486666666667,595,473,60,39,71,57,39,112.8,110.9,0.603,0.169,0.119,112.8,110.4,2.4,29.308956615879225,1158.1,0.004591240844741112,0.6598577796496418,0.9610077735943771,0.09742398407388737,0.5607129157630476,0.2407825664213332,0.3478467252124065,0.7193434548550123,0.8041049984205101,False,0.41256036358449366,66.00356268801058,60.18516708035167,kel el ware,4231800.0,False,False,MIA,176102077,8004134.75,184106211.75,4424142.40738143,0.022893724306210943,80.78050856357176,187.36194172262915,kel el ware
1629640,Keldon Johnson,1610612759,SAS,25.0,77,1837.996666666667,979,371,125,49,22,77,-217,110.1,115.9,0.572,0.207,0.103,110.0,115.0,-5.0,28.55130313983159,1457.7,-0.0007934091428318985,-1.4686731377688031,-2.720994222036698,0.2635234487557776,-0.05669551140260663,-0.3917457145678897,-1.0020110554325463,0.18050940627447845,0.9140311976639695,True,-0.09753415813916849,46.11511046301452,44.33110309576992,keldon johnson,19000000.0,False,False,SAS,162395330,0.0,162395330.0,19000000.0,0.09831979212338807,35.727454470148956,82.866094326034,keldon johnson
203482,Kelly Olynyk,1610612740,NOP,34.0,44,890.9983333333333,384,206,128,33,19,76,-58,110.7,113.4,0.609,0.185,0.098,109.8,113.5,-3.7,28.751568932975935,711.6000000000001,0.006135914534184058,-1.1198050337351864,-1.0000207931297989,-0.2851306011837471,0.7378264803000418,-0.2880737686588362,-0.3710854404954365,0.012123766093061983,0.6363955078598862,False,-0.05584542979615284,47.773247182291435,39.956491906470895,kelly olynyk,12804878.0,False,False,NOP,172778396,2946594.0,175724990.0,13023254.704258397,0.06739177343645376,36.753001373378936,85.24474311809483,kelly olynyk
1626162,Kelly Oubre Jr.,1610612755,PHI,29.0,60,2078.19,906,368,108,92,30,80,-258,110.7,116.4,0.551,0.186,0.084,109.5,115.0,-5.6,25.381317396388205,1465.2,-0.0046189183602257464,-1.5542587899326488,-2.9511675881152013,0.015430997346085912,-0.49533156657235294,-0.41717891123772993,-1.0863948524720302,-0.459356026414905,0.9719217140190964,False,-0.43378485813026696,33.22223390974345,32.80246338665444,kelly oubre,7983000.0,False,False,PHI,171403241,883861.5,172287102.5,8024165.30302073,0.04152285602930007,35.74569971913215,82.90841227299288,kelly oubre
1629026,Kenrich Williams,1610612760,OKC,30.0,69,1131.5383333333334,436,241,97,43,10,39,329,118.7,104.1,0.587,0.151,0.093,119.3,104.6,14.7,25.46798385089325,800.5,0.0016862329441177958,4.960061956602991,5.200722927752165,-0.4807094716447886,0.22762230393740354,1.5186595912239085,1.9021675798314197,-0.15626187408835496,0.7171719501351166,True,0.38021149111120617,64.81057850158174,56.561966213883956,kenrich williams,6669000.0,False,False,OKC,166418720,0.0,166418720.0,6669000.0,0.034510247035309215,65.75980908759905,152.52300012775729,kenrich williams
203484,Kentavious Caldwell-Pope,1610612763,MEM,32.0,77,2279.036666666667,673,169,136,99,34,62,11,109.1,108.6,0.574,0.121,0.065,107.6,107.0,0.6,18.65051169280588,1180.7,-0.00022178022358772785,-3.0410297218898226,3.492562652364057,-0.738718280628774,0.008847933903486413,-0.8589975637740037,1.275939391726903,-1.099221459104289,1.0,True,-0.4505775436100222,32.6147027311374,32.6147027311374,kentavious caldwell pope,22757000.0,False,False,MEM,165903638,0.0,165903638.0,22757000.0,0.11776123733431275,24.67632422708499,57.23415343597799,kentavious caldwell pope
1631165,Keon Ellis,1610612758,SAC,25.0,80,1948.1916666666664,666,212,120,121,63,71,64,116.1,113.2,0.664,0.125,0.073,115.5,112.4,3.1,23.564005937129732,1275.1999999999998,0.011020888198773018,3.0492191239722097,-0.6534849613164215,-0.2738529285765477,1.2979416064382416,0.9508209367445869,-0.2440420305786029,-0.8298044348140223,0.9410322346586575,True,-0.01669648569770965,49.333937538914874,48.02483711544324,keon ellis,2120693.0,False,False,SAC,167811057,0.0,167811057.0,2120693.0,0.010974004995659169,83.37886256718156,193.38855210248306,keon ellis
1630553,Keon Johnson,1610612751,BKN,23.0,79,1925.2016666666664,839,297,175,82,30,116,-423,104.1,114.4,0.499,0.212,0.07,103.0,113.3,-10.2,25.616225486334336,1369.9,-0.016288573614880966,-6.722327822369721,-1.4616032886315833,-0.03789159907673717,-1.8333839029303436,-1.952956378396042,-0.5403060774483524,-0.930835818922872,0.9354633433046249,True,-0.9377205992622566,17.41940074304733,16.913515294530388,keon johnson,1863016.4087993947,False,True,BKN,168312896,0.0,168312896.0,1863016.4087993947,0.009640599265032497,30.72665889430889,71.26727196271636,keon johnson
1642352,Keshad Johnson,1610612748,MIA,24.0,16,98.125,43,28,4,5,4,4,5,105.5,104.1,0.718,0.145,0.114,111.2,106.3,4.9,29.937324840764326,81.6,0.02061423031057669,-0.4902278401493323,1.0628751138561718,-0.6670222750910331,2.3979221582253003,-0.10098445896167625,0.3851922839625513,0.5509578146735957,0.21119250158865188,False,0.40085127311324675,65.57351866728163,42.29732121739592,keshad johnson,937214.0,False,False,MIA,176102077,8004134.75,184106211.75,979811.9481524598,0.005070258266440092,96.22107492779853,223.1747206558289,keshad johnson
1630556,Kessler Edwards,1610612742,DAL,24.0,40,608.46,168,115,42,19,20,16,-158,110.0,122.3,0.597,0.11,0.067,111.9,122.1,-10.2,21.696085198698352,366.70000000000005,0.0023283816149202497,-0.4216854591612801,-5.643595079404257,-1.1109852918958385,0.3012516023619342,-0.08061595312204134,-2.0734649850388616,-1.0318672030317222,0.5259018228459826,False,-0.8652308842533216,19.345603864658685,15.218331876978406,kessler edwards,2082875.488098702,True,True,DAL,174411922,5396883.0,179808805.0,2147326.5599287376,0.011111826368064395,26.306314869693054,61.01474626981023,kessler edwards
201142,Kevin Durant,1610612756,PHX,36.0,62,2264.685,1647,374,263,50,77,190,-38,116.5,117.4,0.642,0.283,0.142,116.0,116.7,-0.7,36.16396982361786,2275.0,0.018725290882022107,3.5156141866282535,-4.162253238919556,1.4915187593216375,2.181334798919384,1.0894179685422194,-1.5303906435404484,1.4939173996895292,1.0,False,1.0821092283254414,86.03980021384797,86.03980021384797,kevin durant,51179020.0,False,False,PHX,220708856,244237706.0,464946562.0,107814021.72429927,0.4,42.43226999571932,98.41721275919268,kevin durant
1628989,Kevin Huerter,1610612741,CHI,26.0,69,1678.993333333333,681,205,156,66,23,67,104,114.5,111.7,0.544,0.171,0.073,113.6,110.9,2.7,24.44965038574702,1140.3000000000002,-0.00544342494407851,1.5809831044465184,0.5230394312263107,-0.30505299898898025,-0.5898701743368486,0.5145102409885652,0.18728326671260215,-0.8298044348140223,0.8736010461754197,True,-0.3084160801868039,37.888287386351834,35.73321943682387,kevin huerter,16830357.0,False,False,CHI,165722496,0.0,165722496.0,16830357.0,0.08709248429486365,30.046699822319688,69.69017800422074,kevin huerter
1628995,Kevin Knox II,1610612744,GSW,25.0,14,83.65666666666667,46,17,5,2,4,4,-3,112.7,115.6,0.582,0.202,0.104,115.7,118.7,-3.0,30.854683826752208,71.70000000000002,0.0012457553292171831,0.3714872431311506,-0.797097922576307,-0.6010771874109848,0.17711677580742338,0.15508847654022162,-0.29669194043420377,0.21418653431076184,0.19500194249226743,False,-0.08068633977250152,46.78457003378211,29.836900434444033,kevin knox,660790.0,False,False,GSW,170316619,0.0,170316619.0,660790.0,0.0034194071282744004,77.90920811260945,180.7022606024244,kevin knox
201567,Kevin Love,1610612748,MIA,36.0,23,251.45333333333332,122,94,22,15,4,14,-25,108.7,112.3,0.488,0.23,0.109,108.9,112.7,-3.9,34.36025239938492,240.00000000000003,-0.020201565714257658,-1.0333831515918899,-0.21456031403680553,-0.19306582349370505,-2.282050817801946,-0.26239207237497336,-0.08312798138736058,0.3825721744921788,0.3380783484593027,False,-0.32763043426041466,37.15955538648682,26.091033964113205,kevin love,3850000.0,False,False,MIA,176102077,8004134.75,184106211.75,4024988.9570439304,0.02082821460818378,36.19769732578592,83.95677345247202,kevin love
1641755,Kevin McCullar Jr.,1610612752,NYK,24.0,4,29.166666666666668,6,8,2,1,1,0,-2,93.8,96.9,0.381,0.118,0.066,97.2,102.9,-5.7,22.95771428571428,18.599999999999998,-0.022990281540358273,-0.8856490446441839,0.628280274222503,-1.2734469276391716,-2.6018072840492152,-0.21849043113198638,0.22586558441058474,-1.0655443310680055,0.11514154661795957,False,-1.027189850845787,15.216553808794387,9.157530487719908,kevin mccullar,2082875.488098702,True,True,NYK,191906878,49098292.5,241005170.5,2615767.435597063,0.013535879500580586,14.77324753876056,34.26500270461833,kevin mccullar
1629645,Kevin Porter Jr.,1610612749,MIL,25.0,75,1482.02,771,278,256,81,13,136,27,109.1,108.0,0.531,0.248,0.119,109.3,107.7,1.6,32.49672743957572,1337.8000000000002,-0.011118557813634333,-2.0100565251059765,3.0498491844835587,0.48862258233396344,-1.240585609329838,-0.552626771331598,1.1136363240143137,0.7193434548550123,0.8207590721676212,True,0.23602227354292615,59.32923067084297,54.54382881198257,kevin porter,3237691.0,False,False,MIL,182559432,32359012.0,214918444.0,3811577.984493313,0.019723871320919212,77.1287395564493,178.89204540650812,kevin porter
1626172,Kevon Looney,1610612744,GSW,29.0,76,1142.155,344,462,118,46,37,39,117,112.5,106.9,0.535,0.125,0.114,112.1,106.8,5.4,30.044258441279858,953.1999999999999,-0.005104111801226982,0.24468180597460681,3.5185063954537608,0.0012089176839673033,-0.5509642483568721,0.11740613679671692,1.2854506205394471,0.5509578146735957,0.7205285307580566,True,0.2933734501699643,61.53816416058906,53.798991642003784,kevon looney,2754024.2564860615,False,True,GSW,170316619,0.0,170316619.0,2754024.2564860615,0.014251320652656736,85.23985771650908,197.70493573158586,kevon looney
1641718,Keyonte George,1610612762,UTA,21.0,67,2108.475,1125,253,377,46,9,183,-512,110.1,122.0,0.539,0.237,0.093,109.2,121.2,-12.0,28.904492583502297,1692.8999999999999,-0.008729395975126357,-1.8980935721654801,-7.776981273880929,0.4698087456638756,-0.9666423342122904,-0.5193551220553817,-2.855585135204963,-0.15626187408835496,0.9789778992769588,True,-0.5806637645314329,28.07335439032485,27.807781992692682,keyonte george,4084265.0,False,False,UTA,154060898,0.0,154060898.0,4084265.0,0.02113495188299103,38.382545842554514,89.02430109931048,keyonte george
203114,Khris Middleton,1610612764,WAS,33.0,37,843.1816666666666,440,137,150,35,8,56,39,114.1,112.6,0.588,0.208,0.114,113.9,112.7,1.2,32.46987106376839,760.5,0.0025307579627582883,1.3005689155412306,-0.4778434100132696,0.04954292120188897,0.32445624201401496,0.4311805118210091,-0.1796501277734353,0.5509578146735957,0.6190835112805008,False,0.26407106861178925,60.41374216385507,50.05807642289769,khris middleton,31000000.0,False,False,WAS,173806822,4489233.0,178296055.0,31800694.825430963,0.16455987919029869,33.68826467829151,78.13640685888096,khris middleton
1630165,Killian Hayes,1610612751,BKN,23.0,6,162.33333333333334,54,18,31,4,4,9,-24,109.9,115.6,0.559,0.145,0.085,109.3,113.7,-4.3,25.325667351129365,114.2,-0.002440769689423296,-0.5804304955207503,-0.6277326421462649,-1.011528822390534,-0.2455832360259439,-0.12778967474493838,-0.2346009796387242,-0.4256788983786216,0.2716392438287936,False,-0.47178195867266104,31.85412148448178,21.4135400792588,killian hayes,128603.0,False,False,BKN,168312896,0.0,168312896.0,128603.0,0.002,67.45992308036153,156.4662367388899,killian hayes
202691,Klay Thompson,1610612742,DAL,35.0,72,1964.5683333333332,1005,246,145,50,30,88,-79,112.8,115.2,0.552,0.214,0.083,112.8,114.3,-1.5,26.14925585858132,1427.0,-0.00510023940370059,0.7108725571587007,-2.2010213556089684,0.047995566329007505,-0.5505202360493595,0.2559424540503035,-0.8113839399924773,-0.4930331544511884,0.9449791564159529,True,-0.3018053130518346,38.14002402004926,37.195700686894746,klay thompson,15873016.0,False,False,DAL,174411922,5396883.0,179808805.0,16364179.73024734,0.08468014470250942,31.585449132680573,73.25914610977168,klay thompson
1641738,Kobe Brown,1610612746,LAC,25.0,40,272.22,77,65,24,7,4,12,-53,105.9,114.7,0.513,0.134,0.083,106.8,116.9,-10.1,21.516420542208504,162.7,-0.008419607850915329,-1.9276301040221773,-1.4527897039696465,-1.2797655705683484,-0.9311217713223824,-0.5281323925985594,-0.5370749314996524,-0.4930331544511884,0.35176179956948656,False,-0.7673007032905328,22.14513751959054,15.685241677297014,kobe brown,2534024.0,False,False,LAC,174124752,8276880.0,182401632.0,2654476.7921746587,0.013736189810682656,25.174211986375063,58.38895202538158,kobe brown
1641723,Kobe Bufkin,1610612737,ATL,21.0,10,123.63666666666668,53,21,17,3,2,8,-23,95.3,103.3,0.483,0.203,0.086,95.8,106.4,-10.6,26.46787630422474,90.89999999999999,-0.01884507756519263,-3.2331197017127447,1.3359744904127875,-0.9377254760262406,-2.126514763180767,-0.9160802886422944,0.48531317438348376,-0.3920017703423387,0.23706219616059593,False,-0.7356241817251985,23.09797210281321,15.16792985364435,kobe bufkin,4299000.0,False,False,ATL,170057021,0.0,170057021.0,4299000.0,0.022246146649391858,20.563877235137827,47.695762710989754,kobe bufkin
1627739,Kris Dunn,1610612746,LAC,31.0,74,1782.9183333333333,474,251,210,128,27,74,262,113.8,106.0,0.531,0.126,0.07,112.6,105.1,7.4,23.739281384172585,1175.7000000000003,-0.0056489446956367985,0.9151516154646906,5.0285869096942495,-0.33512810533865106,-0.6134352392628738,0.3166473658441609,1.8390608396448513,-0.930835818922872,0.900231872487541,True,-0.13169182707760352,44.76140251307076,42.751809921968515,kris dunn,5168000.0,False,False,LAC,174124752,8276880.0,182401632.0,5413656.722256236,0.028014189661032397,53.4675214639437,124.01232449158401,kris dunn
1631200,Kris Murray,1610612757,POR,24.0,69,1040.3866666666668,287,182,68,35,17,43,-50,106.0,107.8,0.472,0.133,0.061,104.9,107.2,-2.4,19.391251970421248,560.3999999999999,-0.013809774956505518,-4.436205605366503,3.0115005542183937,-1.1488936175201971,-1.5491627958091874,-1.273597227810567,1.099577342785642,-1.2339299712494225,0.68767945316334,True,-0.915879797879993,17.986497189478186,15.458598502425943,kris murray,2990040.0,False,False,POR,167012048,0.0,167012048.0,2990040.0,0.015472637433716593,23.798000263692767,55.196972856541855,kris murray
204001,Kristaps Porziņģis,1610612738,BOS,29.0,42,1209.9633333333334,818,284,87,31,63,53,173,116.2,110.3,0.618,0.253,0.132,115.3,109.2,6.1,37.44708517337991,1258.6,0.010668277714316578,2.6547560347503563,1.5983174783721423,0.8249740831030944,1.2575109962569297,0.8335996844257291,0.5814906680173201,1.1571461193266963,0.7416086119600644,False,0.9542775588787793,83.0028417840325,73.35159300910661,kristaps porzingis,29268293.0,False,False,BOS,195348491,62004341.25,257352832.25,38558158.602171384,0.19952790202242726,46.14515901650569,107.0288705551783,kristaps porzingis
203937,Kyle Anderson,1610612748,MIA,31.0,61,1002.0933333333334,357,206,145,40,33,37,-22,106.1,107.6,0.538,0.152,0.108,106.0,107.1,-1.1,28.969756642761155,806.4000000000001,-0.0057505999502920095,-3.914862061119798,3.0680024858731354,-0.1959144716822323,-0.6250911149529642,-1.1186713429438595,1.1202915010495758,0.3488950464558954,0.674905156075259,False,-0.0378307475108767,48.49113144721226,41.397233882907756,kyle anderson,8780488.0,False,False,MIA,176102077,8004134.75,184106211.75,9179575.905832922,0.047501789202229194,43.03687251656855,99.81952507798133,kyle anderson
1642271,Kyle Filipowski,1610612762,UTA,21.0,72,1521.54,690,440,140,48,22,102,-366,107.7,118.9,0.594,0.184,0.103,106.7,119.0,-12.3,28.411214953271028,1200.8,0.0033427474285938714,-3.618961217562898,-5.314710256823693,0.05787402582218605,0.4175596266599292,-1.030739497375317,-1.9528926069621573,0.18050940627447845,0.8316303811845085,True,-0.3162895433137418,37.58913736551383,34.741146437088204,kyle filipowski,3000000.0,False,False,UTA,154060898,0.0,154060898.0,3000000.0,0.015524177703692854,53.42062974986034,123.90356406462475,kyle filipowski
1628398,Kyle Kuzma,1610612749,MIL,29.0,65,1936.415,964,370,152,36,19,146,-419,105.8,116.1,0.514,0.233,0.08,105.5,115.5,-10.1,25.07189832757957,1348.6,-0.0144070643974871,-4.9977416548290785,-3.05291123606445,-0.09758787033983789,-1.6176484977898478,-1.4404669825195218,-1.123695064416091,-0.5940645385600386,0.9381836900967935,True,-0.8298879108617901,20.330108028290102,19.764578512081002,kyle kuzma,24456060.0,False,False,MIL,182559432,32359012.0,214918444.0,28790943.880514704,0.14898524301938618,13.772262378863369,31.943322307591853,kyle kuzma
200768,Kyle Lowry,1610612755,PHI,39.0,35,659.4483333333334,138,67,96,33,11,21,-71,103.8,109.6,0.525,0.1,0.067,104.2,108.9,-4.8,20.990272171941697,384.5,-0.005083289440981587,-4.475123149567556,1.546345438360287,-1.1540162422583784,-0.5485767392859658,-1.2851622218317342,0.5624372121340161,-1.0318672030317222,0.5474936003500337,False,-0.7887594838216638,21.51262970380623,17.132058527383705,kyle lowry,3303771.0,False,False,PHI,171403241,883861.5,172287102.5,3320807.2939153323,0.017184267516820333,25.423278802217975,58.96663645773788,kyle lowry
1630283,Kylor Kelley,1610612747,LAL,27.0,11,125.95666666666666,34,39,5,1,3,4,-75,101.4,130.5,0.644,0.097,0.072,101.8,131.5,-29.7,20.264111996189165,70.9,0.006612209242247861,-2.066195360508114,-3.8637167233546457,-1.449496263817965,0.7924388259959856,-0.569309357787386,-1.420944250295662,-0.8634815628503056,0.23927605459600487,False,-0.8010907521226422,21.153955479290804,13.912411266392853,kylor kelley,2430021.402781819,False,True,LAL,192057940,49664775.0,241722715.0,3058407.1191669027,0.015826418536062106,21.248895004803796,49.28458978971649,kylor kelley
202681,Kyrie Irving,1610612742,DAL,33.0,50,1803.7966666666664,1234,240,231,66,23,111,124,116.5,113.9,0.594,0.264,0.129,115.4,112.6,2.7,35.14985983268625,1761.2000000000003,0.0047961158758085985,3.0784662764854165,-0.9561598271246285,1.0214658716722531,0.5842040565036372,0.9595122134141526,-0.3550055833147684,1.0561147352178462,0.9054874796249673,False,0.7505074914738703,77.3525443215587,74.06269155699533,kyrie irving,40000000.0,False,False,DAL,174411922,5396883.0,179808805.0,41237732.59032143,0.21339396294317203,45.50966256188755,105.55490298784865,kyrie irving
1642273,Kyshawn George,1610612764,WAS,21.0,68,1802.1833333333332,590,285,169,68,50,97,-361,105.4,115.5,0.503,0.156,0.058,104.9,115.2,-10.3,22.77038037195624,1139.8999999999999,-0.011361931527931277,-5.329563364275697,-2.678166791815541,-0.43978738003166057,-1.268491040974294,-1.5390733094249032,-0.9863101025331037,-1.3349613553582724,0.9050824506221753,True,-1.079516419555242,14.017878908388637,13.419134687331931,kyshawn george,2825520.0,False,False,WAS,173806822,4489233.0,178296055.0,2898499.9755855384,0.014998942898379766,20.884359154424825,48.439087007312445,kyshawn george
1630163,LaMelo Ball,1610612766,CHA,23.0,47,1504.475,1184,232,346,54,13,167,-130,112.7,116.5,0.536,0.342,0.127,110.4,116.3,-6.0,41.67885807341432,1741.8000000000002,-0.013622849888157023,-0.4414813638779197,-3.3634016298364995,1.5294529085432793,-1.5277298126601948,-0.08649863468357062,-1.2375238657980636,0.9887604791452793,0.826953609779456,False,0.2512285239081292,59.91812836485592,55.25225124481664,lamelo ball,35147000.0,False,False,CHA,168575524,0.0,168575524.0,35147000.0,0.18187609125056425,35.9042933218494,83.27625354904163,lamelo ball
1630205,Lamar Stevens,1610612763,MEM,27.0,17,155.535,74,38,8,5,3,10,67,128.2,101.8,0.545,0.21,0.09,130.0,102.2,27.8,26.571511235413254,114.80000000000001,-0.006474907826061328,4.121705593106806,2.339140309889092,-0.9113404012591335,-0.7081408558636064,1.2695280868989607,0.853083530918847,-0.2572932581972051,0.26589044223651076,False,-0.0928524634808147,46.301038558481125,31.00552283541055,lamar stevens,668735.0,False,False,MEM,165903638,0.0,165903638.0,668735.0,0.0034605203255596803,80.62271833244651,186.9959637829728,lamar stevens
1629013,Landry Shamet,1610612752,NYK,28.0,50,761.6,286,61,27,23,2,22,88,111.6,106.5,0.601,0.143,0.062,111.9,107.3,4.7,18.449054621848738,390.3,0.003598896099396325,-0.07739397532932137,2.969370257686162,-1.353060170252881,0.4469298453975814,0.02169597415387607,1.0841319658840562,-1.2002528432131392,0.5883721765870801,False,-0.46542722771183487,32.08127697789387,26.13878118127101,landry shamet,2592022.8296339405,False,True,NYK,191906878,49098292.5,241005170.5,3255177.2531874566,0.016844650045166953,39.06083339998851,90.59751815459951,landry shamet
1626204,Larry Nance Jr.,1610612737,ATL,32.0,24,463.2266666666667,203,103,38,20,13,16,-95,107.5,116.5,0.632,0.155,0.106,107.7,116.1,-8.4,29.213344079212483,375.90000000000003,0.008705901366478539,-2.0622461544858846,-2.097351071094668,-0.5022384946637678,1.032503298965196,-0.5681357856883992,-0.7733774043253723,0.28154079038332863,0.45886553123717605,False,-0.08744887020822971,46.515736266126034,35.18866556105926,larry nance,11205000.0,False,False,ATL,170057021,0.0,170057021.0,11205000.0,0.05798280372329281,34.11661566930715,79.129922186311,larry nance
1628374,Lauri Markkanen,1610612762,UTA,28.0,47,1475.8433333333332,892,278,70,33,17,66,-186,111.4,117.5,0.571,0.231,0.103,110.3,117.6,-7.4,29.24212822950945,1198.7999999999997,-0.0011163986086674812,-0.8725824550493265,-4.2285970899200915,0.12287793946028888,-0.09372975105659455,-0.21460747721894158,-1.554712945260351,0.18050940627447845,0.8190469332021693,False,-0.19458521928296738,42.2858837589698,38.84259160217083,lauri markkanen,42176400.0,False,False,UTA,154060898,0.0,154060898.0,42176400.0,0.2182513095006771,23.680516342972247,54.924481188702686,lauri markkanen
2544,LeBron James,1610612747,LAL,40.0,70,2444.4466666666667,1710,546,575,70,39,260,-54,112.7,114.0,0.604,0.291,0.169,113.3,113.0,0.3,40.723817523802246,2765.2,0.008196627726743571,0.9562080681749204,-1.2462800512734364,2.2275591121233305,0.9741095616505421,0.3288479720199046,-0.4613664821829408,2.403199856669181,1.0,True,1.4040883927547128,91.98537352100334,91.98537352100334,lebron james,48728845.0,False,False,LAL,192057940,49664775.0,241722715.0,61329767.007884055,0.3173647338521571,49.19161859654806,114.09481495743532,lebron james
1631159,Leonard Miller,1610612750,MIN,21.0,13,31.595,20,11,0,2,1,2,-12,79.2,98.6,0.54,0.239,0.202,86.5,108.2,-21.7,35.663870865643304,31.3,-0.008564061763945988,-1.683668221866724,0.44806358721949135,-0.24666111773389332,-0.9476849766278367,-0.4556350712376651,0.15979639231299145,3.514545081866532,0.11983890702256773,False,0.8061696967936095,78.99274955498188,47.70589440145944,leonard miller,1891857.0,False,False,MIN,203708244,98747659.0,302455903.0,2808935.49542291,0.014535471263051925,75.06538581858315,174.10631219361298,leonard miller
1631311,Lester Quinones,1610612740,NOP,24.0,13,183.36666666666667,86,19,24,3,2,14,-26,104.5,110.4,0.514,0.213,0.065,103.7,110.4,-6.7,24.325031812397743,123.89999999999998,-0.01317040650929078,-2.116628980555876,0.402170368966284,-1.0842918695182444,-1.4758522801238176,-0.5842965448335411,0.14297149167159157,-1.099221459104289,0.28870137659610295,False,-0.8884160051037129,18.715850959539736,12.725199399030831,lester quinones,289289.0,False,False,NOP,172778396,2946594.0,175724990.0,294222.58690322604,0.002,40.088699461345506,92.98154599140226,lester quinones
1641857,Liam Robbins,1610612749,MIL,25.0,13,56.96666666666667,9,12,2,2,2,6,-5,80.3,85.6,0.363,0.128,-0.025,84.0,87.7,-3.7,12.765359859567,20.200000000000003,-0.027242610484456437,-3.0058316356173114,2.56097360325979,-2.088170819050111,-3.089382842576832,-0.848537868393556,0.934409776102266,-4.130162982369791,0.16091593890581316,False,-2.211618239703683,1.3496527026927534,0.8400402708137721,liam robbins,2163876.201524763,True,True,MIL,182559432,32359012.0,214918444.0,2547427.43853592,0.01318223874769824,1.3677973727329613,3.1724629640908897,liam robbins
1630322,Lindy Waters III,1610612765,DET,27.0,52,778.41,256,110,52,27,11,20,13,111.6,110.2,0.504,0.145,0.061,110.2,110.0,0.2,21.237137241299575,459.20000000000005,-0.010415769689423303,-0.699129035382997,1.1074471669280488,-1.0777170785313144,-1.160003340955621,-0.16306291543906815,0.40153283258522543,-1.2339299712494225,0.594829998632153,False,-0.7778382745790748,21.833218042419993,17.85244379956968,lindy waters,2196970.0,False,False,DET,140501660,0.0,140501660.0,2196970.0,0.011368717563227363,30.61374969634885,71.00539088590327,lindy waters
1629022,Lonnie Walker IV,1610612755,PHI,26.0,20,476.7033333333333,247,63,50,10,5,25,-142,104.7,118.7,0.548,0.214,0.091,103.6,117.5,-14.0,27.043234436511877,358.1,-0.005956239403700591,-3.8402644812936764,-2.9680749149359245,-0.6894355602732447,-0.6486699049922816,-1.0965034342951092,-1.0925932430991783,-0.22361613016092174,0.4654925706532096,False,-0.6651087164745733,25.29904799721766,19.213909897756416,lonnie walker,780932.0,False,False,PHI,171403241,883861.5,172287102.5,784958.9701138149,0.00406194751405153,47.236380433127295,109.55984451292015,lonnie walker
1628366,Lonzo Ball,1610612741,CHI,27.0,35,777.03,267,118,115,47,17,41,100,113.5,108.0,0.524,0.152,0.078,114.2,107.1,7.1,27.36265009073009,590.6,-0.007878599950292012,1.2241104527912994,2.7008607391309964,-0.48789747338219147,-0.8690893573718174,0.4084596109336742,0.9856937620946532,-0.6614187946326053,0.5943024941437269,False,-0.24164040438685291,40.45294057407386,33.06769488111965,lonzo ball,21395348.0,False,False,CHI,165722496,0.0,165722496.0,21395348.0,0.11071506146144983,25.565214696153024,59.29584192030166,lonzo ball
1629652,Luguentz Dort,1610612760,OKC,26.0,71,2073.3,719,293,115,79,39,51,547,120.4,107.3,0.586,0.133,0.063,118.9,106.0,12.9,21.973665171465772,1265.4999999999998,0.0013522250434944824,6.116686918902369,4.333682239774416,-0.4085069098434417,0.18932468142513884,1.8623698907387294,1.5843020218574568,-1.1665757151768557,0.970777570254428,True,0.0933000470892818,53.71674026622182,53.01036011535596,luguentz dort,17000000.0,False,False,OKC,166418720,0.0,166418720.0,17000000.0,0.08797034032092617,44.418197294297826,103.02336344328776,luguentz dort
1629029,Luka Dončić,1610612747,LAL,26.0,50,1768.55,1408,409,383,89,21,179,344,119.6,110.5,0.587,0.328,0.17,118.7,109.6,9.2,45.14274405586498,2217.7000000000003,0.003662810633580378,5.575503580071926,1.5114780070327147,2.166934600091496,0.45425833882142,1.7015482817082164,0.5496544723298352,2.436876984705464,0.8965971021793253,False,1.6786159093634339,95.33865380338288,90.90242191846654,luka doncic,43031940.0,False,False,LAL,192057940,49664775.0,241722715.0,54159684.14800815,0.28026152036318513,50.774552918154356,117.76626557577536,luka doncic
1630568,Luka Garza,1610612750,MIN,26.0,39,219.31,138,54,11,6,3,12,1,107.9,107.5,0.573,0.241,0.101,111.0,108.9,2.1,31.779672609548133,193.60000000000002,-0.00068272755276564,-0.6549646747927717,1.0850401995059982,-0.4347684298417699,-0.04400466861863527,-0.14993874286702763,0.3933182201675239,0.11315515020191215,0.31573147394006135,False,-0.044839341097589705,48.211768347597584,33.366360297918376,luka garza,2162606.0,False,False,MIN,203708244,98747659.0,302455903.0,3210930.1897630515,0.016615683620011274,50.1008771740787,116.20374513927524,luka garza
1628379,Luke Kennard,1610612763,MEM,29.0,65,1471.6916666666666,576,183,215,50,5,72,122,117.6,114.5,0.631,0.14,0.093,116.3,114.1,2.2,25.0560636002786,1024.3000000000002,0.007723394782625777,3.6662167939093306,-1.7624253882171348,-0.34430206831799887,0.9198482803444137,1.1341720322565159,-0.6505903880482193,-0.15626187408835496,0.8178940992425349,True,0.07756040937690035,53.09111318944105,48.740420944130186,luke kennard,9250000.0,False,False,MEM,165903638,0.0,165903638.0,9250000.0,0.0478662145863863,50.535546420815656,117.21191500009827,luke kennard
1628436,Luke Kornet,1610612738,BOS,29.0,73,1361.06,441,388,117,36,71,31,401,121.2,106.3,0.683,0.111,0.114,120.7,106.2,14.5,27.883561341895284,1054.1999999999998,0.011895548720510442,6.576023198351372,4.138483080627367,-0.09532081736810032,1.3982309062583018,1.9988692879794534,1.5127401095981357,0.5509578146735957,0.7865517378810095,True,0.8779331856354374,81.00100106614406,73.22071575778394,luke kornet,2800834.0,False,False,BOS,195348491,62004341.25,257352832.25,3689829.1810306152,0.019093854634196914,104.7222766816014,242.89236908230347,luke kornet
1631247,Luke Travers,1610612739,CLE,23.0,12,87.86,12,20,8,1,1,8,-1,109.1,109.7,0.287,0.132,0.022,111.1,110.2,0.8,12.374231732301391,30.200000000000006,-0.0381259420620957,-0.2403579284984343,0.28378951291488685,-2.1119135373320694,-4.337274654891485,-0.026731468603819617,0.0995719172525668,-2.547337964664474,0.19984084576573338,False,-1.93184490466877,2.668932586848841,1.7079257082182822,luke travers,1863016.4087993947,True,True,CLE,165110486,0.0,165110486.0,1863016.4087993947,0.009640599265032497,3.102776078147106,7.196564630125691,luke travers
1630644,Mac McClung,1610612753,ORL,26.0,2,10.233333333333333,0,1,3,0,0,0,-2,119.0,128.6,0.0,0.087,0.0,119.0,134.5,-15.4,17.237785016286644,4.8999999999999995,-0.05009746181365398,0.142234359614816,-0.4059612351803453,-1.7417168126255014,-5.709939024469869,0.08696217819249477,-0.15329742261384097,-3.2882347814627075,0.06820201721001477,False,-2.2883407779288696,1.1058841772334715,0.6421768867379916,mac mcclung,2233305.384461386,True,True,ORL,152308863,0.0,152308863.0,2233305.384461386,0.011556743218330882,1.094914299250045,2.539539212803015,mac mcclung
1630201,Malachi Flynn,1610612759,SAS,27.0,4,43.68,16,7,7,3,0,4,1,112.8,109.1,0.512,0.196,0.084,113.2,106.2,7.0,26.12637362637362,31.699999999999996,-0.012511247304323913,0.0909300417531955,0.36465338382108836,-1.0098695422185076,-1.400272539763797,0.0717162488433953,0.12921739964104026,-0.459356026414905,0.140906158327255,False,-0.5701750271710027,28.427949603820903,17.437925207609343,malachi flynn,128603.0,False,False,SAS,162395330,0.0,162395330.0,128603.0,0.002,54.93538615438227,127.41688313422023,malachi flynn
1631103,Malaki Branham,1610612759,SAS,22.0,47,426.555,235,51,38,11,2,34,-33,106.1,109.8,0.575,0.233,0.087,107.0,110.1,-3.1,25.698913387488133,304.5,-0.00019406439748711213,-2.4253053494243852,0.8833511434622188,-0.8376205036920412,0.012025853478550699,-0.6760248497337091,0.31937704851833,-0.3583246423060553,0.44032787370735044,False,-0.3685958107753512,35.62145092823676,26.65010099605077,malaki branham,3217920.0,False,False,SAS,162395330,0.0,162395330.0,3217920.0,0.0166518539720891,39.98571082948316,92.74267463017654,malaki branham
1627763,Malcolm Brogdon,1610612764,WAS,32.0,24,564.0766666666667,305,91,98,13,5,38,-121,106.5,116.9,0.544,0.231,0.113,107.8,116.8,-8.9,31.35531222115197,491.3,-0.007353398608667462,-2.4534528579848494,-2.6193752100373,-0.24342566317886227,-0.8088693365671117,-0.6843893489562402,-0.9647565362411926,0.5172806866373124,0.5063580599225067,False,-0.27437449306820355,39.18984213593604,30.48425476944467,malcolm brogdon,22500000.0,False,False,WAS,173806822,4489233.0,178296055.0,23081149.47007086,0.11943862199295872,22.95053308505482,53.231361362392285,malcolm brogdon
1642502,Malevy Leons,1610612760,OKC,25.0,6,20.966666666666665,2,3,1,0,0,1,-18,61.4,104.7,0.266,0.102,-0.069,66.8,104.3,-37.4,7.039745627980922,4.1,-0.031602955229801215,-1.9023418245688997,0.2993796618531139,-2.5587122466844736,-3.589343582334542,-0.5206175607486389,0.10528741764356332,-5.6119566159662595,0.09762327094654752,False,-2.923966105276939,0.17280118834212052,0.10263189134139998,malevy leons,126356.0,False,False,OKC,166418720,0.0,166418720.0,126356.0,0.002,0.32332531052112307,0.7499192449331507,malevy leons
1627736,Malik Beasley,1610612765,DET,28.0,82,2282.9466666666667,1336,214,139,73,5,83,175,113.3,110.2,0.59,0.215,0.091,112.1,109.5,2.6,27.356223827684687,1734.8,0.0030459277018895776,0.5510972376153737,1.7381237549145938,0.3775762594381498,0.3835260309686266,0.20846256668375476,0.6327450101925156,-0.22361613016092174,1.0,True,0.21101926698799556,58.35638815102055,58.35638815102055,malik beasley,6000000.0,False,False,DET,140501660,0.0,140501660.0,6000000.0,0.031048355407385708,70.40325901574418,163.2929966318571,malik beasley
1628370,Malik Monk,1610612758,SAC,27.0,65,2054.11,1117,245,362,61,38,159,116,117.0,114.5,0.549,0.236,0.099,115.5,114.1,1.4,31.246817356422003,1782.9,-0.006332563080716539,3.3711977499041517,-1.898965216926854,0.7254368513654998,-0.6918194894718358,1.0465022280565355,-0.7006472186448452,0.04580089412934537,0.9662744763452896,True,0.14320480907115676,55.69357840596122,54.84834561278564,malik monk,17405203.0,False,False,SAC,167811057,0.0,167811057.0,17405203.0,0.09006715478028265,45.580926303568795,105.72019178403528,malik monk
1630699,MarJon Beauchamp,1610612752,NYK,24.0,35,156.28166666666667,79,44,11,4,1,15,9,94.8,92.0,0.535,0.222,0.123,96.5,96.4,0.1,26.490631232070303,115.0,-0.00906490255897912,-3.8311162378158405,4.109872407159445,-0.9176637681127694,-1.0051117969848598,-1.0937848819481577,1.502251158142924,0.8540519670001457,0.2665278995004486,False,-0.0626971800466628,47.50038214871873,31.822289867600276,marjon beauchamp,2733720.0,False,False,NYK,191906878,49098292.5,241005170.5,3433126.8455071216,0.01776549040965701,46.67639180629943,108.26100945566758,marjon beauchamp
1630542,Marcus Bagley,1610612755,PHI,23.0,10,253.155,67,70,10,9,12,7,-84,101.1,117.0,0.456,0.128,0.077,101.2,115.5,-14.2,23.321680393434853,164.0,-0.015338610484456432,-3.612751170534256,-1.4121329249734555,-1.134264081834162,-1.7244603436322712,-1.0288940788569647,-0.5221697604733764,-0.6950959226688888,0.3392203628107466,False,-0.9834234247035991,16.269954304093087,11.432069778128124,marcus bagley,1863016.4087993947,False,True,PHI,171403241,883861.5,172287102.5,1872623.2777710618,0.009690312178729916,20.731203616599114,48.083858754075884,marcus bagley
1630585,Marcus Garrett,1610612766,CHA,26.0,4,79.38333333333334,28,6,13,3,2,6,-39,95.6,119.3,0.487,0.193,0.057,93.5,119.4,-25.9,23.853873609069915,52.60000000000001,-0.01714474862109447,-2.407080980000541,-1.0222851629710312,-1.1759732189916088,-1.9315536382306466,-0.6706091759610407,-0.37924777525163844,-1.3686384833945557,0.18995613528742192,False,-1.151796438182768,12.470236593887101,7.924589203910466,marcus garrett,107027.0,False,False,CHA,168575524,0.0,168575524.0,107027.0,0.002,24.96514710601591,57.90404789904429,marcus garrett
1631204,Marcus Sasser,1610612765,DET,24.0,57,810.7866666666666,375,69,133,37,4,54,41,110.4,107.5,0.589,0.187,0.095,110.6,107.5,3.0,27.67534411024684,623.3,0.002462248745364423,-0.8586731922270707,2.7208758532352317,-0.43811617899063066,0.31660091840800264,-0.2104741089738332,0.9930314977982614,-0.08890761801578818,0.6070744550212881,False,0.028672415932470503,51.14370718916107,42.10065613037132,marcus sasser,2755229.0,False,False,DET,140501660,0.0,140501660.0,2755229.0,0.014257554870122651,66.6946450698847,154.69125442508422,marcus sasser
203935,Marcus Smart,1610612764,WAS,31.0,34,680.34,305,72,109,39,9,54,42,109.9,107.3,0.529,0.198,0.086,110.7,105.9,4.8,28.37287238733574,536.1999999999999,-0.00927291309314354,-0.880846514106035,3.1348871419731714,-0.44819818255376653,-1.028962457107381,-0.21706327949381432,1.1448120671843915,-0.3920017703423387,0.5560984216354642,False,-0.2448321271536638,40.329320847023695,32.27330871676008,marcus smart,20210285.0,False,False,WAS,173806822,4489233.0,178296055.0,20732293.729676936,0.10728393735488728,25.227500035708466,58.51254808303527,marcus smart
1631109,Mark Williams,1610612766,CHA,23.0,44,1171.045,671,447,109,32,54,71,-301,106.3,118.9,0.647,0.21,0.156,105.1,118.3,-13.2,37.36662553531247,1215.5,0.014945092173938667,-4.434717057430636,-4.654060734167184,0.7859127475545884,1.7478940842735302,-1.273154881091833,-1.710692059679614,1.9653971921974966,0.7295842527208094,False,0.6007044160732086,72.59815613997588,63.763898050318566,mark williams,4094280.0,False,False,CHA,168575524,0.0,168575524.0,4094280.0,0.021186776762891858,87.93667017206548,203.95991019410957,mark williams
1628365,Markelle Fultz,1610612758,SAC,27.0,21,184.0583333333333,61,20,27,10,2,15,5,109.3,105.7,0.452,0.196,0.065,110.9,108.8,2.1,23.040521573776434,117.80000000000001,-0.024271247304323913,-0.4434792824862167,1.1674328368117421,-1.1917383491885378,-2.748683879446931,-0.08709234934964426,0.4235241632025857,-1.099221459104289,0.2892453608752935,False,-0.9895388348675196,16.11997895470757,10.964171533614602,markelle fultz,981902.0,False,False,SAC,167811057,0.0,167811057.0,981902.0,0.005081073711870473,24.923513625901926,57.80748339587967,markelle fultz
202693,Markieff Morris,1610612747,LAL,35.0,15,164.43333333333334,56,23,21,2,3,5,-28,106.1,113.9,0.385,0.202,0.045,106.6,116.0,-9.4,22.966146361240625,104.9,-0.03854824467078281,-1.3631651434317782,-0.8070788765368974,-1.2074557236771635,-4.3856962217564055,-0.36039226334832286,-0.3003510553336385,-1.7727640198299564,0.27339060745099536,False,-1.5906590679340327,5.584316170219962,3.758388709109662,markieff morris,3303771.0,False,False,LAL,192057940,49664775.0,241722715.0,4158101.95536964,0.02151703788841034,5.15520208776746,11.956952120158276,markieff morris
1628963,Marvin Bagley III,1610612763,MEM,26.0,31,265.2266666666667,136,84,11,9,8,12,-10,108.2,108.8,0.56,0.2,0.123,107.9,110.1,-2.2,31.109993967424092,229.20000000000005,-0.003166578881963167,-1.347646986886889,0.8036931087556325,-0.46143475561143493,-0.32880511916089467,-0.35578078563703586,0.2901736374210088,0.8540519670001457,0.3472140201051446,False,0.08169506109064664,53.25553970442471,37.6115283525727,marvin bagley,12500000.0,False,False,MEM,165903638,0.0,165903638.0,12500000.0,0.06468407376538689,35.09617392536441,81.40190512067056,marvin bagley
1630222,Mason Jones,1610612758,SAC,26.0,10,45.391666666666666,23,9,11,0,1,1,1,107.4,105.3,0.569,0.193,0.159,110.3,108.8,1.5,35.92729943087939,45.300000000000004,-0.001318748621094476,-0.2303911212004966,0.37442448964948066,-0.2149768028954555,-0.1169313710686339,-0.02376966643523217,0.13279958217206844,2.066428576306347,0.14364043914432925,False,0.5649991538682704,71.39628301507514,43.88288270879252,mason jones,2233305.384461386,True,True,SAC,167811057,0.0,167811057.0,2233305.384461386,0.011556743218330882,74.82050002489903,173.53832520490965,mason jones
203486,Mason Plumlee,1610612756,PHX,35.0,74,1300.045,333,455,134,33,47,59,54,115.2,115.0,0.645,0.105,0.098,116.8,114.7,2.0,25.56188439630936,923.1,0.007262546086969334,3.0707710120703426,-2.109776374963448,-0.3804025394501711,0.8670069872235523,0.9572254379050952,-0.7779326417000537,0.012123766093061983,0.7687194191995838,True,0.06548146247966488,52.61046672731794,47.13496604192416,mason plumlee,3303771.0,False,False,PHX,220708856,244237706.0,464946562.0,6959743.237875792,0.03601476359895283,53.98745674321708,125.2182599978961,mason plumlee
1641824,Matas Buzelis,1610612741,CHI,20.0,80,1511.295,688,278,79,29,75,74,-35,110.4,112.1,0.571,0.181,0.079,110.7,111.6,-0.9,26.283683860530207,1103.4,-0.0008747538881766842,-0.9980177988767344,0.07423815451874813,-0.1861597612099067,-0.06602256727391156,-0.25188267099562883,0.022748349011326486,-0.6277416665963219,0.8288258398042817,True,-0.2791359736701053,39.00702384358452,36.002376296912544,matas buzelis,5195520.0,False,False,CHI,165722496,0.0,165722496.0,5195520.0,0.02688539191436343,45.67918074525876,105.94808268624988,matas buzelis
1629680,Matisse Thybulle,1610612757,POR,28.0,15,312.2816666666667,112,52,28,33,9,13,1,105.3,105.1,0.592,0.135,0.114,103.3,105.0,-1.7,29.97294109484493,260.0,0.0021825592546748512,-3.00186387153233,2.636865206269676,-0.52914896139639,0.28453148976548404,-0.8473587814582871,0.962232376668498,0.5509578146735957,0.3767574977637633,False,0.09291086679933538,53.70128136820416,38.64026693025887,matisse thybulle,11025000.0,False,False,POR,167012048,0.0,167012048.0,11025000.0,0.05705135306107124,37.67601015615133,87.38556546301953,matisse thybulle
1630346,Matt Ryan,1610612740,NOP,28.0,19,67.82166666666667,28,8,3,2,0,3,-40,80.5,108.8,0.439,0.208,0.062,87.1,111.3,-24.2,20.1705453026319,38.0,-0.028461242037241704,-3.2784640989565528,0.19096353116606182,-1.481886992944239,-3.2291121456951415,-0.9295551286863867,0.06554100856258338,-1.2002528432131392,0.1755791283240417,False,-1.3445165410728435,8.93907055996561,5.622770205606726,matt ryan,2592022.8296339405,True,True,NOP,172778396,2946594.0,175724990.0,2636227.6555524683,0.013641755530728704,9.046146412197743,20.98159057221988,matt ryan
1631108,Max Christie,1610612742,DAL,22.0,78,2127.141666666667,749,258,146,64,31,88,-83,112.6,114.3,0.57,0.15,0.069,112.9,113.6,-0.7,20.53911156207273,1213.6,-0.0008749341614723904,0.7058749120468023,-1.6041368060407306,-0.5626286506118312,-0.06604323755930036,0.2544573208789906,-0.592560252678492,-0.9645129469591553,0.983301874175767,True,-0.49063297214452467,31.18430307841188,30.949979340966927,max christie,7142857.0,False,False,DAL,174411922,5396883.0,179808805.0,7363880.672422639,0.03810606404915942,34.75604096082165,80.61300227995059,max christie
1629622,Max Strus,1610612739,CLE,29.0,50,1272.725,471,217,158,26,12,54,221,120.1,112.2,0.607,0.143,0.083,119.4,110.2,9.2,24.03441434716848,849.6999999999999,0.0044568960993963255,5.579748095342674,0.6452914520420793,-0.5582348601051943,0.5453088359969122,1.7028096098504895,0.23210204782503605,-0.4930331544511884,0.7605993450144193,False,0.08456441268921061,53.36961538763511,47.62009099157734,max strus,15212068.0,False,False,CLE,165110486,0.0,165110486.0,15212068.0,0.07871828229088651,41.484095686256374,96.21802160687798,max strus
1628467,Maxi Kleber,1610612747,LAL,33.0,34,636.875,103,95,43,9,17,23,-17,111.9,112.3,0.489,0.085,0.035,112.8,112.8,0.0,14.204985279685967,251.3,-0.007380796024834352,0.2979109546424455,-0.39281118919682523,-1.7980154775145296,-0.8120107469954665,0.13322406155875074,-0.1484764877235949,-2.10953530019279,0.5380414820101108,False,-1.206453935410516,11.38212552027591,9.01599409366121,maxi kleber,11000000.0,False,False,LAL,192057940,49664775.0,241722715.0,13844519.341402913,0.07164159282605052,8.117525404348424,18.82775125814636,maxi kleber
1641721,Maxwell Lewis,1610612751,BKN,22.0,28,327.68833333333333,116,55,19,9,7,14,-68,101.2,110.7,0.516,0.164,0.066,101.9,111.6,-9.7,21.45575318010508,195.3,-0.009812594683209804,-4.073181072314605,0.2608238187122564,-1.2599488907876326,-1.0908427951910182,-1.1657184641200085,0.09115247015717758,-1.0655443310680055,0.38593942843954465,False,-0.9594618403903872,16.866306726917106,12.205686449937005,maxwell lewis,1891857.0,False,False,BKN,168312896,0.0,168312896.0,1891857.0,0.009789841419325084,22.055078038469944,51.15444702703085,maxwell lewis
1630695,Micah Potter,1610612762,UTA,27.0,38,705.165,162,164,31,14,14,31,-104,108.6,116.2,0.563,0.102,0.063,107.9,115.4,-7.5,17.133011422858484,335.6,-0.0013089552298012261,-2.1814432390049143,-2.235857346663482,-1.4998139048481502,-0.11580845271202062,-0.603557177199682,-0.8241551534864433,-1.1665757151768557,0.5661532879481894,False,-0.9564543082748163,16.942137912927365,13.634507040034027,micah potter,2430021.402781819,True,True,UTA,154060898,0.0,154060898.0,2430021.402781819,0.012574694693520648,22.570085418037195,52.348952785326084,micah potter
1629008,Michael Porter Jr.,1610612743,DEN,27.0,77,2593.2633333333333,1398,540,165,50,38,104,265,119.8,115.4,0.617,0.197,0.101,119.2,114.6,4.6,28.42225818434688,2047.4,0.008109919801266269,6.314344447278726,-2.532849051335167,0.6995075886284602,0.9641675591034337,1.9211071050424375,-0.9330352040170433,0.11315515020191215,1.0,True,0.5016593612370129,69.20464222780372,69.20464222780372,michael porter,35859950.0,False,False,DEN,185864258,28913338.5,214777596.5,41438380.64664469,0.21443226163725965,42.452332111156124,98.46374473788585,michael porter
1628969,Mikal Bridges,1610612752,NYK,28.0,82,3036.076666666667,1444,259,306,75,43,132,334,118.4,112.9,0.585,0.192,0.09,116.4,112.1,4.3,25.136519389606978,2119.8999999999996,0.0017600842733153429,4.543537820120587,-0.44750313746473797,0.49134395982208967,0.23609015850718626,1.3948825326509124,-0.1685270884553905,-0.2572932581972051,1.0,True,0.26501485290176724,60.45009900847438,60.45009900847438,mikal bridges,23300000.0,False,False,NYK,191906878,49098292.5,241005170.5,29261173.602386467,0.15141855294068463,41.884390886305255,97.14646446118834,mikal bridges
201144,Mike Conley,1610612750,MIN,37.0,71,1755.85,582,182,319,79,14,75,265,115.5,109.0,0.573,0.141,0.092,114.5,108.0,6.5,25.686021015462593,1252.8,-0.0003994381117840466,2.328676480522817,2.7233046001465993,-0.12093139122047065,-0.01152246669413898,0.736699734223723,0.9939219000629579,-0.18993900212463835,0.8933720593143913,True,0.17065032669637217,56.77506383445945,54.05085017192638,mike conley,9975962.0,False,False,MIN,203708244,98747659.0,302455903.0,14811813.875356395,0.07664707690501872,47.52771553614884,110.23556581704047,mike conley
1628970,Miles Bridges,1610612766,CHA,27.0,64,2028.735,1300,481,248,44,45,136,-259,108.2,113.6,0.541,0.273,0.135,106.3,112.7,-6.4,35.14051859902846,1980.3000000000002,-0.009509380173879728,-3.8895816825662806,-0.9315996264734099,1.186543985326729,-1.0560759684276568,-1.111158858977403,-0.3460015746307463,1.2581775034355465,0.960287598965681,False,0.29710378705697515,61.68063634027355,60.578367565394935,miles bridges,27173913.0,False,False,CHA,168575524,0.0,168575524.0,27173913.0,0.14061755143889645,43.07463435211512,99.90710970646195,miles bridges
1630540,Miles McBride,1610612752,NYK,24.0,64,1593.455,611,161,187,67,17,41,211,116.8,109.7,0.531,0.162,0.077,115.6,108.9,6.7,25.066286779356805,1109.5,-0.00726292889439017,3.175405749207188,2.038995859126573,-0.2790000154283607,-0.7984960042006666,0.9883193862576042,0.7430476529752905,-0.6950959226688888,0.8510568296375556,False,-0.13834812540292257,44.49826462964485,41.51579395534001,miles mcbride,4710144.0,False,False,NYK,191906878,49098292.5,241005170.5,5915207.780096095,0.0306095789108261,50.336283048729356,116.74974444717452,miles mcbride
1641936,Miles Norris,1610612738,BOS,25.0,3,34.916666666666664,7,9,0,2,1,0,-14,87.7,110.9,0.354,0.127,0.088,85.1,105.5,-20.4,20.311217183770886,19.700000000000003,-0.02817277759004662,-1.6820186191140354,0.2766874731756627,-1.484476061382117,-3.1960365732722438,-0.45514486440771745,0.0969682403366345,-0.3246475142697719,0.12598099904831728,False,-1.0016452492279602,15.825747927223087,9.60134595052398,miles norris,2163876.201524763,True,True,BOS,195348491,62004341.25,257352832.25,2850698.5963908443,0.014751583863346419,15.029912744726728,34.86031080823859,miles norris
1629011,Mitchell Robinson,1610612752,NYK,27.0,17,290.12333333333333,87,101,13,16,18,10,23,113.8,108.2,0.676,0.109,0.122,114.1,108.9,5.2,28.924250606064085,233.09999999999997,0.010918214509330074,0.7607373537619074,1.2039337794117775,-0.633459704222917,1.2861689561719176,0.2707606057713776,0.43690576414359433,0.8203748389638624,0.3631449330835313,False,0.3868228245464629,65.05563107128886,46.411677345649416,mitchell robinson,14318182.0,False,False,NYK,191906878,49098292.5,241005170.5,17981408.11899421,0.09304885833396385,38.13258673281468,88.44454708457486,mitchell robinson
1628964,Mo Bamba,1610612740,NOP,27.0,32,413.485,138,145,18,9,31,20,-75,103.5,112.5,0.557,0.15,0.1,104.5,112.4,-7.9,27.730147405589076,318.5,-0.0028249341614723753,-3.534349519154969,-0.24497215346639684,-0.664416965697858,-0.28963185255777746,-1.0055957272249374,-0.09427725782079792,0.07947802216562876,0.43352938455510404,False,-0.3506865604153029,36.29117546268872,27.040127437883125,mo bamba,2430021.402781819,False,True,NOP,172778396,2946594.0,175724990.0,2471463.4270804385,0.012789145810058158,44.49713660358704,103.20645491584307,mo bamba
1628420,Monte Morris,1610612756,PHX,30.0,45,570.77,233,67,73,20,3,21,47,111.1,108.3,0.546,0.173,0.096,112.3,108.2,4.2,25.399372777125638,402.7,-0.005161090732898141,-0.04701686795059746,1.9503094540755346,-0.7872771083606599,-0.5574974998524862,0.030723035661158818,0.7105343534068433,-0.0552304899795048,0.509353422577005,False,-0.18582444070168908,42.62912187151181,33.21699713634956,monte morris,2800834.0,False,False,PHX,220708856,244237706.0,464946562.0,5900253.223335578,0.030532193178616024,40.310012981552184,93.4948595569236,monte morris
1629021,Moritz Wagner,1610612753,ORL,28.0,30,564.1566666666666,386,148,42,24,12,49,-17,106.1,107.0,0.649,0.254,0.165,103.8,106.3,-2.5,35.51779352071233,556.5999999999999,0.01858444481990677,-3.8107859387333143,2.8197314884980114,0.13921835474534067,2.165185272787918,-1.0877433962335583,1.0292729361729278,2.268491344524047,0.5063939656876338,False,1.0313592139526424,84.88138001236513,66.02729739367611,moritz wagner,11000000.0,False,False,ORL,152308863,0.0,152308863.0,11000000.0,0.05692198491354046,64.4307784029808,149.440452442593,moritz wagner
1629650,Moses Brown,1610612742,DAL,25.0,13,118.57666666666668,76,44,2,6,4,11,-14,101.5,105.9,0.706,0.216,0.154,102.9,107.8,-4.9,35.03556067804233,115.4,0.028116094807479758,-1.8341554229111203,0.9313966261675014,-0.23330850671834036,3.258092154517002,-0.5003548400737872,0.3369909902629359,1.89804293612493,0.23216047219215605,False,0.9752949998638164,83.52930249875143,54.6676074138095,moses brown,446051.0,False,False,DAL,174411922,5396883.0,179808805.0,459853.2964911366,0.002379614764119121,162.05804940353852,375.8766978315517,moses brown
1630541,Moses Moody,1610612744,GSW,23.0,74,1649.15,724,189,96,59,31,54,132,113.2,108.9,0.578,0.17,0.076,112.7,109.0,3.7,24.162993057029382,1106.9,0.0003684079503312921,0.7610544706499034,2.255087267572442,-0.3532797573203873,0.0765193987214531,0.2708548423165907,0.822268867240599,-0.7287730507051722,0.865802307899232,True,-0.13150538829985198,44.76877621731703,42.06523631637417,moses moody,5803269.0,False,False,GSW,170316619,0.0,170316619.0,5803269.0,0.03003032640611064,51.344648387985906,119.08854239841821,moses moody
1631243,Mouhamed Gueye,1610612737,ATL,22.0,33,532.7566666666667,197,139,27,28,33,15,87,113.4,104.7,0.52,0.155,0.085,113.1,106.3,6.8,29.644302902513346,438.70000000000005,-0.00865409863352146,0.6767015269766047,3.2183398137376775,-0.42020847905373826,-0.9580086786622872,0.24578796542914388,1.1754066291728404,-0.4256788983786216,0.4920997065759349,False,-0.16327790188606645,43.51498160731513,33.56940924030096,mouhamed gueye,1891857.0,False,False,ATL,170057021,0.0,170057021.0,1891857.0,0.009789841419325084,60.65827952708001,140.69053582156852,mouhamed gueye
1631217,Moussa Diabaté,1610612766,CHA,23.0,71,1240.6333333333334,403,438,56,46,40,61,-123,106.9,110.3,0.609,0.13,0.115,105.3,110.4,-5.1,25.645611112603774,883.8,0.004311723726723933,-4.253826925781551,1.0967764547619294,-0.40344413188119393,0.5286632515139053,-1.219400376948346,0.39762084561195654,0.5846349427098791,0.7509488946820831,True,0.030562007869292557,51.219057934283185,45.478784587939145,moussa diabate,1314865.0,False,False,CHA,168575524,0.0,168575524.0,1314865.0,0.0068040659721220345,93.33783835238981,216.48735494323063,moussa diabate
1626167,Myles Turner,1610612754,IND,29.0,72,2173.6366666666668,1120,471,111,54,144,123,202,116.1,111.5,0.612,0.207,0.103,115.3,110.8,4.4,30.46930566439346,1839.6999999999998,0.007486590857168109,3.017648500031978,0.6656746289830225,0.7061833273337298,0.8926961461293966,0.9414392019869393,0.23957471894814858,0.18050940627447845,0.993990274935659,True,0.5417551637754486,70.60064088231258,70.40971018383154,myles turner,19928500.0,False,False,IND,169543082,0.0,169543082.0,19928500.0,0.10312452512268101,55.80508058483159,129.43404841445744,myles turner
1642368,N'Faly Dante,1610612745,HOU,23.0,4,50.61666666666667,24,21,2,1,5,2,-11,114.9,123.5,0.789,0.133,0.125,119.7,127.6,-7.9,36.20151465261772,50.900000000000006,0.028351225043494493,0.5397779508247595,-1.2926072780417397,-0.1887865201718496,3.285052382114335,0.20509885279212156,-0.4783504945716085,0.9214062230727126,0.15168248335775544,False,0.6809953479290786,75.20627829711246,46.496816838702074,n faly dante,1863016.4087993947,True,True,HOU,163038023,0.0,163038023.0,1863016.4087993947,0.009640599265032497,84.47042532524135,195.9203177659939,n faly dante
1641772,Nae'Qwan Tomlin,1610612739,CLE,24.0,5,63.4,36,21,2,0,1,2,7,96.4,92.0,0.489,0.23,0.096,96.3,90.9,5.4,29.92429022082019,52.7,-0.019971565714257657,-1.7519065311795825,2.3135035022021273,-0.6899387188982791,-2.255678827314946,-0.47591321713353135,0.8436848276133599,-0.0552304899795048,0.16975918772832832,False,-0.4722399092436889,31.837777817840784,19.94291768545667,nae qwan tomlin,2082875.488098702,True,True,CLE,165110486,0.0,165110486.0,2082875.488098702,0.010778309737303413,34.84286315740347,80.81437728520191,nae qwan tomlin
1630230,Naji Marshall,1610612742,DAL,27.0,69,1919.0833333333333,914,328,208,70,11,112,-137,111.5,114.7,0.584,0.197,0.105,111.0,113.8,-2.8,27.275522167701595,1454.0,0.001608919801266263,-0.5618254889794202,-1.793833470697316,0.15859221931091985,0.21875751494696571,-0.12226088833686796,-0.6621048968837161,0.24786366234704524,0.9339756988597755,True,0.02916591299080075,51.16338664228168,49.643274561121,naji marshall,8571429.0,False,False,DAL,174411922,5396883.0,179808805.0,8836657.425473155,0.04572728005990075,52.30183313452033,121.30863231722377,naji marshall
1631466,Nate Williams,1610612745,HOU,26.0,20,146.62,65,13,9,8,4,14,-24,110.6,116.8,0.496,0.212,0.038,113.7,117.9,-4.2,22.760878461328602,92.69999999999999,-0.016924573614880967,0.12511879541357082,-1.2609929361413568,-1.2331217361644593,-1.9063081896683092,0.08187600429021266,-0.4667603690244638,-2.00850391608394,0.2581578093830488,False,-1.2545104920266807,10.482825729114687,6.983354647880708,nate williams,2233305.384461386,False,True,HOU,163038023,0.0,163038023.0,2233305.384461386,0.011556743218330882,11.90664911585099,27.616227446751655,nate williams
1629675,Naz Reid,1610612750,MIN,25.0,80,2200.116666666667,1138,480,181,58,72,108,340,116.2,108.8,0.577,0.21,0.11,114.9,108.4,6.5,30.235123894944962,1847.8,0.0002450921739386547,2.8614914290160476,2.720529816815521,0.6935667172138815,0.062379909669611086,0.8950345372081845,0.9929046374776838,0.4162493025284622,1.0,True,0.590814332715331,72.26775847255324,72.26775847255324,naz reid,13986432.0,False,False,MIN,203708244,98747659.0,302455903.0,20766360.93484806,0.10746022580386884,56.4580328176666,130.948502833865,naz reid
1629674,Neemias Queta,1610612738,BOS,25.0,62,863.09,310,236,45,18,42,40,155,117.4,108.3,0.674,0.136,0.102,118.4,107.8,10.5,25.268280248873232,605.8,0.013350726360265045,3.857242094838363,2.4686665253834983,-0.6440552320965128,1.5650827796170133,1.1909383701251877,0.900569102624153,0.14683227823819509,0.6263494522737578,False,0.4315244133022834,66.69564473599301,55.48125585204161,neemias queta,2162606.0,False,False,BOS,195348491,62004341.25,257352832.25,2849025.228154148,0.014742924641389689,86.86801077630773,201.481266484263,neemias queta
1629651,Nic Claxton,1610612751,BKN,26.0,70,1881.7316666666663,724,515,157,62,100,87,-497,103.6,116.2,0.569,0.166,0.115,102.7,114.1,-11.4,29.058553336067227,1518.9,-0.0011342604720294457,-6.990689200218279,-2.402757546350738,0.3504499042519595,-0.0957778071029503,-2.0327044147648636,-0.8853423916808715,0.5846349427098791,0.9248419193340965,True,-0.1890707331563493,42.50186896550476,41.06440746223228,nic claxton,27556817.0,False,False,BKN,168312896,0.0,168312896.0,27556817.0,0.1425989746853814,29.05645911286123,67.39341823635023,nic claxton
1630208,Nick Richards,1610612756,PHX,27.0,57,1256.2233333333334,529,466,49,14,55,81,-235,112.3,120.9,0.634,0.169,0.107,111.6,120.7,-9.1,27.258847285647192,951.1999999999999,0.009830240844741118,-0.020174337981691347,-6.352706620351374,-0.2232870248120775,1.1614209947256282,0.038699738841597546,-2.3334321800671027,0.315217918419612,0.755652437341802,False,-0.1312530976521174,44.77875466869143,39.85504386571756,nick richards,5000000.0,False,False,PHX,220708856,244237706.0,464946562.0,10533029.132279133,0.054505538669225,39.4863452381831,91.58444836397499,nick richards
1641733,Nick Smith Jr.,1610612766,CHA,21.0,60,1368.746666666667,591,128,145,17,6,82,-398,102.1,116.4,0.502,0.205,0.064,101.0,116.3,-15.4,21.519833229426432,818.2,-0.015135743354012255,-7.667341816596357,-3.2529174853282554,-0.7833769636228278,-1.7011994304401024,-2.233782967470869,-1.197019302715448,-1.1328985871405723,0.7887696595062312,False,-1.3055140721418417,9.585892929034372,8.67471878673284,nick smith,2587108.0,False,False,CHA,168575524,0.0,168575524.0,2587108.0,0.013387574776881803,14.04842399053911,32.58385028535394,nick smith
1629638,Nickeil Alexander-Walker,1610612750,MIN,26.0,82,2073.1016666666665,773,265,223,50,34,99,270,115.1,108.5,0.579,0.155,0.081,114.1,108.0,6.1,22.750259072356158,1310.1000000000001,0.0004909013664785311,2.0881632772213634,2.980055942507036,-0.31258223211780717,0.0905645952664754,0.66522724500849,1.0880494419783364,-0.5603874105237552,0.9707311365120309,True,0.030314411151416976,51.20918482908294,50.53470924104127,nickeil alexander walker,4312500.0,False,False,MIN,203708244,98747659.0,302455903.0,6402986.232052052,0.03313369870022493,59.5954590259331,138.22543481714996,nickeil alexander walker
201587,Nicolas Batum,1610612746,LAC,36.0,78,1367.3733333333332,313,218,84,52,36,34,152,110.5,104.7,0.633,0.087,0.069,110.8,104.9,5.9,19.00870769260773,722.0,0.004973538186346018,-0.8993453522953684,5.183409856286267,-1.057210653478929,0.6045474455717867,-0.22256051621442927,1.8958204392669022,-0.9645129469591553,0.7883738537859645,True,-0.21198544216383983,41.6059195850391,37.64371439537631,nicolas batum,4668000.0,False,False,LAC,174124752,8276880.0,182401632.0,4889889.624514727,0.025303838494136848,48.78598712140192,113.15399517109556,nicolas batum
203999,Nikola Jokić,1610612743,DEN,30.0,70,2570.765,2071,892,716,127,45,230,594,125.6,115.1,0.663,0.285,0.206,124.3,113.8,10.4,52.446334067874744,3745.2000000000003,0.02484262509320248,10.809421430148625,-2.026966608668479,3.907702328224701,2.882753405976118,3.2568938176626734,-0.7475737751162524,3.649253594011664,1.0,True,2.8805126775380554,99.80148550760862,99.80148550760862,nikola jokic,51415938.0,False,False,DEN,185864258,28913338.5,214777596.5,59414282.79036315,0.30745262805835255,53.96752504612187,125.17203051090733,nikola jokic
1631107,Nikola Jović,1610612748,MIA,22.0,46,1155.6766666666667,494,180,131,38,13,60,-20,109.6,110.7,0.595,0.178,0.098,109.0,110.7,-1.7,25.823831925307825,829.0,0.003411744795052767,-1.8624295898899061,0.8367722766919603,-0.4306523105085926,0.42547092184202506,-0.5087569779469754,0.302300782454905,0.012123766093061983,0.7247810536690207,False,-0.07117373884673638,47.16297408815219,41.32190927268275,nikola jovic,2464200.0,False,False,MIA,176102077,8004134.75,184106211.75,2576202.0228435462,0.01333113933441207,67.01850036626988,155.44240291680399,nikola jovic
202696,Nikola Vučević,1610612741,CHI,34.0,73,2278.25,1349,735,256,61,52,119,-98,113.6,116.0,0.611,0.221,0.136,113.2,114.5,-1.2,36.240974432129924,2293.5,0.0077719303354306865,1.1905170589401,-2.625082546159732,1.5116849884713663,0.9254134070263805,0.3984767765330049,-0.9668489012319673,1.2918546314718298,1.0,True,0.8190338289085033,79.36164434468233,79.36164434468233,nikola vucevic,20000000.0,False,False,CHI,165722496,0.0,165722496.0,20000000.0,0.10349451802461902,62.82137762728713,145.70761565181482,nikola vucevic
1641730,Noah Clowney,1610612751,BKN,20.0,46,1042.2866666666666,420,181,40,24,21,46,-261,103.0,115.2,0.516,0.185,0.061,101.2,114.4,-13.2,21.866920808734644,633.1,-0.011069085465815937,-6.750088798589299,-1.9065845396405,-0.8956843480649841,-1.234913068955767,-1.9612060131197178,-0.7034405365356187,-1.2339299712494225,0.6883071020021998,False,-1.1790340211827384,11.919231450945562,10.247418544162276,noah clowney,3244080.0,False,False,BKN,168312896,0.0,168312896.0,3244080.0,0.016787224801665303,15.331679328966834,35.56022684213848,noah clowney
1626181,Norman Powell,1610612746,LAC,32.0,60,1957.9883333333328,1306,190,125,73,9,108,352,116.2,107.4,0.615,0.255,0.11,114.5,106.4,8.1,30.179137941748042,1641.3999999999999,0.009987611925496947,2.606252488189998,4.061609785307783,0.5328709254041594,1.179465293180505,0.8191860507422148,1.4845576110731253,0.4162493025284622,0.9433953026010341,False,0.7805738653589553,78.2473416073027,76.25421641502301,norman powell,19241379.0,False,False,LAC,174124752,8276880.0,182401632.0,20156002.47074883,0.10430178805065903,60.197661199543575,139.6221797815426,norman powell
1628384,OG Anunoby,1610612752,NYK,27.0,74,2705.776666666666,1332,358,164,110,65,102,301,117.7,112.3,0.591,0.195,0.093,116.1,111.6,4.4,27.160556488401976,2041.3999999999999,0.0029575855900858964,4.078188213147966,0.01586716941527619,0.5939627003658834,0.3733966512638954,1.2565961753569361,0.001348977555437957,-0.15626187408835496,1.0,True,0.34631338349140484,63.544639418031345,63.544639418031345,og anunoby,36637932.0,False,False,NYK,191906878,49098292.5,241005170.5,46011540.286885425,0.2380971092780774,37.577929404584744,87.15807741688191,og anunoby
1630167,Obi Toppin,1610612754,IND,27.0,79,1544.815,833,318,128,46,28,68,-77,113.6,116.1,0.642,0.191,0.115,114.1,116.2,-2.1,30.22031764321294,1296.8,0.012637917167725169,1.5047601812001399,-3.2192481079129682,0.2753568765043514,1.4833514872487183,0.49185933457303627,-1.1846757811401136,0.5846349427098791,0.837966966152984,True,0.3628099580412978,64.1626573705297,59.484245855484616,obi toppin,12975000.0,False,False,IND,169543082,0.0,169543082.0,12975000.0,0.06714206856847159,54.786263053582445,127.07100769695968,obi toppin
1630534,Ochai Agbaji,1610612761,TOR,25.0,64,1738.67,667,242,98,58,30,54,-214,106.4,112.2,0.601,0.144,0.081,105.7,110.8,-5.1,22.47787101635158,1085.6,0.003624063204986509,-4.60415810059039,0.41846011736367933,-0.504300786750834,0.4498155265680581,-1.3235070986151034,0.14894347203582384,-0.5603874105237552,0.888990745426827,False,-0.40290363484651825,34.35095586224278,32.63498256037819,ochai agbaji,4310280.0,False,False,TOR,170516134,0.0,170516134.0,4310280.0,0.022304517557557742,44.20422314212065,102.52707277437202,ochai agbaji
1641765,Olivier-Maxence Prosper,1610612742,DAL,22.0,52,584.07,201,126,40,26,6,14,-104,101.8,109.5,0.484,0.158,0.082,103.0,110.3,-7.2,24.33406954645847,394.79999999999995,-0.014509597316750913,-5.058131270275998,1.0338014005648635,-0.878537604504803,-1.6294050072308461,-1.4584127587991391,0.37453357759979533,-0.5267102824874718,0.5152536886198522,False,-0.7846401141369708,21.633230183153486,16.91424734261889,olivier maxence prosper,2870406.0,False,False,DAL,174411922,5396883.0,179808805.0,2959225.8763413546,0.015313182789896468,26.133503346737445,60.61392801465493,olivier maxence prosper
1630168,Onyeka Okongwu,1610612737,ATL,24.0,74,2063.9266666666667,988,660,168,69,68,90,40,114.9,113.7,0.634,0.169,0.122,113.8,112.7,1.1,32.21626091366295,1847.0,0.009830240844741118,1.877064508397938,-0.9669505254156843,0.8515584238527598,1.1614209947256282,0.6024957430743919,-0.35896155836965893,0.8203748389638624,0.9685806547977741,True,0.6697453345669029,74.84899266487962,73.7907248125201,onyeka okongwu,14000000.0,False,False,ATL,170057021,0.0,170057021.0,14000000.0,0.07244616261723331,66.17809486016382,153.49317023359427,onyeka okongwu
1631115,Orlando Robinson,1610612761,TOR,24.0,44,769.8016666666666,303,220,77,17,16,49,-87,104.5,109.2,0.519,0.177,0.088,104.5,109.4,-4.9,26.450449358168008,565.5999999999999,-0.010059422310537408,-4.4911327568480655,1.563365383072912,-0.579843701668596,-1.1191442553641158,-1.2899197422837911,0.5686768895768161,-0.3246475142697719,0.5915317814664302,False,-0.5184132459087443,30.208498742984712,24.655853493230467,orlando robinson,2082875.488098702,False,True,TOR,170516134,0.0,170516134.0,2082875.488098702,0.010778309737303413,43.07697313117328,99.91253425990176,orlando robinson
1631131,Oscar Tshiebwe,1610612762,UTA,25.0,14,255.17333333333332,107,122,9,13,1,10,-11,113.4,115.8,0.64,0.144,0.14,112.2,114.6,-2.4,31.263454906468805,221.59999999999997,0.009240063204986514,0.2607901058783132,-1.0749288418554823,-0.45490171486840136,1.093750737763678,0.12219298539937087,-0.39854746048490813,1.4265631436169635,0.34056993230154475,False,0.4368529537697097,66.88910036011707,47.04019256967473,oscar tshiebwe,2163876.201524763,True,True,UTA,154060898,0.0,154060898.0,2163876.201524763,0.011197466227087435,81.09518035642068,188.09179003829206,oscar tshiebwe
1629052,Oshae Brissett,1610612755,PHI,27.0,6,142.24166666666667,52,22,4,4,3,8,-31,113.6,124.3,0.576,0.154,0.05,112.9,126.1,-13.3,19.38672447126369,76.6,2.5734260888346626e-05,0.28167336141266835,-2.985773987151779,-1.5154202629058484,0.037228149686085385,0.12839879129888068,-1.0990818952968457,-1.6043783796485394,0.2542740706999104,False,-1.000186822767806,15.861005251369582,10.53842195504955,oshae brissett,2430021.402781819,False,True,PHI,171403241,883861.5,172287102.5,2442552.1014405154,0.012639537624430324,17.41355883646912,40.38892864031063,oshae brissett
1642345,Oso Ighodaro,1610612756,PHX,22.0,61,1045.545,255,222,71,28,29,39,-21,109.4,110.0,0.61,0.103,0.073,110.2,109.7,0.5,19.79140065707358,574.8,0.003519211875788962,-1.3720588214677722,1.4062859206502567,-1.1059616221094564,0.4377931863239407,-0.3630351673502068,0.5110900292811562,-0.8298044348140223,0.6893821344310623,False,-0.4375545287333372,33.08546198486461,28.460840972469214,oso ighodaro,1862265.0,False,False,PHX,220708856,244237706.0,464946562.0,3923058.29940476,0.02030075139396886,39.841562177430795,92.40833690656619,oso ighodaro
1631172,Ousmane Dieng,1610612760,OKC,22.0,37,404.8416666666666,142,81,31,17,7,18,45,104.3,99.2,0.538,0.152,0.088,104.9,97.8,7.1,23.858216175047865,268.3,-0.0057505999502920095,-3.242970714697656,6.057490784699816,-1.012372958876278,-0.6250911149529642,-0.9190076806093821,2.216267017930466,-0.3246475142697719,0.4289742875673778,False,-0.24966226064478306,40.142427286850165,29.82736612373841,ousmane dieng,5027040.0,False,False,OKC,166418720,0.0,166418720.0,5027040.0,0.02601355409452404,38.28360992686179,88.79482958941392,ousmane dieng
200782,P.J. Tucker,1610612752,NYK,40.0,3,57.86833333333333,9,8,0,1,1,1,-22,106.1,127.4,0.643,0.059,0.015,105.1,126.1,-21.0,10.82457302497048,17.400000000000002,0.003962859229820864,-0.6647304901884258,-1.5270473345338353,-2.2456570087313956,0.48866215936790613,-0.15284081695677731,-0.564298501858459,-2.783077860918457,0.162184425512402,False,-1.4306091843754856,7.627112687865815,4.751561478646139,pj tucker,12165577.0,False,False,NYK,191906878,49098292.5,241005170.5,15278071.269107295,0.07905983111710195,4.133040523880969,9.586155268671552,pj tucker
1629023,P.J. Washington,1610612742,DAL,26.0,57,1834.8583333333331,836,442,131,63,60,118,49,114.2,113.2,0.556,0.198,0.097,113.7,112.0,1.7,27.903625620506585,1422.2,-0.003926913093143536,1.565261267097849,-0.4567390681753699,0.18480633209573882,-0.4159856695269355,0.5098382361467436,-0.17191307057762653,-0.021553361943221407,0.9132505215719918,False,0.028026498847295522,51.1179491789476,49.122444235635186,pj washington,15500000.0,False,False,DAL,174411922,5396883.0,179808805.0,15979621.378749555,0.08269016064047917,42.06191053681321,97.5582027258332,pj washington
1628408,PJ Dozier,1610612750,MIN,28.0,9,34.916666666666664,7,5,5,1,0,1,-4,98.8,107.8,0.621,0.082,0.054,107.9,106.2,1.7,18.867780429594273,18.3,0.0037037026583950972,-0.4992362542596965,0.330212944432868,-1.6010879870070163,0.45894705225362853,-0.10366145869188384,0.11659119923914393,-1.469669867503406,0.12598099904831728,False,-0.7703914380826424,22.053386535810592,13.379601045376884,pj dozier,1051255.0,False,False,MIN,203708244,98747659.0,302455903.0,1560851.313942233,0.008076977722227237,25.85972627197408,59.97893072089022,pj dozier
1641790,PJ Hall,1610612743,DEN,23.0,19,66.18333333333334,33,22,4,0,4,2,-2,91.9,91.3,0.641,0.176,0.168,94.3,95.5,-1.2,32.20146058927222,59.2,0.011469410583872406,-2.170508329574472,2.1132999283215104,-0.502723463835868,1.349369554581927,-0.6003076874186273,0.7702882481882696,2.3695227286328975,0.1734454765433026,False,0.8130784699336374,79.19134651868345,49.736161961043386,pj hall,1863016.4087993947,True,True,DEN,185864258,28913338.5,214777596.5,2152830.1935383156,0.011140306163454763,85.89663364280531,199.2282588081013,pj hall
1642359,Pacôme Dadiet,1610612752,NYK,19.0,18,111.17833333333331,30,18,5,3,2,4,-16,103.8,113.0,0.446,0.142,0.047,104.3,114.7,-10.4,17.67970377921358,54.6,-0.01843627100619385,-1.4203761330190452,-0.38586374872458107,-1.6687241538669286,-2.079640664550597,-0.3773934582105595,-0.14592948840416106,-1.7054097637573895,0.2248012590280714,False,-1.3192485092687467,9.354302286379735,6.091152776597154,pacome dadiet,1808080.0,False,False,NYK,191906878,49098292.5,241005170.5,2270667.0715451897,0.011750079708197126,10.325309478219117,23.948475531120902,pacome dadiet
1631094,Paolo Banchero,1610612753,ORL,22.0,46,1581.53,1191,345,219,36,28,136,-21,109.1,109.6,0.551,0.33,0.157,107.5,108.4,-0.9,38.330224529411396,1683.9,-0.008194855155239229,-2.86305161273313,2.293659757525313,1.2175610409319233,-0.905351441095001,-0.8061084154335459,0.8364099176103471,1.9990743202337802,0.8478663059275753,False,0.7728550654653848,78.01959198328076,72.67835805098284,paolo banchero,12160800.0,False,False,ORL,152308863,0.0,152308863.0,12160800.0,0.06292880673968936,68.47399279717298,158.81826539731793,paolo banchero
1627783,Pascal Siakam,1610612754,IND,31.0,78,2547.853333333333,1578,540,263,70,42,109,312,114.5,108.9,0.599,0.237,0.13,114.9,108.2,6.7,34.04654375709748,2409.6,0.005490604024873629,2.367240101488715,2.857945622776993,1.4238831990166563,0.6638346428535383,0.7481595540828885,1.0432826098635728,1.0897918632541295,1.0,True,1.0511998797504027,85.34166008004442,85.34166008004442,pascal siakam,42176400.0,False,False,IND,169543082,0.0,169543082.0,42176400.0,0.2182513095006771,52.028829511698405,120.67542896435091,pascal siakam
1626192,Pat Connaughton,1610612749,MIL,32.0,41,602.8266666666667,216,109,70,9,11,24,-13,111.7,114.6,0.567,0.151,0.088,112.5,113.2,-0.7,23.797885517119347,398.5,-0.0013337670558822067,0.14856896732982341,-1.017368795537057,-0.9186607298690381,-0.11865339723972809,0.08884461198564556,-0.3774453870831545,-0.3246475142697719,0.5234616711967756,False,-0.3881475625987767,34.89534179242643,27.41230625507534,pat connaughton,9423869.0,False,False,MIL,182559432,32359012.0,214918444.0,11094267.985780302,0.057409795901214665,26.669713092733943,61.85761044457475,pat connaughton
1630311,Pat Spencer,1610612744,GSW,28.0,39,249.61166666666668,98,46,48,14,3,18,-17,105.0,107.8,0.455,0.204,0.093,107.6,110.0,-2.4,30.14282184994024,209.0,-0.024649910459602437,-1.7808876213657412,0.9253067230506237,-0.5541487604567227,-2.7921017104416386,-0.48452542896782197,0.33475837248721346,-0.15626187408835496,0.3368380152014444,False,-0.6266960673790242,26.542924109806933,18.621907904049284,pat spencer,869906.0,False,False,GSW,170316619,0.0,170316619.0,869906.0,0.0045015251098362115,44.163771786321526,102.43325008493113,pat spencer
1631116,Patrick Baldwin Jr.,1610612746,LAC,22.0,24,106.74833333333332,53,25,3,3,2,5,29,114.6,102.1,0.721,0.151,0.122,111.5,108.2,3.3,26.40603288107543,78.3,0.021920232944117796,0.1463421019569395,1.0800303087249215,-0.9522125803221742,2.5476695018241835,0.08818286198954353,0.3914815454294216,0.8203748389638624,0.22027702943559432,False,0.46215939299508746,67.80164895512459,44.011722545519945,patrick baldwin,2448840.0,False,False,LAC,174124752,8276880.0,182401632.0,2565243.639266633,0.013274432703080992,71.4875883698933,165.8079851714544,patrick baldwin
1630172,Patrick Williams,1610612741,CHI,23.0,63,1576.3266666666666,566,237,124,48,32,86,-182,108.7,113.5,0.512,0.165,0.062,108.9,112.5,-3.6,21.803348713676098,954.6999999999999,-0.010532427577619621,-2.344534001461469,-0.760101697423584,-0.6573704495073296,-1.173379431032781,-0.6520223034412974,-0.28312876408716425,-1.2002528432131392,0.8464703900386127,False,-0.8406980401249605,20.025855940851102,18.64230310756729,patrick williams,18000000.0,False,False,CHI,165722496,0.0,165722496.0,18000000.0,0.09314506622215712,15.311279517875747,35.512911613690854,patrick williams
201988,Patty Mills,1610612746,LAC,36.0,29,320.655,111,22,26,13,3,17,-15,104.6,108.0,0.543,0.15,0.055,104.6,108.6,-4.0,19.49010618889461,173.60000000000002,-0.004924934161472377,-2.855538788288164,1.382717069903872,-1.4337296977067138,-0.5304195917869088,-0.8038758549888465,0.5024494591243184,-1.4359927394671226,0.38177515991388533,False,-0.9140071444145307,18.03565458196147,13.018114230559782,patty mills,3297886.1894896114,False,True,LAC,174124752,8276880.0,182401632.0,3454648.556301555,0.01787685936394377,19.053028596165024,44.19150729491788,patty mills
202331,Paul George,1610612755,PHI,35.0,41,1333.5933333333332,665,219,178,75,20,106,-83,108.3,112.2,0.543,0.233,0.106,108.1,110.2,-2.1,30.344782767360364,1124.1,-0.007650064397487093,-2.711565338360012,0.6537069482872303,0.15461270341238936,-0.8428852816130669,-0.761091755380093,0.23518725068423724,0.28154079038332863,0.7785748441086366,False,-0.0822030549782425,46.72426220741739,42.06859503798354,paul george,49205800.0,False,False,PHI,171403241,883861.5,172287102.5,49459535.646671355,0.25593954017368575,24.25648082057568,56.2603705611014,paul george
1630194,Paul Reed,1610612765,DET,26.0,45,437.5366666666667,184,123,44,39,25,26,43,111.3,105.7,0.573,0.179,0.115,111.7,106.3,5.4,35.47039867134946,431.1000000000001,-0.0005070880993570521,-0.17183625815173426,2.7248947766814657,0.040439505761522,-0.02386570342544758,-0.006369117274915775,0.994504874263063,0.5846349427098791,0.44595997918008634,False,0.33014086728774916,62.93532374601172,47.24441411066497,paul reed,4015938.0,False,False,DET,140501660,0.0,140501660.0,4015938.0,0.020781378386337625,65.59674876430782,152.14479876045934,paul reed
1630202,Payton Pritchard,1610612738,BOS,27.0,80,2270.875,1144,307,279,70,14,83,430,118.4,108.9,0.633,0.186,0.116,117.4,108.3,9.1,28.77780591181813,1815.3,0.010633081639774247,4.828630675943895,2.7527092602815464,0.5523055028821114,1.253475385200364,1.479602605326641,1.0047019347607868,0.6183120707461626,1.0,True,0.8842369857375455,81.17158517133277,81.17158517133277,payton pritchard,6696429.0,False,False,BOS,195348491,62004341.25,257352832.25,8821900.595643891,0.045650917510363195,85.56862788556634,198.4674837564794,payton pritchard
1641796,Pelle Larsson,1610612748,MIA,24.0,55,781.9466666666667,251,92,65,32,7,24,10,111.1,108.7,0.546,0.141,0.055,112.1,108.7,3.4,21.04900589980561,457.19999999999993,-0.004206438111784034,-0.12699787194141887,1.9511657422502087,-1.0942913738691034,-0.4480362396680909,0.006955353194293816,0.7108482769887505,-1.4359927394671226,0.5961797573134323,False,-0.6639055567301695,25.33753797801308,20.733223147100468,pelle larsson,1157153.0,False,False,MIA,176102077,8004134.75,184106211.75,1209747.5445740924,0.0062601119528581,43.810777081527746,101.61451578275823,pelle larsson
1631250,Pete Nance,1610612749,MIL,25.0,13,138.16666666666666,38,21,10,2,2,4,-14,107.8,114.8,0.578,0.116,0.054,108.5,113.9,-5.4,18.108564535585046,69.50000000000001,0.00025138424846135225,-0.7985168961412379,-0.5112132182603518,-1.6231152282045065,0.06310136414550707,-0.19259766741384893,-0.19188382437501297,-1.469669867503406,0.2506053277626601,False,-0.8948867864486516,18.542380546481454,12.28937801002273,pete nance,2163876.201524763,True,True,MIL,182559432,32359012.0,214918444.0,2547427.43853592,0.01318223874769824,20.010206103985432,46.4115804242833,pete nance
1631212,Peyton Watson,1610612743,DEN,22.0,68,1655.7283333333332,551,233,94,48,93,56,-26,113.9,113.9,0.564,0.138,0.066,114.8,112.4,2.4,23.023342194824636,1058.9,-0.0016329394285546001,1.9445707272891244,-0.845788050485077,-0.4808417497036739,-0.15295674926620462,0.6225563361538252,-0.31454221538686206,-1.0655443310680055,0.8675273989210875,True,-0.41661513102120634,33.84799700280656,31.8302275108837,peyton watson,2413560.0,False,False,DEN,185864258,28913338.5,214777596.5,2789017.2181923217,0.014432399637958903,50.20987280147285,116.45654909843543,peyton watson
1630762,Phillip Wheeler,1610612755,PHI,23.0,5,44.39666666666667,8,8,2,1,2,1,13,110.0,96.6,0.183,0.221,-0.005,111.6,98.3,13.4,17.19047976574818,21.2,-0.08681606966456931,-0.07732799215314588,1.1644654164907149,-1.733167108282741,-9.920125011166501,0.021715582149540568,0.42243627802122635,-3.4566204216441245,0.1420573934376632,False,-2.8916738762132828,0.19159774344194058,0.11762680310292241,phillip wheeler,66503.0,False,False,PHI,171403241,883861.5,172287102.5,66845.9307461841,0.002,0.37056437469664005,0.8594853141058822,phillip wheeler
1630173,Precious Achiuwa,1610612752,NYK,25.0,57,1169.6133333333332,379,317,55,47,42,45,-48,110.2,111.4,0.53,0.143,0.092,110.3,112.0,-1.8,24.694314930290354,802.3,-0.0065541039006036675,-1.1546155315625062,0.09723297182486301,-0.5412821375518194,-0.7172215433611644,-0.29841828570151024,0.03117847292000415,-0.18993900212463835,0.7291381379700449,False,-0.339971438446747,36.69390185023881,32.221361489103764,precious achiuwa,6000000.0,False,False,NYK,191906878,49098292.5,241005170.5,7535066.16370467,0.0389919020448115,35.89390503540531,83.2521590050242,precious achiuwa
1629656,Quentin Grimes,1610612755,PHI,25.0,75,2013.09,1092,324,228,74,22,141,-261,111.9,118.1,0.595,0.218,0.105,111.3,116.9,-5.7,29.460381801111726,1647.4,0.004178429018660131,-0.29494685148053257,-4.390670607056224,0.47987299772990366,0.5133795698920529,-0.042953472866176165,-1.6141306746375468,0.24786366234704524,0.9565777067708138,True,0.022771661494838974,50.908379349381306,49.91362799021214,quentin grimes,4296682.0,False,False,PHI,171403241,883861.5,172287102.5,4318838.359327786,0.022348804721243277,67.5613007019091,156.70137153016728,quentin grimes
1631245,Quenton Jackson,1610612754,IND,26.0,28,381.03833333333336,162,44,53,21,5,16,-1,110.9,110.1,0.58,0.167,0.089,111.3,109.4,1.9,28.419187920725385,300.8,0.0006959066335607402,-0.3322389017661452,0.959603618123626,-0.6226530305447402,0.11407066897637508,-0.05403542439842399,0.3473319481455615,-0.29097038623348853,0.41617213076351284,False,-0.1818492945977047,42.78504989655035,31.544452864224453,quenton jackson,2233305.384461386,True,True,IND,169543082,0.0,169543082.0,2233305.384461386,0.011556743218330882,53.783425122165916,124.74502999015385,quenton jackson
1642439,Quincy Olivari,1610612747,LAL,24.0,2,10.3,3,0,1,0,0,1,-18,68.2,150.0,0.3,0.231,-0.022,71.8,151.7,-79.8,10.485436893203884,3.0000000000000004,-0.06371739860866747,-0.8386174841967071,-0.7896303500152693,-2.2837047283547847,-7.271612257476991,-0.20451422254669432,-0.2939542556268603,-4.029131598260941,0.06842381297339532,False,-2.9451777719145604,0.16138457670147854,0.09373066382766884,quincy olivari,578577.0,False,False,LAL,192057940,49664775.0,241722715.0,728192.769726443,0.0037681979865925304,0.2365662375443202,0.5486906482823062,quincy olivari
1642366,Quinten Post,1610612744,GSW,25.0,42,685.7566666666667,340,148,56,16,18,33,43,111.5,109.1,0.595,0.197,0.095,111.9,109.9,1.9,28.7157252086503,547.0,0.003775919801266265,-0.09727719288518223,1.3410272921255255,-0.4125775897685823,0.4672275296657883,0.015787346133383486,0.48716558068692645,-0.08890761801578818,0.5583077787005799,False,0.015710385626032712,50.626727925554924,40.56408356400304,quinten post,789588.0,False,False,GSW,170316619,0.0,170316619.0,789588.0,0.004085901474901144,99.5196354928026,230.82538692840492,quinten post
1629628,RJ Barrett,1610612761,TOR,25.0,58,1868.8033333333333,1223,366,314,46,17,166,-139,110.1,113.4,0.547,0.281,0.121,109.0,112.6,-3.6,35.09069083424152,1821.6,-0.008102043329158254,-1.947222876825631,-0.8056487081003405,1.0624429408089486,-0.8947095602493986,-0.533954710141502,-0.2998267416602592,0.786697710927579,0.9216594059662498,False,0.24234639667283686,59.57441171613317,57.47421905475929,rj barrett,25794643.0,False,False,TOR,170516134,0.0,170516134.0,25794643.0,0.13348020724510565,41.619326028586926,96.5316742437505,rj barrett
1642484,RayJ Dennis,1610612754,IND,24.0,11,70.38333333333334,30,12,14,7,2,5,44,113.5,86.3,0.443,0.212,0.11,113.3,85.9,27.4,36.00852474544163,70.4,-0.028160573614880967,0.18161453127757318,3.18841858629446,-0.18947747859822772,-3.1946372553723648,0.0986646496403208,1.1644372158703493,0.4162493025284622,0.1788642620604358,False,-0.2122248873702725,41.59657958105715,26.226182449533226,rayj dennis,2082875.488098702,True,True,IND,169543082,0.0,169543082.0,2082875.488098702,0.010778309737303413,45.82054143945878,106.27595403318166,rayj dennis
1641712,Rayan Rupert,1610612757,POR,21.0,52,459.5416666666667,155,70,25,16,4,30,-86,100.6,109.8,0.499,0.156,0.055,101.0,111.0,-10.0,18.81700970169553,240.2,-0.011985931527931279,-5.300760908912051,0.6603316274436487,-1.437207273276156,-1.3400393977738074,-1.5305141818922237,0.23761592256279096,-1.4359927394671226,0.45703673348821294,False,-1.1850402887246618,11.80007589332661,8.916922404869187,rayan rupert,1891857.0,False,False,POR,167012048,0.0,167012048.0,1891857.0,0.009789841419325084,16.112442369301235,37.37112506330027,rayan rupert
1641736,Reece Beekman,1610612751,BKN,23.0,36,469.3033333333333,93,39,63,33,2,21,-117,98.5,110.4,0.4,0.122,0.051,98.7,110.6,-11.9,19.614606047261546,255.70000000000002,-0.021451613117997537,-6.433691355082911,0.6675671762211532,-1.361625619246119,-2.425382288409456,-1.8671832627745149,0.24026854519203986,-1.5707012516122563,0.4618654533191424,False,-1.4194613311939963,7.788228137513645,5.902226559311043,reece beekman,1863016.4087993947,True,True,BKN,168312896,0.0,168312896.0,1863016.4087993947,0.009640599265032497,10.72253159953856,24.869790700695784,reece beekman
1642263,Reed Sheppard,1610612745,HOU,21.0,52,654.3516666666667,229,78,75,35,17,37,-50,108.5,111.1,0.465,0.171,0.06,107.5,111.8,-4.2,24.63629393980301,447.8,-0.018952424944078516,-2.272076271113077,0.21472479735212177,-0.814230379325557,-2.138823302549388,-0.6304902865715425,0.07425212009301901,-1.2676070992857058,0.545373794527731,False,-0.9880989449712877,16.155209620902355,12.850147879050386,reed sheppard,10098960.0,False,False,HOU,163038023,0.0,163038023.0,10098960.0,0.052259349887495324,12.920180889923634,29.96700840325415,reed sheppard
202704,Reggie Jackson,1610612755,PHI,35.0,31,383.9916666666667,136,42,45,16,3,17,-19,108.3,111.8,0.496,0.17,0.067,110.9,111.8,-0.9,23.044250092232907,245.8,-0.013571592049668702,-0.8897066952476599,0.04291679920374555,-1.0945630221042946,-1.521852546447159,-0.21969622933771993,0.011265635198985132,-1.0318672030317222,0.41778184099678944,False,-0.8427433875234744,19.968598799522358,14.736862425603125,reggie jackson,5250000.0,False,False,PHI,171403241,883861.5,172287102.5,5277072.258657,0.027307402499539696,18.596223692281473,43.131996092253374,reggie jackson
1626158,Richaun Holmes,1610612764,WAS,31.0,31,534.135,230,177,42,9,23,21,-36,110.2,114.5,0.695,0.143,0.135,110.6,113.1,-2.5,30.26875228172653,449.1,0.01704089609939632,-0.7583334812669087,-0.9096674581001405,-0.3623478030183198,1.9882006981204283,-0.18065649891742747,-0.3379610281671101,1.2581775034355465,0.49273586876097863,False,0.5073037759314676,69.40291552011402,53.5603911790694,richaun holmes,12648321.0,False,False,WAS,173806822,4489233.0,178296055.0,12975012.779841606,0.06714213470064896,49.33024915430246,114.4163540383946,richaun holmes
1641741,Ricky Council IV,1610612755,PHI,23.0,73,1250.015,532,214,97,32,13,52,-159,109.9,116.0,0.502,0.196,0.08,109.7,115.8,-6.1,24.22626928476858,841.1999999999999,-0.014471247304323915,-1.5201509945175309,-2.8437245634429433,-0.5493094061736394,-1.6250077630443196,-0.4070432138768373,-1.047005193530518,-0.5940645385600386,0.7537828841010098,True,-0.7774051386791727,21.845989082919886,19.425503691239072,ricky council,1863016.4087993947,False,True,PHI,171403241,883861.5,172287102.5,1872623.2777710618,0.009690312178729916,35.22669824396531,81.70464262765026,ricky council
1642434,Riley Minix,1610612759,SAS,24.0,1,6.75,0,2,0,0,0,0,0,93.3,93.3,0.0,0.063,0.039,101.7,86.4,15.3,7.466666666666667,1.4,-0.036277472347818404,-0.18073088829973258,0.3028848446197028,-2.5265791687239374,-4.125327586541795,-0.009012304212680263,0.10657245177327777,-1.9748267880476564,0.05539117094069973,False,-1.828257944442461,3.3755424168509545,1.9406871904312435,riley minix,2082875.488098702,True,True,SAS,162395330,0.0,162395330.0,2082875.488098702,0.010778309737303413,3.3906321669688637,7.864216724639087,riley minix
1642265,Rob Dillingham,1610612750,MIN,20.0,49,515.975,219,50,98,20,1,53,19,112.3,111.1,0.503,0.215,0.078,113.7,111.9,1.7,25.326808469402586,363.0,-0.015659072298110414,0.6255822158298471,0.16190600028521765,-0.8231331029328622,-1.7612047605937042,0.23059701389519666,0.054888234829060245,-0.6614187946326053,0.48428719878713594,False,-0.6255668409034143,26.57995469451852,20.411524393289,rob dillingham,6262920.0,False,False,MIN,203708244,98747659.0,302455903.0,9298873.166943407,0.04811911982924353,21.12429012926778,48.995581811880335,rob dillingham
1629057,Robert Williams III,1610612757,POR,27.0,20,351.33,116,118,21,13,33,17,-17,106.3,108.3,0.679,0.12,0.137,106.5,107.6,-1.1,30.617368286226625,298.8,0.012380052670822098,-2.2648922802413063,1.658492880939102,-0.4481944390712912,1.4537845304693147,-0.628355444479479,0.6035515564836585,1.3255317595081133,0.3996191368609048,False,0.49995801445563526,69.14476794644663,50.463829988888605,robert williams,12428571.0,False,False,POR,167012048,0.0,167012048.0,12428571.0,0.06431444826898787,47.18349272717023,109.43717700986065,robert williams
1631199,Ron Harper Jr.,1610612765,DET,25.0,1,17.0,4,7,2,0,0,0,-1,120.6,116.7,0.225,0.205,0.071,110.6,113.4,-2.8,24.776470588235295,11.7,-0.07192074335401226,0.08851166416501982,-0.0927667554444919,-1.1330711720701303,-8.212214560024012,0.07099758781474232,-0.03847727698976735,-0.8971586908865891,0.08790490729915326,False,-1.779369537663365,3.7589598634147183,2.216121883128714,ron harper,2163876.201524763,True,True,DET,140501660,0.0,140501660.0,2163876.201524763,0.011197466227087435,3.8204946448282873,8.861237787734524,ron harper
1641842,Ronald Holland II,1610612765,DET,19.0,81,1266.3216666666667,522,218,82,49,17,72,-55,109.8,110.9,0.556,0.177,0.078,109.2,110.2,-1.0,23.607271980657888,830.4000000000001,-0.003510422310537403,-1.7695193254480501,1.017173869644753,-0.6070363640120152,-0.3682304914538392,-0.4811471512008656,0.3684377628739864,-0.6614187946326053,0.7586835688057028,True,-0.4223257113598931,33.63936468244838,29.986385537683013,ronald holland,8245320.0,False,False,DET,140501660,0.0,140501660.0,8245320.0,0.042667270967937584,32.3674724392132,75.07296738658371,ronald holland
1626220,Royce O'Neale,1610612756,PHX,32.0,75,1836.8733333333328,680,349,163,67,33,65,-155,112.1,116.4,0.585,0.151,0.085,113.3,116.7,-3.4,24.986154008078955,1274.9,0.0013842329441177957,0.716707045343129,-3.6796058575322013,-0.16023188468211985,0.1929947338196904,0.2576762690264206,-1.3534474143280026,-0.4256788983786216,0.9137518395288865,True,-0.3031781024064002,38.08770679540232,36.609459203952355,royce o neale,9375000.0,False,False,PHX,220708856,244237706.0,464946562.0,19749429.623023372,0.10219788500479686,29.107607841791907,67.51205236405634,royce o neale
203497,Rudy Gobert,1610612750,MIN,33.0,72,2388.423333333333,866,785,127,56,104,89,327,114.3,107.6,0.687,0.129,0.126,112.9,106.1,6.7,27.129361489518192,1799.9,0.014340556621133758,1.2831725542648345,4.298862052781494,0.40868606662370605,1.6785775371099458,0.42601089440855827,1.571536602286343,0.955083351108996,1.0,True,0.9401152770593525,82.64207833161454,82.64207833161454,rudy gobert,43827586.0,False,False,MIN,203708244,98747659.0,302455903.0,65073027.18656864,0.3367350792538426,43.28806505610895,100.40213990414932,rudy gobert
1629060,Rui Hachimura,1610612747,LAL,27.0,59,1868.825,775,295,83,45,26,49,158,114.8,110.9,0.619,0.156,0.086,114.7,109.6,5.1,22.73278664401429,1180.1000000000001,0.006734068472068721,2.234074269258861,1.4033390093148317,-0.4123715096334608,0.8064113062115895,0.7085871174048217,0.5100096628936001,-0.3920017703423387,0.9216647487513608,False,0.08305780446543493,53.30972114867888,51.43050746859939,rui hachimura,17000000.0,False,False,LAL,192057940,49664775.0,241722715.0,21396075.3458045,0.11071882527662354,39.76135397455835,92.22230236804336,rui hachimura
201566,Russell Westbrook,1610612743,DEN,36.0,75,2092.2916666666665,994,370,457,106,37,242,-24,115.7,116.2,0.532,0.23,0.093,115.5,114.6,0.9,32.02383351588171,1861.2,-0.010081565714257648,2.963581633610233,-2.6967515087070377,0.8469011894469605,-1.1216832363739417,0.9253723354940168,-0.9931234406917568,-0.15626187408835496,0.9752136518049092,True,-0.013568416100518607,49.45871512259044,48.90705970215079,russell westbrook,5631296.0,False,False,DEN,185864258,28913338.5,214777596.5,6507309.329263639,0.03367354213346236,57.3506497306817,133.01883441521863,russell westbrook
1642346,Ryan Dunn,1610612756,PHX,22.0,74,1410.4166666666667,511,267,57,44,40,40,-169,110.4,115.1,0.517,0.161,0.059,112.5,114.0,-1.6,22.93364844903988,898.5,-0.009472095999980355,-0.18324337271572827,-1.8761100331240674,-0.609420855858823,-1.0518009341694399,-0.009758930646741847,-0.6922682857380004,-1.3012842273219893,0.800686258685938,True,-0.8058147047444298,21.01748490085347,19.13240180398306,ryan dunn,2530800.0,False,False,PHX,220708856,244237706.0,464946562.0,5331398.025594406,0.027588523452814925,24.056497819800455,55.79653090469126,ryan dunn
1631157,Ryan Rollins,1610612749,MIL,22.0,56,819.525,349,108,104,42,17,53,83,114.0,108.6,0.6,0.179,0.088,114.2,108.3,5.8,27.3407156584607,622.4000000000001,0.004325911900642952,1.3736928352868187,2.1605979153742045,-0.46558556270200924,0.5302900792861673,0.4529104979242732,0.7876281507488005,-0.3246475142697719,0.610337090169329,False,0.05183366423745231,52.066938429346074,42.93708879888705,ryan rollins,1549888.0,False,False,MIL,182559432,32359012.0,214918444.0,1824608.642155898,0.009441849600173961,78.57429397313194,182.24485770233858,ryan rollins
1630573,Sam Hauser,1610612738,BOS,27.0,71,1541.1333333333334,605,224,64,41,13,23,325,119.8,109.8,0.632,0.14,0.083,119.6,109.7,9.8,21.850413115888735,935.4,0.007863394782625778,5.868001630466598,1.6299755859191385,-0.668209985700932,0.9359007962930226,1.7884689308257924,0.5930968384766283,-0.4930331544511884,0.8369678318281722,True,0.1826575420787271,57.24666341429572,53.046791968629755,sam hauser,2092344.0,False,False,BOS,195348491,62004341.25,257352832.25,2756461.806716971,0.014263934306972174,84.02204137911382,194.88033809419474,sam hauser
1630241,Sam Merrill,1610612739,CLE,29.0,71,1401.2816666666668,509,157,108,53,14,35,321,117.4,107.1,0.583,0.14,0.069,116.7,105.2,11.6,22.24049649784899,865.6999999999999,0.0010033947826257707,3.7380124904104686,4.377010872299805,-0.6897348693713125,0.14932751481119352,1.1555073147833803,1.600186720401483,-0.9645129469591553,0.7980891003648729,True,-0.026034368931166063,48.96149626459543,44.51285937337556,sam merrill,2754024.2564860615,False,True,CLE,165110486,0.0,165110486.0,2754024.2564860615,0.014251320652656736,70.52678282131814,163.57949718097277,sam merrill
1630572,Sandro Mamukelashvili,1610612759,SAS,26.0,61,681.2083333333334,385,187,48,22,17,26,-28,111.6,112.9,0.628,0.202,0.124,112.6,113.7,-1.1,33.24621689399963,629.0999999999999,0.010537755329217193,0.1682800536035734,-0.8542153474071144,0.012242077149232755,1.2425451914822274,0.0947020883394712,-0.3176317444891046,0.8877290950364292,0.5564531889702417,False,0.422321578098126,66.36048449260178,53.11519291881432,sandro mamukelashvili,2162606.0,False,False,SAS,162395330,0.0,162395330.0,2162606.0,0.011190893282357462,91.58702848933227,212.42653456263795,sandro mamukelashvili
1630583,Santi Aldama,1610612763,MEM,24.0,65,1659.6483333333333,811,416,188,52,29,71,149,116.1,112.6,0.588,0.179,0.121,114.4,111.5,2.9,31.200826681154343,1438.4,0.0021779119006429502,2.4374643338997384,-0.03166197798687602,0.46102018342534024,0.2839986203032274,0.7690278499799501,-0.016075670639849004,0.786697710927579,0.868553743910304,True,0.506806979081108,69.3854870518048,65.28127892684088,santi aldama,3960531.0,False,False,MEM,165903638,0.0,165903638.0,3960531.0,0.02049466234832812,91.08193635371536,211.25502617576592,santi aldama
1630703,Scoot Henderson,1610612757,POR,21.0,66,1759.0716666666667,837,198,335,68,13,177,-38,112.5,113.7,0.54,0.22,0.084,110.9,113.0,-2.1,28.086632816741403,1372.3999999999999,-0.007883236770159488,-0.28670953729852305,-1.0754997824949257,0.16176557257388446,-0.8696210189780565,-0.04050561827459997,-0.39875677288217287,-0.459356026414905,0.8941912716544657,True,-0.29369792630122477,38.449436951950425,36.61870823868097,scoot henderson,10259449.0,False,False,POR,167012048,0.0,167012048.0,10259449.0,0.053089836472657984,36.615663132658675,84.92620143134785,scoot henderson
1630567,Scottie Barnes,1610612761,TOR,23.0,65,2134.13,1252,502,378,93,63,184,-130,107.4,110.1,0.523,0.262,0.139,107.5,110.1,-2.6,37.20560603149761,2205.6,-0.013842218335371758,-3.6038638209690497,1.4573583941004031,1.5223800920617716,-1.552882780499738,-1.0262530554651843,0.529813695304495,1.39288601558068,0.9849157785867231,True,0.4910625065905827,68.83088806450111,68.36367090446427,scottie barnes,10130980.0,False,False,TOR,170516134,0.0,170516134.0,10130980.0,0.05242504461085274,68.66013631334822,159.25000581650858,scottie barnes
1630590,Scotty Pippen Jr.,1610612763,MEM,24.0,79,1682.88,779,259,347,103,30,138,44,111.0,109.7,0.582,0.188,0.106,110.8,108.2,2.6,32.93282943525384,1539.4999999999998,0.001159415850954606,-0.7926886079630129,2.3890031976898713,0.6761908420842295,0.167217019723105,-0.19086569487245234,0.8713637510662486,0.28154079038332863,0.8746116021100192,True,0.3806672090235912,64.8274898232996,61.16961303362194,scotty pippen,2087519.0,False,False,MEM,165903638,0.0,165903638.0,2087519.0,0.010802338638611735,106.78798133405488,247.6835549957292,scotty pippen
203552,Seth Curry,1610612766,CHA,34.0,68,1061.9566666666667,444,113,60,27,7,32,-171,106.2,114.1,0.616,0.151,0.083,104.4,114.1,-9.7,21.550031859429293,635.7,0.0060652329441178,-4.615223167165839,-1.4965714795108822,-0.9190846441645433,0.7297220706442444,-1.3267952667515046,-0.5531257566852207,-0.4930331544511884,0.69477159970567,True,-0.5502109502953645,29.108734687798876,25.11056905229186,seth curry,3303771.0,False,False,CHA,168575524,0.0,168575524.0,3303771.0,0.01709610936543568,37.33020489512601,86.58350632380754,seth curry
1631101,Shaedon Sharpe,1610612757,POR,22.0,72,2252.33,1335,324,198,62,16,150,-138,111.4,114.4,0.551,0.25,0.102,109.5,113.5,-3.9,28.728649887005904,1797.4,-0.0062082236024539605,-1.3487843139592437,-1.6049206529415636,0.5348227638394639,-0.6775626219157521,-0.35611876124834224,-0.5928476185840997,0.14683227823819509,1.0,True,-0.06622397583090463,47.35997543590652,47.35997543590652,shaedon sharpe,6614160.0,False,False,POR,167012048,0.0,167012048.0,6614160.0,0.03422646506688571,55.220790759561055,128.07884926879584,shaedon sharpe
1628983,Shai Gilgeous-Alexander,1610612760,OKC,26.0,76,2597.63,2484,379,486,131,77,183,918,122.4,105.7,0.637,0.336,0.199,120.6,104.7,16.0,50.109214938232164,3615.7000000000007,0.020552147478301867,7.892602859256822,5.701379740019317,3.6225953640037947,2.3908036892593976,2.3901127803257682,2.0857132417494775,3.4135136977576814,1.0,True,2.95969740702845,99.8460293295273,99.8460293295273,shai gilgeous alexander,35859950.0,False,False,OKC,166418720,0.0,166418720.0,35859950.0,0.18556541208184685,64.42800851576459,149.43402797886517,shai gilgeous alexander
1629003,Shake Milton,1610612747,LAL,28.0,57,836.2766666666666,315,104,102,25,4,40,-118,106.2,113.1,0.563,0.162,0.081,106.5,113.0,-6.5,23.14258040600599,537.6,-0.002078928894390183,-3.4596937962905017,-0.714193081345763,-0.865842390526864,-0.20409427078932735,-0.9834105404075707,-0.2662982184533433,-0.5603874105237552,0.6165433947223484,False,-0.6026472752363787,27.33716817470476,22.61999020692532,shake milton,2875000.0,False,False,LAL,192057940,49664775.0,241722715.0,3618453.918775761,0.018724507215899567,32.57366631416652,75.55121251612711,shake milton
1631321,Sidy Cissoko,1610612757,POR,21.0,22,114.46333333333334,32,21,15,2,1,11,8,91.2,89.0,0.471,0.156,0.057,95.4,89.8,5.5,18.46180727452751,58.70000000000001,-0.016353931527931284,-3.3881313256652534,4.176214191353098,-1.603010852628442,-1.8408778953704008,-0.9621445648196617,1.5265727021513003,-1.3686384833945557,0.22809819788588398,False,-1.0028117218812915,15.797585603308478,10.310202444997856,sidy cissoko,1891857.0,False,False,POR,167012048,0.0,167012048.0,1891857.0,0.009789841419325084,18.6300312112331,43.21040909692784,sidy cissoko
1631323,Simone Fontecchio,1610612765,DET,29.0,75,1236.6816666666666,446,215,65,31,12,54,16,110.7,109.5,0.544,0.152,0.068,109.9,109.9,0.1,20.49646298090724,704.1,-0.004838599950292009,-1.202161049316137,1.5372693333519032,-0.9516580807239063,-0.5205204396305987,-0.3125472252284593,0.559109823670334,-0.9981900749954388,0.7497519791924728,True,-0.5784652188579168,28.147503651402182,24.977767965655964,simone fontecchio,7692308.0,False,False,DET,140501660,0.0,140501660.0,7692308.0,0.039805585447846056,27.624287852318336,64.0716467715978,simone fontecchio
1627746,Skal Labissiere,1610612758,SAC,29.0,4,11.96,5,3,1,0,0,0,-1,114.8,128.0,0.625,0.129,0.092,126.4,122.7,3.7,25.585284280936452,8.5,0.00634255662113375,0.23014977540350715,-0.3018547559178607,-1.070744630488,0.7615202331315685,0.11308770278140612,-0.11513097370513217,-0.18993900212463835,0.07373170034906042,False,-0.2107463139282152,41.65426164174554,24.29190169489379,skal labissiere,128603.0,False,False,SAC,167811057,0.0,167811057.0,128603.0,0.002,76.52773963332277,177.4980889363836,skal labissiere
203915,Spencer Dinwiddie,1610612742,DAL,32.0,79,2136.085,872,209,349,70,17,102,-222,110.1,115.1,0.553,0.175,0.089,109.8,114.8,-5.0,26.15794783447288,1552.1,-0.003995756521717772,-1.611091048177993,-2.448153826903632,0.14337337010560366,-0.4238793140636843,-0.43406755979739575,-0.9019851101230059,-0.29097038623348853,0.9853667983409666,True,-0.31543757094125857,37.621472214120296,37.373737048791774,spencer dinwiddie,3303771.0,False,False,DAL,174411922,5396883.0,179808805.0,3406000.6259414707,0.01762511965866816,54.971573613752405,127.50081616180525,spencer dinwiddie
1642461,Spencer Jones,1610612743,DEN,24.0,20,124.625,26,17,5,5,5,5,-45,89.4,107.4,0.368,0.128,0.013,94.6,109.6,-15.1,17.014242728184556,58.900000000000006,-0.026602610484456436,-3.868328894016465,0.634233112489755,-1.718742262381191,-3.0159999125260493,-1.1048432402106592,0.22804795287793098,-2.8504321169910236,0.23800783027607994,False,-1.8687344806714217,3.0829882157998942,2.025842419894107,spencer jones,2082875.488098702,True,True,DEN,185864258,28913338.5,214777596.5,2406890.8996080547,0.012455000679638865,3.364753207498465,7.804193184525827,spencer jones
1630649,Stanley Umude,1610612749,MIL,26.0,22,85.77666666666667,15,17,4,3,6,3,-15,85.6,95.8,0.27,0.137,0.022,90.4,99.0,-8.6,19.683674658998175,46.900000000000006,-0.041899106534144775,-3.430647493608612,2.076235205570866,-1.5141267814902828,-4.7699088182078535,-0.9747789495980976,0.7566999599549196,-2.547337964664474,0.1974573218176372,False,-1.8909312559495677,2.9316760719753177,1.8729182471105184,stanley umude,2233305.384461386,True,True,MIL,182559432,32359012.0,214918444.0,2629163.0782750403,0.01360519827970995,3.016060048489192,6.995435867951611,stanley umude
201939,Stephen Curry,1610612744,GSW,37.0,70,2252.45,1718,310,421,80,30,200,299,118.4,112.7,0.618,0.286,0.145,116.9,112.3,4.7,39.64323292414926,2480.4,0.012059792198792654,4.576010712154292,-0.45925506541420896,1.9255034232561887,1.4170631995053031,1.40453239134394,-0.17283545966186872,1.5949487837983793,1.0,True,1.3571745106316673,91.26371161294338,91.26371161294338,stephen curry,55761217.0,False,False,GSW,170316619,0.0,170316619.0,55761217.0,0.2885490138940596,50.45905800073703,117.03450810875704,stephen curry
1642264,Stephon Castle,1610612759,SAS,20.0,81,2162.0216666666665,1190,297,332,74,22,177,-239,111.8,116.6,0.522,0.253,0.087,112.0,115.2,-3.3,30.333276030998768,1821.7,-0.013619722285683415,0.00958031297087266,-3.135962325862567,0.6816703565435848,-1.527371199170277,0.0475418270933792,-1.1541424025457423,-0.3583246423060553,0.991330984692863,True,-0.33217556974931645,36.98783449616663,36.84354284962532,stephon castle,9105120.0,False,False,SAS,162395330,0.0,162395330.0,9105120.0,0.04711650029781596,38.41215705357156,89.09298120657357,stephon castle
203500,Steven Adams,1610612745,HOU,31.0,58,794.0666666666667,225,327,66,22,28,54,172,115.3,105.9,0.541,0.127,0.109,112.5,106.2,6.3,26.072873814121397,575.0999999999999,-0.004423777590046613,1.0503941587897672,3.5705382513269917,-0.6028799118034804,-0.4729565642471792,0.3568369316832011,1.304526005499916,0.3825721744921788,0.6007823182646057,False,0.14231263033717417,55.65834647495693,45.65943825292598,steven adams,12600000.0,False,False,HOU,163038023,0.0,163038023.0,12600000.0,0.06520154635550998,42.4872057678978,98.54463053766942,steven adams
1629004,Svi Mykhailiuk,1610612762,UTA,28.0,38,760.3066666666666,334,90,76,19,7,52,-106,110.3,117.7,0.526,0.198,0.067,109.4,116.9,-7.5,23.03070690773898,486.3999999999999,-0.009866913093143541,-1.2959495799792502,-3.2101269505415875,-0.9135490071440817,-1.097070989060764,-0.3404180433553551,-1.181331876041514,-1.0318672030317222,0.5878723835952319,False,-0.930770548964182,17.598613358557074,14.334819799586016,svi mykhailiuk,3500000.0,False,False,UTA,154060898,0.0,154060898.0,3500000.0,0.01811154065430833,20.884578716472262,48.43959625852004,svi mykhailiuk
204456,T.J. McConnell,1610612754,IND,33.0,79,1415.4333333333334,720,193,351,83,21,109,-56,111.1,113.8,0.547,0.226,0.129,113.0,113.8,-0.9,36.0779973153098,1418.5,-0.006516234136618382,0.24518471859855365,-1.4049159804510474,0.8363940182138256,-0.7128793648587083,0.11755558562779082,-0.5195239583451823,1.0561147352178462,0.8021089625972196,True,0.3587057644823952,64.00923922126299,58.30915458247668,tj mcconnell,9500000.0,False,False,IND,169543082,0.0,169543082.0,9500000.0,0.04915989606169403,59.895029007229645,138.9202560602393,tj mcconnell
201959,Taj Gibson,1610612766,CHA,40.0,37,408.85,107,120,21,9,18,25,-124,96.6,110.4,0.515,0.132,0.068,96.9,110.7,-13.8,21.238106885165713,241.20000000000005,-0.008029942062095697,-6.8054863228494975,0.5932674014595419,-1.2426328328478462,-0.8864423692534229,-1.9776683066690455,0.21302952436012998,-0.9981900749954388,0.4310926919943194,False,-1.007777403444944,15.678066807446273,11.664351755475408,taj gibson,3297886.1894896114,False,True,CHA,168575524,0.0,168575524.0,3297886.1894896114,0.017065657084063737,17.351435983806713,40.24484118026428,taj gibson
1629659,Talen Horton-Tucker,1610612741,CHI,24.0,58,723.695,379,100,83,21,11,40,19,111.4,109.8,0.567,0.208,0.09,112.5,109.7,2.8,28.72259722673226,577.4000000000001,-0.0018372420372417151,0.08977231824233756,1.276717017812995,-0.3890192090038198,-0.17638225558257806,0.071372212091948,0.46358880798034297,-0.2572932581972051,0.573543610135509,False,-0.12065596503665955,45.19817694528944,36.52440382944437,talen horton tucker,2082875.488098702,False,True,CHI,165722496,0.0,165722496.0,2082875.488098702,0.010778309737303413,63.81286954130713,148.00727745781694,talen horton tucker
1631106,Tari Eason,1610612745,HOU,24.0,57,1420.1933333333334,686,362,83,97,50,65,145,114.8,109.2,0.567,0.185,0.117,113.3,108.3,5.0,32.395589332907726,1278.0,-0.0016340854658159487,1.4731512788636651,2.395446874269553,0.43526645958952076,-0.15308815484774388,0.4824662247547888,0.8737260656378767,0.6519891987824459,0.8034565478247248,False,0.4848789948638522,68.61189083854889,62.5435427899922,tari eason,3695160.0,False,False,HOU,163038023,0.0,163038023.0,3695160.0,0.019121440161192563,89.4063032656913,207.368570463002,tari eason
1627752,Taurean Prince,1610612749,MIL,31.0,80,2165.86,656,287,155,76,15,82,-22,114.0,114.5,0.613,0.123,0.064,113.7,113.5,0.2,19.219524807697635,1156.3000000000002,0.004571553987592645,1.5532257047686815,-1.62586206057338,-0.7116338705657986,0.5584556044176636,0.5062616690936138,-0.6005249425135833,-1.1328985871405723,0.9922105714926738,True,-0.44814919413396714,32.702276327109516,32.587646907544936,taurean prince,2988550.0,False,False,MIL,182559432,32359012.0,214918444.0,3518276.260939506,0.018206115295169644,47.390885160059085,109.91820206919233,taurean prince
1641707,Taylor Hendricks,1610612762,UTA,21.0,3,74.51666666666667,14,15,2,5,4,2,-22,95.7,109.2,0.354,0.113,0.036,92.5,109.0,-16.6,21.015432789085217,43.5,-0.0250671170683092,-2.3512866035745423,0.3656073654798818,-1.4100880155367645,-2.839938965728283,-0.6540289512056469,0.12956713860539792,-2.0758581721565066,0.18404133264354539,False,-1.479939572280423,6.944468688502418,4.394588951046342,taylor hendricks,5848366.0,False,False,UTA,154060898,0.0,154060898.0,5848366.0,0.03026369102007845,5.349503376140558,12.407613638835677,taylor hendricks
1631386,Taze Moore,1610612757,POR,27.0,2,19.85,6,8,1,2,0,2,-7,58.7,77.3,0.276,0.224,0.105,59.2,74.5,-15.3,26.478589420654906,14.599999999999998,-0.06716256834779875,-2.020251709722792,1.385272992841677,-0.9946155345273104,-7.666638273070341,-0.5556564396099725,0.5033864853585298,0.24786366234704524,0.09498803752434973,False,-1.3321310190259819,9.14085694796974,5.418193749633665,taze moore,2430021.402781819,True,True,POR,167012048,0.0,167012048.0,2430021.402781819,0.012574694693520648,8.969088165904227,20.802862028564675,taze moore
1629611,Terance Mann,1610612737,ATL,28.0,67,1414.25,517,199,121,47,15,47,-95,112.9,115.2,0.584,0.145,0.074,112.2,114.2,-2.0,22.73911967473926,893.3,0.001184230310576691,0.4224434413865457,-1.9956500693643378,-0.6289292099836139,0.1700622662148166,0.17023095637195562,-0.7360928269003829,-0.7961273067777389,0.8017736021414705,True,-0.45544043517626676,32.43962053937181,29.545945432034053,terance mann,11423077.0,False,False,ATL,170057021,0.0,170057021.0,11423077.0,0.05911129242365555,28.45319902252042,65.99421954473672,terance mann
1629056,Terence Davis,1610612758,SAC,28.0,1,7.883333333333334,0,1,1,0,0,0,-3,86.7,106.7,0.0,0.111,0.0,81.3,107.5,-26.3,9.589852008456658,2.0999999999999996,-0.06391745127948957,-0.44157124461851827,0.07324490698004314,-2.3560807042979155,-7.294550462397945,-0.08652534423703757,0.022384214793089167,-3.2882347814627075,0.05986094998689324,False,-2.679294349289575,0.3688875346937495,0.21282502530085318,terence davis,64301.0,False,False,SAC,167811057,0.0,167811057.0,64301.0,0.002,0.6704711030138323,1.5550876066932022,terence davis
1630545,Terrence Shannon Jr.,1610612750,MIN,24.0,32,338.8283333333333,138,47,32,7,5,15,11,107.8,107.0,0.56,0.166,0.082,110.1,106.8,3.3,23.38529343767985,220.1,-0.0026282604720294284,-1.102004796454079,2.027246006516957,-1.0867123224386728,-0.2670810844402444,-0.2827841327900396,0.7387400426086093,-0.5267102824874718,0.3924447461590979,False,-0.401359941549161,34.40775688729576,25.000680825905103,terrence shannon,2546640.0,False,False,MIN,203708244,98747659.0,302455903.0,3781124.836636067,0.019566284627928303,35.45208458072389,82.22740266523537,terrence shannon
1626179,Terry Rozier,1610612748,MIA,31.0,64,1658.22,679,238,167,37,14,78,-141,107.3,112.3,0.497,0.195,0.078,107.4,111.6,-4.2,23.438144516409167,1079.6000000000001,-0.015372414409914098,-3.494510752171069,0.014443991066542513,-0.43196852054484897,-1.7283363297218053,-0.9937569765679262,0.0008272265163122097,-0.6614187946326053,0.8681799143244237,False,-0.7146076804920067,23.742574875583166,22.334188161166995,terry rozier,24924126.0,False,False,MIA,176102077,8004134.75,184106211.75,26056969.32830429,0.13483767409075667,16.11588285191623,37.37910490292583,terry rozier
1630678,Terry Taylor,1610612758,SAC,25.0,3,6.333333333333333,0,1,2,0,0,0,9,135.7,71.4,0.0,0.067,0.043,147.5,84.2,63.3,19.894736842105264,3.5,-0.038580803925457666,0.38615149584064556,0.4105050598795166,-1.5300777955139007,-4.38942949286314,0.15944620255792874,0.14602707050936717,-1.840118275902523,0.05365433699886598,False,-1.547148364618609,6.0913736881113065,3.497328405952796,terry taylor,2163876.201524763,False,True,SAC,167811057,0.0,167811057.0,2163876.201524763,0.011197466227087435,6.029237176831064,13.98418510411248,terry taylor
1628418,Thomas Bryant,1610612754,IND,27.0,66,963.0166666666668,429,251,53,28,41,30,-37,109.9,113.4,0.614,0.162,0.11,112.3,112.6,-0.4,29.17706512521417,780.5000000000001,0.006183071105609825,-0.3740148876511973,-0.672195576563089,-0.1989211017789108,0.7432334918349978,-0.06644985179633586,-0.2509015243000449,0.4162493025284622,0.6616153327159585,True,0.13902683267460347,55.52855272298937,47.07304784591947,thomas bryant,2800834.0,False,False,IND,169543082,0.0,169543082.0,2800834.0,0.01449354824484829,74.14451622662493,171.97045147806872,thomas bryant
1642275,Tidjane Salaün,1610612766,CHA,19.0,60,1244.3533333333332,353,280,74,29,14,58,-321,99.4,111.2,0.457,0.15,0.065,98.1,111.7,-13.6,19.186833321725345,663.2,-0.01782493416147238,-9.479284239325855,0.284487769846494,-1.0874538533246627,-2.0095442756230004,-2.7722317240858643,0.09982790504212737,-1.099221459104289,0.7520739003017931,False,-1.3039221152624632,9.61300695279998,8.540515058719231,tidjane salaun,7488720.0,False,False,CHA,168575524,0.0,168575524.0,7488720.0,0.03875207335106625,9.534517101230158,22.11431531244013,tidjane salaun
203501,Tim Hardaway Jr.,1610612765,DET,33.0,77,2152.795,844,183,123,38,7,48,25,113.8,114.2,0.567,0.151,0.066,112.4,112.7,-0.3,19.6438583330043,1174.6999999999998,-0.0013337670558822067,0.8535529371190738,-1.1371017908069554,-0.6637383898821666,-0.11865339723972809,0.2983422964621213,-0.4213406689045041,-1.0655443310680055,0.9892134157087549,True,-0.5218456622432599,30.088889699383458,29.942839344145888,tim hardaway,16193183.0,False,False,DET,140501660,0.0,140501660.0,16193183.0,0.08379528349347272,25.520195588808487,59.19142480883901,tim hardaway
202699,Tobias Harris,1610612765,DET,32.0,73,2305.4133333333334,1002,432,162,74,57,85,187,114.7,110.8,0.571,0.173,0.1,113.1,109.4,3.7,26.374446230900027,1689.0,-0.0008360907328981567,1.5053206782652855,1.5932531629522695,0.2643176639880509,-0.061589417868682265,0.4920258955763155,0.579634040676741,0.07947802216562876,1.0,True,0.2414334004043575,59.53903857620367,59.53903857620367,tobias harris,25365854.0,False,False,DET,140501660,0.0,140501660.0,25365854.0,0.13126134170064271,43.36823956108256,100.5880962839199,tobias harris
1642449,Tolu Smith,1610612765,DET,24.0,1,22.35,14,8,0,0,0,2,7,117.4,104.4,0.678,0.2,0.149,111.6,102.8,8.8,27.06040268456376,16.8,0.020433421118036834,0.08607952227699453,0.3619300535674942,-0.9463742067242125,2.377190426461721,0.07027483649599692,0.12821900025493405,1.729657295943513,0.10079231572441874,False,0.6686562765838985,74.8142617623586,44.54116018080566,tolu smith,2082875.488098702,True,True,DET,140501660,0.0,140501660.0,2082875.488098702,0.010778309737303413,77.81918240496725,180.49345538828635,tolu smith
1628396,Tony Bradley,1610612754,IND,27.0,14,112.73833333333332,61,42,6,2,9,5,44,112.6,93.6,0.64,0.182,0.16,113.3,94.2,19.2,36.46674452641072,114.20000000000002,0.011678413217413511,0.20456043051389927,3.30057745803579,-0.11964528146757625,1.37333396964064,0.1054834043414779,1.2055557502622474,2.10010570434263,0.2263729157158536,False,1.0027763595725496,84.20156112309965,54.88828742237304,tony bradley,635312.0,False,False,IND,169543082,0.0,169543082.0,635312.0,0.003287565461762838,145.3086629895339,337.02824766710563,tony bradley
1628470,Torrey Craig,1610612738,BOS,34.0,26,313.94666666666666,108,73,17,8,12,8,-49,104.9,109.8,0.567,0.139,0.08,105.1,110.2,-5.1,24.458931453325405,213.29999999999998,-0.0012277723229644156,-2.6568432597885847,0.7169558594667921,-1.0059102968455638,-0.1064999533780755,-0.7448301817249064,0.258374917332533,-0.5940645385600386,0.3777605462499099,False,-0.5186402184449699,30.200582866608926,21.744185482975045,torrey craig,3891631.0,False,False,BOS,195348491,62004341.25,257352832.25,5126849.226195967,0.02653003948250213,27.71741662463698,64.28764921973954,torrey craig
1641787,Tosan Evbuomwan,1610612751,BKN,24.0,28,664.93,267,120,55,24,10,39,-66,103.4,108.4,0.53,0.183,0.087,103.8,107.9,-4.1,24.157730888965762,446.20000000000005,-0.008387419676996303,-4.719405414355694,2.1683153430216704,-0.8537520437559707,-0.9274310486424413,-1.3577547502080647,0.7904574348634907,-0.3583246423060553,0.5497644123539728,False,-0.5451446582288617,29.282701512372928,23.34985006689403,tosan evbuomwan,2082875.488098702,True,True,BKN,168312896,0.0,168312896.0,2082875.488098702,0.010778309737303413,40.79521579833703,94.6202367487564,tosan evbuomwan
1641739,Toumani Camara,1610612757,POR,25.0,78,2548.0516666666667,882,450,175,116,50,109,-114,111.5,113.3,0.572,0.143,0.076,109.1,112.2,-3.1,23.235635593469784,1644.6000000000001,-0.0005481039006036786,-1.545026148295696,-0.6196147523572091,-0.020559640906874788,-0.028568609165850706,-0.41443527857737184,-0.23162488220391086,-0.7287730507051722,1.0,True,-0.3249661409303403,37.26033488606619,37.26033488606619,toumani camara,1891857.0,False,False,POR,167012048,0.0,167012048.0,1891857.0,0.009789841419325084,67.3276015259228,156.1593307313363,toumani camara
1629027,Trae Young,1610612737,ATL,26.0,76,2739.06,1841,236,880,91,12,355,34,115.2,114.6,0.567,0.285,0.129,114.2,113.9,0.3,38.97483078136295,2965.3999999999996,-0.0025173749067975426,2.2762747493614386,-1.929061424134076,2.2390678362938154,-0.2543668536948491,0.7211276903031366,-0.7116807812324746,1.0561147352178462,1.0,True,0.8398633879451798,79.9507506198084,79.9507506198084,trae young,43031940.0,False,False,ATL,170057021,0.0,170057021.0,43031940.0,0.22267849449821622,48.4008532964906,112.2607175408655,trae young
1631218,Trayce Jackson-Davis,1610612744,GSW,25.0,62,966.7866666666666,407,311,104,23,38,45,-61,107.8,111.3,0.587,0.164,0.12,108.0,111.5,-3.5,31.051731509191967,833.9000000000001,0.001831405316790189,-2.628700295195783,0.31558559398014824,-0.008431465358874846,0.24426788842041042,-0.7364670328177648,0.11122867014702156,0.7530205828912956,0.6629091075317074,False,0.16665273739012,56.61783522739323,48.0294247545021,trayce jackson davis,1891857.0,False,False,GSW,170316619,0.0,170316619.0,1891857.0,0.009789841419325084,86.78681985221988,201.29295262665238,trayce jackson davis
1630200,Tre Jones,1610612741,CHI,25.0,46,904.9716666666668,330,116,192,37,10,35,-31,112.0,113.5,0.617,0.136,0.11,111.7,112.8,-1.1,29.135055793643627,732.4,0.005598726360265038,-0.05681410477861845,-0.7608361270891582,-0.23868860294795574,0.6762320393769056,0.02781162417140306,-0.2833980131531854,0.4162493025284622,0.6413663208929493,False,0.12829948758081816,55.10440146968391,46.21136906435479,tre jones,9104167.0,False,False,CHI,165722496,0.0,165722496.0,9104167.0,0.04711156878403208,48.18058363342005,111.74982509280656,tre jones
1630544,Tre Mann,1610612766,CHA,24.0,13,319.045,183,38,39,7,4,25,-55,107.0,114.4,0.537,0.25,0.098,105.9,114.0,-8.1,28.50256233446692,252.59999999999997,-0.009708223602453964,-2.1689988653963628,-0.8808121529440737,-0.6524587942468139,-1.0788755206309708,-0.5998591250914461,-0.32738239235321903,0.012123766093061983,0.380815512480065,False,-0.4603951244451303,32.261631681331274,23.27247583570837,tre mann,4908373.0,False,False,CHA,168575524,0.0,168575524.0,4908373.0,0.025399484896002668,30.121163211079512,69.8628880471924,tre mann
1630570,Trendon Watford,1610612751,BKN,24.0,44,912.6766666666666,450,160,115,27,12,83,-65,105.1,109.4,0.557,0.226,0.101,105.6,108.3,-2.7,27.22453734984643,690.2,-0.004256234136618379,-4.2047031427608585,2.0407800653382724,-0.42357160248625214,-0.45374589311688124,-1.2048024297090116,0.7437017603440522,0.11315515020191215,0.6440908556275506,False,-0.2091733399332656,41.71564618602146,35.03450521256663,trendon watford,2726603.0,False,False,BKN,168312896,0.0,168312896.0,2726603.0,0.014109423166474015,55.703901891209185,129.19937501569896,trendon watford
1642280,Trentyn Flowers,1610612746,LAC,20.0,6,26.515,11,4,0,0,0,1,-6,88.5,101.7,0.446,0.194,0.029,94.5,105.6,-11.2,16.835753347161983,12.4,-0.025187581515504282,-0.9975300449125849,0.39576472161781545,-1.7682245247792092,-2.8537515190128504,-0.25173772681184253,0.14062311898638993,-2.31159806841049,0.10978284350149037,False,-1.580265470743695,5.702304193779613,3.417974132585407,trentyn flowers,1157153.0489437233,True,True,LAC,174124752,8276880.0,182401632.0,1212157.3881759841,0.006272582232962725,7.217393994073145,16.73999058625133,trentyn flowers
1630243,Trevelin Queen,1610612753,ORL,28.0,31,430.28,152,54,38,31,10,22,-86,101.9,111.1,0.486,0.176,0.071,101.2,111.5,-10.3,25.133401505996094,300.4,-0.015810589416127598,-4.823330242821886,0.2584599754670265,-0.8859948625257233,-1.7785778388326905,-1.3886377374195196,0.09028586220840819,-0.8971586908865891,0.44224633201623975,False,-0.952185780003978,17.050138570124425,12.770738772921197,trevelin queen,2592022.8296339405,True,True,ORL,152308863,0.0,152308863.0,2592022.8296339405,0.013413007673088694,20.66806079599865,47.93740558506376,trevelin queen
1641725,Trey Alexander,1610612743,DEN,22.0,24,117.22166666666666,32,12,11,2,1,5,-25,94.2,105.1,0.374,0.165,0.029,94.4,110.0,-15.6,16.952497405200972,55.199999999999996,-0.03330242757761962,-3.3403211667930663,0.7328564519404344,-1.7264855452269752,-3.784206489245788,-0.9479369827931231,0.26420422934618165,-2.31159806841049,0.23083018814179343,False,-1.7952916932338003,3.630361891578603,2.3737977436733804,trey alexander,1157153.0489437233,True,True,DEN,185864258,28913338.5,214777596.5,1337161.6108933636,0.006919444822021592,4.84324729446305,11.233405600799603,trey alexander
1641998,Trey Jemison III,1610612747,LAL,25.0,38,392.0233333333333,95,105,16,9,15,24,-18,105.6,107.8,0.537,0.121,0.044,107.0,109.4,-2.3,19.018255716071323,207.10000000000002,-0.004698780223587718,-2.4031474478675836,1.3794286572322803,-1.4461485484490315,-0.5044885939673791,-0.6694402616183293,0.5012438950219669,-1.8064411478662397,0.42212844519461634,False,-1.0043722255566911,15.759961613767542,11.661706529128088,trey jemison,2163876.201524763,True,True,LAL,192057940,49664775.0,241722715.0,2723438.7204010044,0.014093048886874356,18.549330620675423,43.02323251666219,trey jemison
1626168,Trey Lyles,1610612758,SAC,29.0,69,1349.5216666666668,451,316,82,41,23,39,-70,111.8,113.8,0.551,0.139,0.087,111.7,113.6,-1.9,23.170876594546463,868.6,-0.0034517723229644023,-0.12273177202689062,-1.2996706302113645,-0.6130597100941306,-0.3615056353045442,0.008223095571622107,-0.4809399882478522,-0.3583246423060553,0.7832106609297013,True,-0.38589569941246543,34.978695789060076,31.566342035316957,trey lyles,8000000.0,False,False,SAC,167811057,0.0,167811057.0,8000000.0,0.041397807209847606,34.434997776653034,79.86837618843111,trey lyles
1630530,Trey Murphy III,1610612740,NOP,25.0,53,1854.23,1124,268,188,56,39,103,-384,109.0,118.7,0.598,0.229,0.11,108.5,117.3,-8.9,31.681506609212448,1631.8,0.005076267180152157,-2.5268339458533466,-4.695139067326703,0.6458752100013452,0.6163264370821979,-0.7061957568344372,-1.7257517765665404,0.4162493025284622,0.9180587226217167,False,0.01400042881105798,50.55851805354777,48.69424475530046,trey murphy,5159854.0,False,False,NOP,172778396,2946594.0,175724990.0,5247851.082906569,0.02715619092451952,61.56606622552263,142.79605213379045,trey murphy
202684,Tristan Thompson,1610612739,CLE,34.0,40,328.17,69,134,24,2,11,14,-85,97.2,109.8,0.41,0.123,0.083,98.4,109.0,-10.5,22.290885821373067,203.20000000000002,-0.020397446012407356,-5.542954874097963,1.021872989178043,-1.1871143831776263,-2.304510615016705,-1.6024861373904358,0.3701605058468905,-0.4930331544511884,0.3862229690453195,False,-0.9752139791138008,16.472706468950584,11.922950478215382,tristan thompson,3297886.1894896114,False,True,CLE,165110486,0.0,165110486.0,3297886.1894896114,0.017065657084063737,17.73611738549803,41.13706946214923,tristan thompson
1641774,Tristan Vukcevic,1610612764,WAS,22.0,35,512.51,330,130,39,11,23,42,-125,102.6,114.3,0.608,0.252,0.127,102.5,113.2,-10.7,34.208113012429024,486.99999999999994,0.008106110608726392,-4.741976159327529,-0.8813570145472375,-0.018303093754638122,0.9637307939320215,-1.3644620215945646,-0.32758214392187057,0.9887604791452793,0.48265835837483523,False,0.1828053645672621,57.2524630385576,43.92387559160445,tristan vukcevic,1157153.0489437233,True,True,WAS,173806822,4489233.0,178296055.0,1187040.999218591,0.006142611804479513,93.43184991164127,216.7054049233426,tristan vukcevic
1641783,Tristan da Silva,1610612753,ORL,24.0,74,1628.611666666667,533,245,113,33,18,56,-127,106.1,110.3,0.522,0.149,0.074,105.0,109.5,-4.5,19.737301812279785,892.9000000000001,-0.008021101267062564,-4.94885601614394,1.5904999403915034,-0.8695383318393057,-0.885428676372939,-1.4259398038210447,0.5786246824797853,-0.7961273067777389,0.8603941133591224,True,-0.7161343446502779,23.695419933066862,22.206810883979184,tristan da silva,3628440.0,False,False,ORL,152308863,0.0,152308863.0,3628440.0,0.018776182449062432,31.947840661062408,74.09967536155298,tristan da silva
1641803,Tristen Newton,1610612750,MIN,24.0,8,16.145,3,4,2,1,0,2,-5,83.3,97.6,0.178,0.185,-0.068,87.9,104.5,-16.6,17.838340043357075,8.0,-0.07359908546581594,-0.8085310428753004,0.3177669338405554,-1.6912939735445796,-8.404654656573657,-0.1955735372813878,0.11202837057800867,-5.578279487929976,0.08566584128832427,False,-3.369537313256693,0.03764724807584384,0.02215727387208745,tristen newton,2082875.488098702,True,True,MIN,203708244,98747659.0,302455903.0,3092550.277883985,0.016003100023825233,0.03371031054760904,0.0781875399472428,tristen newton
1629660,Ty Jerome,1610612739,CLE,27.0,70,1392.4,878,173,237,78,3,92,302,120.3,110.4,0.643,0.229,0.134,120.4,109.5,10.9,35.67164607871301,1379.7,0.015381267180152166,6.218706730693808,1.5001184162274273,0.774498337526884,1.7979062717280065,1.8926867706351922,0.5454899357403237,1.2245003753992632,0.7955558377066257,True,1.1963871437170284,88.42272420055768,80.2878448009612,ty jerome,2560975.0,False,False,CLE,165110486,0.0,165110486.0,2560975.0,0.013252343664904935,130.4863936119443,302.6495439339453,ty jerome
1631102,TyTy Washington Jr.,1610612756,PHX,23.0,16,118.34833333333331,35,13,16,3,0,3,2,109.2,105.7,0.367,0.187,0.049,110.3,109.0,1.3,20.958470053091865,68.89999999999999,-0.03905175125463557,-0.39201454582142714,0.8074540421305708,-1.3954240896011516,-4.443428703667305,-0.07179874889134145,0.2915524322138068,-1.6380555076848227,0.23193683831961012,False,-1.4738239277574607,7.02645020437288,4.597909302660675,tyty washington,1863016.4087993947,True,True,PHX,220708856,244237706.0,464946562.0,3924641.221559615,0.02030894258224322,6.435580255699007,14.926655380866617,tyty washington
1629639,Tyler Herro,1610612748,MIA,25.0,77,2725.08,1840,399,424,69,17,198,99,113.9,112.6,0.605,0.271,0.139,112.9,112.0,0.9,34.63164384164869,2621.5000000000005,0.00790428561493989,1.1760189461732355,-0.2883027119088549,1.6310991685591052,0.9405893729921238,0.39416842175602335,-0.11016266242477288,1.39288601558068,1.0,True,1.0093298666624864,84.35917694753493,84.35917694753493,tyler herro,29000000.0,False,False,MIA,176102077,8004134.75,184106211.75,30318098.637473762,0.15688785029541027,57.728987970925374,133.896350397483,tyler herro
1642278,Tyler Kolek,1610612752,NYK,24.0,41,296.15166666666664,81,27,70,12,4,18,-1,104.1,104.4,0.453,0.152,0.072,106.7,105.9,0.8,25.17493851686355,207.10000000000002,-0.01867059995029201,-2.324200443313309,2.454614467234075,-0.9532838128117098,-2.1065090153531423,-0.6459798492412668,0.8954174812916329,-0.8634815628503056,0.3668983427863826,False,-0.7759261295534357,21.889630176375753,15.653367663170238,tyler kolek,2087519.0,False,False,NYK,191906878,49098292.5,241005170.5,2621598.963831768,0.013566056060780473,25.23288409921402,58.52503585528004,tyler kolek
1641890,Tyler Smith,1610612749,MIL,20.0,23,121.57333333333334,67,25,4,3,4,8,8,103.4,96.3,0.626,0.205,0.123,103.7,101.5,2.2,27.686992761570515,93.49999999999999,0.010284256645987743,-1.628910827244349,2.4407244339274823,-0.838162981418247,1.2134788225144268,-0.43936300283193735,0.8903252598440158,0.8540519670001457,0.23507574536860681,False,0.29634100667445773,61.651516363755,40.4300832731068,tyler smith,1157153.0,False,False,MIL,182559432,32359012.0,214918444.0,1362260.6046995807,0.007049325235365458,81.95413362005954,190.08404230540563,tyler smith
1630169,Tyrese Haliburton,1610612754,IND,25.0,73,2450.391666666667,1359,258,673,105,49,120,222,117.7,114.2,0.616,0.21,0.143,117.0,113.0,3.9,38.8267725907763,2642.7999999999997,0.008435092173938662,4.4614428883041715,-1.3132361910478167,1.9830553172470893,1.001452092663223,1.370486661454104,-0.48591325492875714,1.5275945277258127,1.0,True,1.2369460125078018,89.19464368859147,89.19464368859147,tyrese haliburton,42176400.0,False,False,IND,169543082,0.0,169543082.0,42176400.0,0.2182513095006771,54.377813900945576,126.1236526023482,tyrese haliburton
1631213,Tyrese Martin,1610612751,BKN,26.0,60,1315.32,523,219,122,34,9,74,-258,103.2,113.4,0.533,0.179,0.084,103.7,113.4,-9.8,22.88933491469756,836.2999999999998,-0.007667088099357038,-6.092302740640471,-1.0877197167226327,-0.660044406830402,-0.8448372333685786,-1.7657339713052294,-0.40323671974689823,-0.459356026414905,0.7732223013291373,False,-0.7548890982951779,22.515776373860184,20.21804219642688,tyrese martin,959732.0,False,False,BKN,168312896,0.0,168312896.0,959732.0,0.0049663500386401835,46.328037547655434,107.45303818304899,tyrese martin
1630178,Tyrese Maxey,1610612755,PHI,24.0,52,1960.195,1369,174,317,91,21,124,-124,113.8,117.4,0.562,0.293,0.127,112.2,115.8,-3.6,36.789809177148186,2003.1999999999998,-0.004053038062076039,0.7424215042523743,-3.6182656182911983,1.3359075370974276,-0.430447262921984,0.2653177471733107,-1.3309594853957698,0.9887604791452793,0.943926759485463,False,0.4061916778462742,65.76991158016695,64.11034214837241,tyrese maxey,35147000.0,False,False,PHI,171403241,883861.5,172287102.5,35328239.74762239,0.1828139572669184,41.58557317669361,96.45338803360079,tyrese maxey
1630623,Tyson Etienne,1610612751,BKN,25.0,7,151.08166666666668,55,9,12,3,1,8,-70,98.8,119.3,0.488,0.177,0.024,99.4,121.5,-22.1,17.990270162936156,75.49999999999999,-0.015546422310537412,-2.9581848489819786,-2.023730064070869,-1.6280440186314513,-1.7482882197213743,-0.8343788351380468,-0.7463872263548254,-2.479983708591907,0.26205626275379273,False,-1.650364259417572,4.943422826480566,3.301837264567991,tyson etienne,2163876.201524763,True,True,BKN,168312896,0.0,168312896.0,2163876.201524763,0.011197466227087435,5.692219224678728,13.20250720886931,tyson etienne
1626145,Tyus Jones,1610612756,PHX,29.0,81,2173.516666666667,829,196,429,69,8,91,-92,113.6,116.1,0.585,0.16,0.099,113.4,116.0,-2.6,26.620085728964575,1607.1999999999998,0.0014667368944294523,1.2778392733498287,-3.3667150606102703,0.2220716354347132,0.20245470509255534,0.4244260214891211,-1.2387386017802575,0.04580089412934537,0.9939628369371368,True,-0.02252050418230523,49.101637808738126,48.968242241390875,tyus jones,3003427.0,False,False,PHX,220708856,244237706.0,464946562.0,6327036.817534744,0.03274068129773888,57.9898099020267,134.50129959035087,tyus jones
1642279,Ulrich Chomche,1610612761,TOR,19.0,7,32.175,5,8,2,0,1,2,-24,96.9,140.3,0.425,0.108,0.02,105.8,145.5,-39.7,14.097902097902097,12.599999999999998,-0.016289952596260118,-0.584534160339625,-1.9057539978028586,-1.9872480538933255,-1.8335420180773554,-0.12900914683829512,-0.7031360518115416,-2.61469222073704,0.12093386622447824,False,-1.681072762203522,4.637439112720601,2.802962060573193,ulrich chomche,1157153.0489437233,True,True,TOR,170516134,0.0,170516134.0,1157153.0489437233,0.005987949854057452,6.015721673670346,13.952837307959928,ulrich chomche
203995,Vasilije Micic,1610612756,PHX,31.0,41,784.9083333333333,269,89,128,15,0,77,-122,102.2,109.4,0.462,0.199,0.061,101.3,108.4,-7.1,19.98348002420665,435.7,-0.022652745987553357,-6.260291561451817,1.8929547735852956,-1.1958628584002713,-2.5631051780161913,-1.8156546368608326,0.6895075691172045,-1.2339299712494225,0.597307722327039,False,-1.2225325428388674,11.075315259791068,9.068340492230954,vasilije micic,7723000.0,False,False,PHX,220708856,244237706.0,464946562.0,16269316.797718348,0.08418925502848493,7.716242263976973,17.89701697957493,vasilije micic
1641705,Victor Wembanyama,1610612759,SAS,21.0,46,1527.253333333333,1116,506,168,52,176,149,102,112.5,110.0,0.594,0.3,0.168,113.0,109.9,3.0,46.27601620338037,1963.2000000000003,0.005450131677055226,0.6718441376416705,1.4756827138186337,2.0650387203036193,0.6591940499333058,0.24434451158923085,0.5365315693241258,2.3695227286328975,0.8331902907535952,False,1.4431270182927733,92.55076532137521,85.60350050716933,victor wembanyama,12768664.0,False,False,SAS,162395330,0.0,162395330.0,12768664.0,0.0660743363249152,79.28625599977191,183.89617916733116,victor wembanyama
1631246,Vince Williams Jr.,1610612763,MEM,24.0,27,498.5466666666667,179,98,55,12,7,33,6,117.4,116.2,0.504,0.166,0.065,117.2,116.3,0.9,23.020512957663612,318.8,-0.011924260472029437,2.6819887657816706,-2.1774266178300854,-1.0412131895595234,-1.3329681434278655,0.8416923423264988,-0.802733879397482,-1.099221459104289,0.4760379409376118,False,-0.7841711871959949,21.646983461735513,16.542994349540333,vince williams,2120693.0,False,False,MEM,165903638,0.0,165903638.0,2120693.0,0.010974004995659169,28.721306206709325,66.61606612026166,vince williams
1628427,Vlatko Čančar,1610612743,DEN,28.0,13,135.82833333333335,24,32,9,3,2,11,-18,93.5,100.3,0.462,0.109,0.062,93.9,103.8,-9.8,14.365191356737055,54.199999999999996,-0.01240778549066993,-3.8811684736347347,2.0291736065161126,-1.9343656067106971,-1.3884095225227073,-1.1086587343423668,0.7394467195359762,-1.2002528432131392,0.2484756557796991,False,-1.1073104852409807,13.407985628548513,8.87359320548395,vlatko cancar,2425403.0,False,False,DEN,185864258,28913338.5,214777596.5,2802702.534039059,0.014503217396337541,13.973489082219983,32.4100466020752,vlatko cancar
1630249,Vít Krejčí,1610612737,ATL,25.0,57,1152.631666666667,412,156,147,36,26,50,-66,109.7,111.6,0.661,0.131,0.086,109.4,110.9,-1.6,24.617751551160456,788.2,0.011156890832314123,-1.6656583089106838,0.5013281584722965,-0.5580829031223449,1.313535781038037,-0.4502831267628975,0.1793237027336892,-0.3920017703423387,0.7238255900757343,False,-0.10073480333196351,45.98804914108851,40.2727240902898,vit krejci,2162606.0,False,False,ATL,170057021,0.0,170057021.0,2162606.0,0.011190893282357462,69.4426382718432,161.06493727649067,vit krejci
1631117,Walker Kessler,1610612762,UTA,23.0,58,1740.32,641,707,97,36,138,86,-329,109.2,118.3,0.66,0.133,0.127,108.3,117.4,-9.1,31.163234347706172,1506.5,0.011194225043494491,-2.5232621017562584,-4.553083876535934,0.5095522904169084,1.3178165526123342,-0.7051343240931018,-1.6736729605318257,0.9887604791452793,0.8894124720592496,False,0.2648676065459218,60.44442732195561,57.43644741405737,walker kessler,2965920.0,False,False,UTA,154060898,0.0,154060898.0,2965920.0,0.015347823044978903,88.67252291763923,205.6666436832176,walker kessler
1628976,Wendell Carter Jr.,1610612753,ORL,26.0,68,1758.2683333333334,618,492,134,52,41,77,-13,107.8,107.8,0.544,0.159,0.099,106.8,106.6,0.3,25.35995169489678,1238.6000000000001,-0.0050614302111607196,-3.665767281117617,3.751875727103574,-0.15778169525469848,-0.546070341890796,-1.0446486958172387,1.371006089674227,0.04580089412934537,0.8939870685797859,True,-0.0586620977799422,47.6610624456373,45.38735242062855,wendell carter,11950000.0,False,False,ORL,152308863,0.0,152308863.0,11950000.0,0.06183797451970987,43.02425705942191,99.79026484443314,wendell carter
1631111,Wendell Moore Jr.,1610612766,CHA,23.0,36,498.9166666666667,150,95,42,20,5,27,-134,99.6,112.0,0.553,0.133,0.083,98.7,112.5,-13.8,21.033572740938702,291.5,-0.003036774956505507,-6.417135056384422,-0.20038281680384618,-1.220936958227722,-0.3139216935637439,-1.8622632838963122,-0.0779303728655047,-0.4930331544511884,0.47621455566824394,False,-0.7912614884411212,21.43957083567052,16.38619002427079,wendell moore,2537040.0,False,False,CHA,168575524,0.0,168575524.0,2537040.0,0.013128486600458972,26.719032212908775,61.972000986109116,wendell moore
1630214,Xavier Tillman,1610612738,BOS,26.0,33,230.9033333333333,34,43,7,11,5,14,-12,106.6,108.9,0.31,0.125,0.022,107.8,109.6,-1.8,13.797981839442192,88.5,-0.033229111801226986,-1.4494825394710538,0.814681392438523,-1.9538128137260038,-3.775800041604164,-0.3860429098526299,0.2942020492042951,-2.547337964664474,0.32396922786903787,False,-1.832800728168718,3.3416105421810958,2.3250463424348538,xavier tillman,2237691.0,False,False,BOS,195348491,62004341.25,257352832.25,2947942.4878195487,0.015254794347059026,3.5971393147119946,8.343188457656908,xavier tillman
1642530,Yuki Kawamura,1610612763,MEM,24.0,22,92.66666666666669,36,12,19,2,0,5,27,114.6,102.5,0.53,0.167,0.086,120.5,101.8,18.8,26.572661870503595,68.4,-0.0076540933664392494,0.9743752876259397,1.5352228315683514,-0.9463661453194736,-0.8433472465299306,0.33424666272985415,0.5583595561911449,-0.3920017703423387,0.2052345295539036,False,-0.34680322157390975,36.43695783529704,23.405481664279545,yuki kawamura,2082875.488098702,True,True,MEM,165903638,0.0,165903638.0,2082875.488098702,0.010778309737303413,40.89241141261491,94.84567181151904,yuki kawamura
1641879,Yuri Collins,1610612744,GSW,24.0,2,16.3,2,3,4,2,0,0,-5,94.4,111.4,0.333,0.068,0.048,101.1,107.5,-6.4,31.141104294478524,14.1,-0.01651263681986748,-0.4258332883201696,0.08962314149248875,-0.6217427731420668,-1.8590751755842179,-0.08184854938185575,0.028388635028625504,-1.6717326357211062,0.0860760762877288,False,-0.9438357474924658,17.262679501258805,10.163130398648779,yuri collins,66503.0,False,False,GSW,170316619,0.0,170316619.0,66503.0,0.002,32.01731205633804,74.2608069976924,yuri collins
1642274,Yves Missi,1610612740,NOP,21.0,73,1955.79,665,601,99,37,98,82,-514,107.8,120.5,0.572,0.141,0.09,107.2,118.9,-11.7,25.52850766186554,1386.9,-0.0005404381117840467,-3.558475638513198,-6.085448671725253,-0.03204727225669718,-0.02768964347095208,-1.0127652039188018,-2.2354528139993377,-0.2572932581972051,0.9428655548621205,True,-0.5765859447316997,28.210959810218096,27.485641919214377,yves missi,3193200.0,False,False,NOP,172778396,2946594.0,175724990.0,3247657.410061846,0.016805736918171662,41.10679408301196,95.34290999572364,yves missi
1642258,Zaccharie Risacher,1610612737,ATL,20.0,75,1843.3866666666668,942,268,92,52,37,92,-121,112.3,115.0,0.558,0.203,0.071,111.4,114.0,-2.6,25.739580771623242,1318.0,-0.003620077565192615,-0.11658231986274109,-1.9675285170429284,-0.06729709566479541,-0.3808036537695645,0.010050507320535071,-0.7257831920197091,-0.8971586908865891,0.91537043337822,True,-0.4504523319524863,32.619215902469904,31.376968355054167,zaccharie risacher,12569040.0,False,False,ATL,170057021,0.0,170057021.0,12569040.0,0.06504133684160787,29.222175087343462,67.77777910886212,zaccharie risacher
1628380,Zach Collins,1610612741,CHI,27.0,64,977.06,407,288,111,29,29,60,-29,109.4,109.9,0.605,0.166,0.106,108.6,109.2,-0.6,29.542505066219064,801.8,0.00484173952797056,-1.9766662787782936,1.6000108362890297,-0.15354539958489433,0.5894353022462347,-0.5427043055883841,0.5821114695166781,0.28154079038332863,0.6664219247730238,False,0.1404022571449543,55.582891271242744,47.23933602262759,zach collins,16741200.0,False,False,CHI,165722496,0.0,165722496.0,16741200.0,0.0866311212576876,39.79566596008916,92.30188543019197,zach collins
1641744,Zach Edey,1610612763,MEM,23.0,66,1415.765,610,548,65,36,85,88,164,116.8,111.5,0.624,0.156,0.111,115.3,110.5,4.7,30.783074874714373,1210.6,0.007514068472068721,2.9499677301074083,0.738120299514593,0.2551671284056159,0.8958467522109812,0.9213267381715974,0.2661340071172253,0.44992643056474557,0.8022029328384094,True,0.5112658358957982,69.54175379206906,63.35193406666395,zach edey,5756880.0,False,False,MEM,165903638,0.0,165903638.0,5756880.0,0.029790276046278437,77.54461834298309,179.85663275996478,zach edey
203897,Zach LaVine,1610612758,SAC,30.0,74,2602.48,1724,315,310,58,12,208,-70,115.4,116.8,0.639,0.251,0.115,114.4,115.3,-0.9,30.97061264639882,2238.9,0.015854943503136217,2.42575004675474,-3.3563616524550075,1.048449427677173,1.852218391222148,0.7655467551787402,-1.234942941546733,0.5846349427098791,1.0,True,0.6449261704603804,74.05124843520554,74.05124843520554,zach lavine,44531940.0,False,False,SAC,167811057,0.0,167811057.0,44531940.0,0.23044058335006265,44.294990831798174,102.73759893824577,zach lavine
1630192,Zeke Nnaji,1610612743,DEN,24.0,57,607.9666666666667,184,90,23,25,38,14,-23,107.3,108.9,0.574,0.119,0.063,107.6,108.9,-1.3,23.128899610724268,390.59999999999997,-0.000218114434768096,-2.4298569301495636,1.6455097842728514,-0.9781945901646169,0.00926825628556764,-0.6773774274709273,0.5987918268385908,-1.1665757151768557,0.5256885816226988,False,-0.6049189637462262,27.26164210578399,21.44291344526405,zeke nnaji,8888889.0,False,False,DEN,185864258,28913338.5,214777596.5,10271658.658413434,0.05315301810829516,21.432206582701887,49.70976182423268,zeke nnaji
1630533,Ziaire Williams,1610612751,BKN,23.0,63,1541.4033333333334,632,287,84,62,28,67,-330,106.5,116.2,0.55,0.179,0.081,105.5,114.8,-9.3,24.502087924207597,1049.1000000000001,-0.004624088099357036,-4.536617369639239,-2.6134503992811187,-0.36987993684889464,-0.495924333142747,-1.3034362497043903,-0.9625844429322891,-0.5603874105237552,0.8370411452180107,False,-0.6748779612362642,24.987665177899437,23.15528259241961,ziaire williams,6133005.0,False,False,BKN,168312896,0.0,168312896.0,6133005.0,0.03173661982587893,27.721818818455347,64.29785964792717,ziaire williams
1629627,Zion Williamson,1610612740,NOP,24.0,30,857.2766666666666,737,216,159,37,27,90,-42,113.7,115.5,0.6,0.325,0.167,112.9,115.9,-3.0,47.04105636842249,1120.2,0.00785430931680983,0.828550322726749,-2.4261610373849174,1.488258102833499,0.9348590492579437,0.29091235472512533,-0.8939223393572244,2.335845600596614,0.6242365033552685,False,1.1225955655812356,86.9195350214283,72.22200023855457,zion williamson,36725670.0,False,False,NOP,172778396,2946594.0,175724990.0,37351996.215390846,0.19328634227846347,45.94274851097724,106.55940055535743,zion williamson
1642389,Zyon Pullin,1610612763,MEM,24.0,3,2.6016666666666666,0,0,0,0,0,0,1,83.3,66.7,0.0,0.167,-0.087,100.0,100.0,0.0,0.0,0.0,-0.09616409336643926,-0.09621995746587897,0.13054256235473258,-3.125372443389626,-10.991977150896785,0.016101521181018628,0.04339009312015438,-6.218144920619359,0.03438859923834871,False,-4.286659417522556,0.00090690025880306,0.0005128293056387929,zyon pullin,77500.0,False,False,MEM,165903638,0.0,165903638.0,77500.0,0.002,0.0016155864646246602,0.00374718384936459,zyon pullin
