PLAYER_ID,PLAYER_NAME,TEAM_ID,TEAM_ABBREVIATION,AGE,GP,MIN,PTS,REB,AST,STL,BLK,TOV,PLUS_MINUS,OFF_RATING,DEF_RATING,TS_PCT,USG_PCT,PIE,E_OFF_RATING,E_DEF_RATING,E_NET_RATING,BOX36,BOX_TOTAL,EFF,OFF_IMP,DEF_IMP,z_box,z_eff,z_off,z_dfn,z_adv,AVAIL,ELIGIBLE,CPI,PS,WPS,norm_name,salary,two_way,salary_imputed,team,payroll,tax,total_expenditure,effective_cost,cost_index,R_raw,R_VALUE,nn
1630639,A.J. Lawson,1610612742,DAL,23.0,42,310.9,136,50,20,10,3,14,18,106.6,105.3,0.519,0.18,0.076,109.9,106.2,3.7,24.01543904792538,207.4,-0.010916958250105255,-1.6206539040151546,2.660850202750359,-0.9824412522059802,-1.2135955031429198,-0.444536006943636,1.0636290024083535,-0.6522881156487405,0.37592310625735925,False,-0.5304721238978476,29.789231576062463,21.4233845770263,aj lawson,1000000.0,False,False,DAL,167755884,3692826.0,171448710.0,1022013.0937404259,0.005535798490852339,46.95701503575296,110.324778392214,aj lawson
1631260,AJ Green,1610612749,MIL,24.0,56,614.2816666666666,252,64,30,9,4,12,50,114.0,110.5,0.617,0.15,0.068,115.2,111.2,4.0,20.50004205454067,349.8,0.00560253479157895,1.0545747088175075,1.0254479525833802,-1.1559386175002264,0.6799913261806849,0.36823747835820375,0.42525844644203553,-0.9152486101991842,0.5284117139068166,False,-0.3425361497876732,36.59737219500409,28.830870781973754,aj green,1901769.0,False,False,MIL,187346674,52697527.5,240044201.5,2436705.233648576,0.013198567843896713,46.62285557464532,109.53967592208697,aj green
1631100,AJ Griffin,1610612737,ATL,20.0,20,170.73,48,18,5,1,2,8,-51,106.0,120.1,0.382,0.167,0.017,106.9,121.7,-14.8,13.19978914074855,62.599999999999994,-0.03300751126537543,-1.5952358937726152,-2.10759000749607,-1.9217384547832437,-3.7457785511722035,-0.43681364457237243,-0.7977062304350376,-2.5916217629582654,0.2785759240396511,False,-2.0049659065102325,2.2483345982458687,1.5184333787507251,aj griffin,3712920.0,False,False,ATL,159153393,0.0,159153393.0,3712920.0,0.02011126575436599,2.1189340686228024,4.978402723651204,aj griffin
203932,Aaron Gordon,1610612743,DEN,28.0,73,2296.81,1013,471,259,56,45,105,423,119.8,111.1,0.607,0.174,0.103,118.5,110.4,8.1,27.766336788850623,1771.5,0.00475894035823158,5.102233425613601,1.7246711482483599,0.3964460992082744,0.5832922746876116,1.5979752535830662,0.6981964958519735,0.23520355345900829,1.0,True,0.6015921944581689,72.62771870470229,72.62771870470229,aaron gordon,21266182.0,False,False,DEN,180922992,30794224.0,211717216.0,24885819.089202948,0.1347956113296367,52.07645139754684,122.35281470751035,aaron gordon
1628988,Aaron Holiday,1610612745,HOU,27.0,78,1269.2966666666666,514,123,140,42,6,53,85,110.5,107.6,0.578,0.158,0.078,111.0,108.0,3.0,23.435655966952826,826.3,-0.00026066335287017786,-1.4398576644181198,3.544051409096231,-0.5968540839199883,0.00790806333307757,-0.38960747146002567,1.408381888169377,-0.5865479920111293,0.7595742427854109,True,-0.17117554657697145,43.204286735010534,38.52994622607902,aaron holiday,2346614.0,False,False,HOU,149356730,0.0,149356730.0,2346614.0,0.012710582985067222,63.134388975675705,148.33326750786668,aaron holiday
1630174,Aaron Nesmith,1610612754,IND,24.0,72,1994.655,877,275,108,65,49,64,161,119.3,115.0,0.631,0.158,0.071,117.7,113.9,3.8,24.76398174120337,1372.1000000000001,0.00811333664712983,4.423993141516125,-1.2472352539580607,-0.11417824897354963,0.9677980592756666,1.391915959460042,-0.4618713358161472,-0.8166384247427682,0.9521876724870805,True,0.011140312771716537,50.4444249854577,49.35908556958518,aaron nesmith,5634257.0,False,False,IND,148722330,0.0,148722330.0,5634257.0,0.03051830900083946,59.52459314277821,139.85210819647673,aaron nesmith
1630598,Aaron Wiggins,1610612760,OKC,25.0,78,1227.9383333333333,542,186,86,56,19,56,94,115.6,110.0,0.664,0.163,0.096,116.5,108.9,7.6,25.664480979636604,875.4000000000001,0.013749087806849133,2.368523972041725,2.4446796609012784,-0.3898906880079196,1.613809661596708,0.7674344356043142,0.9792479830171621,0.0051131207273699434,0.7470969066184038,True,0.40813507624895873,65.84127452168207,58.34811662225795,aaron wiggins,1836096.0,False,False,OKC,162515272,0.0,162515272.0,1836096.0,0.00994532998462891,104.18030309180614,244.77000598709157,aaron wiggins
1641745,Adam Flagler,1610612760,OKC,24.0,2,14.016666666666667,3,0,4,0,0,0,0,109.7,109.7,0.214,0.212,0.013,116.0,110.5,5.4,22.08799048751486,8.6,-0.07751775082790176,0.018350742922821968,0.0709024107007173,-1.2701772906490294,-8.847872374085629,0.053417518571013935,0.05265667938161403,-2.7231020102334877,0.07981987297166114,False,-2.445744652152254,0.7227666892827013,0.4234826945024977,adam flagler,2015213.2953500552,True,True,OKC,162515272,0.0,162515272.0,2015213.2953500552,0.01091553013114115,0.7318894208053368,1.7195628405356513,adam flagler
1641766,Adama Sanogo,1610612741,CHI,22.0,9,65.76166666666667,36,36,0,1,0,5,34,115.3,93.6,0.558,0.21,0.149,118.7,95.6,23.1,30.87512988823276,56.400000000000006,-0.004546451291789457,0.5268909183718206,2.0899307136056793,-0.5556343103334698,-0.4833607409778874,0.20791944368986945,0.8407736213178093,1.7472263971240618,0.17289206652321173,False,0.47005919015831965,68.08436351468809,42.74346077076584,adama sanogo,1119562.9418611417,True,True,CHI,165630436,504654.0,166135090.0,1122974.101853874,0.006082660169799975,90.64887778642743,212.97813214225607,adama sanogo
1629678,Admiral Schofield,1610612753,ORL,27.0,23,84.35833333333333,26,17,7,1,0,5,-13,90.4,95.6,0.484,0.167,0.063,94.8,97.7,-2.9,18.30761631927294,42.9,-0.015973511265375436,-2.853582922026226,2.2982385053856187,-1.539419090335683,-1.7932151178206337,-0.8191178315741559,0.9220854581072588,-1.079598919293212,0.19581802003313425,False,-0.9622715720650141,16.79566025267583,10.717614960094393,admiral schofield,2351082.1779083977,True,True,ORL,132643598,0.0,132643598.0,2351082.1779083977,0.012734785152998009,17.549977989352087,41.23340103686928,admiral schofield
201143,Al Horford,1610612738,BOS,38.0,65,1739.7966666666666,562,413,168,38,62,48,421,120.9,109.5,0.65,0.119,0.105,120.5,108.7,11.8,25.382966208694885,1226.6999999999998,0.008371677601319304,6.0999042270959665,2.9207316088269697,-0.16733457347778635,0.9974110157443482,1.9010821995147271,1.1650723247869887,0.30094367709661934,0.8892787339561576,True,0.6579842907664489,74.47258872244151,70.76202403343152,al horford,10000000.0,False,False,BOS,186940921,51175953.75,238116874.75,12737546.89322409,0.06899372747819198,64.14198220748662,150.70059217542476,al horford
202692,Alec Burks,1610612752,NYK,32.0,66,1211.545,689,150,88,28,12,48,-256,107.8,118.5,0.536,0.234,0.087,107.9,118.3,-10.4,27.800535679648718,935.6000000000001,-0.010214045725136829,-3.5018462732123874,-3.9639659731276735,-0.18239828384936155,-1.1330224555264954,-1.016069696102522,-1.5223326990251107,-0.2907174356418799,0.7420931698427582,True,-0.6835285292530237,24.713646455370203,21.845428256851125,alec burks,10489600.0,False,False,NYK,164990518,0.0,164990518.0,10489600.0,0.056817581110553815,21.194203365125123,49.79545202514706,alec burks
1630197,Aleksej Pokusevski,1610612766,CHA,22.0,28,405.3833333333333,146,89,35,15,13,19,-74,103.5,113.2,0.525,0.172,0.095,103.9,111.7,-7.8,25.726760679192534,289.7,-0.009399760105656131,-4.059748769884489,0.2149728155372492,-0.7925056367968444,-1.0396829976832385,-1.1855686146262174,0.1088937943937763,-0.0277569410914356,0.42926116935398606,False,-0.5239071642139937,30.01715558114822,22.307775257081417,aleksej pokusevski,5574809.0,False,False,CHA,140774484,0.0,140774484.0,5574809.0,0.030196305153041624,27.002123665979774,63.44107067496028,aleksej pokusevski
1627936,Alex Caruso,1610612741,CHI,30.0,71,2040.3433333333328,715,273,247,120,70,102,4,110.9,110.6,0.613,0.146,0.089,111.6,109.9,1.7,26.69727153763338,1513.1000000000001,0.004869133863803511,-1.1943590661709627,2.0883548436283994,0.1338019624747494,0.5959234716802483,-0.3150214153835766,0.8401584888674143,-0.22497731200426885,0.9630310420120359,True,0.13411637879201965,55.33447258754671,54.413926580977886,alex caruso,9460000.0,False,False,CHI,165630436,504654.0,166135090.0,9488823.366980692,0.051396811250871706,54.677405455504534,128.46371591862925,alex caruso
1641788,Alex Fudge,1610612742,DAL,21.0,6,40.21666666666667,15,5,0,3,0,2,-39,81.8,129.1,0.472,0.176,0.052,85.9,128.5,-42.6,19.961873186904267,22.3,-0.0189463591778807,-2.125197275062787,-1.1881402368708196,-1.4254905022590343,-2.1339849972895384,-0.5978236445702804,-0.4388039107169281,-1.4411695993000728,0.13520467088937066,False,-1.2643153882412923,10.305842425489214,6.29524244903826,alex fudge,241285.0,False,False,DAL,167755884,3692826.0,171448710.0,246596.42932315866,0.002,19.705046120917064,46.29670018086301,alex fudge
203458,Alex Len,1610612758,SAC,31.0,48,444.245,120,128,50,11,33,27,142,116.3,100.8,0.625,0.114,0.092,117.2,102.5,14.7,26.90407320284978,332.0,0.005169926441600003,1.8974102597854055,5.1564781204911085,-0.6717992979180456,0.6304025481407971,0.6243032160714107,2.0377840649751096,-0.12636712654785223,0.44936571459619107,False,0.2880135119342306,61.33318021563646,46.135711878825454,alex len,3196448.0,False,False,SAC,153564021,0.0,153564021.0,3196448.0,0.01731376253676666,67.84622835223233,159.4036610293143,alex len
1631214,Alondes Williams,1610612748,MIA,25.0,7,15.595,5,1,0,0,1,2,-20,57.9,110.5,0.296,0.25,-0.067,62.5,116.5,-54.0,11.311317730041681,4.9,-0.07091244201403508,-1.5772712396006636,-0.039921881534850163,-2.1082959226447877,-8.090722881544188,-0.4313557205229885,0.009397007309027936,-5.352706955737929,0.08419403995317225,False,-3.409788306596298,0.03250666085897418,0.019110253668832913,alondes williams,2093582.7012803352,True,True,MIA,177143542,20873855.0,198017397.0,2340281.74118682,0.012676283905147029,0.03134330293889843,0.07364060403288263,alondes williams
1630578,Alperen Sengun,1610612745,HOU,21.0,63,2045.635,1331,589,312,76,46,162,49,113.9,113.2,0.585,0.27,0.149,112.0,111.8,0.2,38.93656492971619,2212.4999999999995,0.001444562624842103,-0.03780457022929986,0.337602592298416,1.5692869829797171,0.20337371377819785,0.03635671510549672,0.15676167445879308,1.7472263971240618,0.9642790524060402,False,0.9759634803835209,83.54587189545177,82.20291992520067,alperen sengun,3536280.0,False,False,HOU,149356730,0.0,149356730.0,3536280.0,0.01915448403462756,116.68581865441233,274.1515208060049,alperen sengun
1641735,Amari Bailey,1610612766,CHA,20.0,10,64.63333333333334,23,9,7,3,0,4,5,111.4,106.0,0.425,0.207,0.058,110.6,105.5,5.1,22.335224342444555,40.1,-0.032012501987621046,-0.2160092099409055,0.8104583173270736,-1.2290955247529405,-3.631723207061086,-0.017784454520375633,0.3413383876482119,-1.2439492283872395,0.17140241503195888,False,-1.1766840407943944,11.9660820022573,7.5043020103873275,amari bailey,1119562.9418611417,True,True,CHA,140774484,0.0,140774484.0,1119562.9418611417,0.006064183406189527,15.931823358696974,37.43157183423718,amari bailey
1641708,Amen Thompson,1610612745,HOU,21.0,62,1388.5316666666668,592,409,163,78,38,90,45,111.4,109.3,0.576,0.173,0.121,110.9,109.3,1.5,31.840541387244794,1228.1,-0.0006314098737122836,-1.255094581310051,2.5587378021401093,0.33431268803997854,-0.034589652977748506,-0.33347375103982924,1.0237699708202748,0.8268646661975075,0.7944499717261985,False,0.42999355688965146,66.63998359544337,60.4759508649493,amen thompson,8809284.0,False,False,HOU,149356730,0.0,149356730.0,8809284.0,0.04771604333777303,62.36998654921958,146.5373158649219,amen thompson
1629599,Amir Coffey,1610612746,LAC,27.0,70,1460.5966666666666,463,148,76,41,14,33,-92,114.6,118.0,0.604,0.119,0.059,114.8,117.4,-2.6,18.36235876205843,745.0,0.002897677601319299,1.4251048829451785,-3.6204916996453864,-1.0467571471380972,0.36994053117428216,0.4808099514510229,-1.3882593461844703,-1.2110791665684342,0.8148052379296391,True,-0.7056393662889293,24.020621830892292,22.018799825752897,amir coffey,3666667.0,False,False,LAC,201366679,150454243.75,351820922.75,6406274.234462467,0.034699989125707584,25.38656071642644,59.64533058687261,amir coffey
203083,Andre Drummond,1610612741,CHI,30.0,79,1351.2516666666668,663,708,37,73,48,81,26,114.1,113.3,0.576,0.201,0.155,113.9,113.4,0.5,36.0625642151536,1353.6,-0.0007336033792842139,0.8561545682352065,-0.42326135494974537,0.748961976038379,-0.046303830628667914,0.3079545446150585,-0.140237513948795,1.944446768036895,0.7837125129984228,True,0.7887865044263025,78.48816007265455,70.84895696698315,andre drummond,3360000.0,False,False,CHI,165630436,504654.0,166135090.0,3370237.4749529734,0.018255104207497774,102.27616700364582,240.29626778642114,andre drummond
1641748,Andre Jackson Jr.,1610612749,MIL,22.0,57,572.3283333333334,125,113,50,16,6,28,-89,112.3,119.6,0.596,0.097,0.044,114.6,119.8,-5.2,17.744360026441697,282.1,0.001585972498554386,0.46591788898975295,-3.703986556137587,-1.4166898055280586,0.2195831624411935,0.18939494774116586,-1.4208511186085402,-1.7041300938505168,0.5100482746017698,False,-1.0171924308010967,15.453094805296509,12.046023097127655,andre jackson,1119563.0,False,False,MIL,187346674,52697527.5,240044201.5,1434477.5950703267,0.007769938520933159,23.448930049142064,55.092897392144536,andre jackson
1641847,Andrew Funk,1610612741,CHI,24.0,5,13.4,0,0,0,1,1,0,4,110.3,93.3,0.0,0.108,-0.045,123.6,100.1,23.5,11.28358208955224,4.2,-0.06260217495006315,0.14284690049194967,0.4019509412404842,-2.1109332989489182,-7.138138427481871,0.091241267692404,0.18187970966112238,-4.629565595724207,0.07804427647758093,False,-2.9463556209737436,0.1607712445686873,0.09407045847012156,andrew funk,2015213.2953500552,True,True,CHI,165630436,504654.0,166135090.0,2021353.3833369734,0.010948788305639955,0.1624054628183075,0.38156911552986283,andrew funk
1629614,Andrew Nembhard,1610612754,IND,24.0,68,1696.685,626,141,280,63,6,101,65,116.1,114.0,0.573,0.161,0.075,115.1,113.0,2.1,23.889172120929935,1125.9,-0.0010706126570385996,2.0799962539086336,-0.47878527655247843,-0.3532742584993508,-0.08493433388353677,0.6797755050933583,-0.1619109809501691,-0.6851581774675459,0.8781915819144787,True,-0.2289264893261536,40.946302585680144,38.70188063069439,andrew nembhard,2131905.0,False,False,IND,148722330,0.0,148722330.0,2131905.0,0.011547598121710575,65.58212446448223,154.08418406761234,andrew nembhard
203952,Andrew Wiggins,1610612744,GSW,29.0,71,1920.4483333333333,939,321,119,42,41,87,-58,114.9,116.3,0.544,0.206,0.078,114.2,114.9,-0.7,25.9233217243543,1382.9,-0.007343852219564898,1.3273672660912175,-2.126288034616737,-0.016778423408731827,-0.8040195856413888,0.4511158374173903,-0.8050049057103559,-0.5865479920111293,0.9343077975731877,True,-0.35384530154567484,36.17274106309824,35.10342090038587,andrew wiggins,24330357.0,False,False,GSW,209354737,202409974.75,411764711.75,47853621.94541409,0.25920216655709877,20.02172146212867,47.0407239825218,andrew wiggins
1629014,Anfernee Simons,1610612757,POR,25.0,46,1581.743333333333,1039,167,255,23,5,126,-330,109.9,120.5,0.568,0.276,0.111,108.4,118.3,-9.9,31.797573563346774,1397.1,-0.0032153359834947437,-2.8926562414663555,-4.8627353547154275,0.4485465466408348,-0.3307784305076068,-0.8309888761164164,-1.873162539054435,0.4981640480094526,0.8479234885437732,False,-0.19365362578872433,42.32235528029806,39.42604901386063,anfernee simons,24107143.0,False,False,POR,165263993,0.0,165263993.0,24107143.0,0.1305778630973745,28.586066909395534,67.16252075398756,anfernee simons
1641710,Anthony Black,1610612753,ORL,20.0,69,1164.21,316,139,91,35,21,56,-33,108.0,108.9,0.56,0.123,0.054,106.7,108.5,-1.8,17.975107583683357,581.3000000000001,-0.0024169214709052534,-3.9084571722678474,2.8822596666516205,-1.1906600956430677,-0.23925823666356222,-1.1396040198615256,1.1500550071129583,-1.3754294756624617,0.7274519665492448,True,-0.7446149540213247,22.825226257174325,20.025789518916696,anthony black,7245480.0,False,False,ORL,132643598,0.0,132643598.0,7245480.0,0.039245600173971884,22.115069031405927,51.95901162287862,anthony black
203076,Anthony Davis,1610612747,LAL,31.0,76,2700.2433333333333,1876,961,266,91,178,159,151,116.5,114.0,0.621,0.261,0.168,115.0,112.1,2.8,43.392089354909984,3254.7,0.010792410537347375,2.3565890710864403,-0.06739936952351262,2.6397449213380444,1.2748933811780805,0.7638084385588177,-0.0013286837447108724,2.3717575716813672,1.0,True,1.6770694722377493,95.32355512157444,95.32355512157444,anthony davis,40600080.0,False,False,LAL,169876920,6874380.0,176751300.0,42243036.42957501,0.2288120756457308,56.79473732184243,133.4383542928667,anthony davis
1630162,Anthony Edwards,1610612750,MIN,22.0,79,2770.383333333333,2049,430,405,101,42,241,432,115.8,108.5,0.575,0.314,0.145,114.3,106.6,7.7,37.499792447495224,2885.7999999999997,-0.0014600271696280757,1.7729689190812608,4.5914529472698025,1.9262729300808128,-0.12957191388228254,0.5864961211134039,1.817229498704076,1.6157461498488397,1.0,True,1.3074151333651347,90.44641197831223,90.44641197831223,anthony edwards,13534817.0,False,False,MIN,166434327,1710490.5,168144817.5,13673917.967420852,0.07406564055950593,79.97439480380841,187.8985999655997,anthony edwards
1630264,Anthony Gill,1610612764,WAS,31.0,50,466.4966666666666,189,94,34,13,11,23,5,113.3,112.1,0.537,0.177,0.074,113.4,113.1,0.2,24.756446991404015,320.8,-0.007549008945936831,0.2668935474203174,0.03867151992868794,-0.8461019008107935,-0.8275361714121972,0.12892844892257974,0.040075522874504374,-0.7180282392863515,0.46048228998946245,False,-0.5257137769308708,29.954354505337893,22.681947368934217,anthony gill,1997238.0,False,False,WAS,150856313,0.0,150856313.0,1997238.0,0.010818165808236756,39.32349046137724,92.38993082197777,anthony gill
1629717,Armoni Brooks,1610612751,BKN,26.0,10,104.02333333333333,42,18,5,1,1,3,28,127.7,114.0,0.448,0.188,0.054,125.8,115.2,10.6,21.318293972506172,61.60000000000001,-0.024750156394554378,2.3684982957245806,-0.3340810397682401,-1.2929843706850017,-2.7992592851763907,0.7674266347645374,-0.10542645301387436,-1.3754294756624617,0.21744731162590475,False,-1.056463800883848,14.537818533485863,9.418344494072516,armoni brooks,241285.0,False,False,BKN,155015136,0.0,155015136.0,241285.0,0.002,29.480820499095646,69.26473043286394,armoni brooks
1630204,Ashton Hagans,1610612757,POR,24.0,19,315.57166666666666,80,45,54,11,9,30,-4,105.3,106.5,0.51,0.144,0.068,102.7,108.5,-5.8,21.366937251443147,187.3,-0.010029566600084205,-3.5083397069873277,1.9656666900328923,-1.2017694071806932,-1.1118760897994528,-1.0180424960253092,0.7922678217161075,-0.9152486101991842,0.37873693596831387,False,-0.7756645494712269,21.89735383098191,15.7755461201321,ashton hagans,2015213.2953500552,True,True,POR,165263993,0.0,165263993.0,2015213.2953500552,0.01091553013114115,27.26429075529381,64.05702818436075,ashton hagans
1641709,Ausar Thompson,1610612765,DET,21.0,63,1582.805,556,402,120,68,59,84,-231,107.7,113.1,0.522,0.161,0.084,107.1,112.5,-5.4,26.278916227836028,1155.4,-0.00928161265703859,-4.154621272244387,0.030489054282462656,-0.1474691568090453,-1.0261400607386337,-1.2143922650733143,0.0368815410004897,-0.3893276210982961,0.848208004077902,False,-0.48421319325346895,31.411728732376954,29.266106682533998,ausar thompson,7977420.0,False,False,DET,139233014,0.0,139233014.0,7977420.0,0.04321019942637987,31.248937113107836,73.41889298906482,ausar thompson
1630559,Austin Reaves,1610612747,LAL,26.0,82,2628.95,1300,352,450,66,25,174,-41,114.6,115.6,0.613,0.198,0.105,113.9,114.3,-0.4,29.140151010859853,2128.0,0.006603345924884214,1.1535596232726757,-1.7139108964229999,0.7509617608330927,0.7947117220115528,0.39831053960168555,-0.6440356867003802,0.30094367709661934,1.0,True,0.3603715295741878,64.07153427729655,64.07153427729655,austin reaves,12015150.0,False,False,LAL,169876920,6874380.0,176751300.0,12501365.001172613,0.06771443333842699,58.45910745275065,137.34876609641216,austin reaves
1630245,Ayo Dosunmu,1610612741,CHI,24.0,76,2212.468333333333,924,216,242,68,36,103,-158,111.6,114.9,0.604,0.168,0.083,111.3,113.6,-2.2,24.26719478470879,1491.3999999999999,0.004090838966568423,-1.1313654131681259,-1.092894309600157,-0.0697041494220994,0.506709537389691,-0.2958830244971253,-0.4016251704167406,-0.42219768291710164,1.0,True,-0.17270514085928157,43.14416013481447,43.14416013481447,ayo dosunmu,6481482.0,False,False,CHI,165630436,504654.0,166135090.0,6501230.217152722,0.035214324205065796,49.48752534898928,116.27017311788906,ayo dosunmu
1628389,Bam Adebayo,1610612748,MIA,26.0,71,2416.4733333333334,1367,737,278,81,66,162,50,110.1,109.3,0.576,0.247,0.152,109.9,108.4,1.4,35.09163491700025,2355.4999999999995,-0.0009014927098666708,-2.342376481800928,3.3309112102730785,1.3706574188896388,-0.06554855105517834,-0.6638058563143234,1.3251837470346102,1.8458365825804783,1.0,True,0.9857897304463195,83.78818468863413,83.78818468863413,bam adebayo,32600060.0,False,False,MIA,177143542,20873855.0,198017397.0,36441514.88877772,0.1973877676922459,52.57099444305913,123.51473592119932,bam adebayo
1641767,Ben Sheppard,1610612754,IND,22.0,57,814.26,252,89,53,33,2,15,69,118.8,114.2,0.524,0.125,0.046,119.3,115.6,3.7,19.634514774150762,444.1,-0.006956221007017538,3.8988492705897486,-1.4001259802637784,-1.1574452693201707,-0.7595864207214812,1.2323695894001805,-0.5215514163247253,-1.6383899702129057,0.6083733901299282,False,-0.7881935455408182,21.529175197650286,17.73504614447071,ben sheppard,2537172.0,False,False,IND,148722330,0.0,148722330.0,2537172.0,0.013742752431115205,28.276914140637334,66.436171119612,ben sheppard
1627732,Ben Simmons,1610612751,BKN,27.0,15,358.9166666666667,92,119,86,12,9,27,-38,109.6,113.0,0.571,0.126,0.119,109.9,112.5,-2.6,30.321244485720914,302.29999999999995,-0.0010898707750736868,-1.2649153259484118,0.033480015711299826,-0.4275176032601541,-0.08714184222394299,-0.3364574365498045,0.03804904686029004,0.7611245425598965,0.40391080623565817,False,0.06362542716591174,52.53657575961748,38.44415747015714,ben simmons,37893408.0,False,False,BKN,155015136,0.0,155015136.0,37893408.0,0.2052520384566913,23.793329736069225,55.90205911398008,ben simmons
1631097,Bennedict Mathurin,1610612754,IND,22.0,59,1538.39,856,234,119,35,14,97,-92,115.0,117.9,0.562,0.226,0.087,114.0,116.5,-2.5,27.042297466832203,1155.6,-0.003988847580687701,1.2022165724231577,-3.2300609757896304,-0.08814300483860359,-0.4194440674661801,0.41309323067918463,-1.235856793094744,-0.2907174356418799,0.8362225671543323,False,-0.2955821263844758,38.37746125519622,35.54904831761667,bennedict mathurin,6916080.0,False,False,IND,148722330,0.0,148722330.0,6916080.0,0.03746138426318249,39.90241073332753,93.75009502025668,bennedict mathurin
1641731,Bilal Coulibaly,1610612764,WAS,19.0,63,1715.25,532,256,110,57,48,87,-419,107.4,118.4,0.543,0.139,0.057,106.5,116.9,-10.3,20.24940970703979,964.8,-0.005094317759803501,-4.604748320521398,-3.654564270476845,-0.747544543295077,-0.5461612594587902,-1.3511474298849506,-1.4015593926914744,-1.2768192902060451,0.8829830637725113,False,-1.0647621351908652,14.349179203319789,13.593585558831533,bilal coulibaly,6614256.0,False,False,WAS,150856313,0.0,150856313.0,6614256.0,0.03582653549858596,15.49843455924854,36.41333157300228,bilal coulibaly
202687,Bismack Biyombo,1610612760,OKC,31.0,40,791.4616666666667,174,209,53,11,37,42,-65,110.2,114.1,0.562,0.106,0.065,108.2,112.4,-4.3,19.736142201033108,433.8999999999999,-0.0018708754139508685,-2.3331161562080847,-0.18377875367923308,-1.1566614741976609,-0.17666638720160724,-0.6609924342871287,-0.0467567563543208,-1.0138587956556009,0.5997960511959903,False,-0.725985343922554,23.392387766208362,19.179611086012326,bismack biyombo,6194075.0,False,False,OKC,162515272,0.0,162515272.0,6194075.0,0.03355059856594662,22.375368399548773,52.57058095036094,bismack biyombo
1631104,Blake Wesley,1610612759,SAS,21.0,61,875.925,268,94,166,29,9,55,-144,104.6,112.4,0.537,0.144,0.069,106.2,112.6,-6.4,23.467762650911894,571.0,-0.006141566600084201,-4.613527466743254,0.16559474757669587,-0.7719648460527893,-0.6662046897248425,-1.353814662598628,0.08961932862041527,-0.8823785483803788,0.630989482695811,False,-0.7472647795827694,22.745187403113796,18.96824138670211,blake wesley,2504640.0,False,False,SAS,142867770,0.0,142867770.0,2504640.0,0.013566540797812835,30.380041819532785,71.37743697579997,blake wesley
1626246,Boban Marjanovic,1610612745,HOU,35.0,14,70.91,45,32,6,1,2,5,-20,101.9,115.3,0.56,0.247,0.157,105.6,116.9,-11.2,38.07643491750106,75.00000000000001,-0.004853492709866647,-1.0789762867832988,-0.4322191993637785,0.015641569952697165,-0.518556105863524,-0.27996644352177896,-0.14373416079409695,2.0101868916745063,0.17953222045587855,False,0.4656279534636161,67.92590847076268,42.846949787326935,boban marjanovic,2891467.0,False,False,HOU,149356730,0.0,149356730.0,2891467.0,0.0156618136822176,65.26054335270649,153.32863423411533,boban marjanovic
1626171,Bobby Portis,1610612749,MIL,29.0,82,2008.1666666666667,1130,607,104,68,34,91,-5,115.9,116.0,0.581,0.224,0.122,115.8,114.6,1.2,32.10151879824051,1790.6999999999998,0.0003024519554245586,2.428339181002358,-1.9054534796144298,0.7459210663523665,0.07245651699849957,0.7856071688158935,-0.7188033136317076,0.8597347280163131,0.9554072588708076,True,0.4652897408203884,67.91380096924651,66.550992823672,bobby portis,11710818.0,False,False,MIL,187346674,52697527.5,240044201.5,15004877.832642106,0.08127486875668223,56.963325491237846,133.83444958158847,bobby portis
203992,Bogdan Bogdanović,1610612737,ATL,31.0,79,2401.4083333333333,1333,272,247,96,26,112,127,116.3,114.4,0.569,0.218,0.092,115.3,114.3,1.0,29.616620802376385,1975.6000000000001,-0.0023216494362386015,2.3944118695920906,-1.2910653940657224,0.6818863188791064,-0.22833744934930206,0.7752995565955512,-0.47898019750797427,-0.12636712654785223,1.0,True,0.1427587282161622,55.67596333751591,55.67596333751591,bogdan bogdanovic,18700000.0,False,False,ATL,159153393,0.0,159153393.0,18700000.0,0.10128973142611314,44.12099894279734,103.66160257633533,bogdan bogdanovic
202711,Bojan Bogdanovic,1610612752,NYK,35.0,57,1478.003333333333,868,152,97,30,5,101,-346,109.9,121.3,0.581,0.242,0.083,109.3,120.4,-11.1,25.44838644928632,1044.8000000000002,0.00032675613041403204,-2.44120074515681,-5.962724361311269,-0.2888015523265267,0.07524244181722821,-0.6938301094098742,-2.302537387735075,-0.42219768291710164,0.8196460803113115,False,-0.6370284512559204,26.205315572094847,24.078511451046996,bojan bogdanovic,20000000.0,False,False,NYK,164990518,0.0,164990518.0,20000000.0,0.10833126355734025,18.637656164012046,43.78888403531034,bojan bogdanovic
1629626,Bol Bol,1610612756,PHX,24.0,43,469.0283333333333,223,137,17,10,25,19,13,108.9,108.8,0.7,0.156,0.133,111.1,108.5,2.6,29.788392314607858,388.09999999999997,0.018774636183242103,-1.252179428532224,2.0135782062388836,-0.40914409618118164,2.1898752945827513,-0.33258808509260657,0.8109698268249332,1.221305408023174,0.4617301126953893,False,0.6643441538089184,74.67649663495435,56.58824739235434,bol bol,2165000.0,False,False,PHX,193838882,78815748.5,272654630.5,3045298.595111068,0.016495052235888756,84.64044608789611,198.86141507409258,bol bol
1630538,Bones Hyland,1610612746,LAC,23.0,37,540.21,256,55,93,26,4,44,-65,105.5,111.5,0.49,0.241,0.081,105.9,111.5,-5.6,28.542233575831613,428.29999999999995,-0.021605594101529818,-3.670113064101734,0.664802142027702,-0.47779693878089396,-2.438806229684086,-1.0671916022587509,0.2844822755838598,-0.4879378065547127,0.49553001927229395,False,-0.749057910115484,22.691115111324027,17.539971230019123,bones hyland,2306400.0,False,False,LAC,201366679,150454243.75,351820922.75,4029662.6048572813,0.02182692208469762,23.785210304705938,55.88298263594706,bones hyland
203078,Bradley Beal,1610612756,PHX,31.0,53,1766.7333333333331,964,232,265,52,27,131,107,116.2,113.2,0.607,0.224,0.106,115.8,112.6,3.2,30.206256367684247,1482.4,0.006126451955424564,2.4574707756219163,-0.04667126058157544,0.38450655840212594,0.7400465977686976,0.7944577723036711,0.006762423154551254,0.3338137389154249,0.8961364885220364,False,0.427460780259197,66.54781272651398,63.43746244658484,bradley beal,46741590.0,False,False,PHX,193838882,78815748.5,272654630.5,65746927.649079695,0.35612238736189167,32.37513210907931,76.06487066167394,bradley beal
1641764,Brandin Podziemski,1610612744,GSW,21.0,74,1968.253333333333,682,427,273,61,14,88,264,117.5,111.6,0.54,0.149,0.094,117.2,111.1,6.1,25.64486956286115,1402.1,-0.005907815440364903,3.598754979290221,1.1802888516415513,-0.02501104821120151,-0.6394103978984116,1.141196565200039,0.4856997664952498,-0.06062700291024114,0.9458650041420319,True,0.12368202714365888,54.92164786774726,53.58371543682228,brandin podziemski,3352404.0,False,False,GSW,209354737,202409974.75,411764711.75,6593601.303272861,0.03571465802884373,61.15923487755566,143.6926735944833,brandin podziemski
1630527,Brandon Boston,1610612746,LAC,22.0,32,345.1716666666667,167,52,13,11,8,24,-111,102.4,118.0,0.476,0.24,0.046,104.0,116.4,-12.5,23.800331236148196,228.20000000000002,-0.024875944333473683,-3.8582128959333897,-1.7397527657374086,-0.9846495734929399,-2.813678031794361,-1.124339075625756,-0.6541229227181634,-1.6383899702129057,0.39610126498310017,False,-1.4265003889578487,7.6861977357457825,5.597439445377796,brandon boston,1119562.9418611417,False,True,LAC,201366679,150454243.75,351820922.75,1956061.793531846,0.010595132284477105,9.775245272484783,22.966787126381238,brandon boston
1629634,Brandon Clarke,1610612763,MEM,27.0,6,134.31833333333333,68,32,9,5,6,3,-8,100.7,104.6,0.548,0.188,0.126,100.1,105.2,-5.1,32.6448362720403,121.8,-0.005950156394554373,-2.63992478354766,1.6559280760495514,-0.3729284935082659,-0.6442638321407255,-0.754205371741255,0.671363003838675,0.9912149752915352,0.24709064708885253,False,0.09506643920389812,53.78689725271908,35.563401150179686,brandon clarke,12500000.0,False,False,MEM,162649524,0.0,162649524.0,12500000.0,0.06770703972333766,32.44942031562948,76.23940965054625,brandon clarke
1627742,Brandon Ingram,1610612740,NOP,26.0,64,2102.68,1332,324,363,50,40,163,175,116.6,112.6,0.578,0.269,0.126,115.4,111.5,4.0,34.73509996766032,2028.8,-0.00044378760710175847,2.482610727453965,0.6787251382122867,1.1157446272850302,-0.01308299705041197,0.802095656472837,0.2899170429716158,0.9912149752915352,0.9776316465641015,False,0.7381401047678242,76.97853423899971,76.2036868616238,brandon ingram,33833400.0,False,False,NOP,167403924,3164886.0,170568810.0,34473043.632203035,0.18672541876719387,48.75063448903853,114.53885947366753,brandon ingram
1641706,Brandon Miller,1610612766,CHA,21.0,74,2382.963333333333,1279,315,175,66,42,132,-510,108.9,119.1,0.552,0.235,0.083,107.7,117.8,-10.2,27.025342395812498,1788.9,-0.006497695493192965,-3.8245641714019656,-4.579083551932176,0.35109914404252357,-0.7070268251154813,-1.1141161021639072,-1.7624405689549663,-0.42219768291710164,1.0,True,-0.5764220432996529,28.21649742115281,28.21649742115281,brandon miller,10880364.0,False,False,CHA,140774484,0.0,140774484.0,10880364.0,0.058934179004189846,27.027138236218956,63.49984201969148,brandon miller
1630314,Brandon Williams,1610612742,DAL,24.0,17,112.87,54,13,17,1,1,7,-57,91.9,113.6,0.439,0.239,0.069,93.9,114.3,-20.4,25.930716753787546,81.30000000000001,-0.033615294565417536,-3.629373529010748,-0.22834403955631555,-0.9216663470222481,-3.815447181386126,-1.054814337090965,-0.06415257828085068,-0.8823785483803788,0.22650506717189675,False,-1.2352922657833671,10.836087556904728,7.064341089278368,brandon williams,2015213.2953500552,True,True,DAL,167755884,3692826.0,171448710.0,2059574.3745275487,0.011155814719144404,12.116346960554539,28.46716922548356,brandon williams
1630296,Braxton Key,1610612743,DEN,27.0,20,59.98333333333333,22,18,9,2,1,1,-11,95.5,103.8,0.536,0.148,0.143,99.4,109.5,-10.1,31.328702417338153,52.2,-0.006460165672308763,-1.6032142175372823,0.5955794305025054,-0.5233893403069272,-0.7027248786602314,-0.4392375757392153,0.2574615589147199,1.5500060262112285,0.1651216264307965,False,0.20147933846392763,57.98381081573913,36.19956746550423,braxton key,2351082.1779083977,True,True,DEN,180922992,30794224.0,211717216.0,2751251.058759755,0.014902325177945722,56.10350088009309,131.814304995982,braxton key
1641729,Brice Sensabaugh,1610612762,UTA,20.0,32,584.3633333333333,241,102,55,13,6,47,-173,109.3,123.5,0.511,0.201,0.065,109.1,123.4,-14.3,22.43672600950322,364.2,-0.013798603379284204,-1.954614257520989,-5.744608462906603,-0.9957648528904434,-1.5439110430707392,-0.5459980349623046,-2.2173970087760377,-1.0138587956556009,0.5153830584814532,False,-1.1991947649406534,11.522611119519643,9.0097874679475,brice sensabaugh,2448600.0,False,False,UTA,133738448,0.0,133738448.0,2448600.0,0.013262996597325168,14.545058072625128,34.17338830720929,brice sensabaugh
201572,Brook Lopez,1610612749,MIL,36.0,79,2411.151666666666,990,409,127,43,189,79,278,117.1,111.9,0.608,0.156,0.083,116.2,110.7,5.5,27.115507043314715,1816.1,0.004422636183242107,3.108372578090335,1.3252943811301412,0.37701160184413196,0.5447425955419081,0.9922112368277132,0.5423019024335917,-0.42219768291710164,1.0,True,0.27948195580638446,61.0062508138938,61.0062508138938,brook lopez,25000000.0,False,False,MIL,187346674,52697527.5,240044201.5,32032087.40978236,0.17350382517404467,40.04438797412643,94.08366834505065,brook lopez
1628971,Bruce Brown,1610612761,TOR,27.0,67,1865.3666666666663,726,284,192,59,17,86,-231,115.6,121.4,0.563,0.161,0.076,114.2,119.4,-5.2,23.873054448633873,1236.9999999999998,-0.0026806126570386012,1.5401322121589625,-5.8514378718809335,-0.2772369138384401,-0.2694844764041444,0.5157569323638266,-2.2590972994498055,-0.6522881156487405,0.9208115656278103,True,-0.5669193896777507,28.538447501665843,27.52148576198441,bruce brown,22000000.0,False,False,TOR,163054678,0.0,163054678.0,22000000.0,0.11916438991307428,20.60374168476852,48.40817146685695,bruce brown
1628981,Bruno Fernando,1610612737,ATL,25.0,45,682.3033333333333,282,193,46,25,28,44,-96,107.5,113.9,0.615,0.172,0.096,107.2,113.9,-6.6,28.011588198797213,530.9,0.006080239894343862,-3.1665554015601507,-0.646278809289362,-0.44756537113776723,0.7347494285397446,-0.9142034372581506,-0.22729118915465818,0.0051131207273699434,0.5569002413250319,False,-0.1713691862471905,43.19667410796059,34.58347796520123,bruno fernando,2581522.0,False,False,ATL,159153393,0.0,159153393.0,2581522.0,0.013982977008053607,54.8067797326718,128.76767877587784,bruno fernando
1631121,Bryce McGowens,1610612766,CHA,21.0,59,881.595,302,102,51,21,10,30,-229,103.3,116.3,0.565,0.147,0.06,104.0,115.8,-11.8,19.151651268439586,468.99999999999994,-0.0021535159042526354,-5.798438271783024,-2.0546033854540067,-1.177561241810241,-0.20906473674650505,-1.7138078535223162,-0.7770231848000474,-1.1782091047496286,0.6330284353802758,False,-1.0528374081377792,14.620775847444062,12.206341802533192,bryce mcgowens,1719864.0,False,False,CHA,140774484,0.0,140774484.0,1719864.0,0.009315752013339073,22.298967197754603,52.3910775119413,bryce mcgowens
1631205,Buddy Boeheim,1610612765,DET,24.0,10,84.00166666666667,34,10,3,0,1,0,21,114.2,104.0,0.509,0.161,0.057,117.0,103.6,13.5,20.22817007599056,47.2,-0.011374612657038591,0.44200790350605373,1.2974366163401627,-1.3875220339635783,-1.2660552460154237,0.18213074529436055,0.5314277723563329,-1.2768192902060451,0.195403622682835,False,-0.8128008048074177,20.81661370222161,13.279576314453347,buddy boeheim,2015213.2953500552,True,True,DET,139233014,0.0,139233014.0,2015213.2953500552,0.01091553013114115,22.950598793047508,53.922075836458234,buddy boeheim
1627741,Buddy Hield,1610612755,PHI,31.0,84,2159.8883333333333,1013,269,236,70,42,103,64,116.9,115.7,0.578,0.186,0.083,115.5,115.0,0.5,27.093067311350197,1625.4999999999998,-0.0003068568584421081,2.641471726970862,-2.029957699954984,0.24268042395968767,0.0026130210741793104,0.8503599459756194,-0.7674028727620913,-0.42219768291710164,0.9908417755839851,True,-0.05315368474205241,47.88047288170024,47.68314782959226,buddy hield,19321859.0,False,False,PHI,166271894,1466841.0,167738735.0,19492315.31883774,0.10558135740738961,37.24216130860094,87.49988026475079,buddy hield
203468,CJ McCollum,1610612740,NOP,32.0,66,2158.536666666667,1322,286,305,62,41,110,195,115.9,112.2,0.592,0.244,0.118,115.4,111.8,3.6,33.582751277485826,2013.6,0.0030134565943017535,2.267674592307763,0.665877569490634,1.0158259847053484,0.383211978165465,0.7367949226057934,0.28490206296481957,0.7282544807410909,0.9905316907111202,True,0.6831691849590761,75.27500290036593,74.95427574623405,cj mccollum,35802469.0,False,False,NOP,167403924,3164886.0,170568810.0,36479339.23216692,0.19759264563787488,47.01128624947616,110.45228776695876,cj mccollum
1630595,Cade Cunningham,1610612765,DET,22.0,62,2074.225,1405,268,464,56,22,212,-350,109.9,117.8,0.546,0.298,0.126,108.3,116.7,-8.4,36.66603189142932,2112.5999999999995,-0.010027630880729804,-3.1159363109408718,-3.5130461723391226,1.3237507040603091,-1.1116542032884376,-0.8988246189739525,-1.3463185570021206,0.9912149752915352,0.9709941016579583,False,0.1247825617128612,54.96521533924606,54.247773387430684,cade cunningham,11055360.0,False,False,DET,139233014,0.0,139233014.0,11055360.0,0.05988205589406386,51.671796930794265,121.4020853151947,cade cunningham
1631216,Caleb Houstan,1610612753,ORL,21.0,59,815.335,253,84,29,15,4,16,-30,109.4,111.2,0.582,0.122,0.051,109.7,110.0,-0.3,16.380996768199573,371.0,0.0002867282971508758,-2.000344118321433,1.4257726424054136,-1.4605515567134733,0.07065415465355952,-0.5598914338915982,0.5815230564379202,-1.4740396611188782,0.6087748501554726,False,-0.7935069209340495,21.374126930865923,17.611183725770136,caleb houstan,2000000.0,False,False,ORL,132643598,0.0,132643598.0,2000000.0,0.010833126355734026,30.517588182056734,71.70060002082224,caleb houstan
1628997,Caleb Martin,1610612748,MIA,28.0,64,1756.5533333333333,640,281,143,47,29,77,66,113.0,111.1,0.531,0.168,0.075,112.1,109.9,2.2,22.349449490099936,1090.5000000000002,-0.00817316103343157,-0.2701477594471477,1.8683092529118015,-0.497279235433481,-0.8990811134629355,-0.034232535764835266,0.7542648647945913,-0.6851581774675459,0.893550968514574,False,-0.35672457976361094,36.06490012992961,34.33731696967728,caleb martin,6802950.0,False,False,MIA,177143542,20873855.0,198017397.0,7604581.209746557,0.04119069456381259,37.283112436161886,87.596094303689,caleb martin
1629629,Cam Reddish,1610612747,LAL,24.0,48,984.0616666666666,260,99,48,47,14,31,-50,109.7,112.5,0.504,0.123,0.044,109.3,111.8,-2.5,17.724498972794727,484.5,-0.00930492147090526,-2.2193811950818305,0.46424057290172915,-1.2774296231019844,-1.0288118898821619,-0.6264380936555167,0.2061941355404228,-1.7041300938505168,0.6688054706532817,False,-1.0479548111302397,14.732971361862557,12.53720557963072,cam reddish,2165000.0,False,False,LAL,169876920,6874380.0,176751300.0,2252610.6813097387,0.012201408070452256,20.83928227898679,48.96157043908112,cam reddish
1630560,Cam Thomas,1610612751,BKN,22.0,66,2074.85,1482,214,192,45,16,124,-201,111.5,116.7,0.554,0.296,0.105,110.7,116.0,-5.3,32.237511145384005,1858.0,-0.007592331344617521,-1.4400256531747035,-2.820251745828149,0.8032823350444636,-0.8325021061021698,-0.38965850889530323,-1.0758899433830424,0.30094367709661934,0.9711403793291865,True,-0.053603896866975656,47.86253758635937,47.24095498077118,cam thomas,2240160.0,False,False,BKN,155015136,0.0,155015136.0,2240160.0,0.012133968168530568,78.67616161612398,184.84842123035318,cam thomas
1641715,Cam Whitmore,1610612745,HOU,19.0,47,880.3333333333334,579,180,33,30,17,46,-28,110.6,111.6,0.561,0.255,0.11,109.6,112.2,-2.6,32.1750851950019,786.8000000000001,-0.004755690854315769,-1.790245232424764,0.5230470783247813,0.05325933475227562,-0.5073453317140243,-0.4960603269240866,0.22914894164853297,0.46529398619064705,0.6325753039374167,False,0.03676452199682631,51.466361887084275,42.95685631887029,cam whitmore,1119562.9418611417,False,True,HOU,149356730,0.0,149356730.0,1119562.9418611417,0.006064183406189527,91.1984946727702,214.26944849062733,cam whitmore
1629661,Cameron Johnson,1610612751,BKN,28.0,58,1599.0383333333334,776,251,138,49,15,57,-77,111.5,114.9,0.582,0.19,0.097,110.8,115.1,-4.3,27.08152712619981,1202.9,0.0004465440693333311,-1.315655321855624,-1.7063306089959773,-0.052197060012178345,0.08897342392890925,-0.3518729876245363,-0.6410767618862077,0.037983182546175484,0.8525465418735836,False,-0.1372507590764672,44.54162952802405,41.58611174100227,cameron johnson,25679348.0,False,False,BKN,155015136,0.0,155015136.0,25679348.0,0.13909381080843292,29.492804875537765,69.29288753940358,cameron johnson
1626166,Cameron Payne,1610612755,PHI,29.0,78,1304.0766666666666,578,117,205,42,11,66,-11,112.4,113.2,0.566,0.185,0.083,113.1,113.0,0.1,26.747200445781562,968.9,-0.0025252070903859698,0.009364613042446145,-0.21676795047996256,-0.24090099841323623,-0.2516707376002693,0.05068740120189887,-0.05963391357995978,-0.42219768291710164,0.7699104631138098,True,-0.2259771419751891,41.06095992861482,36.80949616427999,cameron payne,9391467.0,False,False,PHI,166271894,1466841.0,167738735.0,9474317.976880958,0.05131824188897689,37.007542546261334,86.94864712222532,cameron payne
1627747,Caris LeVert,1610612739,CLE,29.0,68,1958.0833333333333,952,280,346,76,34,117,120,113.9,111.2,0.524,0.224,0.107,113.5,110.0,3.5,31.32491807464783,1703.8000000000002,-0.012465548044575428,0.6794550848560569,1.8322517142715158,0.625256900985546,-1.3911063523823164,0.25427066344385735,0.7401899966780615,0.36668380073423046,0.9434181887094815,True,0.20682251162759602,58.19257627442982,56.71088765825882,caris levert,15384616.0,False,False,CLE,166874287,2370430.5,169244717.5,15603152.741955867,0.08451546260071287,47.8811175069545,112.49594281289498,caris levert
1641717,Cason Wallace,1610612760,OKC,20.0,82,1691.9216666666666,561,187,120,76,37,45,127,113.9,110.0,0.612,0.127,0.071,114.9,108.9,6.0,22.08825664702759,1038.1,0.004108479456870177,1.3067745553978294,2.6553933533130394,-0.553982416635737,0.5087316212402018,0.4448594714523316,1.06149895030113,-0.8166384247427682,0.8769579824770986,True,-0.08122362513271511,46.76320557241736,44.17397795065657,cason wallace,5291352.0,False,False,OKC,162515272,0.0,162515272.0,5291352.0,0.028660942404332975,54.45532323073802,127.94193717665512,cason wallace
1626224,Cedi Osman,1610612759,SAS,29.0,72,1268.7516666666668,489,180,119,36,11,47,-353,106.0,119.2,0.601,0.146,0.077,106.5,119.1,-12.6,23.181841468845363,817.0000000000001,0.0031171338638035094,-4.667599291783424,-4.562035477565758,-0.623002579693487,0.3950962358441585,-1.3702424719767565,-1.7557859439473669,-0.6194180538299349,0.75941115545553,True,-0.751215888084347,22.62613699495474,20.17651872470027,cedi osman,6718842.0,False,False,SAS,142867770,0.0,142867770.0,6718842.0,0.03639303217510636,22.877857138633164,53.7511704478377,cedi osman
1629646,Charles Bassey,1610612759,SAS,23.0,19,205.275,63,76,21,8,17,15,-46,105.1,116.7,0.739,0.11,0.116,105.9,117.1,-11.2,30.90098648154914,176.2,0.017528525513824562,-2.1034796868457475,-1.2107607484138703,-0.4702904101620219,2.0470368463607285,-0.5912255244010948,-0.4476337068900136,0.6625143571034803,0.30546164764470546,False,0.23240834685098155,59.18895667260671,40.68990647234718,charles bassey,2600000.0,False,False,SAS,142867770,0.0,142867770.0,2600000.0,0.014083064262454233,64.32327949973731,151.12654735114103,charles bassey
1629718,Charlie Brown Jr.,1610612752,NYK,27.0,8,37.28333333333333,6,2,0,0,2,2,-6,104.1,105.1,0.3,0.145,-0.047,102.9,112.5,-9.5,8.303978542691105,8.600000000000001,-0.040549216368140344,-0.6541644501381502,0.22483944888097418,-2.3388891862005217,-4.610264732267643,-0.1509024093636072,0.11274518215633224,-4.695305719361818,0.1301805273340437,False,-2.6905773062799136,0.35664253404739715,0.21704595464448634,charlie brown,2351082.1779083977,True,True,NYK,164990518,0.0,164990518.0,2351082.1779083977,0.012734785152998009,0.35541039129242036,0.8350312009349723,charlie brown
1631096,Chet Holmgren,1610612760,OKC,22.0,82,2412.7966666666666,1357,648,200,53,190,131,423,118.2,109.2,0.632,0.21,0.133,118.0,109.4,8.6,35.86576572967193,2403.7999999999997,0.010993548708210532,4.367818976669804,2.866168806093584,1.4642778992575007,1.297949330307975,1.374849428574773,1.1437740254160325,1.221305408023174,1.0,True,1.3049470148661446,90.40445547476227,90.40445547476227,chet holmgren,10386000.0,False,False,OKC,162515272,0.0,162515272.0,10386000.0,0.05625642516532679,88.01467347563734,206.78910997791158,chet holmgren
1629002,Chimezie Metu,1610612765,DET,27.0,51,858.9066666666666,332,194,46,43,16,52,-109,105.5,112.0,0.61,0.162,0.1,106.4,111.5,-5.1,24.561457977583906,586.0,0.004916737574905266,-4.277159055094814,0.6826978091801224,-0.6767328885973477,0.6013801621574772,-1.2516210313816434,0.29146775392003815,0.1365933680025921,0.6248296737608747,False,-0.18202117904417853,42.77830525337862,35.5561874213385,chimezie metu,2697258.0,False,False,DET,139233014,0.0,139233014.0,2697258.0,0.014609868364007223,55.4899679709092,130.3728189434613,chimezie metu
1628449,Chris Boucher,1610612761,TOR,31.0,50,704.8833333333333,322,207,23,14,24,28,28,116.0,113.6,0.625,0.167,0.106,115.3,112.4,2.9,27.512638025205113,538.6999999999999,0.007573488734624567,1.6222399294564307,-0.05843177519350992,-0.48082424426464676,0.9059166871065369,0.5407024548653144,0.0021717689283484464,0.3338137389154249,0.5660402063029756,False,0.19725669724349576,57.818666794367346,46.52772727310306,chris boucher,11750000.0,False,False,TOR,163054678,0.0,163054678.0,11750000.0,0.0636446173399374,43.38311626354722,101.92795866805582,chris boucher
1630537,Chris Duarte,1610612758,SAC,27.0,59,719.5183333333333,230,106,44,28,8,26,-67,110.4,113.5,0.512,0.146,0.052,110.4,113.7,-3.3,20.363622886607015,407.0,-0.009876866136196484,-1.4201614419091915,-0.4955307028205891,-1.1267242438247038,-1.0943724299401723,-0.3836234716855497,-0.16844746888491133,-1.4411695993000728,0.5718861668888205,False,-0.9609984463227927,16.827647451730904,13.585780557969064,chris duarte,4124400.0,False,False,SAC,153564021,0.0,153564021.0,4124400.0,0.022340073170794707,18.273867933699307,42.93416923156079,chris duarte
1641753,Chris Livingston,1610612749,MIL,20.0,21,90.53333333333332,26,21,5,2,0,5,-27,102.5,116.8,0.547,0.136,0.053,110.2,119.8,-9.6,17.93372606774669,45.1,-0.004440368455635078,-0.8718680217253141,-0.892232615678971,-1.5668773818735486,-0.47120073940566326,-0.2170439307994897,-0.3232979471928936,-1.4082995374812672,0.20285836229131682,False,-0.9659405993224743,16.703695266875982,10.711850316505048,chris livingston,1119563.0,False,False,MIL,187346674,52697527.5,240044201.5,1434477.5950703267,0.007769938520933159,20.85181364366641,48.99101268599947,chris livingston
101108,Chris Paul,1610612744,GSW,39.0,58,1530.89,533,225,393,70,6,76,110,113.7,111.0,0.544,0.154,0.116,114.1,109.6,4.5,30.577507201693127,1300.2999999999997,-0.005490064280645604,0.8540244304729012,1.9750533532743482,0.28661232586733915,-0.5915246612124826,0.3073073776832542,0.7959318557062192,0.6625143571034803,0.8341816893873246,False,0.3471645744244275,63.576615841159935,58.83264067619645,chris paul,30800000.0,False,False,GSW,209354737,202409974.75,411764711.75,60578295.49803786,0.3281261647726189,30.897940569526508,72.59423205485596,chris paul
1631128,Christian Braun,1610612743,DEN,23.0,82,1655.565,600,306,132,42,35,55,-13,110.0,109.3,0.554,0.152,0.084,109.8,109.0,0.8,23.580107093348797,1084.4,-0.003898764744533322,-2.248094139512372,2.8111271125289456,-0.4061064880938443,-0.40911810457739056,-0.6351615051075865,1.1222887935603234,-0.3893276210982961,0.8674846081946039,True,-0.20662353077164797,41.81519409560913,39.321673522559884,christian braun,2949120.0,False,False,DEN,180922992,30794224.0,211717216.0,3451078.6558842673,0.018692985571385507,56.295016619292966,132.2642682542888,christian braun
1626174,Christian Wood,1610612747,LAL,28.0,50,871.9433333333334,347,254,49,16,33,50,3,109.9,109.9,0.568,0.173,0.101,110.5,108.6,1.8,25.787914352232367,624.6,-0.0020154098737122845,-1.6187831829880586,2.3262021806327584,-0.5547902076445468,-0.19323399909484223,-0.44396765460098875,0.9330009297672468,0.16946342982139764,0.629553713981483,False,-0.043488631554005064,48.265601332969176,40.21968559265721,christian wood,2709849.0,False,False,LAL,169876920,6874380.0,176751300.0,2819507.9917489677,0.015272043167809227,61.80166344468718,145.2020495470997,christian wood
1629643,Chuma Okeke,1610612753,ORL,25.0,47,431.73,107,80,20,9,7,16,-70,99.5,106.8,0.465,0.131,0.066,101.4,107.3,-6.0,16.877214925995414,202.4,-0.01501911961535438,-5.637768755619536,2.631962452852077,-1.5393654245058819,-1.6838156674902836,-1.6649941102752728,1.052352823131176,-0.9809887338367954,0.4429908679543057,False,-1.0236065194726662,15.301058232125802,11.465785107760144,chuma okeke,5266712.0,False,False,ORL,132643598,0.0,132643598.0,5266712.0,0.02852747828763033,14.1575175000688,33.2628677438235,chuma okeke
203991,Clint Capela,1610612737,ATL,30.0,73,1883.0866666666664,836,776,91,43,106,74,-17,115.5,115.6,0.59,0.167,0.121,114.2,115.4,-1.2,32.68336029851698,1709.6,0.0017284887346245606,1.5115943307832227,-2.1334126724576574,0.7346154017620936,0.2359194305643309,0.50708670762205,-0.8077859701360056,0.8268646661975075,0.9251748401510305,True,0.421996275507332,66.34861320013073,64.11456768532497,clint capela,20616000.0,False,False,ATL,159153393,0.0,159153393.0,20616000.0,0.11166786647490634,49.10292181791678,115.3665530879078,clint capela
1629632,Coby White,1610612741,CHI,24.0,79,2881.3566666666666,1509,358,405,53,18,166,-35,115.0,115.8,0.57,0.224,0.099,114.2,114.5,-0.2,28.07177637386092,2246.7999999999997,-0.0021615480445754437,1.4596610661788112,-1.9086694133601754,0.7507712883366888,-0.2099854402504304,0.49130862410681114,-0.7200586362369032,0.10372330618378657,1.0,True,0.15299949608222985,56.08006636599736,56.08006636599736,coby white,11111111.0,False,False,CHI,165630436,504654.0,166135090.0,11144965.083500657,0.06036740748990322,53.26637331302991,125.14851778892967,coby white
1628998,Cody Martin,1610612766,CHA,28.0,28,752.9916666666667,211,109,104,32,18,44,-157,106.5,117.0,0.46,0.157,0.066,105.6,115.5,-9.9,22.838499762060223,477.69999999999993,-0.018785013584814027,-4.114766176995078,-1.995098408699854,-0.8856576847261373,-2.115490368596665,-1.2022837056337836,-0.7537957341288546,-0.9809887338367954,0.5850375538321787,False,-1.1264465125864684,12.998828424680585,10.571516886491018,cody martin,7560000.0,False,False,CHA,140774484,0.0,140774484.0,7560000.0,0.04094921762467462,11.502092033518988,27.023986803220883,cody martin
203469,Cody Zeller,1610612740,NOP,31.0,43,319.70666666666665,76,112,39,9,5,16,46,114.3,108.0,0.483,0.116,0.075,115.6,108.6,7.0,24.36733672533155,216.39999999999998,-0.01121137309451228,0.8865109153595178,1.7239605505010474,-0.9488967968083388,-1.2473435164941613,0.3171772457834398,0.6979191178069244,-0.6851581774675459,0.3812101941464998,False,-0.4776087253779181,31.64643597257356,22.834314585432754,cody zeller,3196448.0,False,False,NOP,167403924,3164886.0,170568810.0,3256879.0417773006,0.017641091092457727,33.36027088934142,78.37943894364929,cody zeller
1641732,Colby Jones,1610612758,SAC,22.0,30,191.73666666666668,64,40,20,7,5,10,9,104.8,103.3,0.422,0.178,0.053,107.8,104.7,3.1,24.671337424592757,131.4,-0.02806165871399298,-1.7204785447911997,2.394882276890804,-0.9844572582697544,-3.178848244809755,-0.47486418929536434,0.9598098394575645,-1.4082995374812672,0.29521692076002404,False,-1.072689565008952,14.170521191816594,9.67630658981487,colby jones,2019706.0,False,False,SAC,153564021,0.0,153564021.0,2019706.0,0.010939865149717074,16.71017217485079,39.26029030342927,colby jones
1630175,Cole Anthony,1610612753,ORL,24.0,81,1817.3116666666667,937,311,236,64,37,126,110,112.6,110.0,0.545,0.232,0.109,111.5,109.0,2.5,30.179743522254025,1523.5,-0.008038746189024547,-0.6799649716659589,2.650801059165188,0.41104226278233824,-0.8836734869460402,-0.15874098424433794,1.059706372745348,0.4324239243718415,0.9088733451783905,True,0.23508152824038248,59.29272723363936,56.8613106840161,cole anthony,5539771.0,False,False,ORL,132643598,0.0,132643598.0,5539771.0,0.03000651961241552,68.97899946422778,162.06508918450783,cole anthony
1631306,Cole Swider,1610612748,MIA,25.0,18,86.79833333333333,42,7,5,1,1,8,-20,98.9,110.0,0.54,0.226,0.057,99.4,115.0,-15.6,19.45198640526892,46.900000000000006,-0.008960847580687705,-2.0127337611704217,-0.03252426353889677,-1.447910358497282,-0.9893715883434852,-0.5636555881592796,0.012284628083929666,-1.2768192902060451,0.19862977591184028,False,-0.9761347589489593,16.449884420800597,10.517783016766012,cole swider,2093582.7012803352,True,True,MIA,177143542,20873855.0,198017397.0,2340281.74118682,0.012676283905147029,17.25053288422576,40.529859407603844,cole swider
1630658,Colin Castleton,1610612747,LAL,24.0,16,59.08,24,12,3,2,0,3,-44,82.4,117.6,0.644,0.157,0.078,85.7,125.3,-39.6,22.423832092078534,36.8,0.010102986415185972,-3.0039883577473145,-0.9975461245770453,-1.2245211784027927,1.1958664743445204,-0.8648131974254994,-0.36440651434764904,-0.5865479920111293,0.16387356545381399,False,-0.48709767781833113,31.30945559921981,19.52905703422881,colin castleton,2015213.2953500552,True,True,LAL,169876920,6874380.0,176751300.0,2096762.5839366892,0.011357247004880763,33.28596807051274,78.20486562345528,colin castleton
1631221,Collin Gillespie,1610612743,DEN,25.0,24,225.365,87,21,27,13,0,14,15,111.7,109.2,0.586,0.166,0.071,114.1,108.7,5.4,23.72151842566503,148.5,0.0010541385026807005,0.10344644748152627,1.2055218156483951,-1.0462036482278105,0.15862040484132214,0.07927083519847034,0.4955493195700865,-0.8166384247427682,0.32006036362479556,False,-0.3965263555383012,34.58583844840993,24.003511360155397,collin gillespie,2093582.7012803352,True,True,DEN,180922992,30794224.0,211717216.0,2449923.561847972,0.013270165753694524,38.743026981381014,91.02614088033438,collin gillespie
1629012,Collin Sexton,1610612762,UTA,25.0,78,2074.7633333333333,1458,205,383,62,18,165,-143,117.0,120.4,0.607,0.267,0.12,115.2,119.7,-4.5,36.0752471366212,2079.1,0.007302511929010529,2.508442261028019,-5.801716229522504,1.2546411985319956,0.8748553156184317,0.8099436532656961,-2.23968872124058,0.7939946043787021,0.9711200968079295,True,0.4686252180931417,68.03312257604976,67.14896707881701,collin sexton,17525000.0,False,False,UTA,133738448,0.0,133738448.0,17525000.0,0.0949252696921194,54.43537085644816,127.89505938277809,collin sexton
1630557,Corey Kispert,1610612764,WAS,25.0,80,2067.435,1070,225,157,42,16,98,-445,108.7,119.4,0.62,0.191,0.084,107.8,118.1,-10.3,24.978778051063276,1434.5,0.007706894301277197,-3.7420473022100085,-4.702581175547288,-0.0541157921499148,0.9212086227206894,-1.0890462733471733,-1.8106472084160827,-0.3893276210982961,0.9694035185711788,True,-0.42709996322335253,33.46532598717203,33.00456143588785,corey kispert,3722040.0,False,False,WAS,150856313,0.0,150856313.0,3722040.0,0.020160664810548137,46.01747260359187,108.11733802277546,corey kispert
202709,Cory Joseph,1610612744,GSW,32.0,26,295.8933333333333,63,30,42,4,3,12,-12,114.2,117.2,0.47,0.108,0.042,115.4,117.2,-1.8,17.130497476568134,140.8,-0.011842174950063157,0.7855441298032496,-1.643201237917169,-1.5625799335757375,-1.3196507042855763,0.28650206318310156,-0.6164345481988606,-1.7698702174881276,0.36673828501667194,False,-1.169043527035573,12.11930474313408,8.665693475414878,cory joseph,3196448.0,False,False,GSW,209354737,202409974.75,411764711.75,6286862.710652991,0.03405318906282819,10.057119026768177,23.629045139421873,cory joseph
1641854,Craig Porter Jr.,1610612739,CLE,24.0,51,649.355,285,109,118,21,15,45,-25,111.7,113.4,0.564,0.201,0.113,112.1,114.0,-1.8,29.920767530857542,539.7,-0.0031456033792842163,-0.489857287770231,-0.5536059127240089,-0.29341976860949526,-0.3227851621564354,-0.10098349612485205,-0.19111681768281194,0.5639041716470636,0.5432875515197856,False,0.003583487947130315,50.14296017937405,39.837548826468534,craig porter,1500000.0,False,False,CLE,166874287,2370430.5,169244717.5,1521307.3314884037,0.008240257273959214,75.96942376071036,178.48898262811338,craig porter
1626156,D'Angelo Russell,1610612747,LAL,28.0,76,2484.1283333333336,1369,236,482,69,36,156,184,116.5,113.9,0.588,0.222,0.103,115.6,112.7,2.9,32.09109566937296,2214.4,0.0018537514915368408,2.6246676723706512,-0.33287853499957953,1.039860892655246,0.25027797692500514,0.8452546290097717,-0.10495706168361074,0.23520355345900829,1.0,True,0.47911262083918893,68.40707441681889,68.40707441681889,d angelo russell,17307693.0,False,False,LAL,169876920,6874380.0,176751300.0,18008080.425233163,0.09754190533538569,54.92999740692551,129.05717679008708,d angelo russell
1641793,D'Moi Hodge,1610612747,LAL,25.0,7,41.24333333333333,14,0,5,1,1,1,-35,86.4,130.6,0.441,0.172,0.027,91.0,133.5,-42.5,20.774266548128992,23.8,-0.023847760105656132,-1.8019306547497869,-1.4904841963146065,-1.3614599590559364,-2.69581992882469,-0.49961052872171025,-0.5568222645888771,-2.2629211447702104,0.13691957382700873,False,-1.5820792415153386,5.681574092211977,3.4749291672340945,d moi hodge,241285.0,False,False,LAL,169876920,6874380.0,176751300.0,251049.03844795396,0.002,10.87704565178878,25.555450025558677,d moi hodge
1630618,D.J. Carton,1610612761,TOR,23.0,4,35.53333333333333,11,4,3,1,0,1,-31,81.5,122.8,0.539,0.125,0.06,86.8,122.9,-36.1,19.046904315197,18.8,-0.005081221007017536,-1.866266017288775,-0.6688131248421461,-1.4988653084539263,-0.5446600125064878,-0.5191565505413571,-0.23608733918214067,-1.1782091047496286,0.12708861141548108,False,-0.9231646438728679,17.796070544824982,10.805593852040928,dj carton,1802496.3363964383,True,True,TOR,163054678,0.0,163054678.0,1802496.3363964383,0.00976333528396514,19.41845897475113,45.62336812671221,dj carton
1628391,D.J. Wilson,1610612753,ORL,28.0,2,15.466666666666669,10,2,2,0,2,0,2,120.0,117.2,0.833,0.182,0.172,130.8,115.2,15.6,42.36206896551723,18.2,0.04610974221378245,0.4102593882113833,-0.09661304570630536,0.30840535983353934,5.323227911820104,0.1724850831234984,-0.012732086610718459,2.5032378189565883,0.08384690232980006,False,1.650519821895294,95.05816687197502,55.86864155460021,dj wilson,134863.0,False,False,ORL,132643598,0.0,132643598.0,134863.0,0.002,174.87716596436522,410.8711886006204,dj wilson
1629610,DaQuan Jeffries,1610612752,NYK,26.0,17,45.975,14,5,5,0,1,3,-10,87.6,95.0,0.391,0.193,0.038,90.8,101.5,-10.7,17.461663947797717,22.3,-0.03640940523483508,-1.9609357351513055,1.1688054122511138,-1.6193385173287196,-4.135728872230447,-0.5479185920994419,0.48121726710567725,-1.90135046476335,0.14456046234267264,False,-1.6056042983448169,5.418044022529668,3.3323799393917466,daquan jeffries,1341538.0,False,False,NYK,164990518,0.0,164990518.0,1341538.0,0.007266525332509357,6.640727012949276,15.60228510072436,daquan jeffries
1630227,Daishen Nix,1610612750,MIN,22.0,15,49.78333333333333,27,3,6,5,0,5,28,119.3,99.1,0.507,0.241,0.068,125.0,101.2,23.7,30.010043521928356,41.5,-0.017508594101529815,0.897626245695246,1.1246521237596678,-0.6330720287401628,-1.9691776993071113,0.3205542453168312,0.46398226616376975,-0.9152486101991842,0.15042868037308535,False,-0.6105387684187725,27.075248510226004,16.724188937499292,daishen nix,1119562.9418611417,True,True,MIN,166434327,1710490.5,168144817.5,1131068.9923900422,0.006126506655807047,35.379039673106455,83.12250488437013,daishen nix
1630625,Dalano Banton,1610612757,POR,24.0,54,1046.8466666666666,557,178,127,33,20,77,-222,104.5,114.7,0.504,0.25,0.1,103.3,114.7,-11.4,29.718965528221265,864.2,-0.01891244201403508,-6.109158740777577,-1.2993010961613498,-0.08332679330150472,-2.13009716038171,-1.8082092655466584,-0.482194959946403,0.1365933680025921,0.6898111291791355,False,-0.6429288958058144,26.013511932067402,22.38241608053552,dalano banton,2019706.0,False,False,POR,165263993,0.0,165263993.0,2019706.0,0.010939865149717074,38.65256055327752,90.81359141089186,dalano banton
1631207,Dalen Terry,1610612741,CHI,21.0,59,680.71,180,113,81,27,18,32,36,112.9,110.7,0.512,0.127,0.063,113.9,110.6,3.3,22.376048537556372,423.09999999999997,-0.00859152054312982,0.39950664011241593,1.2338350238632791,-0.9594954105120137,-0.9470365837360185,0.169218241363864,0.5066012295619434,-1.079598919293212,0.5562496169559458,False,-0.6044360953374988,27.277687198950257,21.830669334559726,dalen terry,3350760.0,False,False,CHI,165630436,504654.0,166135090.0,3360969.3218968525,0.018204902670927156,31.544715756936377,74.11382032438814,dalen terry
1627745,Damian Jones,1610612739,CLE,29.0,39,269.7316666666667,107,62,15,7,13,13,-91,94.0,112.6,0.659,0.149,0.115,96.2,114.4,-18.2,25.97247882154487,194.60000000000002,0.011823184559635096,-6.127862426238164,-0.31533849700844696,-0.8396109933859396,1.3930483456002785,-1.8138917180843106,-0.09811040129597437,0.6296442952846748,0.35015040058566693,False,-0.09885252582808357,46.06276815530216,32.59252601016488,damian jones,2586665.0,False,False,CLE,166874287,2370430.5,169244717.5,2623408.285736301,0.014209856721030471,51.36143150768138,120.67288656822446,damian jones
203081,Damian Lillard,1610612749,MIL,33.0,73,2578.4283333333333,1775,320,508,72,18,193,389,119.4,112.4,0.59,0.274,0.132,118.1,110.5,7.5,36.781476054211325,2634.4,0.002835963552617543,4.868811802318127,1.273221611993969,1.695692872670994,0.3628664091348829,1.5270583587051394,0.5219755744119873,1.1884353462043684,1.0,True,1.1422388733668605,87.33226291497999,87.33226291497999,damian lillard,45640084.0,False,False,MIL,187346674,52697527.5,240044201.5,58477886.403112374,0.3167491662105885,46.43546392509841,109.09940214844372,damian lillard
1629655,Daniel Gafford,1610612742,DAL,25.0,74,1814.355,814,562,115,65,153,74,-102,113.9,116.0,0.731,0.145,0.121,112.9,114.2,-1.3,34.0048116272725,1713.8000000000002,0.021945783631859648,0.38645566514469315,-1.6775737814086882,0.8399928539575541,2.5533757378102226,0.16525316474939428,-0.6298516874356552,0.8268646661975075,0.9081337006090118,True,0.771374195617235,77.97574171815933,74.75223744289767,daniel gafford,12402000.0,False,False,DAL,167755884,3692826.0,171448710.0,12675006.388568763,0.06865497288355071,67.87572628649069,159.47296596825905,daniel gafford
1628464,Daniel Theis,1610612746,LAC,32.0,60,1014.84,376,244,61,21,51,42,62,115.6,113.2,0.597,0.15,0.084,115.2,111.8,3.3,25.59772969137992,721.6,0.0026025347915789475,1.7103066871089438,0.28145215145327396,-0.5020574496270538,0.33610907303669557,0.5674584207715982,0.13484364900884196,-0.3893276210982961,0.6791840023814674,False,-0.0865509773136819,46.55142170165545,39.83092334445553,daniel theis,9108387.0,False,False,LAC,201366679,150454243.75,351820922.75,15913859.90481625,0.08619842757816194,33.39804898290359,78.46819798842998,daniel theis
201568,Danilo Gallinari,1610612749,MIL,35.0,49,629.29,280,108,55,14,6,23,-99,109.1,117.5,0.601,0.171,0.093,109.0,117.7,-8.7,25.354288166028383,443.20000000000005,0.003650889662400001,-2.0991628967090215,-2.69699354413351,-0.7146017855658988,0.45627928472750207,-0.5899140205737533,-1.0277767609930943,-0.09349706472904667,0.534827924748614,False,-0.3809112903360906,35.16345372351225,27.802778189804727,danilo gallinari,7850062.0,False,False,MIL,187346674,52697527.5,240044201.5,10058154.886248438,0.05448063139413646,27.373412504930407,64.31340804234921,danilo gallinari
201980,Danny Green,1610612755,PHI,37.0,2,18.45,0,2,1,1,0,0,0,114.6,120.5,0.0,0.043,0.012,110.8,118.0,-7.1,9.756097560975611,5.0,-0.02492494002641403,-0.017332390571945848,-0.22134589409788505,-2.2288068024459204,-2.819294281555253,0.0425764619832092,-0.06142088948283459,-2.7559720720522933,0.09157709122025899,False,-1.8097141285854,3.5170065186206174,2.079288337291424,danny green,202074.0,False,False,PHI,166271894,1466841.0,167738735.0,203856.68510151212,0.002,6.508482066687033,15.291577650969227,danny green
203957,Dante Exum,1610612742,DAL,28.0,55,1087.621666666667,428,149,157,22,5,49,239,120.7,110.5,0.645,0.148,0.093,120.6,109.9,10.7,24.55670093614047,741.8999999999999,0.009671834327691234,5.366071709586686,1.8086501334782366,-0.5686494918312666,1.1464446239127122,1.6781331737668672,0.7309772453496644,-0.09349706472904667,0.7031169780687172,False,0.3631217640778559,64.1743036361257,55.60078609890279,dante exum,3000000.0,False,False,DAL,167755884,3692826.0,171448710.0,3066039.281221278,0.01660739547255702,82.96614105313397,194.9276613680604,dante exum
1627863,Danuel House Jr.,1610612755,PHI,31.0,34,509.055,144,58,28,15,5,19,20,109.9,107.7,0.575,0.116,0.053,109.8,108.5,1.3,16.986769602498747,240.19999999999996,-0.0005393730945122828,-1.4968351848174624,2.3207003437793037,-1.5045756886867574,-0.024039714643277803,-0.406918073483602,0.9308533170617994,-1.4082995374812672,0.48102872717087947,False,-0.7236494540758316,23.464048598275316,17.98432337322824,danuel house,4310250.0,False,False,PHI,166271894,1466841.0,167738735.0,4348274.7753733415,0.0235527050355352,23.746812257747813,55.79276702027976,danuel house
203967,Dario Saric,1610612744,GSW,30.0,64,1097.7516666666668,515,283,144,31,10,78,-21,113.7,115.3,0.6,0.19,0.111,112.4,114.7,-2.3,29.308267959814835,893.7,0.003866544069333334,0.07760697885144034,-1.4839674341013571,-0.0946475431546275,0.4809991925130571,0.07142042761981297,-0.5542784811761127,0.4981640480094526,0.7063837698468378,False,0.12550849945769246,54.99395016736936,47.727747819151126,dario saric,2709849.0,False,False,GSW,209354737,202409974.75,411764711.75,5329806.281722805,0.028869232450744048,58.687296223901825,137.88489207438747,dario saric
1641727,Dariq Whitehead,1610612751,BKN,19.0,2,23.98333333333333,3,4,3,0,1,0,-22,110.9,153.7,0.255,0.094,0.035,108.6,161.5,-52.9,18.01250868658791,12.0,-0.03051707819727719,-0.1504519091284949,-2.0871601119009138,-1.583795248794622,-3.4603066395848963,0.0021328099753360847,-0.7897315295269998,-1.9999606502197662,0.10441032109669594,False,-1.6331228111350695,5.1221584949203915,3.0578499681294784,dariq whitehead,2966040.0,False,False,BKN,155015136,0.0,155015136.0,2966040.0,0.016065743048080675,4.616112459525675,10.845484614874898,dariq whitehead
1629647,Darius Bazley,1610612762,UTA,24.0,9,151.825,48,28,7,6,7,8,-33,114.0,125.2,0.68,0.118,0.089,114.7,122.8,-8.1,22.146550304627038,93.39999999999999,0.011841327369375447,0.3756942619242404,-2.5574659175552847,-1.2066456578186449,1.3951280090309033,0.16198369343757077,-0.9733128952730196,-0.22497731200426885,0.26270014015291965,False,-0.2815847869766237,38.91309533051705,26.002316450484216,darius bazley,624425.0,False,False,UTA,133738448,0.0,133738448.0,624425.0,0.0033822374623396095,67.71986744448647,159.10677803677555,darius bazley
1629636,Darius Garland,1610612739,CLE,24.0,57,1900.4383333333333,1028,152,373,74,7,176,112,113.5,111.4,0.56,0.249,0.104,112.7,111.1,1.6,30.06253820390559,1587.0,-0.004892792245978927,0.168597577591464,1.2351546605354013,0.4461289491017426,-0.5230609102054588,0.0990646991085675,0.5071163427067188,0.2680736152778138,0.9294275690233242,False,0.20442234160025397,58.09882636382464,56.25374742780055,darius garland,34005250.0,False,False,CLE,166874287,2370430.5,169244717.5,34488290.75606403,0.18680800577686768,35.98226791142276,84.53978027254163,darius garland
1630561,David Duke Jr.,1610612759,SAS,24.0,4,51.35,26,10,5,2,0,3,6,115.3,110.9,0.673,0.179,0.114,116.7,112.0,4.7,28.183057448880234,40.2,0.01670969151795089,0.31041488312815857,0.11363595185055805,-0.7756275709169467,1.9531760198767505,0.14215086570542015,0.0693374895122397,0.5967742334658692,0.1527773186402651,False,0.3098250335746856,62.16529931720305,38.464766108429984,david duke,2015213.2953500552,True,True,SAS,142867770,0.0,142867770.0,2015213.2953500552,0.01091553013114115,66.47722741441453,156.18721456293466,david duke
1631223,David Roddy,1610612756,PHX,23.0,65,1176.9816666666666,425,211,80,27,11,57,-225,104.3,113.6,0.484,0.177,0.068,103.5,113.1,-9.6,20.991660872655906,686.3000000000001,-0.01693000894593684,-6.307515020787912,-0.3648750498609339,-0.8837350121460423,-1.9028559769934519,-1.8684727975162876,-0.11744673080259467,-0.9152486101991842,0.7314312453448147,True,-1.0788246618931159,14.033294933255158,12.337287888485191,david roddy,2718240.0,False,False,PHX,193838882,78815748.5,272654630.5,3823488.431027579,0.0207101666465045,17.040445110824283,40.036261443044474,david roddy
1630558,Davion Mitchell,1610612758,SAC,25.0,72,1101.1,379,95,134,17,3,43,-45,109.5,112.1,0.555,0.147,0.064,110.8,113.1,-2.3,20.149668513304874,616.3,-0.00362351590425262,-1.7378858964309274,0.05509997001628383,-0.9977126416216621,-0.37756704078705794,-0.48015279670417765,0.046488280845830815,-1.0467288574744065,0.7074602462329597,True,-0.6851315511445482,24.663045607927796,21.416331027747976,davion mitchell,5063640.0,False,False,SAC,153564021,0.0,153564021.0,5063640.0,0.027427525969974522,26.81052029854155,62.99090153546687,davion mitchell
202722,Davis Bertans,1610612766,CHA,31.0,43,674.0716666666667,290,61,35,26,12,18,-74,107.0,114.2,0.583,0.169,0.069,106.8,114.3,-7.5,23.376149420313862,437.7,0.0005661891985122789,-3.4029038676596493,-0.8496456759454545,-0.8717983455736873,0.10268803612882932,-0.9860095496838213,-0.30667436214413063,-0.8823785483803788,0.5535306785727527,False,-0.6611625322624038,25.42540432966623,20.317155971530465,davis bertans,17000000.0,False,False,CHA,140774484,0.0,140774484.0,17000000.0,0.09208157402373922,16.646692259083544,39.11114522608469,davis bertans
1630549,Day'Ron Sharpe,1610612751,BKN,22.0,61,920.575,415,389,85,24,44,70,64,112.8,108.0,0.596,0.185,0.131,112.1,107.9,4.1,33.20489911196806,849.0999999999999,0.0030247929096140352,-0.2767378232210821,3.1365424764590637,0.17644275570875295,0.38451143071611105,-0.03623469329118985,1.2493129472636957,1.155565284385563,0.6468718434266418,False,0.6304187269461496,73.57896692069168,61.8867046926175,day ron sharpe,2210040.0,False,False,BKN,155015136,0.0,155015136.0,2210040.0,0.011970821285613213,103.5570022665538,243.30557036729564,day ron sharpe
1628368,De'Aaron Fox,1610612758,SAC,26.0,74,2658.7633333333333,1966,340,418,150,31,194,233,116.6,112.3,0.567,0.3,0.128,115.1,112.6,2.5,39.39636096480945,2909.6,-0.0037949304168421127,2.43502985412517,0.25261439546902725,2.0898755692223254,-0.3972158437240091,0.7876398929303704,0.12358698458967232,1.0569550989291463,1.0,True,0.9166570770537303,82.03388175078965,82.03388175078965,de aaron fox,32600060.0,False,False,SAC,153564021,0.0,153564021.0,32600060.0,0.1765802845922553,53.51665757664067,125.73655678367605,de aaron fox
1629631,De'Andre Hunter,1610612737,ATL,26.0,57,1681.0933333333332,891,222,87,40,16,83,-49,116.7,117.9,0.595,0.204,0.079,115.7,117.2,-1.6,25.097952126393935,1172.0,0.003131447316547368,2.5380687876644275,-3.6224659248782376,-0.2274846808026764,0.39673694997076786,0.8189446243214612,-1.3890299744866934,-0.5536779301923238,0.8741472034693776,False,-0.24897680928753588,40.16893600795496,37.89401818933762,de andre hunter,20089286.0,False,False,ATL,159153393,0.0,159153393.0,20089286.0,0.10881488681723929,29.28567527415055,68.80623975410221,de andre hunter
1629001,De'Anthony Melton,1610612755,PHI,26.0,38,1023.3316666666668,421,141,114,60,16,39,218,122.0,112.0,0.533,0.177,0.079,120.0,111.2,8.8,27.745843234272364,788.7,-0.008257008945936832,5.369444009803323,0.8465136828969673,-0.28883008844001773,-0.9086923831541787,1.679157727775976,0.35541240751829084,-0.5536779301923238,0.682019616708902,False,-0.0694292383466883,47.23239781158062,40.473858629632815,de anthony melton,8000000.0,False,False,PHI,166271894,1466841.0,167738735.0,8070575.535754708,0.04371478227116329,43.040785824721766,101.12365861253544,de anthony melton
201599,DeAndre Jordan,1610612743,DEN,35.0,36,395.7166666666666,142,157,26,6,16,23,-88,105.2,115.9,0.61,0.147,0.11,105.0,114.2,-9.2,27.41052099566188,301.29999999999995,0.00446148409574737,-3.4137139050771497,-0.9277011251338249,-0.6538895560125424,0.5491956314359915,-0.9892937967743015,-0.33714289090486405,0.46529398619064705,0.4241122635826652,False,-0.1404703515824177,44.414418810719944,32.904445209781294,deandre jordan,3196448.0,False,False,DEN,180922992,30794224.0,211717216.0,3740503.4272745615,0.020260673130860753,45.79849551234119,107.60285474382749,deandre jordan
1630610,DeJon Jarreau,1610612763,MEM,26.0,9,149.54666666666665,43,44,26,6,2,9,-24,102.9,107.5,0.392,0.171,0.09,99.1,109.7,-10.5,27.635520684736093,114.8,-0.03208811033759999,-2.8058521899695346,0.9117478918627484,-0.7661839081143434,-3.640389996976839,-0.8046165387636517,0.3808762334615759,-0.1921072501854633,0.260721609337925,False,-0.8587976974260623,19.522606907733586,13.027918270408668,dejon jarreau,207100.0,False,False,MEM,162649524,0.0,162649524.0,207100.0,0.002,40.779323823685296,95.81038872268411,dejon jarreau
201942,DeMar DeRozan,1610612741,CHI,34.0,79,2988.568333333333,1897,340,421,90,45,135,-62,113.5,114.6,0.584,0.252,0.129,113.3,113.9,-0.6,34.010398513000375,2823.4,0.001096258449852629,0.4908361791320839,-1.1992414858035991,1.612322022739242,0.16344850561991833,0.19696548785485732,-0.44313722409742234,1.0898251607479519,1.0,True,0.7176195693157992,76.35040559756123,76.35040559756123,demar derozan,28600000.0,False,False,CHI,165630436,504654.0,166135090.0,28687140.411802094,0.15538570843286795,52.088633789406444,122.38143704820159,demar derozan
1629731,Dean Wade,1610612739,CLE,27.0,54,1108.08,291,218,43,40,25,20,177,111.9,103.5,0.598,0.101,0.073,113.0,102.2,10.8,19.941520467836256,613.8,0.001853373426329825,-0.17023125838483474,6.932129124371199,-1.0155900563233031,0.25023464028659714,-0.0038764449178580692,2.730899974796897,-0.7508983011051571,0.7096990399265926,False,-0.032578278887527456,48.70054457856159,42.3385278972972,dean wade,5709877.0,False,False,CLE,166874287,2370430.5,169244717.5,5790985.161331342,0.031367236988441606,50.57018637399273,118.81386840104214,dean wade
1629028,Deandre Ayton,1610612757,POR,25.0,55,1783.4983333333332,920,609,90,56,42,99,-318,106.6,115.3,0.587,0.211,0.141,105.4,113.8,-8.4,31.103140924344387,1540.9,0.0015508989401543845,-5.410283337695008,-1.2651870778923293,0.4947401254412038,0.21556277101173688,-1.5958807212008004,-0.46887873465295227,1.4842659025736176,0.90037828750257,False,0.2915852994060838,61.46981416957817,58.7141365000657,deandre ayton,32459438.0,False,False,POR,165263993,0.0,165263993.0,32459438.0,0.17581859664505728,38.36149185927933,90.1297300296305,deandre ayton
1627749,Dejounte Murray,1610612737,ATL,27.0,78,2783.343333333333,1753,416,502,111,24,201,-154,116.8,119.5,0.555,0.259,0.122,114.9,118.3,-3.4,35.66962034866941,2757.7999999999997,-0.006384289926540332,2.4184962792817033,-5.08619514210726,1.6953311962494366,-0.6940274378556219,0.7826167516610363,-1.9603888766107609,0.8597347280163131,1.0,True,0.4009832830464511,65.57837841347305,65.57837841347305,dejounte murray,18214000.0,False,False,ATL,159153393,0.0,159153393.0,18214000.0,0.09865728172166978,52.44945333381881,123.22917697048082,dejounte murray
1626153,Delon Wright,1610612748,MIA,32.0,47,741.5666666666667,210,86,119,54,11,14,13,110.7,109.7,0.505,0.127,0.093,110.7,109.8,0.9,27.088596215220022,557.9999999999999,-0.009480520543129822,-1.2585020880005173,1.8038665752336187,-0.500275264814959,-1.048940358084354,-0.3345090012893648,0.7291100088726433,-0.09349706472904667,0.5805822573725083,False,-0.2512688381976151,40.08031329786236,32.51563576062593,delon wright,8195122.0,False,False,MIA,177143542,20873855.0,198017397.0,9160800.942647032,0.049620057065711334,33.077882683709255,77.71597223514529,delon wright
1630166,Deni Avdija,1610612764,WAS,23.0,75,2256.643333333333,1102,540,286,59,36,160,-329,109.7,116.2,0.597,0.196,0.109,109.3,115.6,-6.3,29.643674306824447,1858.1999999999998,0.0034006454609964917,-2.7399578341810864,-2.504878610176775,0.6023142483123866,0.42759443812254977,-0.7845968720484443,-0.9527857199896523,0.4324239243718415,1.0,True,0.08383751630231703,53.34071903454101,53.34071903454101,deni avdija,6263188.0,False,False,WAS,150856313,0.0,150856313.0,6263188.0,0.03392495349685854,61.987285395858294,145.638165441862,deni avdija
203471,Dennis Schröder,1610612751,BKN,30.0,80,2485.945,1122,242,488,63,17,153,-126,112.6,115.4,0.55,0.202,0.095,111.7,114.5,-2.8,27.992574252447255,1932.9999999999998,-0.005989253147340337,-0.6219513302530711,-1.7316013241395836,0.5263347814750574,-0.648745391953609,-0.1411155935394003,-0.6509410509161654,-0.0277569410914356,1.0,True,-0.09286369242004254,46.30059251579914,46.30059251579914,dennis schroder,12405000.0,False,False,BKN,155015136,0.0,155015136.0,12405000.0,0.06719246622144029,42.35940377459169,99.52276205589109,dennis schroder
1628372,Dennis Smith Jr.,1610612751,BKN,26.0,56,1058.6583333333333,369,164,203,68,12,68,-36,109.9,109.9,0.508,0.174,0.092,109.7,109.6,0.0,28.782090539125782,846.4000000000001,-0.012467059641768414,-2.056003044920949,2.0784683103004666,-0.16834787089362863,-1.3912796228651731,-0.5768014278799428,0.8362993332520373,-0.12636712654785223,0.6936918143767686,False,-0.24976436331172464,40.13847901944923,34.60584391249359,dennis smith,2528233.0,False,False,BKN,155015136,0.0,155015136.0,2528233.0,0.013694333772868252,55.24406402693307,129.79507144174548,dennis smith
1641726,Dereck Lively II,1610612742,DAL,20.0,55,1294.2816666666668,483,378,60,36,77,50,144,120.6,115.6,0.728,0.124,0.102,120.4,113.7,6.6,27.670020307274687,994.8,0.0183954287610386,5.534786057041623,-1.2117592355532,-0.1513348678852076,2.14640772699733,1.7293910541377633,-0.4480234610255445,0.20233349164020273,0.7670135908084345,False,0.5370326285371914,70.43774619719389,63.05277929607991,dereck lively,4775628.0,False,False,DAL,167755884,3692826.0,171448710.0,4880754.346833403,0.026436914275272175,79.95690242763744,187.85750189914154,dereck lively
1631220,Dereon Seabron,1610612740,NOP,24.0,6,55.083333333333336,14,7,5,2,1,0,28,118.8,92.5,0.448,0.122,0.069,116.3,92.8,23.5,21.10983358547655,32.3,-0.016061271702849118,0.44585547807808407,1.994622365730163,-1.3295294887951363,-1.8032748701457508,0.1832996945870928,0.8035705154670547,-0.8823785483803788,0.1582336209150217,False,-0.7195566357266383,23.589900981286267,14.654167491890533,dereon seabron,2015213.2953500552,True,True,NOP,167403924,3164886.0,170568810.0,2053312.284866378,0.011121895714869205,25.160777542549447,59.11485652237544,dereon seabron
1627884,Derrick Jones Jr.,1610612742,DAL,27.0,76,1782.8566666666666,657,250,75,53,51,65,55,114.0,112.3,0.592,0.146,0.068,114.0,111.3,2.7,21.496736510880478,1064.6,0.0018031338638035083,0.9316695321674473,0.8435482906770687,-0.5814097889070348,0.2444758089670911,0.3308970924531147,0.35425488246298314,-0.9152486101991842,0.900216303973325,True,-0.2804828627040356,38.95535358009575,37.20615445798419,derrick jones,2709849.0,False,False,DAL,167755884,3692826.0,171448710.0,2769501.1600593994,0.01500117800463772,57.530268445428945,135.16647325759376,derrick jones
201565,Derrick Rose,1610612763,MEM,35.0,24,399.3366666666666,191,45,78,8,2,31,-33,103.9,107.7,0.54,0.222,0.108,103.6,106.3,-2.7,27.937329404595964,309.90000000000003,-0.008802248508463143,-4.034963038439486,2.6287387478317763,-0.6070620573843452,-0.9711917862424423,-1.1780383477788616,1.0510944670503581,0.399553862553036,0.42604772815573916,False,-0.19661970562581743,42.20625743821705,31.30528763399827,derrick rose,3196448.0,False,False,MEM,162649524,0.0,162649524.0,3196448.0,0.01731376253676666,46.036911688434834,108.16300985105958,derrick rose
1628401,Derrick White,1610612738,BOS,29.0,73,2380.985,1107,310,377,74,87,112,619,122.4,109.9,0.611,0.183,0.106,121.2,108.5,12.7,30.72039513058671,2031.8,0.005737092445726318,7.333038202202805,3.07448697164472,0.8065606112747398,0.6954153226093405,2.275726293101352,1.2250899115518037,0.3338137389154249,1.0,True,0.9312190035826868,82.4129855177958,82.4129855177958,derrick white,18857143.0,False,False,BOS,186940921,51175953.75,238116874.75,24019374.323473237,0.13010245851592953,59.830304690042894,140.57037273433625,derrick white
1630217,Desmond Bane,1610612763,MEM,26.0,42,1442.8483333333334,997,185,230,43,22,112,-201,108.2,115.4,0.589,0.273,0.128,106.2,113.7,-7.6,35.686910959687374,1430.3,0.002552613320673683,-4.312578018411413,-1.1881440195194621,0.7731931044831418,0.3303867037383074,-1.2623818292149651,-0.43880538725367413,1.0569550989291463,0.8098395838159256,False,0.3047647288899795,61.97273267050345,56.669590383994155,desmond bane,3845083.0,False,False,MEM,162649524,0.0,162649524.0,3845083.0,0.020827134993642426,78.11874016441524,183.53876817672514,desmond bane
1626164,Devin Booker,1610612756,PHX,27.0,68,2446.6566666666668,1841,308,472,61,28,178,316,119.3,113.5,0.611,0.289,0.142,117.8,112.4,5.4,39.11558221627608,2658.3999999999996,0.009060217031775442,4.643921059621685,-0.049719007785280246,1.8933581246440148,1.0763365126522602,1.4587332698223752,0.005572751270049946,1.517135964392423,1.0,True,1.3095767005404335,90.48304626189292,90.48304626189292,devin booker,36016200.0,False,False,PHX,193838882,78815748.5,272654630.5,50660546.5409881,0.27440605096453424,50.58886286661759,118.85774853073974,devin booker
1630170,Devin Vassell,1610612759,SAS,23.0,68,2247.7433333333333,1323,261,277,73,23,108,-291,108.5,114.6,0.578,0.229,0.112,106.8,113.9,-7.1,31.213706191246626,1948.8999999999999,-0.00037779688485614383,-4.357695805350761,-1.145147009010536,0.7871387666935477,-0.005518650966271594,-1.2760892711748397,-0.4220217332623272,0.5310341098282582,1.0,True,0.10055047631134857,54.00463442259088,54.00463442259088,devin vassell,5887899.0,False,False,SAS,142867770,0.0,142867770.0,5887899.0,0.03189217691840001,64.13086035835212,150.67446156341416,devin vassell
1628984,Devonte' Graham,1610612759,SAS,29.0,23,312.92333333333335,114,36,49,9,2,17,23,108.9,105.6,0.495,0.175,0.077,109.2,104.0,5.2,23.90617510146255,207.8,-0.014813709409824556,-1.4346731814283002,3.133424151929542,-0.9906345218361792,-1.6602700260581615,-0.3880323498839066,1.248095725896053,-0.6194180538299349,0.37714437393109657,False,-0.5535150441149276,28.995539098229838,20.868523502024846,devonte graham,12100000.0,False,False,SAS,142867770,0.0,142867770.0,12100000.0,0.06554041445219086,19.259233650722514,45.249270697935906,devonte graham
1641926,Dexter Dennis,1610612742,DAL,25.0,4,29.866666666666667,22,9,4,0,1,3,-9,89.0,100.0,0.541,0.278,0.164,89.9,102.5,-12.7,38.20982142857143,31.7,-0.010744635519607,-1.3114791271696056,0.6358195690676269,-0.004138364244703263,-1.193842593532365,-0.35060419874646725,0.2731690826296686,2.240277324406145,0.11651505300070707,False,0.4803569498132929,68.45131998794872,41.23725012273569,dexter dennis,212331.0,False,False,DAL,167755884,3692826.0,171448710.0,217005.06220699838,0.002,129.07873241521298,303.2684794383442,dexter dennis
1628415,Dillon Brooks,1610612745,HOU,28.0,72,2226.738333333333,915,246,119,64,10,88,-21,113.6,113.6,0.549,0.176,0.056,112.2,111.9,0.3,20.878250176079668,1291.3999999999999,-0.005394359177880689,-0.03841828862934345,0.16342446188834248,-0.4715887301763933,-0.5805542324204239,0.036170258501151,0.08877216916387273,-1.3096893520248505,1.0,True,-0.5791457588648634,28.12454132076516,28.12454132076516,dillon brooks,22627671.0,False,False,HOU,149356730,0.0,149356730.0,22627671.0,0.12256420953948925,20.84892455151533,48.9842248088084,dillon brooks
1631376,Dmytro Skapintsev,1610612752,NYK,26.0,2,2.1333333333333333,0,0,0,0,0,0,0,75.0,60.0,0.0,0.25,-0.167,75.0,87.2,-12.2,0.0,0.0,-0.14491244201403508,-0.16062472595728727,0.15490226400642493,-2.9887018149159807,-16.573151792429254,-0.000957840202975224,0.08544557462153356,-8.639713137618479,0.03113995776646092,False,-5.812389003716143,3.0793759529190243e-07,1.736808010809893e-07,dmytro skapintsev,26322.0,False,False,NYK,164990518,0.0,164990518.0,26322.0,0.002,5.43646765525538e-07,1.2772896421244414e-06,dmytro skapintsev
1627734,Domantas Sabonis,1610612758,SAC,28.0,82,2928.0216666666665,1593,1120,673,74,48,272,69,116.0,115.2,0.637,0.22,0.169,114.2,114.0,0.1,39.30954518209963,3197.2,0.012617051027649132,1.80476642112913,-1.4519407434623184,2.2832141617020123,1.4840472088389876,0.5961566661746254,-0.5417770331030671,2.4046276335001724,1.0,True,1.5229558567621366,93.61151251198966,93.61151251198966,domantas sabonis,29300000.0,False,False,SAC,153564021,0.0,153564021.0,29300000.0,0.15870530111150347,63.39394139876081,148.94308189952304,domantas sabonis
1631230,Dominick Barlow,1610612759,SAS,21.0,33,419.54,144,113,36,12,14,9,-32,113.3,117.8,0.548,0.139,0.084,114.1,116.8,-2.7,27.055346331696615,315.29999999999995,-0.0043993177598034994,0.4439106447992282,-2.016569471001239,-0.671688077822716,-0.4664952041470993,0.18270882586103168,-0.7621768489139927,-0.3893276210982961,0.436692111217961,False,-0.4416147898651769,32.938398986981966,24.5888919900342,dominick barlow,1015402.0,False,False,SAS,142867770,0.0,142867770.0,1015402.0,0.005499989083932521,54.01791448825751,126.9142521216269,dominick barlow
1628378,Donovan Mitchell,1610612739,CLE,27.0,55,1942.65,1463,280,333,101,30,154,325,115.9,108.6,0.595,0.301,0.15,115.1,107.4,7.7,40.617095205003466,2191.7999999999997,0.004620419815101754,2.0780943970800094,3.897086720008462,1.6851830544846065,0.5674140225282069,0.6791976932399222,1.5461873410356501,1.7800964589428674,0.9396928898702636,False,1.3742445598245787,91.53171143267869,89.04770558189848,donovan mitchell,33162030.0,False,False,CLE,166874287,2370430.5,169244717.5,33633092.91069226,0.18217577261783577,57.46144064624448,135.00476341112102,donovan mitchell
1628978,Donte DiVincenzo,1610612752,NYK,27.0,81,2360.393333333333,1259,297,216,107,36,113,162,117.9,114.2,0.597,0.209,0.098,115.8,114.2,1.6,29.260377507703527,1918.5000000000002,0.003626198476266667,3.1629502226849517,-1.1716830427880909,0.6145440512231847,0.45344899782072584,1.008792721566605,-0.43237993268023134,0.07085324436498103,1.0,True,0.3293712541213555,62.90624536930915,62.90624536930915,donte divincenzo,10900000.0,False,False,NYK,164990518,0.0,164990518.0,10900000.0,0.05904053863875044,60.21665806639392,141.4781039986544,donte divincenzo
1627827,Dorian Finney-Smith,1610612751,BKN,31.0,68,1934.5933333333328,580,317,107,56,38,59,-107,111.0,113.2,0.546,0.132,0.062,110.7,112.2,-1.6,19.87952679116025,1068.3,-0.004441769383410518,-1.5789592907174832,0.14312850606772293,-0.7042225380261782,-0.4713613241389666,-0.43186857508166204,0.08084975093327909,-1.1124689811120176,0.9377422919227894,True,-0.6331533510832522,26.331675267648198,25.59396787924948,dorian finney smith,13932008.0,False,False,BKN,155015136,0.0,155015136.0,13932008.0,0.07546360152654864,22.4830372022137,52.823547131978714,dorian finney smith
203926,Doug McDermott,1610612754,IND,32.0,64,904.4783333333334,351,59,70,16,2,28,-143,111.6,120.9,0.6,0.144,0.054,111.1,120.5,-9.4,19.514895326403618,490.3,0.00293043339991579,-0.9705307671267029,-5.074610413634084,-1.1345805450803401,0.37369524378257946,-0.24701911238384983,-1.9558668395673453,-1.3754294756624617,0.641191480878774,False,-0.9706525851941159,16.586065526513487,13.908015802186322,doug mcdermott,14000000.0,False,False,IND,148722330,0.0,148722330.0,14000000.0,0.07583188449013818,12.196705058404373,28.65596932980349,doug mcdermott
203110,Draymond Green,1610612744,GSW,34.0,55,1490.1833333333334,475,398,332,55,47,135,171,115.6,110.7,0.587,0.148,0.108,115.1,110.1,5.0,30.062341322656042,1244.3999999999999,0.001087834327691227,1.8666421931986088,1.8270812926455118,0.2077831414598986,0.16248287025004396,0.6149554285231642,0.7381717501410793,0.399553862553036,0.8230164400581927,False,0.3991534514680286,65.51099303112213,60.293527088235216,draymond green,22321429.0,False,False,GSW,209354737,202409974.75,411764711.75,43902406.55521012,0.23780015876669852,35.442303038470904,83.27114117990264,draymond green
1629234,Drew Eubanks,1610612756,PHX,27.0,75,1168.705,379,322,63,27,61,61,-106,108.3,112.3,0.645,0.129,0.099,108.4,112.5,-4.1,24.291502132702433,788.5999999999999,0.0084301799207579,-3.114561038266438,0.2522162401345051,-0.556724104314648,1.0041169855519128,-0.8984067910696463,0.1234315667759608,0.10372330618378657,0.7288549550181747,True,-0.07369277003479197,47.06274259120774,41.32036933562025,drew eubanks,2346614.0,False,False,PHX,193838882,78815748.5,272654630.5,3300757.6524101445,0.017878762359107552,60.085762937920705,141.17056792485516,drew eubanks
1641809,Drew Peterson,1610612738,BOS,24.0,3,22.683333333333334,11,1,1,2,0,1,8,132.0,116.0,0.917,0.123,0.088,136.9,110.9,26.0,25.55180014695077,16.1,0.041494078529094744,0.9605226851484513,-0.00693843144392075,-0.9964013233358187,4.7941463026050055,0.33966310130851735,0.022271921337111287,-0.2578473738230744,0.10154115451680693,False,0.4469576558067182,67.25471831303881,40.063199857065214,drew peterson,2015213.2953500552,True,True,BOS,186940921,51175953.75,238116874.75,2566887.3849369977,0.01390370769098109,63.617325454094136,149.46791927221886,drew peterson
1630696,Dru Smith,1610612748,MIA,26.0,9,130.895,39,14,14,9,3,5,-43,97.4,112.5,0.576,0.128,0.083,98.0,110.4,-12.4,23.982581458420867,87.19999999999999,-0.00046717031118596706,-3.121887062896614,0.3195366241864396,-1.0686062196285429,-0.015763296038770906,-0.900632544242109,0.14970972005030758,-0.42219768291710164,0.24392155967180776,False,-0.5088137778168521,30.54413805128009,20.151944134738713,dru smith,1801769.0,False,False,MIA,177143542,20873855.0,198017397.0,2014081.9323534416,0.010909402031992891,34.83470304235423,81.84359441459732,dru smith
1629130,Duncan Robinson,1610612748,MIA,30.0,68,1905.4483333333333,875,173,192,46,16,95,38,111.5,111.0,0.612,0.184,0.082,110.6,110.6,0.0,23.901776397330817,1265.1000000000001,0.005952442677670178,-1.4631154303121692,1.6002152188819836,-0.25546218816692595,0.7201003636013189,-0.39667352007933415,0.6496157868460966,-0.45506774473590716,0.9306518569195888,True,-0.054429475907291386,47.8296497638924,46.337045936001836,duncan robinson,18154000.0,False,False,MIA,177143542,20873855.0,198017397.0,20293191.524520833,0.1099193539731225,35.684357216674044,83.83984371665541,duncan robinson
1641871,Duop Reath,1610612757,POR,28.0,68,1214.115,617,250,67,33,38,52,-188,109.6,116.8,0.571,0.202,0.088,107.4,116.1,-8.6,28.51262030367799,961.6000000000001,-0.0017472531473403552,-3.206525282730062,-2.5498101539705234,-0.10910146357474027,-0.16249588600801051,-0.9263468703351357,-0.9703245087427628,-0.2578473738230744,0.7428798385643903,True,-0.41350466780349376,33.96184516143997,30.032321361687686,duop reath,1951220.0,False,False,POR,165263993,0.0,165263993.0,1951220.0,0.010568906403917673,52.49330025417438,123.33219462966821,duop reath
203939,Dwight Powell,1610612742,DAL,32.0,63,836.3033333333333,208,214,84,26,20,32,3,114.7,114.4,0.716,0.087,0.079,114.3,114.6,-0.3,22.719985970002913,527.8000000000001,0.011862470179115788,1.034474620207862,-1.0888748689892878,-0.8599941912876821,1.397551554714671,0.3621307781697518,-0.40005620318731905,-0.5536779301923238,0.6165532246188311,False,-0.17715800742505206,42.96921395460662,35.554831015405775,dwight powell,4000000.0,False,False,DAL,167755884,3692826.0,171448710.0,4088052.3749617036,0.022143193963409354,47.97224243442946,112.71003941639557,dwight powell
1629685,Dylan Windler,1610612737,ATL,27.0,17,108.41,43,16,10,2,0,2,-16,107.5,112.1,0.717,0.129,0.101,108.9,113.8,-4.9,23.17867355410018,69.80000000000001,0.017718179920757894,-0.7959637984168918,-0.060561707507378014,-1.1430397368870202,2.0687764412857024,-0.1939831202834897,0.0013403611965590516,0.16946342982139764,0.2219848479677672,False,0.04649914705447998,51.85437930477006,33.69980754551808,dylan windler,659454.0,False,False,ATL,159153393,0.0,159153393.0,659454.0,0.0035719742538971133,86.10631470867246,202.30545065889532,dylan windler
1630700,Dyson Daniels,1610612740,NOP,21.0,61,1358.525,354,236,164,85,25,59,71,115.0,111.7,0.529,0.123,0.08,116.4,111.0,5.4,23.93419333468284,903.2,-0.006229921470905257,2.216997546441004,1.0965421791585728,-0.5047054508922508,-0.6763325804095728,0.7213984966718192,0.4530096990406957,-0.5208078683735182,0.785818912750491,False,-0.20770738093967683,41.77287271056182,37.74674102795426,dyson daniels,5784120.0,False,False,NOP,167403924,3164886.0,170568810.0,5893472.755735404,0.03192236751847882,44.809662439701356,105.27960677921946,dyson daniels
1630604,E.J. Liddell,1610612740,NOP,23.0,8,23.08333333333333,4,5,1,2,2,2,-4,98.1,109.8,0.291,0.148,0.045,105.6,112.8,-7.2,22.61371841155235,14.5,-0.04272016567230877,-0.4504303695393387,0.052077958924948355,-1.2253118266720673,-4.859115044993914,-0.08900502311080108,0.04530865491568718,-1.6712600320317113,0.10243253507760237,False,-1.5431276782558845,6.139990016995591,3.6600151436039887,ej liddell,1801769.0,False,False,NOP,167403924,3164886.0,170568810.0,1835832.6787183916,0.009943903688271001,6.535268835667876,15.35451274915221,ej liddell
1641734,Emoni Bates,1610612739,CLE,20.0,15,132.815,41,14,10,1,2,8,-84,93.3,124.0,0.404,0.196,0.03,94.5,125.6,-31.1,16.20901253623461,59.8,-0.0344273545390035,-3.943018677971882,-2.5563090481959367,-1.6903730162110504,-3.9085315191877226,-1.1501043095614791,-0.9728613174816646,-2.164310959313794,0.24570399782147329,False,-1.976611113781531,2.404280246739856,1.5881877065351522,emoni bates,1119562.9418611417,True,True,CLE,166874287,2370430.5,169244717.5,1135466.207677387,0.006150324450217633,3.355158288745782,7.882892351544101,emoni bates
201569,Eric Gordon,1610612756,PHX,35.0,68,1892.63,749,122,139,66,30,73,131,115.6,112.2,0.58,0.162,0.07,115.2,110.7,4.5,21.531942323644873,1132.0,5.673757490526099e-05,2.019451174454368,1.1708121417416155,-0.5317932088010474,0.04429091206421439,0.6613810265766924,0.48200058327171214,-0.8495084865615732,0.9275162336241688,True,-0.20964996988184093,41.69704379457577,40.336982343139795,eric gordon,3196448.0,False,False,PHX,193838882,78815748.5,272654630.5,4496137.923208121,0.02435361511746057,52.64191687302668,123.68136707020336,eric gordon
1630647,Eugene Omoruyi,1610612764,WAS,27.0,43,393.3066666666667,207,85,35,27,5,21,-138,100.1,114.2,0.549,0.208,0.09,100.8,115.7,-14.9,32.53949420299681,355.5,-0.006375151755677178,-5.409762226335894,-1.021400768988164,-0.21852196352587688,-0.6929799529269431,-1.5957223999666652,-0.37371804771110734,-0.1921072501854633,0.4228188235825808,False,-0.5116257260278156,30.445648854176454,22.53795391407611,eugene omoruyi,1459782.0,False,False,WAS,150856313,0.0,150856313.0,1459782.0,0.007907001428913063,43.604955122689354,102.44916562627073,eugene omoruyi
203095,Evan Fournier,1610612765,DET,31.0,32,579.6733333333333,220,58,48,29,7,21,-140,97.8,109.9,0.464,0.187,0.06,97.1,109.5,-12.4,23.36350358247749,376.20000000000005,-0.021626506626498235,-8.282733534725676,1.6751831608043952,-0.9155614398427542,-2.441203378419109,-2.4685730013287888,0.6788791235938442,-1.1782091047496286,0.51331070394828,False,-1.2169876798086854,11.180445170695913,8.731813825344034,evan fournier,18857143.0,False,False,DET,139233014,0.0,139233014.0,18857143.0,0.1021409064135727,6.899379963597902,16.209986195844543,evan fournier
1630596,Evan Mobley,1610612739,CLE,23.0,50,1532.35,785,468,160,45,72,90,33,111.2,110.1,0.626,0.2,0.139,111.7,109.5,2.2,34.14990047965543,1453.6,0.009270046388771935,-0.9854848869093848,2.2921880977201208,0.6702332091027807,1.1003887100054963,-0.25156239216079646,0.919723713707768,1.4185257789360073,0.8345793714636897,False,0.8583985406893675,80.46637834351208,74.47651884678113,evan mobley,8882640.0,False,False,CLE,166874287,2370430.5,169244717.5,9008816.90331477,0.048796825914640705,76.20927174618197,179.0525017492676,evan mobley
1630196,Filip Petrusev,1610612755,PHI,24.0,3,9.31,3,1,0,0,0,0,6,110.0,80.0,0.521,0.15,0.026,114.6,89.5,25.1,14.307196562835662,3.7,-0.008797465208421045,-0.000859963009069846,0.4950146685430667,-1.8768520802904465,-0.9706434889104621,0.04758102581653505,0.21820663982914773,-2.295791206589016,0.06505242640992095,False,-1.2636787555390332,10.317267665781815,5.976520699190877,filip petrusev,559782.0,False,False,PHI,166271894,1466841.0,167738735.0,564720.3643194803,0.003058843531164541,16.12236984733465,37.87925785338384,filip petrusev
1628373,Frank Ntilikina,1610612766,CHA,25.0,5,42.9,5,6,4,0,0,1,-1,121.3,121.1,0.253,0.111,0.007,116.5,121.7,-5.2,11.244755244755243,13.399999999999999,-0.036258124254231576,0.4435361484302275,-0.6858847582372875,-2.1075436468103774,-4.118387924074526,0.18259504840006796,-0.24275116033109462,-2.9203223811463204,0.1396424004376894,False,-2.029764231447323,2.1190255188230944,1.2986216498694318,frank ntilikina,2528233.0,False,False,CHA,140774484,0.0,140774484.0,2528233.0,0.013694333772868252,2.073093138648989,4.870700169798424,frank ntilikina
1630532,Franz Wagner,1610612753,ORL,22.0,72,2337.4166666666665,1421,381,269,76,28,137,204,112.5,108.2,0.575,0.25,0.131,111.1,106.9,4.3,32.27717209169667,2095.7,-0.0011624420140350922,-0.9449164915339501,4.415578044391279,0.9717139527208286,-0.09546049594644264,-0.23923712173559647,1.7485776673154243,1.155565284385563,1.0,True,0.8016800809408838,78.86309795091958,78.86309795091958,franz wagner,5508720.0,False,False,ORL,132643598,0.0,132643598.0,5508720.0,0.029838329909179572,95.85797443187995,225.21682390312725,franz wagner
1627832,Fred VanVleet,1610612745,HOU,30.0,73,2684.4266666666667,1270,278,589,101,59,126,183,114.6,111.6,0.568,0.194,0.118,113.1,110.1,3.0,32.8964099099994,2452.9999999999995,-0.002260055002891233,0.7527485504075457,1.7535120857448685,1.2682817776663733,-0.22127703850909525,0.2765382876612349,0.7094544021575055,0.7282544807410909,1.0,True,0.6502541363353674,74.22359614262768,74.22359614262768,fred vanvleet,40806300.0,False,False,HOU,149356730,0.0,149356730.0,40806300.0,0.2210299020049947,44.76201461049501,105.1676589436499,fred vanvleet
1627788,Furkan Korkmaz,1610612755,PHI,26.0,35,299.9266666666667,88,30,25,14,3,10,45,116.5,110.2,0.519,0.126,0.061,116.3,111.4,4.9,20.020893996310207,166.8,-0.007641870775073679,1.3396534536061804,0.6974385672749712,-1.3203926738203373,-0.8381806830904143,0.4548485604451374,0.29722173031294874,-1.145339042930823,0.36922933663280744,False,-0.6866164401841806,24.616223284578393,17.628987113714594,furkan korkmaz,5370370.0,False,False,PHI,166271894,1466841.0,167738735.0,5417747.092493877,0.029345569408198404,21.553259828078232,50.63904961488807,furkan korkmaz
1641713,GG Jackson,1610612763,MEM,19.0,48,1233.165,699,196,59,28,24,65,-194,104.3,111.4,0.554,0.238,0.095,103.2,111.7,-8.4,27.365680991594804,937.4000000000001,-0.0061046447973613855,-6.522448174191254,0.853898192824148,-0.214861574779912,-0.6619724388213559,-1.9337726254863452,0.3582949116283786,-0.0277569410914356,0.7486852111899537,False,-0.39765999892430715,34.54404135533695,30.637398549299043,gg jackson,1991428.0,False,False,MEM,162649524,0.0,162649524.0,1991428.0,0.01078669557617335,53.169972024599176,124.92202445721455,gg jackson
1629216,Gabe Vincent,1610612747,LAL,28.0,11,217.635,34,9,21,9,0,5,31,109.8,103.0,0.341,0.105,0.014,109.4,103.0,6.4,13.646702047005306,82.49999999999999,-0.02505822564589473,-0.9847214959700722,2.9659875858746276,-1.8732445984125161,-2.8345724679348248,-0.25133046285523475,1.182737754332388,-2.690231948414682,0.31452344904633106,False,-1.5608555105961845,5.927892321289717,4.099348289019631,gabe vincent,10500000.0,False,False,LAL,169876920,6874380.0,176751300.0,10924901.687645385,0.05917542020311718,3.9209458013388043,9.21220133543885,gabe vincent
202066,Garrett Temple,1610612761,TOR,38.0,27,288.75333333333333,88,45,28,12,3,14,-79,100.3,113.4,0.502,0.147,0.059,100.0,114.8,-14.8,21.381571352711656,171.5,-0.011414515904252626,-4.644578149057556,-0.5344447822787172,-1.2116260948844324,-1.2706292522019982,-1.3632483129283741,-0.18363737249184736,-1.2110791665684342,0.36228650975645665,False,-1.0888575143349715,13.810836206662936,9.847525754423122,garrett temple,3196448.0,False,False,TOR,163054678,0.0,163054678.0,3196448.0,0.01731376253676666,14.481568698752879,34.02422100819372,garrett temple
1629726,Garrison Mathews,1610612737,ATL,27.0,66,992.1216666666668,325,92,37,20,8,19,-97,111.8,115.8,0.665,0.11,0.047,111.3,116.2,-4.9,17.221274944437255,474.59999999999997,0.009388525513824568,-0.8690628693225679,-2.1675157351764067,-1.3233329088645622,1.1139696661633722,-0.2161916845711688,-0.8210979189887723,-1.6055199083941,0.6715388253402732,True,-0.8009871903438558,21.156953082347002,18.02979613460521,garrison mathews,2000000.0,False,False,ATL,159153393,0.0,159153393.0,2000000.0,0.010833126355734026,31.24298184665374,73.40490118291372,garrison mathews
203914,Gary Harris,1610612753,ORL,29.0,54,1297.3466666666666,372,91,87,49,14,31,91,113.6,110.3,0.587,0.114,0.057,112.3,110.1,2.3,18.034038704638185,649.9,0.0008379264415999992,0.009351168688725315,1.8767984964298137,-1.1383692449469214,0.13383657460087636,0.050683316611079644,0.75757859577654,-1.2768192902060451,0.7679212396483316,False,-0.5263233252502695,29.933178963528164,26.80709418327005,gary harris,13000000.0,False,False,ORL,132643598,0.0,132643598.0,13000000.0,0.07041532131227117,24.126355660204403,56.684498356574636,gary harris
1627780,Gary Payton II,1610612744,GSW,31.0,44,679.9,240,113,48,39,18,27,83,114.7,108.9,0.621,0.13,0.078,116.0,108.8,7.2,24.9018973378438,470.3,0.005375530152701757,1.5402510309294064,2.2704363535124124,-0.7308246930999002,0.6539703706169427,0.5157930312399038,0.9112330362357918,-0.5865479920111293,0.5559185682682802,False,-0.046521105164418014,48.14474564035257,38.523661231905315,gary payton,8715000.0,False,False,GSW,209354737,202409974.75,411764711.75,17140904.06705844,0.09284478980497968,31.472983238304014,73.94528588463287,gary payton
1629018,Gary Trent Jr.,1610612761,TOR,25.0,71,1993.5983333333331,974,188,119,77,10,47,-194,113.7,118.2,0.548,0.195,0.077,112.1,117.2,-5.1,25.20507725143564,1395.8,-0.0061717047709473555,-0.05360147369476436,-3.853428929549086,-0.06349195166164145,-0.6696593504255292,0.03155738534914838,-1.479185152935498,-0.6194180538299349,0.9519354288007462,True,-0.5192914717661726,30.177874980280865,29.525156000996514,gary trent,18560000.0,False,False,TOR,163054678,0.0,163054678.0,18560000.0,0.10053141258121176,23.4591390588691,55.116883302127995,gary trent
1627777,Georges Niang,1610612739,CLE,31.0,82,1831.125,768,278,98,30,18,72,31,114.4,113.9,0.583,0.173,0.069,113.6,112.8,0.8,21.645709604751175,1101.0,0.0005795901262877174,0.8742388153355992,-0.3612406241292131,-0.5445377495797183,0.10422414987470853,0.31344880274101444,-0.11602805208013357,-0.8823785483803788,0.9123209662473758,True,-0.3556012668287048,36.106959739586465,34.68233923581614,georges niang,8800000.0,False,False,CLE,166874287,2370430.5,169244717.5,8925003.011398636,0.048342842673894056,35.60554278626066,83.65467043503084,georges niang
203507,Giannis Antetokounmpo,1610612749,MIL,29.0,73,2567.2433333333333,2222,841,476,87,79,250,339,119.8,113.2,0.649,0.32,0.197,118.7,112.5,6.2,48.750345701550174,3476.5,0.022192074222035105,5.300602223327366,0.0001007653147933139,3.2094808157898775,2.5816073921694556,1.658242588613636,0.025019634291497762,3.324989364426727,1.0,True,2.439597455536676,99.26481819577668,99.26481819577668,giannis antetokounmpo,45640084.0,False,False,MIL,187346674,52697527.5,240044201.5,58477886.403112374,0.3167491662105885,52.7801265020329,124.00608844953659,giannis antetokounmpo
1629048,Goga Bitadze,1610612753,ORL,24.0,62,957.0866666666668,311,286,79,32,72,44,26,112.1,110.3,0.629,0.129,0.113,108.8,109.7,-0.9,29.13591942213522,774.5999999999999,0.006366179920757899,-1.7649841143612843,1.8655316939423123,-0.19086240503054494,0.7675259953888481,-0.488385630685945,0.7531806594479244,0.5639041716470636,0.6595751617059227,False,0.27630380385910697,60.884263272804716,51.55733130712036,goga bitadze,2066585.0,False,False,ORL,132643598,0.0,132643598.0,2066585.0,0.0111937882149323,88.3230266076025,207.5135808780465,goga bitadze
202330,Gordon Hayward,1610612760,OKC,34.0,51,1245.25,500,181,158,40,13,66,-134,112.0,118.0,0.548,0.175,0.087,111.4,116.3,-5.0,25.13712106002811,869.5000000000001,-0.005538709409824549,-0.8326959616689162,-2.996648092659841,-0.43488268503543304,-0.5971007267546612,-0.20514288741733933,-1.1447453176408908,-0.2907174356418799,0.7523448193964835,False,-0.48798424172335597,31.27805014858608,27.79227312727281,gordon hayward,33319397.0,False,False,OKC,162515272,0.0,162515272.0,33319397.0,0.18047661889893263,17.992944127769498,42.27414310744055,gordon hayward
1641711,Gradey Dick,1610612761,TOR,20.0,60,1267.6683333333333,510,132,68,34,2,50,-378,105.1,119.1,0.546,0.167,0.059,104.5,118.6,-14.1,20.060767734988513,706.3999999999999,-0.005619511265375428,-5.785212720747506,-4.317105538139195,-0.9419270711928336,-0.6063628348030118,-1.7097897381513112,-1.6601788469236425,-1.2110791665684342,0.7590868717003864,False,-1.1952552307504334,11.599366276471734,10.341868449290704,gradey dick,4536708.0,False,False,TOR,163054678,0.0,163054678.0,4536708.0,0.0245733655015347,13.454323891955834,31.610725270056474,gradey dick
1629684,Grant Williams,1610612766,CHA,25.0,76,2129.56,784,318,174,44,39,109,-244,110.8,116.6,0.588,0.157,0.065,110.7,115.1,-4.3,21.509795450703432,1272.4,0.0013109864151859638,-1.6740048061404789,-2.3646765318839154,-0.4358407065043387,0.1880622177972022,-0.46074478942166247,-0.8980585856358211,-1.0138587956556009,0.9838606701061986,True,-0.5887289889118071,27.802154412242768,27.60023574842485,grant williams,12405000.0,False,False,CHA,140774484,0.0,140774484.0,12405000.0,0.06719246622144029,25.2508546179513,59.326491213685394,grant williams
1628960,Grayson Allen,1610612756,PHX,28.0,75,2513.3,1014,295,227,69,45,95,262,119.0,113.9,0.679,0.143,0.087,117.7,112.7,5.0,23.59272669398798,1647.1,0.014207083167971939,4.514777859061017,-0.33352717038645663,-0.013684400327148016,1.6663084871675096,1.4194976812378213,-0.1052102530513601,-0.2907174356418799,1.0,True,0.3564530565287447,63.92493491228802,63.92493491228802,grayson allen,8925000.0,False,False,PHX,193838882,78815748.5,272654630.5,12553944.554903593,0.06799923381307489,58.239733787476126,136.83335107294715,grayson allen
1630535,Greg Brown III,1610612742,DAL,22.0,6,39.74333333333333,15,9,4,0,4,4,-9,101.1,110.6,0.501,0.178,0.044,105.2,109.9,-4.8,26.540300260001676,29.299999999999997,-0.013999658713992977,-0.6808947216343495,0.1914566517176549,-0.910577611076016,-1.5669574969061633,-0.15902345585018246,0.09971438512600954,-1.7041300938505168,0.1344066646976686,False,-0.9828234160687095,16.284717754954414,9.941543334768776,greg brown,1119562.9418611417,True,True,DAL,167755884,3692826.0,171448710.0,1144207.985848638,0.006197674843969113,20.94590973665391,49.21208999678073,greg brown
1630611,Gui Santos,1610612744,GSW,22.0,23,192.09,82,49,14,4,2,7,16,113.4,110.1,0.656,0.142,0.101,112.8,111.7,1.1,26.031547712009996,138.9,0.010841732936028078,0.06465683726072648,0.477420459497324,-0.8737790654905568,1.2805470803743426,0.06748598565648041,0.21133883405893333,0.16946342982139764,0.2954888092020345,False,0.0663000475872435,52.64305273296396,35.953623837300725,gui santos,1029483.0,False,False,GSW,209354737,202409974.75,411764711.75,2024815.759227484,0.010967542483396429,62.034016305642524,145.74795898947326,gui santos
1628977,Hamidou Diallo,1610612764,WAS,25.0,2,4.75,2,2,1,2,0,1,4,81.8,50.0,0.5,0.188,0.261,78.7,57.1,21.6,59.1157894736842,7.799999999999999,-0.014974156394554381,-0.30929858968386986,0.5507094043683671,1.600132042744018,-1.6786616495978455,-0.04612712921801606,0.23994678325231114,5.4286733208302795,0.046466018864229255,False,1.8059087076005556,96.45336996302726,55.06616532836422,hamidou diallo,134863.0,False,False,WAS,150856313,0.0,150856313.0,134863.0,0.002,172.36529590107077,404.9695888530215,hamidou diallo
203084,Harrison Barnes,1610612758,SAC,32.0,82,2380.87,1000,249,99,54,12,58,-80,114.1,115.7,0.611,0.154,0.073,112.9,115.0,-2.1,20.783159097304765,1374.4999999999998,0.004827935719354388,0.47351379101922114,-2.066003799491488,-0.4211526779869222,0.5912010347674096,0.19170269360515954,-0.7814732756854,-0.7508983011051571,1.0,True,-0.3303430919252023,37.0570368037989,37.0570368037989,harrison barnes,17000000.0,False,False,SAC,153564021,0.0,153564021.0,17000000.0,0.09208157402373922,30.362373974525557,71.33592664803305,harrison barnes
1628385,Harry Giles III,1610612747,LAL,26.0,23,99.92,56,30,6,2,3,6,-41,107.5,123.3,0.503,0.233,0.081,107.0,127.9,-20.8,31.489191353082468,87.4,-0.017859395957080696,-0.9338843906352071,-2.2118375293039305,-0.4864592294594232,-2.009389210138421,-0.23588540851951412,-0.8383986952080316,-0.4879378065547127,0.21311541900618505,False,-0.7305471464111648,23.252790276007364,15.019022316034466,harry giles,2165000.0,False,False,LAL,169876920,6874380.0,176751300.0,2252610.6813097387,0.012201408070452256,24.96454601548163,58.65381359362797,harry giles
1629312,Haywood Highsmith,1610612748,MIA,27.0,66,1365.835,405,210,70,53,30,34,7,110.1,109.0,0.587,0.121,0.067,109.5,108.7,0.7,20.532494774258968,779.0,0.0008893780652070167,-2.2451488116668927,2.89890104622077,-0.8548484214758008,0.13973434135217555,-0.634266671534544,1.1565508809730558,-0.9481186720179898,0.7879302576428264,True,-0.3988449243557439,34.50037364489455,31.207955237349996,haywood highsmith,1902137.0,False,False,MIA,177143542,20873855.0,198017397.0,2126276.8782019108,0.011517113044418494,52.93227223241,124.3635524828529,haywood highsmith
1630929,Henri Drell,1610612741,CHI,24.0,4,29.916666666666668,11,4,4,2,1,2,6,120.6,113.4,0.506,0.155,0.043,128.3,115.5,12.8,27.67688022284122,22.999999999999996,-0.01141571404870175,0.7007785643782768,-0.10612938823810257,-0.8268380892926206,-1.2707665924062506,0.26074904764134316,-0.016446740220965747,-1.7370001556693224,0.11661254155743647,False,-0.8817792117718328,18.894810774268656,11.383663283833199,henri drell,2015213.2953500552,True,True,CHI,165630436,504654.0,166135090.0,2021353.3833369734,0.010948788305639955,19.653025341275512,46.174478166082594,henri drell
1630529,Herbert Jones,1610612740,NOP,25.0,76,2321.4283333333333,837,272,199,105,62,93,231,116.4,111.0,0.636,0.141,0.076,115.9,109.5,6.5,23.739177819402855,1530.8,0.007945382704084215,2.7093934103394557,2.2051623065431722,-0.08323403121317033,0.9485459324893523,0.8709955443892466,0.8857536597400881,-0.6522881156487405,1.0,True,0.18929932799488847,57.507088900740364,57.507088900740364,herbert jones,12015150.0,False,False,NOP,167403924,3164886.0,170568810.0,12242304.651541503,0.06631121658776976,52.855651260196794,124.18353269724298,herbert jones
1641816,Hunter Tyson,1610612743,DEN,24.0,18,47.97666666666667,20,9,2,1,0,2,8,100.9,98.1,0.5,0.186,0.038,108.9,104.1,4.8,21.385395678454802,28.5,-0.0148148568584421,-0.6222387622680042,0.9700910183562759,-1.310807890518245,-1.660401555130151,-0.14120291957929232,0.40365016207313525,-1.90135046476335,0.14767388312621754,False,-1.1078002589540124,13.397404412066315,8.258873456640442,hunter tyson,1119563.0,False,False,DEN,180922992,30794224.0,211717216.0,1310119.6198248148,0.007096345691344222,16.595262945087125,38.99031285066222,hunter tyson
1630641,Ibou Badji,1610612757,POR,21.0,22,225.81833333333333,34,51,13,3,20,15,-90,95.5,112.3,0.623,0.079,0.033,94.0,112.8,-18.8,18.09419075805773,113.5,0.003424668323564914,-5.664619284391122,0.05603948607640342,-1.5068534881888647,0.4303481168248822,-1.6731516926767154,0.04685501593475257,-2.0657007738573774,0.32038211087652346,False,-1.1758158881919916,11.983422798761378,8.31855597062562,ibou badji,1119562.9418611417,True,True,POR,165263993,0.0,165263993.0,1119562.9418611417,0.006064183406189527,17.660505152910424,41.49308289306498,ibou badji
1630193,Immanuel Quickley,1610612761,TOR,25.0,68,1985.3366666666664,1156,259,331,50,10,101,-34,113.2,114.2,0.577,0.233,0.119,112.1,113.2,-1.1,32.44527796293156,1789.2999999999997,-0.0006173959570807056,-0.2133207880959166,-0.6549362397455213,0.7715997348570348,-0.03298327390220215,-0.016967672738649856,-0.2306705710119192,0.7611245425598965,0.9499609242362327,True,0.37914406883431195,64.7709558621077,63.31247041665366,immanuel quickley,4171548.0,False,False,TOR,163054678,0.0,163054678.0,4171548.0,0.02259545329150478,84.82178016403141,199.2874566729751,immanuel quickley
1630171,Isaac Okoro,1610612739,CLE,23.0,69,1887.0566666666664,647,206,132,57,34,54,40,113.1,110.7,0.599,0.136,0.067,112.6,109.3,3.3,20.86678195496691,1093.8000000000002,0.002631631544364913,-0.0055692322808479746,2.3084632750174032,-0.6099388244427711,0.3394443586724327,0.04615028110152726,0.9260766424619358,-0.9481186720179898,0.9261495723170368,True,-0.2401696153807053,40.50993839009377,39.163684066110264,isaac okoro,8920794.0,False,False,CLE,166874287,2370430.5,169244717.5,9047512.876598509,0.04900642509866114,40.01478371611949,94.01411360010796,isaac okoro
1628392,Isaiah Hartenstein,1610612752,NYK,26.0,75,1896.3483333333331,582,626,188,87,85,93,406,120.3,110.3,0.67,0.116,0.113,118.0,109.7,8.3,28.752945353745666,1514.6000000000001,0.010480626905487728,4.837482141933303,2.2475269951769534,0.29422741718573886,1.23915442857231,1.51753995076716,0.9022904902560822,0.5639041716470636,0.9284269035048021,True,0.7915758362298868,78.5695979477066,76.03903671073154,isaiah hartenstein,9245121.0,False,False,NYK,164990518,0.0,164990518.0,9245121.0,0.050076781983525054,77.10620975833523,181.15984369481114,isaiah hartenstein
1630543,Isaiah Jackson,1610612754,IND,22.0,60,770.905,383,238,50,34,61,39,29,114.5,111.7,0.689,0.165,0.122,114.0,112.2,1.7,35.57481142293798,761.8000000000001,0.01804278827073684,0.8449381132337699,0.4732050858623289,0.2994580336056416,2.1059854582124062,0.30454682193277305,0.20969338541735125,0.8597347280163131,0.5919555419424364,False,0.7258187766406838,76.602506272204,62.536753601242324,isaiah jackson,2696280.0,False,False,IND,148722330,0.0,148722330.0,2696280.0,0.01460457096521927,97.60897330603719,229.3307685950828,isaiah jackson
1630198,Isaiah Joe,1610612760,OKC,24.0,78,1444.8666666666666,636,180,99,46,22,47,352,116.6,107.5,0.626,0.157,0.09,116.8,108.2,8.6,24.4174779679786,980.0000000000002,0.007276986415185969,2.906985105573145,3.6106464615765432,-0.41380896905395936,0.8719293918828824,0.9310267843481137,1.4343769121288477,-0.1921072501854633,0.810405809306409,True,0.32451554593484777,62.72261227015863,57.371282959961746,isaiah joe,1997238.0,False,False,OKC,162515272,0.0,162515272.0,1997238.0,0.010818165808236756,99.46408311144218,233.689320304954,isaiah joe
1630587,Isaiah Livers,1610612765,DET,25.0,23,469.39666666666665,114,48,25,13,5,16,-199,106.1,125.4,0.46,0.122,0.026,106.1,124.1,-17.9,15.246806183824624,198.79999999999998,-0.014597271702849118,-3.2476535297138027,-5.73305047719871,-1.6682797928691127,-1.6354603306114843,-0.9388422318474121,-2.2128854106285822,-2.295791206589016,0.4619113780933754,False,-1.8238855061571049,3.4084691653926145,2.583142851184814,isaiah livers,1836096.0,False,False,DET,139233014,0.0,139233014.0,1836096.0,0.00994532998462891,4.612190088466511,10.836269064918309,isaiah livers
1630600,Isaiah Mobley,1610612739,CLE,24.0,10,71.92166666666667,23,10,6,2,0,2,-30,93.8,113.8,0.471,0.16,0.058,96.6,118.5,-21.9,20.021782958311125,40.0,-0.017383962888982456,-2.1789521507021514,-0.48288176057975235,-1.4085324858501622,-1.9548915452461602,-0.6141551600960176,-0.1635100216667457,-1.2439492283872395,0.18080837001274766,False,-1.1352013990300511,12.814547173662783,8.090640769629173,isaiah mobley,2015213.2953500552,True,True,CLE,166874287,2370430.5,169244717.5,2043839.1738192965,0.01107058401039174,13.913895133079723,32.690480771845145,isaiah mobley
1630191,Isaiah Stewart,1610612765,DET,23.0,46,1422.8166666666666,503,305,73,17,38,66,-133,110.3,114.5,0.6,0.143,0.081,109.4,113.9,-4.5,21.24602607503895,839.7,0.00291008316797193,-2.25470597556139,-1.0062630549138667,-0.757300295036506,0.37136254924496037,-0.6371702773687782,-0.3678091216663489,-0.4879378065547127,0.8041982644129795,False,-0.4307489431940653,33.33254636533601,30.395589671895575,isaiah stewart,5266713.0,False,False,DET,139233014,0.0,139233014.0,5266713.0,0.02852748370419351,37.531321236445756,88.17925702954508,isaiah stewart
202738,Isaiah Thomas,1610612756,PHX,35.0,6,19.383333333333333,8,0,3,0,0,0,-14,90.5,133.3,0.4,0.227,0.047,106.3,125.2,-19.0,22.658641444539985,12.2,-0.04078049734874385,-0.47870401393846934,-0.5844251190782092,-1.2234288226000234,-4.636775873840738,-0.09759496880375398,-0.20314693069798156,-1.6055199083941,0.0938648286665781,False,-1.5281408441696067,6.32387862059834,3.7452486437829022,isaiah thomas,477630.0,False,False,PHX,193838882,78815748.5,272654630.5,671836.4748188911,0.0036390447110519844,9.507373634534416,22.337426868453168,isaiah thomas
1631209,Isaiah Wong,1610612754,IND,23.0,1,4.283333333333333,2,0,0,0,0,0,-5,75.0,122.2,0.333,0.375,0.0,75.0,139.6,-64.6,16.80933852140078,2.0,-0.09249366302105261,-0.3211293430331658,-0.16868787585148373,-1.6840368254623317,-10.564522516708047,-0.049721484701255335,-0.04086611258888846,-3.1504128138779595,0.04412447956599258,False,-2.9643995676286994,0.15163710977143702,0.08641131922249054,isaiah wong,1802496.3363964383,True,True,IND,148722330,0.0,148722330.0,1802496.3363964383,0.00976333528396514,0.15528759272764311,0.36484579016986696,isaiah wong
202397,Ish Smith,1610612766,CHA,35.0,43,740.8466666666667,139,76,145,17,4,47,-280,101.7,119.2,0.435,0.119,0.057,101.8,118.6,-16.8,18.212675587391004,374.8,-0.0172133223986807,-6.595630701148029,-3.6180470397284763,-1.315893041954826,-1.9353314664853059,-1.9560065449400075,-1.3873050862095027,-1.2768192902060451,0.5803003402105541,False,-1.5038155121957426,6.631443795375974,5.378997178201517,ish smith,3190754.384304254,False,True,CHA,140774484,0.0,140774484.0,3190754.384304254,0.017282922707640154,7.9151799728369765,18.59659255966008,ish smith
1630688,Ish Wainright,1610612756,PHX,29.0,11,62.39,23,14,1,4,1,2,-4,78.5,84.8,0.462,0.166,0.089,85.1,88.5,-3.4,24.350056098733774,42.2,-0.019529861497319292,-3.366617702264157,2.857756914532728,-1.0714192744091973,-2.2008703613973006,-0.9749852832060845,1.1404904883584774,-0.22497731200426885,0.16840157632602762,False,-0.6406527856403161,26.08741480494684,16.32500094166156,ish wainright,2664559.801629517,False,True,PHX,193838882,78815748.5,272654630.5,3747981.6260932074,0.020301179267218597,22.706294441876256,53.34808655322335,ish wainright
1627826,Ivica Zubac,1610612746,LAC,27.0,68,1794.4483333333333,794,626,93,22,83,79,184,117.1,112.4,0.671,0.165,0.125,115.7,110.8,4.9,29.414722630632077,1466.2000000000003,0.015072788270736853,2.7004964479457847,1.048084965036955,0.3118672269384747,1.7655420275998588,0.868292517403584,0.43409468365763776,0.9583449134727298,0.9031380477719524,True,0.8256596650755997,79.55014105450984,76.08271917135947,ivica zubac,10933333.0,False,False,LAC,201366679,150454243.75,351820922.75,19102342.671068363,0.1034690459231067,59.84499893274655,140.6048966296198,ivica zubac
1631167,Izaiah Brockington,1610612740,NOP,24.0,1,3.3833333333333333,4,2,0,0,0,0,3,150.0,100.0,0.4,0.385,0.128,127.1,121.0,6.2,57.45812807881774,5.4,-0.06916516070161402,0.1576316886052416,0.0012106227617783639,1.4699394851625813,-7.890436536680275,0.09573310203756885,0.025452861233311534,1.0569550989291463,0.0392157976825512,False,-0.4808161850420203,31.532357305109336,17.899251462849126,izaiah brockington,64343.0,False,False,NOP,167403924,3164886.0,170568810.0,65559.44854572226,0.002,56.02732197537809,131.63532384110144,izaiah brockington
1631120,JD Davison,1610612738,BOS,21.0,8,39.01,16,10,10,1,1,2,23,112.8,83.1,0.581,0.16,0.145,118.6,83.3,35.2,35.43706741861062,38.400000000000006,0.00021603711101754187,0.2513496586994948,2.1393671665347287,-0.21445664418975485,0.06255100653190886,0.12420598873724634,0.8600708773525847,1.6157461498488397,0.13316087331426668,False,0.5881338648004741,72.17787779593891,44.022903946341344,jd davison,1119562.9418611417,True,True,BOS,186940921,51175953.75,238116874.75,1426048.5471872208,0.00772428205054505,85.87244674059511,201.75598149584215,jd davison
1630550,JT Thor,1610612766,CHA,21.0,63,780.6266666666667,199,146,29,11,27,15,-49,107.5,110.7,0.519,0.113,0.059,108.2,111.0,-2.7,18.40060122636514,398.99999999999994,-0.006853423790343855,-2.978977127161576,1.158249070802025,-1.2844878663482886,-0.7478030412259221,-0.8572144206490602,0.4770966554585201,-1.2110791665684342,0.5956763408347716,False,-0.8536338375200718,19.66539518858302,16.087362144872845,jt thor,1836096.0,False,False,CHA,140774484,0.0,140774484.0,1836096.0,0.00994532998462891,28.72391366204211,67.48638956094304,jt thor
1629630,Ja Morant,1610612763,MEM,24.0,9,317.925,226,50,73,7,5,27,11,111.0,111.1,0.57,0.296,0.157,109.9,109.7,0.2,39.722576079263966,350.79999999999995,-0.0028563313446175504,-0.9589329596149627,0.9795632547649421,0.33513232319262465,-0.289626655805529,-0.24349552924483883,0.4073475990931878,2.0101868916745063,0.38014650285957335,False,0.6679729604069309,74.79245736147837,53.93029254662099,ja morant,34005250.0,False,False,MEM,162649524,0.0,162649524.0,34005250.0,0.18419158500416224,34.666807169911365,81.44912566682613,ja morant
201580,JaVale McGee,1610612758,SAC,36.0,46,339.3616666666667,185,126,17,14,20,34,7,108.5,110.4,0.609,0.214,0.127,109.6,111.6,-2.0,33.96730135499492,320.20000000000005,0.006280949635985967,-1.4745338932999354,0.6712019919004683,-0.13237672873405715,0.7577562679343562,-0.400142615735249,0.2869804228873514,1.0240850371103407,0.3927534888836801,False,0.37082044021255667,64.4614362000725,46.846644194753935,javale mcgee,5544772.0,False,False,SAC,153564021,0.0,153564021.0,5544772.0,0.030033607844868034,56.81216667830128,133.47930429548884,javale mcgee
1631095,Jabari Smith Jr.,1610612745,HOU,21.0,76,2423.845,1044,616,121,52,61,89,-84,111.9,113.8,0.571,0.174,0.099,110.6,113.2,-2.5,26.086816607497592,1756.4,-0.0015050596417684246,-1.3985472137712862,-0.547035117134724,0.2557239839062075,-0.13473386987703825,-0.37705675381647275,-0.18855194262956765,0.10372330618378657,1.0,True,-0.01000339711677397,49.600928849963985,49.600928849963985,jabari smith,9326520.0,False,False,HOU,149356730,0.0,149356730.0,9326520.0,0.05051768480964025,50.142975221521866,117.81014242554849,jabari smith
1631133,Jabari Walker,1610612757,POR,21.0,72,1700.5733333333333,638,508,71,42,22,66,-338,107.1,116.5,0.546,0.159,0.093,104.7,116.2,-11.5,24.069529492014457,1137.0,-0.005350313120926305,-5.523139691683725,-2.7355711240882266,-0.33156891887683726,-0.57550534665123,-1.6301681281647769,-1.0428353138115298,-0.09349706472904667,0.8791972923001292,True,-0.598217667432054,27.48473521780952,25.990631522183097,jabari walker,1719864.0,False,False,POR,165263993,0.0,165263993.0,1719864.0,0.009315752013339073,47.480584202697834,111.55489602793276,jabari walker
1631298,Jack White,1610612760,OKC,26.0,4,63.64833333333333,6,12,1,4,1,2,-28,89.1,111.1,0.188,0.11,0.011,89.1,112.8,-23.7,13.46146796197858,23.8,-0.043081474486175435,-2.677048445172114,0.07454215717623404,-1.9284411014167364,-4.900530941324997,-0.7654840817927765,0.054077435028070324,-2.788842133871099,0.17009133019075548,False,-2.1605535537289695,1.5364921264829408,0.962675464895115,jack white,703550.0,False,False,OKC,162515272,0.0,162515272.0,703550.0,0.003810823023788337,2.404633114974846,5.649648201066178,jack white
1631367,Jacob Gilyard,1610612751,BKN,25.0,41,698.405,173,46,137,33,5,30,-172,105.8,117.7,0.573,0.112,0.077,104.1,117.3,-13.2,22.556539543674518,437.6,-0.0007447740222877215,-4.67799139186368,-2.7273345143455465,-0.9354144913379636,-0.04758429259037235,-1.3733997436062984,-1.0396201970779093,-0.6194180538299349,0.563433064508836,False,-0.7887696739746585,21.512331857163108,17.28612409979532,jacob gilyard,2093582.7012803352,True,True,BKN,155015136,0.0,155015136.0,2093582.7012803352,0.011340022969574417,29.478694270205743,69.25973489107085,jacob gilyard
1631210,Jacob Toppin,1610612752,NYK,24.0,9,38.15166666666666,13,7,3,0,1,1,-16,98.7,118.4,0.658,0.133,0.09,95.9,128.3,-32.4,21.419771962780136,22.7,0.010420580848533341,-1.119205069727709,-0.8195248679609641,-1.3121773882374712,1.232271504119681,-0.29218853473534384,-0.29491686521195354,-0.1921072501854633,0.13168776202315333,False,-0.2889016064891493,38.63283371622441,23.537420679639425,jacob toppin,2015213.2953500552,True,True,NYK,164990518,0.0,164990518.0,2015213.2953500552,0.01091553013114115,40.678850427903974,95.57432803791853,jacob toppin
1630702,Jaden Hardy,1610612742,DAL,21.0,73,989.2133333333334,530,131,109,22,4,62,-126,108.1,114.5,0.517,0.238,0.081,109.2,114.6,-5.4,27.07242118316238,743.9000000000001,-0.014910644797361393,-2.688258732692248,-1.182289066330354,-0.3722075611973922,-1.6713814792166795,-0.768889930704256,-0.4365199374677844,-0.4879378065547127,0.6705538190499136,True,-0.67095193437407,25.112557504116577,21.389601230487287,jaden hardy,1719864.0,False,False,DAL,167755884,3692826.0,171448710.0,1757723.527452784,0.009520820535671267,38.77860204050478,91.10972392987726,jaden hardy
1631093,Jaden Ivey,1610612765,DET,22.0,77,2217.4766666666665,1185,264,296,57,41,190,-350,109.9,117.7,0.536,0.244,0.076,109.0,116.6,-7.6,28.01454506097772,1725.6,-0.01065054340569823,-2.8128085391896755,-3.476086382899873,0.38375991162953194,-1.1830570574876889,-0.8067299791528243,-1.3318915000928355,-0.6522881156487405,1.0,True,-0.5979982372972414,27.492055462101195,27.492055462101195,jaden ivey,7614480.0,False,False,DET,139233014,0.0,139233014.0,7614480.0,0.04124431198660481,29.837008815617267,70.10158935705712,jaden ivey
1630183,Jaden McDaniels,1610612750,MIN,23.0,72,2105.4533333333334,757,224,101,63,42,87,156,114.2,110.4,0.571,0.156,0.056,113.5,108.8,4.7,19.76581448809124,1155.9999999999998,-0.001349363816757898,0.7862399954778159,2.6991339741025375,-0.6520302384960979,-0.11688685950712753,0.28671347732801095,1.0785728686040141,-1.3096893520248505,0.9782761585688585,True,-0.3686544422677449,35.61926551246104,35.27106123831215,jaden mcdaniels,3901399.0,False,False,MIN,166434327,1710490.5,168144817.5,3941494.7305292524,0.021349355223141613,48.201366789071706,113.24836353326965,jaden mcdaniels
1630531,Jaden Springer,1610612738,BOS,21.0,49,506.995,163,78,44,36,15,34,-28,112.4,112.9,0.49,0.167,0.055,113.5,113.5,0.0,24.199055217507073,340.79999999999995,-0.014971511265375437,0.12735612889909215,-0.24160652497006485,-0.875404949616031,-1.6783584452705413,0.08653494526554786,-0.0693295188079937,-1.342559413843656,0.48005444766950417,False,-0.8707920143790526,19.193386315107986,14.702604183192355,jaden springer,2226240.0,False,False,BOS,186940921,51175953.75,238116874.75,2835683.63955712,0.015359659586105011,22.5468669580744,52.97351415319587,jaden springer
203109,Jae Crowder,1610612749,MIL,33.0,50,1155.6983333333333,312,161,66,38,9,23,-69,112.3,114.9,0.546,0.113,0.059,112.3,114.2,-1.9,18.26947343525343,586.5,-0.003802423790343852,-0.35392372023649676,-1.186537421703603,-1.164219718469522,-0.3980747897784849,-0.059684894979538626,-0.43817826035518814,-1.2110791665684342,0.72478784774748,False,-0.7887693713548924,21.512340702362003,18.848134789253063,jae crowder,3196448.0,False,False,MIL,187346674,52697527.5,240044201.5,4095556.06947296,0.02218383819879699,25.4144684736988,59.71089942965685,jae crowder
1630256,Jae'Sean Tate,1610612745,HOU,28.0,65,1031.4566666666667,265,197,64,42,15,37,78,110.1,105.0,0.538,0.115,0.059,110.0,104.7,5.3,19.653370476058132,563.1,-0.004789723326456134,-1.8636419446362968,5.361248165208606,-1.0732006892718284,-0.5112463861139205,-0.5183593189831982,2.1177149610456083,-1.2110791665684342,0.684721797078156,True,-0.4684075338962139,31.974659070460632,27.438248197612573,jae sean tate,7000000.0,False,False,HOU,149356730,0.0,149356730.0,7000000.0,0.03791594224506909,30.66861934243658,72.05544538922008,jae sean tate
1630186,Jahmi'us Ramsey,1610612761,TOR,23.0,7,121.085,47,22,8,7,0,7,-28,100.4,110.8,0.538,0.18,0.085,102.2,111.4,-9.3,23.547095015897927,79.2,-0.007496958250105252,-2.208289088208396,0.3158541543994437,-1.1079358865966038,-0.8215697345587719,-0.6230681497488103,0.1482722875868181,-0.3564575592794906,0.23460314653396352,False,-0.5783760789411128,28.150512021343232,18.45467102527596,jahmi us ramsey,232150.0,False,False,TOR,163054678,0.0,163054678.0,232150.0,0.002,57.76586789837941,135.72001051749618,jahmi us ramsey
1631170,Jaime Jaquez Jr.,1610612748,MIA,23.0,75,2113.195,889,285,195,77,20,110,108,113.1,110.4,0.574,0.181,0.084,112.5,109.0,3.5,24.138046891081988,1416.9,-0.0010226080181614068,-0.05421673036312569,2.6039933141723375,-0.13154344696192677,-0.07943168609071923,0.031370461396443734,1.0414352188493785,-0.3893276210982961,0.9800730492255064,True,-0.0006780489467050482,49.9729497627705,49.52483593327996,jaime jaquez,3510540.0,False,False,MIA,177143542,20873855.0,198017397.0,3924207.3688713983,0.02125571713654321,67.7847536723606,159.2592272225994,jaime jaquez
1631222,Jake LaRavia,1610612763,MEM,22.0,35,805.55,379,128,58,29,12,45,-114,105.2,111.9,0.54,0.201,0.083,103.5,110.3,-6.8,25.6788529576066,574.5999999999999,-0.007969603379284198,-5.323056180765104,1.135390433592863,-0.5980286583514517,-0.8757478252119678,-1.5693798382441768,0.4681739082002507,-0.42219768291710164,0.6051108087855405,False,-0.5727095327513776,28.342069093644994,23.305679559864785,jake laravia,3199920.0,False,False,MEM,162649524,0.0,162649524.0,3199920.0,0.01733256884412021,34.25983266399031,80.49294537847445,jake laravia
1627751,Jakob Poeltl,1610612761,TOR,28.0,50,1319.1083333333331,555,429,127,35,76,77,-17,113.6,114.2,0.653,0.16,0.117,112.6,113.0,-0.3,31.502188978666148,1154.3,0.011736037111017552,0.13991949373273527,-0.5075107448458754,0.2567401528155864,1.3830588586048282,0.09035187880684498,-0.17312381446741315,0.6953844189222859,0.7743350030637236,False,0.46784340232222144,68.00517099416301,61.099296977341076,jakob poeltl,19500000.0,False,False,TOR,163054678,0.0,163054678.0,19500000.0,0.10562298196840675,47.714047441647196,112.10341428617821,jakob poeltl
1628973,Jalen Brunson,1610612752,NYK,27.0,77,2726.3033333333333,2212,278,519,70,13,186,512,121.2,112.6,0.592,0.311,0.156,117.9,111.9,6.0,40.31128842351853,3052.7999999999997,0.00384092213454035,5.419100169786002,0.507116055750569,2.260429817338497,0.47806221629088386,1.6942439936832074,0.22293035185707738,1.9773168298557007,1.0,True,1.5175879875660097,93.54408514995845,93.54408514995845,jalen brunson,26346666.0,False,False,NYK,164990518,0.0,164990518.0,26346666.0,0.14270838091516078,65.74829692219848,154.47460367921832,jalen brunson
1630622,Jalen Crutcher,1610612740,NOP,24.0,1,2.65,0,0,0,0,0,0,1,120.0,100.0,0.0,0.167,-0.08,120.0,91.9,28.1,0.0,0.0,-0.09680151126537544,0.03792167728773361,0.09299973945062673,-2.9887018149159807,-11.058320036861417,0.059363453979330294,0.061282253938583046,-5.7800177593824005,0.03470656212512922,False,-4.121831930885241,0.0018793569645998687,0.001062998039191159,jalen crutcher,64343.0,False,False,NOP,167403924,3164886.0,170568810.0,65559.44854572226,0.002,0.003327342125148211,0.007817538706677897,jalen crutcher
1631105,Jalen Duren,1610612765,DET,20.0,61,1777.4816666666666,841,709,147,33,47,129,-311,109.3,117.0,0.653,0.181,0.137,107.5,115.7,-8.2,30.969433346241733,1529.1,0.013276391981838605,-3.580001667561147,-2.684685910272938,0.47616471426768636,1.5596257598112488,-1.0398144452261193,-1.0229725416828903,1.3527856552983961,0.8988582825569402,False,0.4494026910917762,67.34294048146468,64.27790918538219,jalen duren,4330680.0,False,False,DET,139233014,0.0,139233014.0,4330680.0,0.023457401823125116,84.99419550880098,199.6925438508683,jalen duren
1630224,Jalen Green,1610612745,HOU,22.0,82,2601.3816666666667,1610,423,291,66,28,191,31,113.8,113.8,0.541,0.27,0.111,112.1,112.8,-0.7,31.09993471418073,2247.2999999999997,-0.01043543737515788,-0.02268473934229509,-0.35218726223479546,0.9859004578411238,-1.158400008671997,0.040950340333732106,-0.11249412049522009,0.4981640480094526,1.0,True,0.21143276053809396,58.37252023477119,58.37252023477119,jalen green,9891480.0,False,False,HOU,149356730,0.0,149356730.0,9891480.0,0.053577826342608,57.808161323873364,135.8193782646052,jalen green
1641720,Jalen Hood-Schifino,1610612747,LAL,21.0,21,108.98333333333332,34,13,8,3,2,9,-54,88.9,111.9,0.316,0.242,-0.018,91.4,114.9,-23.5,17.27603609114544,52.300000000000004,-0.06380324386958595,-4.009952829012639,-0.1646211655064526,-1.6128611746979984,-7.2758138562241115,-1.1704398812453929,-0.03927869387056002,-3.7420739266164587,0.22257106457911097,False,-2.798667336360447,0.25656986672087395,0.16681068946522418,jalen hood schifino,3695076.0,False,False,LAL,169876920,6874380.0,176751300.0,3844604.0027026627,0.020824540474519374,0.22995770803149115,0.5402820677344807,jalen hood schifino
1630552,Jalen Johnson,1610612737,ATL,22.0,56,1888.8666666666663,896,488,203,67,47,101,-76,113.3,115.2,0.584,0.184,0.117,113.5,114.8,-1.3,30.909963646631144,1621.8000000000002,0.0008004426776701736,0.48466100064345136,-1.7236214934729357,0.536040852661911,0.12953990753537442,0.1950893785315302,-0.647826166526918,0.6953844189222859,0.9265936313054162,False,0.2941460067731615,61.567683164044496,59.53392614153947,jalen johnson,2925360.0,False,False,ATL,159153393,0.0,159153393.0,2925360.0,0.015845397258005045,90.30752117290854,212.17612007418666,jalen johnson
1629667,Jalen McDaniels,1610612761,TOR,26.0,50,538.0066666666667,169,79,37,19,6,30,-162,100.9,115.0,0.412,0.179,0.036,101.6,115.6,-14.0,19.264445298075618,287.90000000000003,-0.03000930848204912,-5.953821800959076,-1.3371710160196058,-1.294798680093979,-3.4021023083345927,-1.7610156367977787,-0.4969772814161493,-1.9670905884009608,0.49451843731905976,False,-1.762841130526061,3.896364409852329,3.01007124305238,jalen mcdaniels,4516000.0,False,False,TOR,163054678,0.0,163054678.0,4516000.0,0.02446119931124743,3.922248060234157,9.215260972511812,jalen mcdaniels
1629618,Jalen Pickett,1610612743,DEN,24.0,27,121.78833333333333,42,14,21,4,0,9,-1,102.3,104.8,0.571,0.164,0.076,107.3,109.2,-1.9,22.87903876944973,77.39999999999999,-0.0014185619612070211,-1.470388610127279,1.0459578079783405,-1.1609842768916963,-0.12481886411597676,-0.3988832182259514,0.4332643592319518,-0.6522881156487405,0.2352835169180649,False,-0.4994981623840427,30.871424051078865,20.247874978446422,jalen pickett,1708143.0,False,False,DEN,180922992,30794224.0,211717216.0,1998879.6144267172,0.010827057716492769,35.09346781570118,82.45155823541255,jalen pickett
1641771,Jalen Slawson,1610612758,SAC,24.0,12,36.975,8,7,2,1,1,2,-6,105.3,114.9,0.667,0.088,0.046,110.3,118.1,-7.7,16.649087221095332,17.099999999999998,0.007686820411059655,-0.3103458897517861,-0.27817784545054913,-1.6859571915666423,0.9189076045215647,-0.046445314259202446,-0.08360493892874103,-1.6383899702129057,0.12964111300747994,False,-0.7946776862554891,21.340050771729103,12.9819744946084,jalen slawson,2015213.2953500552,True,True,SAC,153564021,0.0,153564021.0,2015213.2953500552,0.01091553013114115,22.436264615088206,52.71365566410067,jalen slawson
1630188,Jalen Smith,1610612754,IND,24.0,61,1046.625,601,337,63,17,38,44,-13,119.5,118.6,0.682,0.187,0.124,118.1,118.9,-0.7,33.60171981368685,976.9,0.019139493373501768,3.9607850388021304,-4.060211102419844,0.29611373098463134,2.231697932136844,1.2511865794523025,-1.559901472511279,0.9254748516539242,0.6897380925856106,False,0.6401183441040152,73.89521680526445,63.57812489360392,jalen smith,5043773.0,False,False,IND,148722330,0.0,148722330.0,5043773.0,0.027319915109319838,79.70130594994292,187.2569819398126,jalen smith
1630591,Jalen Suggs,1610612753,ORL,23.0,75,2024.59,943,229,205,106,47,132,45,111.8,110.8,0.602,0.191,0.088,110.6,109.3,1.3,27.253517996236276,1532.7,0.004268894301277194,-1.385000248674162,2.309706899507346,0.19056405045786967,0.5271195606176775,-0.37294098816398386,0.9265620846563422,-0.2578473738230744,0.9593060939127729,True,0.13239789903405053,55.266521181162155,54.25446640094087,jalen suggs,7252080.0,False,False,ORL,132643598,0.0,132643598.0,7252080.0,0.039281349490945805,59.89571451764082,140.72405210958868,jalen suggs
1631114,Jalen Williams,1610612760,OKC,23.0,71,2223.5983333333334,1355,282,322,80,45,123,383,117.7,108.9,0.621,0.232,0.123,117.5,108.6,9.0,33.95037622951987,2097.0,0.009593253810975444,3.8967328395555167,3.3147607791441764,1.1023463636529736,1.1374371421988974,1.2317265867723517,1.318879512282701,0.8926047898351186,1.0,True,1.0965745140518717,86.35862832313293,86.35862832313293,jalen williams,4558680.0,False,False,OKC,162515272,0.0,162515272.0,4558680.0,0.024692378227678793,112.15902021058882,263.5158780855127,jalen williams
1630592,Jalen Wilson,1610612751,BKN,23.0,43,664.5366666666666,214,131,45,11,4,19,-4,111.4,113.0,0.537,0.138,0.075,111.4,111.9,-0.5,20.276984966969465,374.29999999999995,-0.005885667991747361,-0.8029226867508494,0.2511523643821632,-1.156189353525543,-0.6368716930544146,-0.19609733209248656,0.12301628854368966,-0.6851581774675459,0.549601784214827,False,-0.6010877021121313,27.38907869624001,21.837882216686225,jalen wilson,850000.0,False,False,BKN,155015136,0.0,155015136.0,850000.0,0.004604078701186961,51.05473826718567,119.95231555734743,jalen wilson
1631288,Jamal Cain,1610612748,MIA,25.0,26,259.09166666666664,97,37,10,10,5,8,-27,105.4,108.8,0.544,0.158,0.068,106.8,109.7,-2.9,21.911935930011907,157.70000000000002,-0.005632663352870165,-2.241450770344612,1.1741750893218552,-1.1801054926259962,-0.6078704246300908,-0.6331431526248393,0.4833132919440061,-0.9152486101991842,0.343174794228742,False,-0.683255999012893,24.72225464006799,17.415064644076548,jamal cain,2093582.7012803352,True,True,MIA,177143542,20873855.0,198017397.0,2340281.74118682,0.012676283905147029,28.562972334062483,67.10826040750385,jamal cain
1627750,Jamal Murray,1610612743,DEN,27.0,59,1861.37,1250,242,384,57,39,125,311,120.7,112.4,0.586,0.273,0.137,119.5,111.8,7.7,38.39881377694924,1985.4,0.0017336133206736822,5.654142928147482,0.5834061969483104,1.3696109947357007,0.2365068486299983,1.7656534130472368,0.25270980204811055,1.3527856552983961,0.9198245880206033,False,1.086468954832246,86.13642156106187,83.02871117277176,jamal murray,33833400.0,False,False,DEN,180922992,30794224.0,211717216.0,39592056.13742227,0.21445287341000516,50.60432492120572,118.89407638813496,jamal murray
1631123,Jamaree Bouyea,1610612759,SAS,25.0,9,94.9,21,19,11,1,0,9,-15,94.0,101.5,0.375,0.162,0.041,94.1,103.4,-9.3,14.908324552160167,39.3,-0.03315326242509473,-2.9905775060874893,1.6175784586646744,-1.8054797654608223,-3.7624856302397442,-0.860738785021215,0.6563934349949364,-1.8027402793069331,0.2076929551919459,False,-1.5872166721971892,5.6231790012089,3.6183010496153623,jamaree bouyea,29247.0,False,False,SAS,142867770,0.0,142867770.0,29247.0,0.002,11.325820989297375,26.6098407192778,jamaree bouyea
1630547,James Bouknight,1610612766,CHA,23.0,14,80.9,50,9,6,1,1,2,-11,107.8,115.2,0.597,0.24,0.111,107.3,119.5,-12.2,29.41409147095179,66.1,0.004164055666526316,-0.7390943882952253,-0.6963165095671493,-0.6621647591392127,0.5151021786394536,-0.17670536373964632,-0.24682313888894872,0.4981640480094526,0.19176216329799597,False,-0.002355923980338681,49.906012318427656,31.754844972826366,james bouknight,4570080.0,False,False,CHA,140774484,0.0,140774484.0,4570080.0,0.024754127047906478,41.205845023534835,96.81249366519704,james bouknight
201935,James Harden,1610612746,LAC,34.0,72,2469.668333333333,1192,369,614,77,57,185,291,120.9,115.2,0.612,0.202,0.131,118.9,113.4,5.5,34.02675527955508,2334.2999999999997,0.006534746852659652,5.732395369255252,-1.1142854590487532,1.2733465746737296,0.7868483875048295,1.789427646392175,-0.4099750916455176,1.155565284385563,1.0,True,0.9899513703218245,83.89010555789724,83.89010555789724,james harden,35680595.0,False,False,LAC,201366679,150454243.75,351820922.75,62339906.08331499,0.33766803980257176,43.61789969288784,102.47957869314568,james harden
201949,James Johnson,1610612754,IND,37.0,9,47.195,8,4,8,5,1,5,5,112.6,108.8,0.368,0.137,0.019,117.8,109.6,8.1,21.358194724017373,28.0,-0.028996018223691227,0.25123935207135745,0.3018817456852256,-1.3132646806621864,-3.2859514626236037,0.12417247597419759,0.14281823228135834,-2.5258816393206542,0.1464659439162317,False,-1.53892477511695,6.191133100276119,3.813178774201201,james johnson,3839412.0,False,False,IND,148722330,0.0,148722330.0,3839412.0,0.020796417663860745,5.25916352202803,12.356323110708441,james johnson
1630164,James Wiseman,1610612765,DET,23.0,63,1091.0433333333333,446,336,54,12,39,66,-325,104.8,118.2,0.637,0.158,0.097,104.2,118.1,-13.8,25.367278415461655,768.8000000000001,0.00906133664712983,-5.737624071109,-3.6754881484900994,-0.4870901656523069,1.0764648512691672,-1.6953316120524948,-1.4097269170047917,0.037983182546175484,0.7042221154428394,False,-0.414666638317442,33.91929790284961,29.40463772213356,james wiseman,12119440.0,False,False,DET,139233014,0.0,139233014.0,12119440.0,0.06564571244036858,27.121836801008172,63.72233482862484,james wiseman
1641716,Jarace Walker,1610612754,IND,20.0,33,340.42333333333335,120,63,40,15,11,17,19,117.3,114.6,0.527,0.155,0.08,119.1,116.0,3.1,26.575146631155327,251.3,-0.008160714048701747,2.257390871811383,-1.0774154488735943,-0.7534410245775333,-0.8976543477450221,0.7336705782751374,-0.3955830795936834,-0.5208078683735182,0.39336735856941507,False,-0.42853764401597405,33.412986642699295,24.291752887383808,jarace walker,6059460.0,False,False,IND,148722330,0.0,148722330.0,6059460.0,0.03282144791375805,28.558088843254996,67.09678672160823,jarace walker
1630215,Jared Butler,1610612764,WAS,23.0,40,565.6516666666666,251,58,126,29,8,50,-48,107.6,111.4,0.579,0.194,0.103,107.4,112.6,-5.3,30.408820504963302,477.79999999999995,-0.00012605500289123085,-2.827614223878095,0.35039423366352024,-0.29864058464724813,0.02333787089399588,-0.8112281621824028,0.16175482351990608,0.23520355345900829,0.5070644869633387,False,-0.09801940028938473,46.095844417246006,35.87081899474303,jared butler,1809782.0,False,False,WAS,150856313,0.0,150856313.0,1809782.0,0.009802798541166518,64.37159330717472,151.2400598922333,jared butler
1631197,Jared Rhoden,1610612765,DET,24.0,17,245.01666666666668,83,33,14,3,13,7,-39,105.7,115.0,0.597,0.135,0.068,107.5,115.2,-7.7,21.81892388272906,148.49999999999997,0.002342281312421053,-1.9821388037440013,-0.7695257407905657,-1.1937169722575822,0.3062768887695692,-0.5543603936996917,-0.2753999722846392,-0.9152486101991842,0.33372325678803405,False,-0.6515263477063651,25.73533873391326,18.01925277922344,jared rhoden,2015213.2953500552,True,True,DET,139233014,0.0,139233014.0,2015213.2953500552,0.01091553013114115,31.14200568555468,73.16765925883338,jared rhoden
1628991,Jaren Jackson Jr.,1610612763,MEM,24.0,66,2124.18,1486,365,154,80,106,160,-340,106.6,113.9,0.553,0.302,0.111,104.9,112.7,-7.8,35.94780103381069,2121.1,-0.008048229952954363,-5.850034744804982,-0.32368826409836393,1.27397736048479,-0.8847605863155306,-1.7294836148408734,-0.10136968839725807,0.4981640480094526,0.9826170991980363,True,0.060601471090983905,52.41616990408483,52.00615461724712,jaren jackson,27102202.0,False,False,MEM,162649524,0.0,162649524.0,27102202.0,0.14680078939231372,36.19305971934097,85.03503235527654,jaren jackson
1629020,Jarred Vanderbilt,1610612747,LAL,25.0,29,581.2366666666667,150,138,36,36,5,28,43,113.6,109.4,0.578,0.111,0.077,113.6,109.0,4.7,21.492105912106943,347.0,-0.00018312425423158064,0.4262661538492181,1.9460556357196404,-1.0809690382779353,0.016796169981942513,0.17734817206979117,0.7846127511401938,-0.6194180538299349,0.5140024171621033,False,-0.30925411173967515,37.856411731697435,29.577255663262918,jarred vanderbilt,4640000.0,False,False,LAL,169876920,6874380.0,176751300.0,4827766.079111866,0.026149899975472735,37.65033610923574,88.45888062691249,jarred vanderbilt
1628386,Jarrett Allen,1610612739,CLE,26.0,77,2442.0616666666665,1271,811,210,53,81,121,201,115.5,110.7,0.664,0.191,0.149,114.9,109.9,5.0,33.04928827213618,2241.8999999999996,0.016110894301277205,1.9364720842569216,2.1250308715674024,1.1332826119005475,1.8845374411947184,0.6361707682744899,0.8544747809867794,1.7472263971240618,1.0,True,1.3137660206807538,90.5537522144267,90.5537522144267,jarrett allen,20000000.0,False,False,CLE,166874287,2370430.5,169244717.5,20284097.753178716,0.10987009698612284,69.74677259674625,163.86896024905704,jarrett allen
1630554,Jason Preston,1610612762,UTA,24.0,7,71.13333333333334,12,17,16,2,1,2,23,120.4,105.3,0.316,0.121,0.079,121.8,106.5,15.3,25.253983130271784,49.9,-0.03190162193479298,1.05030502175398,0.8419573312334072,-0.9959788316260408,-3.619013312929339,0.36694028513175386,0.35363385991977314,-0.5536779301923238,0.1798147194568157,False,-0.8498639621458793,19.77003617764474,12.473244476725037,jason preston,2015213.2953500552,True,True,UTA,133738448,0.0,133738448.0,2015213.2953500552,0.01091553013114115,21.55704540975006,50.64794378030111,jason preston
1631241,Javon Freeman-Liberty,1610612761,TOR,24.0,22,403.03833333333336,153,70,40,10,4,25,-159,102.6,120.7,0.547,0.17,0.08,102.0,120.3,-18.3,22.59834672467052,253.0,-0.005550460569543849,-4.7162163513346105,-3.427635088959217,-1.0605905165725817,-0.5984477318484371,-1.3850130440119834,-1.3129787956208767,-0.5208078683735182,0.4280178061999786,False,-0.9158559253773956,17.98712331568583,13.357381901269957,javon freeman liberty,849324.0,False,False,TOR,163054678,0.0,163054678.0,849324.0,0.004600417104478722,31.236891792691814,73.39059269560389,javon freeman liberty
1629750,Javonte Green,1610612741,CHI,30.0,9,230.4,110,67,5,10,8,7,28,117.8,112.8,0.681,0.159,0.121,117.6,111.5,6.2,30.015624999999996,192.1,0.016114686879073695,1.537142471859156,0.23977510675524147,-0.5278740166619537,1.884972174594012,0.5148486056391628,0.11857523663983635,0.8268646661975075,0.3236159339823562,False,0.4938502982247155,68.9294046098127,47.949166678640516,javonte green,261293.0,False,False,CHI,165630436,504654.0,166135090.0,262089.12516157358,0.002,150.08803052636944,352.6294994376881,javonte green
1630606,Javonte Smart,1610612755,PHI,25.0,1,0.6666666666666666,0,0,0,0,0,0,-3,0.0,150.0,0.0,0.0,0.0,0.0,300.0,-300.0,0.0,0.0,-0.0,-0.15020911434380357,-0.16940063862781318,-2.9887018149159807,0.03778723036543206,0.0022065745734044843,-0.04114433574148047,-3.1504128138779595,0.017407765595569783,False,-1.6924718775127796,4.527801887687431,2.525759549493906,javonte smart,2093582.7012803352,False,True,PHI,166271894,1466841.0,167738735.0,2112052.166379041,0.011440063994142968,4.294054361910689,10.08881411054795,javonte smart
1629637,Jaxson Hayes,1610612747,LAL,24.0,70,877.1333333333333,303,211,33,34,29,43,-107,109.6,114.4,0.718,0.121,0.079,110.7,114.8,-4.1,23.373869423120773,569.5,0.016740378065207017,-1.6222815212029453,-1.1846074464844851,-0.7802881218340691,1.9566935395472993,-0.44503050079291384,-0.43742490481008983,-0.5536779301923238,0.6314245558235518,True,-0.20003968942457007,42.07247703629937,35.094380176233514,jaxson hayes,2165000.0,False,False,LAL,169876920,6874380.0,176751300.0,2252610.6813097387,0.012201408070452256,58.33370843713563,137.0541430545132,jaxson hayes
1630643,Jay Huff,1610612743,DEN,26.0,20,49.325,23,11,2,2,3,1,-9,90.4,98.2,0.724,0.14,0.117,98.3,106.7,-8.4,31.018753167764824,42.5,0.020209032472140353,-1.5863596019134245,0.851239135779398,-0.5541683768686085,2.3542964371586534,-0.4341168975966768,0.3572569628767306,0.6953844189222859,0.1497346137185873,False,0.41168870682533976,65.97161982573671,40.72959665910347,jay huff,2160756.477792003,True,True,DEN,180922992,30794224.0,211717216.0,2528530.7349553932,0.013695946473064399,65.01721838304682,152.75694599254894,jay huff
1627759,Jaylen Brown,1610612738,BOS,27.0,70,2342.5216666666665,1610,387,249,83,37,166,413,120.2,111.6,0.58,0.283,0.116,118.9,110.3,8.6,34.63498381018176,2253.7,9.911564011227691e-05,5.449735299903607,1.6153349112144464,1.2644345944815836,0.04914860024663823,1.703551393192514,0.6555176781999383,0.6625143571034803,1.0,True,0.8760956064973037,80.95109694864323,80.95109694864323,jaylen brown,31830357.0,False,False,BOS,186940921,51175953.75,238116874.75,40544066.49155637,0.21960949763915605,48.929450682450025,114.95898534614987,jaylen brown
1629669,Jaylen Nowell,1610612758,SAC,24.0,13,213.7633333333333,81,24,19,4,2,7,-33,103.6,111.0,0.494,0.176,0.066,103.6,109.3,-5.8,21.4555037502534,127.39999999999999,-0.015074359177880697,-2.75739661890304,0.8386015930731556,-1.2365721900248419,-1.690147635898363,-0.7898950292862599,0.35232396540616434,-0.9809887338367954,0.31171325206855016,False,-0.9225974726240178,17.81085066331338,12.294313046888279,jaylen nowell,398160.0,False,False,SAC,153564021,0.0,153564021.0,398160.0,0.00215665879489953,37.48057599097293,88.06003186250699,jaylen nowell
1631119,Jaylin Williams,1610612760,OKC,22.0,69,896.9466666666667,276,234,110,28,27,34,124,114.7,107.9,0.561,0.133,0.096,115.3,108.2,7.0,26.56211443266786,661.8,-0.0024804191514666563,1.4465696080257877,3.0178369853313507,-0.4688860993922454,-0.24653681181718637,0.4873312481099802,1.2029768911895917,0.0051131207273699434,0.638516272543645,True,0.10087811049250746,54.01763901255819,45.23071513816509,jaylin williams,2000000.0,False,False,OKC,162515272,0.0,162515272.0,2000000.0,0.010833126355734026,78.37816919408009,184.1482926574548,jaylin williams
1628369,Jayson Tatum,1610612738,BOS,26.0,74,2645.213333333333,1987,601,364,75,43,188,608,121.7,110.5,0.604,0.296,0.155,120.4,109.4,11.0,39.53692455806967,2905.1,0.007207668655382458,6.823224628154812,2.472724370129085,2.0976434102990646,0.8639836760748407,2.1208374909086953,0.9901950858598058,1.944446768036895,1.0,True,1.703997320912336,95.58092061229868,95.58092061229868,jayson tatum,32600060.0,False,False,BOS,186940921,51175953.75,238116874.75,41524479.297191896,0.22491996554127072,57.291065550655695,134.60446976702815,jayson tatum
1630288,Jeff Dowtin Jr.,1610612755,PHI,27.0,12,142.01666666666668,52,20,27,7,1,5,21,111.0,104.1,0.689,0.124,0.139,111.8,106.0,5.7,28.948714939561082,114.2,0.013559428761038593,-0.29354765857548654,1.667904931013087,-0.6647857812437877,1.5920695349292187,-0.04134176653450522,0.676038105368601,1.4185257789360073,0.25407288384050414,False,0.5933761694343523,72.35352832302367,48.06682189634282,jeff dowtin,269237.0,False,False,PHI,166271894,1466841.0,167738735.0,271612.1931899988,0.002,150.45630887465524,353.4947637039611,jeff dowtin
201145,Jeff Green,1610612745,HOU,37.0,78,1307.3383333333334,509,178,70,16,31,46,-77,109.7,112.7,0.59,0.152,0.076,109.8,111.9,-2.1,21.04918007707773,764.4000000000001,0.001573235255466666,-2.2040801610522514,0.40516313093840234,-0.8249449325244271,0.2181231251572442,-0.6217894162687363,0.1831335707971945,-0.6522881156487405,0.7708726853182029,True,-0.4350025758728736,33.17802788633598,29.757131290120707,jeff green,8000000.0,False,False,HOU,149356730,0.0,149356730.0,8000000.0,0.0433325054229361,31.74181268886111,74.5768965084221,jeff green
203924,Jerami Grant,1610612757,POR,30.0,54,1830.1866666666667,1132,191,152,45,34,116,-351,107.8,117.5,0.573,0.255,0.1,105.9,115.1,-9.2,29.172761976920384,1483.1,-0.0016956908543157945,-4.828042201695881,-2.5760991663999606,0.30486388715139423,-0.1565854335071583,-1.4189873689384556,-0.9805862846934023,0.1365933680025921,0.9120871834989407,False,-0.2662298808822262,39.503108578243484,37.94033528719624,jerami grant,27586207.0,False,False,POR,165263993,0.0,165263993.0,27586207.0,0.14942243305321723,26.241045036681726,61.65292824187705,jerami grant
1630526,Jeremiah Robinson-Earl,1610612740,NOP,23.0,39,334.31333333333333,115,76,21,10,4,16,-22,106.2,108.1,0.564,0.144,0.09,108.3,110.4,-2.1,22.09663589048198,205.2,-0.0022535666000842143,-2.1425863920512476,1.3223739859766435,-1.1327417096322359,-0.22053328965023414,-0.6031067120259873,0.5411619417434377,-0.1921072501854633,0.3898212488572244,False,-0.38318931145361557,35.07897012736363,25.44697114470337,jeremiah robinson earl,2548843.0,False,False,NOP,167403924,3164886.0,170568810.0,2597030.6250815843,0.014066980455609862,40.243086423805124,94.55050727020352,jeremiah robinson earl
1631110,Jeremy Sochan,1610612759,SAS,21.0,74,2193.095,861,476,249,62,40,140,-344,108.1,115.0,0.513,0.187,0.082,106.6,114.1,-7.5,25.66017431985391,1563.2,-0.012463506626498238,-4.566040958076033,-1.367993172231011,0.08824518723849761,-1.390872349899652,-1.3393875684171679,-0.509008545892364,-0.45506774473590716,0.9984294485021782,True,-0.6003492962425253,27.413673584668764,27.394299020919625,jeremy sochan,5316960.0,False,False,SAS,142867770,0.0,142867770.0,5316960.0,0.028799649754191792,33.71321445800095,79.20867438307558,jeremy sochan
1630579,Jericho Sims,1610612752,NYK,25.0,45,584.7833333333333,92,147,25,8,19,16,-10,109.0,109.7,0.702,0.06,0.074,108.1,110.0,-1.9,16.196768033744696,263.1,0.0073410139166315775,-2.3433982735532193,1.5633924461398456,-1.5498962146399822,0.8792686990363143,-0.6641162915570459,0.635242213674591,-0.7180282392863515,0.5155682360857834,False,-0.4753233322728221,31.727826556768846,24.81134141394191,jericho sims,1927896.0,False,False,NYK,164990518,0.0,164990518.0,1927896.0,0.010442570484357103,43.55049974058029,102.32122355076037,jericho sims
1631257,Jermaine Samuels Jr.,1610612745,HOU,25.0,14,60.13166666666667,20,13,3,1,2,0,-13,104.4,114.0,0.672,0.098,0.096,110.0,120.8,-10.8,23.64810554616259,39.5,0.009050322730498253,-0.5418140733100764,-0.5689565739921495,-1.1277216695852283,1.075202354446765,-0.1167687256434561,-0.1971088665302395,0.0051131207273699434,0.1653256657557312,False,-0.16619776683713572,43.40006584070368,27.09885136291763,jermaine samuels,2093582.7012803352,True,True,HOU,149356730,0.0,149356730.0,2093582.7012803352,0.011340022969574417,46.212716615325924,108.57606079956538,jermaine samuels
1629010,Jerome Robinson,1610612744,GSW,27.0,22,80.71666666666667,31,6,5,1,3,2,27,107.8,95.4,0.41,0.188,0.034,113.6,97.7,15.8,21.22981622960975,47.60000000000001,-0.03189415639455439,-0.21225147995429866,2.223935454790085,-1.3095834253279728,-3.618157557329945,-0.01664280132356575,0.8930816581468386,-2.032830712038572,0.19154475701358661,False,-1.3485028750195656,8.874834804626913,5.646126776829395,jerome robinson,2351082.1779083977,True,True,GSW,209354737,202409974.75,411764711.75,4624173.730957965,0.025047129159166837,7.296436958892219,17.142865446826974,jerome robinson
1641724,Jett Howard,1610612753,ORL,20.0,18,66.51666666666667,29,7,6,2,2,3,4,95.2,91.9,0.457,0.22,0.067,99.8,97.7,2.1,25.166624906038585,46.5,-0.026982948972350866,-1.743242507867853,2.0430078690987163,-1.0051171705567277,-3.0551985326616684,-0.48178021341395477,0.8224575389396833,-0.9481186720179898,0.17388170831012814,False,-0.9428930753149698,17.28677986052522,10.86036358928703,jett howard,5026824.0,False,False,ORL,132643598,0.0,132643598.0,5026824.0,0.02722810978001817,13.630561164332745,32.02479200757432,jett howard
1628975,Jevon Carter,1610612741,CHI,28.0,72,1003.6016666666668,357,60,94,37,16,36,27,110.0,108.6,0.485,0.168,0.053,109.6,108.5,1.1,21.292910035688127,593.6,-0.015901161033431577,-2.033796170846127,2.830132464683425,-0.9248653318560491,-1.7849217975618523,-0.5700546555282743,1.1297074315253572,-1.4082995374812672,0.6754128927978617,True,-0.8374965474431078,20.115675841030185,17.177495777235016,jevon carter,6190476.0,False,False,CHI,165630436,504654.0,166135090.0,6209337.560415768,0.03363326918869464,20.02240144868291,47.04232160038249,jevon carter
202710,Jimmy Butler III,1610612748,MIA,34.0,60,2042.0583333333332,1246,318,298,79,17,102,215,116.0,110.5,0.626,0.235,0.145,115.4,109.3,6.2,34.39118209976046,1950.8,0.010892304506807024,2.275738345903639,2.4100237056383502,1.0348188464228825,1.2863439689425074,0.7392448086018153,0.9657202155052362,1.6157461498488397,0.9634356923704526,False,1.1921249055178063,88.33938636366491,86.885855539202,jimmy butler,45183960.0,False,False,MIA,177143542,20873855.0,198017397.0,50508249.097515054,0.2735811222401348,48.628898330250955,114.25284225706352,jimmy butler
1629111,Jock Landale,1610612745,HOU,28.0,56,763.46,274,172,65,20,33,31,161,114.9,105.3,0.584,0.139,0.092,114.5,105.9,8.6,26.02886857202735,552.0,0.0006046822401964899,1.119669100622789,4.302413304212639,-0.5866127430786933,0.10710039409707331,0.38801410434351036,1.7044044138566823,-0.12636712654785223,0.5890902076314567,False,0.1453645131105609,55.77884592732876,45.46481262797872,jock landale,8000000.0,False,False,HOU,149356730,0.0,149356730.0,8000000.0,0.0433325054229361,48.497133419933704,113.94326264431446,jock landale
203925,Joe Harris,1610612765,DET,32.0,16,169.97833333333332,39,13,10,3,2,4,-48,104.9,119.4,0.489,0.104,0.022,107.4,120.8,-13.4,14.21122299900968,67.10000000000001,-0.009427575877838594,-1.6255134752633864,-1.8926252384600117,-1.8401888036077945,-1.0428714478202534,-0.4460124155920602,-0.7137958780378164,-2.427271453864238,0.2779620096126066,False,-1.5186305982787394,6.442775235635721,4.349407417990484,joe harris,19928571.0,False,False,DET,139233014,0.0,139233014.0,19928571.0,0.1079443638661084,3.3708202502044644,7.919689887030565,joe harris
204060,Joe Ingles,1610612753,ORL,36.0,68,1169.0316666666668,296,142,203,43,5,67,165,116.1,110.3,0.612,0.111,0.081,114.5,109.7,4.9,21.260673007146938,690.4,0.0035908757457684226,1.6340603211930351,1.9892915994131617,-0.8600255952790266,0.4494000444370811,0.5442936623394378,0.8014896792341565,-0.4879378065547127,0.7289568096279987,True,-0.09211023288456913,46.33052291757876,40.67961518314611,joe ingles,11000000.0,False,False,ORL,132643598,0.0,132643598.0,11000000.0,0.05958219495653714,38.81606934075967,91.19775277060378,joe ingles
203954,Joel Embiid,1610612755,PHI,30.0,39,1309.371666666667,1353,430,219,46,66,150,267,119.8,109.5,0.644,0.387,0.225,118.4,108.4,10.0,54.54280233648962,1983.7999999999997,0.0249035397622737,4.452653514498476,2.851311368270037,2.6201852450098877,2.8924156852692997,1.4006233989391117,1.13797450371262,4.245351095353281,0.7714719303992462,False,2.743303678046611,99.69587796739724,89.44339002482852,joel embiid,47607350.0,False,False,PHI,166271894,1466841.0,167738735.0,48027339.279013984,0.2601431174696332,50.95061440632306,119.70767816150229,joel embiid
1628381,John Collins,1610612762,UTA,26.0,68,1901.06,1027,575,77,40,61,98,-307,114.2,121.7,0.621,0.199,0.111,112.8,121.0,-8.1,30.490147601864223,1610.1,0.008228696156828075,0.43780699993425326,-6.729853119210989,0.4953522399952617,0.9810214219812062,0.18085444949627774,-2.60198201160556,0.4981640480094526,0.9295795726123621,True,0.057271353382439744,52.28354802122386,50.62672461257535,john collins,25340000.0,False,False,UTA,133738448,0.0,133738448.0,25340000.0,0.1372557109271501,36.07195462305982,84.75049781024184,john collins
1629723,John Konchar,1610612763,MEM,28.0,55,1173.5733333333333,235,257,110,51,51,46,-151,106.3,112.2,0.537,0.096,0.082,105.0,111.2,-6.1,22.046513213206392,718.7,-0.004094377733389468,-5.109953278103466,0.8275453443498871,-0.7794103036188815,-0.43154071636141766,-1.5046360671535854,0.34800821761772016,-0.45506774473590716,0.7303714289609254,False,-0.569598184210085,28.447513015242247,24.995894987480387,john konchar,2400000.0,False,False,MEM,162649524,0.0,162649524.0,2400000.0,0.01299975162688083,40.63655804542522,95.47496274135752,john konchar
1631098,Johnny Davis,1610612764,WAS,22.0,50,613.48,152,72,32,18,10,13,-150,104.9,115.2,0.462,0.117,0.036,104.5,115.6,-11.1,16.9355154202256,288.6,-0.013765022862568416,-4.488674325713172,-1.4654802446640518,-1.474879984197783,-1.5400617951540845,-1.3158824566932594,-0.5470621052672853,-1.9670905884009608,0.5280668001820844,False,-1.4692981261369285,7.087597243102802,5.582404642421638,johnny davis,5050800.0,False,False,WAS,150856313,0.0,150856313.0,5050800.0,0.027357977298770708,6.994672933719004,16.433875550884288,johnny davis
1630548,Johnny Juzang,1610612762,UTA,23.0,20,371.8033333333333,144,36,23,4,2,13,-8,114.3,116.1,0.62,0.147,0.064,111.5,115.3,-3.7,18.97777498856923,196.0,0.005931484095747372,-0.07977017786759591,-1.2111409359215952,-1.3809554718233779,0.7176979354765464,0.02360695120891832,-0.447782111058256,-1.0467288574744065,0.4110979386369082,False,-0.6152291088540851,26.920171336711864,19.78616636011511,johnny juzang,1802496.3363964383,True,True,UTA,133738448,0.0,133738448.0,1802496.3363964383,0.00976333528396514,35.557218325296056,83.54113286364169,johnny juzang
202685,Jonas Valančiūnas,1610612740,NOP,32.0,82,1924.8316666666667,1002,721,173,33,68,111,158,117.3,113.4,0.619,0.207,0.135,116.4,112.3,4.1,33.70455771457071,1802.1,0.008145498012378951,3.1378562526643754,0.031847570781363466,0.8781394671758396,0.9714846335243515,1.0011688073426586,0.03741183067852102,1.2870455316607852,0.9353734467304943,True,0.9071583170240252,81.7838458620453,79.40541223001047,jonas valanciunas,15435000.0,False,False,NOP,167403924,3164886.0,170568810.0,15726809.2613528,0.0851852559503815,66.85717882395221,157.07990450553723,jonas valanciunas
1628371,Jonathan Isaac,1610612753,ORL,26.0,58,914.61,393,260,30,43,70,27,182,113.0,102.1,0.61,0.16,0.136,113.6,102.3,11.4,32.032013645160234,813.8000000000001,0.004856037111017546,0.3575107552190105,6.82760033533372,0.06094922600177971,0.5944222247279458,0.15645927879542537,2.690097718859235,1.3199155934795908,0.6447726872176102,False,0.9273588679017131,82.31298804252192,69.1550683452766,jonathan isaac,17400000.0,False,False,ORL,132643598,0.0,132643598.0,17400000.0,0.09424819929488602,56.20228032747032,132.04638577525003,jonathan isaac
1630228,Jonathan Kuminga,1610612744,GSW,21.0,74,1949.513333333333,1188,355,163,55,36,122,125,115.1,112.2,0.598,0.237,0.109,115.0,110.9,4.0,31.15054355445975,1686.9,0.004349004970694737,1.777159460677076,1.0824896521930385,0.5999806436085893,0.5363024397844036,0.5877692687919966,0.44752437000265394,0.4324239243718415,0.9413513819198568,True,0.5154617500005579,69.68848041393528,67.84927053136319,jonathan kuminga,6012840.0,False,False,GSW,209354737,202409974.75,411764711.75,11826220.72410461,0.06405747170751279,63.12061889851736,148.30091492519546,jonathan kuminga
1629007,Jontay Porter,1610612765,DET,24.0,26,359.73833333333334,115,82,60,20,20,21,-72,105.8,115.0,0.514,0.155,0.093,107.6,114.6,-7.0,31.122621535097267,311.0,-0.010175714048701748,-2.4800397530828335,-0.8284364710787165,-0.35933248672020796,-1.1286285944400682,-0.7056299666954448,-0.2983954620135966,-0.09349706472904667,0.40437287772849484,False,-0.4377803445711325,33.07727603077543,24.21150080011948,jontay porter,2015213.2953500552,True,True,DET,139233014,0.0,139233014.0,2015213.2953500552,0.01091553013114115,41.84383807759796,98.31144844866641,jontay porter
203903,Jordan Clarkson,1610612762,UTA,32.0,55,1682.3416666666667,942,188,277,35,6,146,-191,113.9,119.7,0.521,0.255,0.09,112.2,119.0,-6.8,28.802710507675314,1346.0,-0.014955690854315778,0.05624025475731742,-5.010681169855742,0.18079883504554745,-1.6765449924035882,0.06492890509042631,-1.9309123998329498,-0.1921072501854633,0.8744717019868382,False,-0.543811739366169,29.328551481133612,27.67184806335547,jordan clarkson,23487629.0,False,False,UTA,133738448,0.0,133738448.0,23487629.0,0.12722222637680142,20.247276367735065,47.57066173425825,jordan clarkson
1630259,Jordan Ford,1610612758,SAC,26.0,6,21.816666666666663,12,2,2,0,0,1,14,128.9,100.0,0.761,0.184,0.119,139.7,108.3,31.4,24.42169595110772,14.799999999999999,0.03336844267767018,0.9437541365835633,0.32611573640744096,-1.084925720230333,3.862725647666521,0.33456857159424896,0.15227784145643664,0.7611245425598965,0.09958246164193103,False,0.6095417418179666,72.89172931687668,43.35688315170253,jordan ford,2160756.477792003,True,True,SAC,153564021,0.0,153564021.0,2160756.477792003,0.011703873973945787,73.12538650446159,171.80696121350803,jordan ford
1630692,Jordan Goodwin,1610612763,MEM,25.0,57,1055.77,368,253,155,48,18,56,-93,105.6,109.7,0.451,0.182,0.097,105.0,109.5,-4.5,28.141356545459715,825.3000000000001,-0.023414257786217536,-5.135115707796713,2.1716520466978686,-0.23270398574671802,-2.6461286773741266,-1.5122807804249452,0.8726731083308932,0.037983182546175484,0.6927448697359329,False,-0.5396414940930537,29.47221474700855,25.397244615440346,jordan goodwin,2208045.0,False,False,MEM,162649524,0.0,162649524.0,2208045.0,0.01196001524207337,42.51145689137577,99.8800084950073,jordan goodwin
1641722,Jordan Hawkins,1610612740,NOP,22.0,67,1160.58,524,148,70,19,7,40,12,113.4,114.3,0.533,0.188,0.067,113.1,113.9,-0.8,22.501163211497698,725.4,-0.008770156394554375,0.2886144974805161,-0.8945083508046989,-0.7394991823434229,-0.9675131500960753,0.13552759046876772,-0.32418626827554753,-0.9481186720179898,0.726316985644948,True,-0.6427361713766809,26.019765304328637,22.81523979374379,jordan hawkins,4310196.0,False,False,NOP,167403924,3164886.0,170568810.0,4391683.211599986,0.02378782957280923,30.02108227043684,70.53406708366296,jordan hawkins
1629162,Jordan McLaughlin,1610612750,MIN,28.0,56,626.12,195,72,110,35,7,19,155,111.1,100.1,0.638,0.119,0.108,112.8,100.3,12.5,26.66709257011435,463.79999999999995,0.006943677601319302,-0.38199528947152117,6.9833965997474055,-0.5984860521048567,0.8337230632478091,-0.06821344728927345,2.7509119606893933,0.399553862553036,0.5334791467339656,False,0.49770788223688595,69.06550241947363,54.56627871548255,jordan mclaughlin,2420000.0,False,False,MIN,166434327,1710490.5,168144817.5,2444870.993169576,0.013242798196237478,88.13672604787095,207.07587060299858,jordan mclaughlin
1641757,Jordan Miller,1610612746,LAC,24.0,8,28.191666666666663,13,5,0,0,0,1,-13,95.2,119.7,0.658,0.153,0.084,102.0,116.8,-14.9,19.282293822051436,15.1,0.011987585487410534,-0.7219915876913483,-0.27647054760577716,-1.483188834674252,1.4118931994210717,-0.1715092833790536,-0.0829385043104348,-0.3893276210982961,0.11320067994227746,False,-0.3139786832383144,37.676861449537554,22.64154464762604,jordan miller,2015213.2953500552,True,True,LAC,201366679,150454243.75,351820922.75,3520911.228357323,0.01907123811205879,32.188366256038506,75.62606718721392,jordan miller
1629670,Jordan Nwora,1610612761,TOR,25.0,52,711.3933333333333,364,149,62,26,13,53,-199,103.1,116.8,0.565,0.213,0.103,104.0,117.2,-13.2,28.54623321369332,564.1000000000001,-0.0031204005959579004,-5.383366763711293,-2.501623437742906,-0.3830172279164681,-0.3198962321845176,-1.5877030733002855,-0.9515150807715864,0.23520355345900829,0.5686480511358551,False,-0.4540603988798731,32.48926776049005,26.182828725944663,jordan nwora,3000000.0,False,False,TOR,163054678,0.0,163054678.0,3000000.0,0.01624968953360104,39.368265824455584,92.49512984293955,jordan nwora
1629673,Jordan Poole,1610612764,WAS,25.0,78,2345.555,1356,212,343,86,25,188,-552,108.4,119.5,0.529,0.256,0.076,107.8,117.9,-10.1,30.091641423884756,1960.6000000000001,-0.012966340622371916,-3.9294148014024817,-4.747795919401308,0.7082811708948571,-1.4485109123857973,-1.1459712533733502,-1.8282965428040097,-0.6522881156487405,1.0,True,-0.6820329482553815,24.760905856173892,24.760905856173892,jordan poole,27955357.0,False,False,WAS,150856313,0.0,150856313.0,27955357.0,0.15142195735032685,17.046134969062823,40.049629676710346,jordan poole
1641775,Jordan Walsh,1610612738,BOS,20.0,9,83.47333333333333,15,20,5,5,1,3,47,120.1,90.2,0.472,0.092,0.058,123.2,93.3,29.9,19.321140483986902,44.8,-0.009903778661164911,1.3094474600978931,2.9642786006741715,-1.4595160684945474,-1.0974573431814845,0.4456715388990274,1.1820706610637797,-1.2439492283872395,0.19478815221266474,False,-0.6585210571226102,25.51016854102115,16.266678064294258,jordan walsh,1119563.0,False,False,BOS,186940921,51175953.75,238116874.75,1426048.6212418643,0.007724282451666705,31.730287989100443,74.54981940511465,jordan walsh
1630631,Jose Alvarado,1610612740,NOP,26.0,56,1028.37,397,128,117,59,15,40,240,117.3,105.2,0.54,0.168,0.081,117.4,104.9,12.6,26.402170425041575,754.2,-0.006661161033431569,3.0634744628455786,5.221428715553892,-0.4170087028216966,-0.7257644578783649,0.9785705343337588,2.0631371837422745,-0.4879378065547127,0.6836965036409862,False,0.09675797135781236,53.85406993675097,46.18866616038023,jose alvarado,1836096.0,False,False,NOP,167403924,3164886.0,170568810.0,1870808.6541971383,0.010133353269159161,81.93081973543137,192.49518999283978,jose alvarado
1630581,Josh Giddey,1610612760,OKC,21.0,80,2011.5583333333332,986,514,386,52,44,168,376,119.6,111.5,0.547,0.223,0.122,118.7,110.9,7.8,33.169507885677355,1853.3999999999999,-0.007280898276519283,5.008119392791014,1.3136058977480303,0.8723425729884916,-0.7968033377151139,1.5693820372477971,0.5377393652142137,0.8597347280163131,0.9562137297538124,True,0.6725537713640514,74.9384389822637,73.46186534876652,josh giddey,6587040.0,False,False,OKC,162515272,0.0,162515272.0,6587040.0,0.03567911831513713,83.87692594534023,197.06753634348476,josh giddey
1630182,Josh Green,1610612742,DAL,23.0,57,1504.72,469,184,130,47,9,60,-100,116.7,118.8,0.588,0.129,0.063,115.8,117.8,-2.0,19.55127864320272,817.1999999999999,0.001077179920757894,2.5166899317153995,-4.06809990721316,-0.9043508488614277,0.16126158309599478,0.8124494159575455,-1.5629808254357993,-1.079598919293212,0.8270209407044276,False,-0.6383578619606594,26.16203771619956,24.12556961316799,josh green,4765339.0,False,False,DAL,167755884,3692826.0,171448710.0,4870238.854111908,0.026379956444599794,30.616612913071105,71.9332570901907,josh green
1628404,Josh Hart,1610612752,NYK,29.0,81,2706.7716666666665,761,675,331,75,23,118,346,117.2,110.6,0.522,0.133,0.1,114.7,110.0,4.7,23.17786933142372,1742.7,-0.007667419151466661,2.441885418370373,2.144064691112786,0.02065495923315852,-0.8411092275031441,0.7897227133736612,0.8619045310461966,0.1365933680025921,1.0,True,0.16771945274657432,56.65980040535634,56.65980040535634,josh hart,12960000.0,False,False,NYK,164990518,0.0,164990518.0,12960000.0,0.07019865878515649,51.0487895370377,119.93833910814618,josh hart
1631169,Josh Minott,1610612750,MIN,21.0,32,91.42833333333331,50,17,8,5,5,2,20,105.5,99.5,0.593,0.173,0.124,110.2,103.4,6.7,35.94946861840787,91.3,0.002309590126287719,-0.6936479217095415,1.6912226171734857,-0.1379287703435812,0.30252958252107576,-0.16289806410763902,0.6851400399394639,0.9254748516539242,0.20385861113363182,False,0.366875996663217,64.31442416115854,41.27290542204609,josh minott,1719864.0,False,False,MIN,166434327,1710490.5,168144817.5,1737539.5065275205,0.009411492511146188,75.12942419349996,176.51541667568895,josh minott
1629006,Josh Okogie,1610612756,PHX,25.0,60,959.715,277,154,64,48,24,36,6,112.8,111.5,0.552,0.125,0.068,112.3,111.2,1.2,21.666432222065925,577.6,-0.0034562210070175348,-0.2018719883813333,0.9599815310389261,-0.9070355817642702,-0.3583904587201602,-0.013489360342502267,0.39970397755574694,-0.9152486101991842,0.6604801972119156,False,-0.4971598547268602,30.953816436725578,26.224571293264543,josh okogie,2815937.0,False,False,PHX,193838882,78815748.5,272654630.5,3960909.46421306,0.021454516354721422,35.77686940020664,84.05719965674324,josh okogie
1626196,Josh Richardson,1610612748,MIA,30.0,43,1102.83,425,121,105,24,14,36,-107,108.7,113.7,0.573,0.159,0.08,108.4,112.4,-4.0,22.429204863850277,687.1,-0.001057313120926319,-2.9497087628784406,-0.09624441127964477,-0.7717217988864873,-0.08340984240218312,-0.8483222645419605,-0.012588192126122012,-0.5208078683735182,0.7080157933523542,False,-0.4908208550942172,31.177657916341307,27.081135246015734,josh richardson,2891467.0,False,False,MIA,177143542,20873855.0,198017397.0,3232185.3926314684,0.017507336381767245,39.67028611989823,93.20472184190479,josh richardson
1630563,Joshua Primo,1610612746,LAC,21.0,2,10.266666666666667,2,1,0,0,1,4,-1,91.7,104.5,0.333,0.259,-0.076,96.7,89.3,7.4,-3.1558441558441537,-0.8999999999999995,-0.06388228992654034,-0.36431733868804017,0.35009387772914696,-3.2340090736005145,-7.284874701613319,-0.0628426279124313,0.16163758118102947,-5.648537512107178,0.06831300510639733,False,-3.5809754842839903,0.017115688812467944,0.009939779708617903,joshua primo,1119562.9418611417,False,True,LAC,201366679,150454243.75,351820922.75,1956061.793531846,0.010595132284477105,0.01735861290762911,0.04078379174596737,joshua primo
201950,Jrue Holiday,1610612738,BOS,34.0,69,2263.278333333333,860,373,333,61,53,124,427,120.6,110.9,0.597,0.161,0.099,119.8,109.8,9.9,26.30714884824153,1653.9,0.0027933873429614037,5.9897161620454105,2.0804995915737656,0.20150256097271207,0.3579860081659216,1.8676054576616345,0.8370922330756908,0.10372330618378657,1.0,True,0.540895186933801,70.57100857172657,70.57100857172657,jrue holiday,37620347.0,False,False,BOS,186940921,51175953.75,238116874.75,47919093.40518622,0.2595567968553017,40.231893739140034,94.52421023121265,jrue holiday
1629308,Juan Toscano-Anderson,1610612758,SAC,31.0,11,52.66333333333333,7,14,4,1,1,2,-9,99.1,99.2,0.292,0.106,0.013,102.2,104.5,-2.4,16.269384138236596,23.799999999999997,-0.030490875413950874,-1.1289058554987206,0.9910283056574734,-1.710735731507702,-3.457303082195264,-0.2951357749911675,0.41182292063056497,-2.7231020102334877,0.15471870859039247,False,-1.7457069264303517,4.043094545358718,2.5051960649923375,juan toscano anderson,447931.0,False,False,SAC,153564021,0.0,153564021.0,447931.0,0.002426246560825149,7.32892011284484,17.21918411313433,juan toscano anderson
1631262,Jules Bernard,1610612764,WAS,24.0,19,149.275,74,26,16,3,1,8,26,111.2,104.9,0.544,0.189,0.086,109.6,106.3,3.3,27.010550996482998,111.99999999999999,-0.006737806162610514,-0.5901900170145647,1.6185960822359091,-0.8165873329811798,-0.7345500911165541,-0.13146604316647334,0.6567906589347147,-0.3235874974606855,0.2604846880860231,False,-0.3326069037857476,36.97155156785349,24.668088747513305,jules bernard,2015213.2953500552,True,True,WAS,150856313,0.0,150856313.0,2015213.2953500552,0.01091553013114115,42.63294207807511,100.16543605658327,jules bernard
1630577,Julian Champagnie,1610612759,SAS,23.0,74,1467.875,504,206,103,48,42,57,-141,109.1,113.5,0.57,0.14,0.068,109.5,112.8,-3.3,22.126679724090952,902.2000000000002,-0.0013509675278596523,-2.586134023642471,-0.22368584477001444,-0.6455425444036604,-0.11707068876948196,-0.7378629540519935,-0.06233427676192662,-0.9152486101991842,0.8168328526026051,True,-0.5735504070981807,28.313603969823664,25.979849037562193,julian champagnie,3000000.0,False,False,SAS,142867770,0.0,142867770.0,3000000.0,0.01624968953360104,39.06306739028915,91.77807085634456,julian champagnie
1641763,Julian Phillips,1610612741,CHI,20.0,40,322.55,89,36,13,7,7,10,-4,112.1,111.7,0.521,0.121,0.03,113.2,113.8,-0.6,16.496047124476824,147.8,-0.0070966219347929765,-0.018447904111577776,-0.07053694977845186,-1.6069010256706235,-0.7756802165171226,0.04223755269405203,-0.0025534214821879963,-2.164310959313794,0.38290160141168955,False,-1.161417957007583,12.273598493589033,8.865290404699671,julian phillips,1600000.0,False,False,CHI,165630436,504654.0,166135090.0,1604874.9880728445,0.008692906765475131,16.592457059548,38.983720466115166,julian phillips
1631124,Julian Strawther,1610612743,DEN,22.0,50,545.415,227,61,47,17,7,23,-103,105.6,115.4,0.482,0.193,0.055,106.5,115.6,-9.1,23.411897362558786,354.7,-0.018846405234835086,-3.478337577870081,-1.4294528366330568,-0.9267658671173988,-2.1225275349078214,-1.0089274114556654,-0.5329989984735753,-1.342559413843656,0.4979115474568842,False,-1.1841273826580059,11.818132108328339,9.14794566032903,julian strawther,2431044.0,False,False,DEN,180922992,30794224.0,211717216.0,2844822.8827295983,0.015409162874146629,14.012847756581987,32.9229684257325,julian strawther
203944,Julius Randle,1610612752,NYK,29.0,46,1630.095,1102,423,229,25,12,159,218,119.7,113.8,0.569,0.287,0.134,116.8,113.2,3.6,34.78545728929909,1575.1,-0.003056483432112287,3.943395195546142,-0.5049852011426225,0.8040314327589216,-0.31256957274524994,1.245903291345924,-0.17213798193734403,1.2541754698419796,0.8607858460309815,False,0.6914398596418239,75.53554187988544,70.80351442905561,julius randle,26943840.0,False,False,NYK,164990518,0.0,164990518.0,26943840.0,0.14594301161434034,49.37602815882562,116.00821219923196,julius randle
1630551,Justin Champagnie,1610612764,WAS,23.0,15,234.8383333333333,89,53,19,10,9,10,-59,106.4,117.5,0.526,0.162,0.088,105.9,119.7,-13.9,27.394164780025974,178.7,-0.008691262425094728,-2.1434255235893183,-1.9302140303324065,-0.7404446930616704,-0.9584697381036565,-0.6033616524305393,-0.7284684626959534,-0.2578473738230744,0.3267180695488037,False,-0.6060103633968623,27.22539357510111,18.97672908050916,justin champagnie,1802496.3363964383,True,True,WAS,150856313,0.0,150856313.0,1802496.3363964383,0.00976333528396514,34.102599095489126,80.12352754841216,justin champagnie
203200,Justin Holiday,1610612743,DEN,35.0,58,862.0133333333333,234,71,67,36,9,14,55,112.8,109.1,0.598,0.104,0.059,113.3,109.2,4.0,19.0062025336035,455.09999999999997,0.0019084241221614038,0.18541024529984518,2.291161157179167,-1.1985078469925394,0.25654495939316635,0.10417263286234625,0.9193228529384947,-1.2110791665684342,0.6259586587181636,False,-0.470944644939564,31.884013263717826,26.51734067474383,justin holiday,3196448.0,False,False,DEN,180922992,30794224.0,211717216.0,3740503.4272745615,0.020260673130860753,36.90851798742575,86.71599045738826,justin holiday
1628382,Justin Jackson,1610612750,MIN,29.0,2,0.7,0,0,0,0,0,0,0,0.0,0.0,0.0,0.0,0.0,0.0,0.0,0.0,0.0,0.0,-0.0,-0.15770907012290303,0.15767142854675173,-2.9887018149159807,0.03778723036543206,-7.202141983059342e-05,0.08652650324749707,-3.1504128138779595,0.017837651700316894,False,-1.6736630410634183,4.7098420644686305,2.628218770497019,justin jackson,145301.0,False,False,MIN,166434327,1710490.5,168144817.5,146794.29759443496,0.002,8.226716049103981,19.328541738055847,justin jackson
1631303,Justin Minaya,1610612757,POR,25.0,34,380.98333333333335,61,56,21,9,10,9,-81,99.9,108.4,0.391,0.093,0.027,98.7,110.5,-11.7,14.816396167811366,156.8,-0.01754442842922105,-5.893047895978726,1.3493034678431306,-1.7308680553409457,-1.9732852957558984,-1.7425516377476267,0.5516737215268146,-2.2629211447702104,0.41614209403068375,False,-1.5862178390628063,5.634495122187104,4.154110086731584,justin minaya,2093582.7012803352,True,True,POR,165263993,0.0,165263993.0,2093582.7012803352,0.011340022969574417,7.084164183050625,16.644133852930025,justin minaya
203994,Jusuf Nurkić,1610612756,PHX,29.0,76,2078.035,829,837,301,81,80,175,404,120.5,111.3,0.559,0.187,0.12,118.6,110.0,8.6,33.42677096391543,1929.5,-0.0038615066264982307,5.282034615125535,1.8217787096366718,0.9452280328476741,-0.4048473027181199,1.6526014783326188,0.7361019151123791,0.7939946043787021,0.9718854683739044,True,0.7720838031345609,77.9967602720398,77.00998119950923,jusuf nurkic,16875000.0,False,False,PHX,193838882,78815748.5,272654630.5,23736449.788683265,0.12856997989867103,56.14016169676678,131.9004390160453,jusuf nurkic
1630231,KJ Martin,1610612755,PHI,23.0,60,746.495,224,131,51,22,12,32,-7,110.7,110.5,0.563,0.127,0.058,110.6,111.1,-0.6,19.999062284409135,414.7,-0.0021145205431298284,-1.2977895313421406,1.1499125715830896,-1.1496330936103623,-0.2045947991981469,-0.34644509979705784,0.47384254739999127,-1.2439492283872395,0.5825082910061531,False,-0.6721726446580445,25.073689688207402,20.363063786787407,kj martin,1930681.0,False,False,PHI,166271894,1466841.0,167738735.0,1947713.3557433044,0.010549912443758976,35.61488248779126,83.67661391889217,kj martin
1629232,Kaiser Gates,1610612740,NOP,27.0,1,7.433333333333334,0,1,0,0,0,0,-2,81.3,88.2,0.0,0.222,-0.15,80.2,94.5,-14.2,3.390134529147982,0.7,-0.12868224850846316,-0.471211391085845,0.304698603894386,-2.7253685175489024,-14.712726621876248,-0.09531860066057254,0.14391777787686943,-8.080922086698786,0.058127341920888476,False,-5.305237872095853,5.626308063279557e-06,3.2416384844496833e-06,kaiser gates,35389.0,False,False,NOP,167403924,3164886.0,170568810.0,36058.0533171373,0.002,1.0146811081625505e-05,2.3839775230935198e-05,kaiser gates
1626157,Karl-Anthony Towns,1610612750,MIN,28.0,62,2025.565,1349,515,189,43,41,177,321,116.3,109.1,0.625,0.268,0.14,114.9,108.1,6.8,33.81989716449484,1902.8999999999999,0.012153862160954394,2.12773500323663,3.432761405391668,0.9572038190334754,1.4309530651355884,0.6942792336678603,1.364940428105884,1.4513958407548129,0.959537056937544,False,1.1982456160212127,88.45892941909135,86.84824053808862,karl anthony towns,36016200.0,False,False,MIN,166434327,1710490.5,168144817.5,36386348.20834466,0.19708895388236705,54.51985829493326,128.09356130886297,karl anthony towns
202695,Kawhi Leonard,1610612746,LAC,33.0,68,2330.04,1613,416,244,111,59,119,392,119.3,111.1,0.626,0.261,0.154,117.9,109.4,8.4,37.72055415357677,2441.4,0.012097410537347376,4.654213921353513,2.2230740606879116,1.634241218600735,1.424482161295716,1.4618603913937347,0.8927454175480168,1.9115767062180895,1.0,True,1.5488965120512308,93.92967002209815,93.92967002209815,kawhi leonard,45640084.0,False,False,LAC,201366679,150454243.75,351820922.75,79740782.07481146,0.4,46.026430271531545,108.13838392464132,kawhi leonard
1631099,Keegan Murray,1610612758,SAC,23.0,77,2588.5666666666666,1172,420,129,79,59,64,138,116.2,113.4,0.569,0.178,0.082,114.2,112.5,1.7,25.711835378652278,1848.8,-0.0018956587139929864,1.837943343296646,-0.06694810790321785,0.29092896048589756,-0.17950723288788292,0.6062362991945218,-0.0011525361752646277,-0.45506774473590716,1.0,True,4.83962204084476e-05,50.0019307298525,50.0019307298525,keegan murray,8409000.0,False,False,SAC,153564021,0.0,153564021.0,8409000.0,0.045547879762683714,52.414133387280366,123.14619330399964,keegan murray
1628966,Keita Bates-Diop,1610612751,BKN,28.0,53,664.59,197,110,38,25,22,15,-55,109.3,113.1,0.534,0.128,0.078,110.7,114.0,-3.3,21.949171669751273,405.2,-0.005843170311185958,-1.5219874390240902,-0.4907026418477281,-1.0050445134071202,-0.6320002936727983,-0.41455969529366204,-0.166562861005003,-0.5865479920111293,0.54962383830795,False,-0.6091939534508384,27.119794384896334,21.623445379470088,keita bates diop,2346614.0,False,False,BKN,155015136,0.0,155015136.0,2346614.0,0.012710582985067222,35.431739342987115,83.24632194123586,keita bates diop
1629640,Keldon Johnson,1610612759,SAS,24.0,69,2038.361666666667,1084,377,195,51,20,100,-347,108.5,116.1,0.565,0.212,0.098,107.7,115.8,-8.2,28.842575368944175,1633.1000000000001,-0.00310575082790176,-3.8441049958464903,-2.5213941409431704,0.38361149578391746,-0.31821696710212355,-1.1200528897390936,-0.9592324694400375,0.07085324436498103,0.9625632604161819,True,-0.24246650168671452,40.42093551542781,39.739982898946394,keldon johnson,20000000.0,False,False,SAS,142867770,0.0,142867770.0,20000000.0,0.10833126355734025,30.760212845386494,72.27064290353019,keldon johnson
203482,Kelly Olynyk,1610612761,TOR,33.0,78,1758.73,762,411,347,74,30,152,-262,111.7,119.1,0.661,0.171,0.116,110.2,118.5,-8.4,31.63532776492128,1545.5,0.01391088966240001,-1.5627587308257866,-4.640580797879491,0.5392020185291955,1.632356590479946,-0.4269466086135055,-1.786445691292163,0.6625143571034803,0.8941044274986716,True,0.24639945534948454,59.731348609361525,56.884970198592384,kelly olynyk,12195122.0,False,False,TOR,163054678,0.0,163054678.0,12195122.0,0.06605564877479592,52.35456330721483,123.00623432498378,kelly olynyk
1626162,Kelly Oubre Jr.,1610612755,PHI,28.0,68,2055.32,1049,341,101,77,47,87,-25,114.1,114.0,0.535,0.22,0.081,112.4,112.9,-0.5,27.511628359574175,1570.7,-0.009822948972350865,0.21954594073427633,-0.4503278489474189,0.2370108427827538,-1.0881920446780504,0.11454355518964124,-0.1508027756876667,-0.4879378065547127,0.9665590326702057,True,-0.25579632104713673,39.90540574030394,39.304891823964276,kelly oubre,2891467.0,False,False,PHI,166271894,1466841.0,167738735.0,2916975.3540802575,0.015799981293656715,59.68185295005991,140.2215876741468,kelly oubre
1631112,Kendall Brown,1610612754,IND,21.0,15,62.50833333333333,21,5,5,0,0,2,-24,84.3,103.8,0.567,0.135,0.04,90.3,105.5,-15.2,16.52899613384882,28.7,-0.0017077186875789508,-2.767777419391504,0.884562644245753,-1.6871986109553818,-0.15796415297481647,-0.7930488679349494,0.3702646168800459,-1.8356103411257387,0.1685612019056544,False,-1.0595950156810252,14.46644410715517,9.053860801636715,kendall brown,1100000.0,False,False,IND,148722330,0.0,148722330.0,1100000.0,0.005958219495653714,19.340537172241536,45.44029206050044,kendall brown
1631254,Kenneth Lofton Jr.,1610612762,UTA,21.0,21,198.30166666666668,96,38,33,6,5,14,-11,109.4,111.2,0.537,0.207,0.096,109.0,111.9,-2.9,31.297770232221943,172.39999999999998,-0.00882850198762104,-1.0356771451182998,0.3294475983004967,-0.4421701674197008,-0.9742011547643377,-0.2668115325310596,0.15357841599634312,0.0051131207273699434,0.30022844837243723,False,-0.27212374633157244,39.27634356725666,26.908333021114263,kenneth lofton,2219864.0,False,False,UTA,133738448,0.0,133738448.0,2219864.0,0.012024033602272579,44.95673096191514,105.62514199071775,kenneth lofton
1629026,Kenrich Williams,1610612760,OKC,29.0,69,1029.006666666667,325,209,93,38,9,32,152,115.2,106.7,0.568,0.132,0.079,116.7,106.4,10.4,23.030754578849503,658.3000000000001,-0.0015377693834105295,2.2161268838226125,4.213000346176644,-0.7451168068435061,-0.1384833030955865,0.7211339766650139,1.6695025420228855,-0.5536779301923238,0.683908110077884,True,-0.014559598429726706,49.419176580820015,42.38972616509823,kenrich williams,6175000.0,False,False,OKC,162515272,0.0,162515272.0,6175000.0,0.0334472776233288,49.50622749682134,116.31411352409799,kenrich williams
203484,Kentavious Caldwell-Pope,1610612743,DEN,31.0,76,2401.7566666666667,766,183,183,98,42,75,572,122.4,111.0,0.602,0.126,0.061,120.7,109.6,11.1,20.15874491864982,1344.9,0.0028161292249263164,7.0957542263145,2.1686489731101277,-0.4901565194040377,0.3605928513695312,2.2036359591523564,0.8715008745543906,-1.145339042930823,1.0,True,0.049218610031185495,51.96274597104175,51.96274597104175,kentavious caldwell pope,14704938.0,False,False,DEN,180922992,30794224.0,211717216.0,17207810.352885433,0.09320719192915801,42.39457523319698,99.6053968522768,kentavious caldwell pope
1631165,Keon Ellis,1610612758,SAC,24.0,57,978.485,310,124,85,51,29,37,93,114.4,109.0,0.627,0.123,0.068,114.8,109.6,5.2,23.333214101391437,634.2,0.00582407852909474,1.2130789952071324,2.2634903298379125,-0.7384315233124337,0.705386312722975,0.4163933932083245,0.9085216928984612,-0.9152486101991842,0.666907721570915,False,-0.1546372540633995,43.855364937487025,37.281817394722076,keon ellis,683430.0,False,False,SAC,153564021,0.0,153564021.0,683430.0,0.0037018417726496526,94.0754534288697,221.02881845842765,keon ellis
1630553,Keon Johnson,1610612751,BKN,22.0,5,61.40166666666666,31,7,3,3,1,5,-25,114.8,134.4,0.59,0.212,0.061,116.1,134.4,-18.3,24.448847751146822,41.699999999999996,0.0021942491720982446,0.3032838634946723,-2.364611150938091,-1.0641075154375659,0.2893083467855911,0.13998435789615765,-0.8980330645319268,-1.145339042930823,0.16706240895200955,False,-0.679939645716165,24.82713385838759,15.52137997750348,keon johnson,2808720.0,False,False,BKN,155015136,0.0,155015136.0,2808720.0,0.015213609328938636,23.882211132910435,56.1108845770601,keon johnson
1630556,Kessler Edwards,1610612758,SAC,23.0,54,274.7416666666667,93,42,15,10,4,4,-45,98.3,104.6,0.541,0.134,0.073,103.2,107.5,-4.3,21.987200097060878,167.8,-0.005179068919522799,-4.1019469112440285,2.2838185755983096,-1.1672439671272032,-0.5558760660457364,-1.1983890256600753,0.9164567153350266,-0.7508983011051571,0.3533872886191236,False,-0.6427517385689656,26.01926016342978,18.448287200349892,kessler edwards,1927896.0,False,False,SAC,153564021,0.0,153564021.0,1927896.0,0.010442570484357103,32.38164811522551,76.08017991703299,kessler edwards
201142,Kevin Durant,1610612756,PHX,35.0,75,2790.6366666666668,2032,495,378,69,91,244,291,118.1,113.3,0.626,0.283,0.148,116.7,111.8,5.0,37.40952781384415,2899.9,0.013117115640112286,3.776345161575569,0.32236251126009474,1.9290831678979,1.5413683240561227,1.1951510536946193,0.15081279001497414,1.7143563353052562,1.0,True,1.4296775177309093,92.35952021188736,92.35952021188736,kevin durant,47649433.0,False,False,PHX,193838882,78815748.5,272654630.5,67023903.636369035,0.3630392084736635,46.81913929234514,110.00084147191473,kevin durant
1628989,Kevin Huerter,1610612758,SAC,25.0,64,1562.2266666666667,655,224,166,45,23,53,75,117.5,115.0,0.564,0.173,0.077,116.2,114.5,1.7,25.69409475364223,1114.9999999999998,-0.0027074098737122853,2.9642342158272545,-1.4543925608232418,-0.22091631516739862,-0.2725561721533891,0.9484198993321796,-0.542734086948175,-0.6194180538299349,0.8426761123367805,False,-0.22108504890623776,41.2513105738347,38.33089312602935,kevin huerter,15669643.0,False,False,SAC,153564021,0.0,153564021.0,15669643.0,0.08487561128412159,32.3147210800272,75.92293588605958,kevin huerter
1628995,Kevin Knox II,1610612757,POR,24.0,31,560.2333333333333,223,75,23,13,7,22,-85,109.4,117.2,0.57,0.157,0.062,109.1,115.8,-6.7,20.530731242934493,319.5,-0.0015150135848140385,-1.8954149453581424,-1.8916287797233373,-1.174637471777229,-0.1358748646644358,-0.5280124201840889,-0.7134069156784559,-1.1124689811120176,0.5046300775335485,False,-0.8339941923569596,20.214212826133497,15.708131957952553,kevin knox,2144320.0,False,False,POR,165263993,0.0,165263993.0,2144320.0,0.011614844753563794,26.564114351991556,62.411974586491226,kevin knox
201567,Kevin Love,1610612748,MIA,35.0,55,924.2633333333332,485,338,115,18,10,48,109,114.7,108.2,0.597,0.21,0.144,114.7,108.2,6.5,34.08119619588935,875.0,0.0036435487082105266,1.2284168070095416,2.972229390540729,0.2624018488949582,0.45543781010520096,0.42105324421909407,1.1851742095314228,1.582876088030034,0.6481664114791023,False,0.8497130782111074,80.22576872307326,67.52401467731434,kevin love,3835738.0,False,False,MIA,177143542,20873855.0,198017397.0,4287725.342727911,0.02322473520822722,89.59854952368883,210.51040218247292,kevin love
1630284,Kevon Harris,1610612753,ORL,27.0,2,6.05,4,2,1,0,0,1,0,142.9,133.3,0.667,0.286,0.053,156.7,142.0,14.7,32.13223140495868,5.4,0.024982166335943877,0.458761739992513,-0.30772902210730313,-0.4936460913157642,2.9014284463728637,0.18722080526454687,-0.09514008330677085,-1.4082995374812672,0.05244044240850758,False,-0.09687500882372513,46.141282775536126,26.466556703465198,kevon harris,2351082.1779083977,True,True,ORL,132643598,0.0,132643598.0,2351082.1779083977,0.012734785152998009,43.33869889235714,101.82360074348202,kevon harris
1626172,Kevon Looney,1610612744,GSW,28.0,74,1194.4283333333333,334,419,133,28,29,50,38,115.4,114.0,0.62,0.11,0.102,114.9,113.7,1.2,26.013783441730148,863.1,0.004438525513824564,1.6163389845604599,-0.7330269710400321,-0.3713648447307579,0.5465639484757897,0.5389096617086228,-0.26115287195482384,0.20233349164020273,0.7368323891476064,True,0.09150694704380961,53.64551067723834,47.29251828218992,kevon looney,7500000.0,False,False,GSW,209354737,202409974.75,411764711.75,14751208.319327401,0.07990085181151435,40.7216100279731,95.67479105496027,kevon looney
1641749,Keyontae Johnson,1610612760,OKC,24.0,9,66.2,11,10,4,1,0,4,-7,100.0,105.8,0.344,0.128,0.015,100.2,108.2,-8.0,10.98489425981873,20.200000000000003,-0.030163170311185965,-1.483366956092207,0.6477498584456244,-2.1229609380543,-3.419739092493404,-0.402826229089684,0.2778260075313518,-2.6573618865958766,0.1734673141860134,False,-1.8596596976000983,3.1466843726251414,1.9763075039635007,keyontae johnson,2015213.2953500552,True,True,OKC,162515272,0.0,162515272.0,2015213.2953500552,0.01091553013114115,3.4155788965788694,8.024849632355773,keyontae johnson
1641718,Keyonte George,1610612762,UTA,20.0,75,2022.5766666666664,974,211,332,36,7,188,-374,109.6,118.9,0.533,0.224,0.081,108.3,118.4,-10.1,25.21239409136531,1416.5,-0.010449548044575426,-3.1967725833734604,-4.6663210900596335,-0.04852465065022932,-1.1600174782695556,-0.9233838579745686,-1.7964932772167237,-0.4879378065547127,0.9588289890814891,True,-0.7404966966480984,22.949933242120068,22.524740863679376,keyonte george,3889776.0,False,False,UTA,133738448,0.0,133738448.0,3889776.0,0.02106921745175084,30.924903623068996,72.65758133088185,keyonte george
203114,Khris Middleton,1610612749,MIL,32.0,55,1487.27,828,257,292,51,15,127,125,118.0,114.6,0.595,0.23,0.117,117.4,113.6,3.7,33.43011020191357,1381.1,0.0035305533470877193,3.616976642795559,-0.912956139227584,0.5639911077986263,0.44248544364595777,1.1467325724347814,-0.33138726420829967,0.6953844189222859,0.8222115410171631,False,0.5382877154072083,70.48107844735465,64.84225340128302,khris middleton,29320988.0,False,False,MIL,187346674,52697527.5,240044201.5,37568498.02228719,0.20349214303529048,40.2524126786406,94.57241916126326,khris middleton
1630165,Killian Hayes,1610612765,DET,22.0,42,1007.6583333333332,289,119,205,36,20,51,-244,106.5,117.6,0.474,0.147,0.077,106.4,116.8,-10.4,25.262134155922563,707.1,-0.015530515904252631,-4.255477306977857,-2.90060138791197,-0.5381640443607494,-1.742435703515552,-1.2450337999577852,-1.1072539981185097,-0.6194180538299349,0.6767765622061058,False,-0.9345749524779449,17.5003696160158,14.954931282537203,killian hayes,7413955.0,False,False,DET,139233014,0.0,139233014.0,7413955.0,0.04015815565536303,16.382836598463005,38.49122044459404,killian hayes
1630184,Kira Lewis Jr.,1610612762,UTA,23.0,28,264.2366666666667,89,26,37,9,2,14,-67,99.6,111.1,0.441,0.178,0.068,101.7,110.9,-9.3,22.234612910143685,163.20000000000002,-0.024679658713992976,-4.13071951561204,0.6223959570826597,-1.1512613809903478,-2.791178318098764,-1.2071305626716125,0.2679292472038309,-0.9152486101991842,0.34656539896183486,False,-1.1219468733423241,13.094251458952616,9.243944818864264,kira lewis,5722116.0,False,False,UTA,133738448,0.0,133738448.0,5722116.0,0.03099420282508368,11.0875265545671,26.049971641490412,kira lewis
202691,Klay Thompson,1610612744,GSW,34.0,77,2284.168333333333,1375,254,176,50,35,117,7,115.8,116.1,0.576,0.234,0.09,114.8,115.5,-0.7,28.611901778984475,1815.3999999999999,-0.0008540457251368461,1.9632118721328708,-2.428324176209732,0.492544194478862,-0.06010982571725148,0.6442947059760812,-0.9229031045241066,-0.1921072501854633,1.0,True,0.014696139924285034,50.5862700539448,50.5862700539448,klay thompson,43219440.0,False,False,GSW,209354737,202409974.75,411764711.75,85005195.05128953,0.4,24.787752696107535,58.23844043231608,klay thompson
1641738,Kobe Brown,1610612746,LAC,24.0,44,393.9983333333333,89,62,25,12,6,9,-92,105.7,116.2,0.49,0.104,0.043,107.8,114.6,-6.8,17.65286655188897,193.20000000000002,-0.009323575877838594,-2.5768794511965503,-1.0841054509857182,-1.485627049503477,-1.0309501963779286,-0.7350512799147747,-0.39819448627806103,-1.7370001556693224,0.4231904435536694,False,-1.2171362034622806,11.17761990978443,8.276308817754638,kobe brown,2413356.0,False,False,LAC,201366679,150454243.75,351820922.75,4216532.442511251,0.0228391143663881,11.04649346576508,25.95356503588773,kobe brown
1641723,Kobe Bufkin,1610612737,ATL,20.0,17,196.00333333333333,81,33,27,7,5,10,-35,97.1,105.0,0.424,0.221,0.077,95.3,106.5,-11.2,28.156664002312883,153.29999999999998,-0.034398598740407016,-4.727443956350909,1.937528838858589,-0.6989956299743012,-3.9052353162502844,-1.3884241542314673,0.7812843614108503,-0.6194180538299349,0.2984835409908296,False,-1.037430590003191,14.97676140988774,10.248861325627404,kobe bufkin,4094244.0,False,False,ATL,159153393,0.0,159153393.0,4094244.0,0.02217673129160295,13.820920640185983,32.47203864308504,kobe bufkin
1628424,Kobi Simmons,1610612761,TOR,26.0,4,67.43333333333334,20,7,12,6,2,1,-31,94.2,116.5,0.476,0.141,0.102,91.7,117.1,-25.4,30.696984676223426,57.5,-0.014614617295915787,-2.38950547943685,-0.48484970040496156,-0.568681174880785,-1.6374486111534459,-0.6781243334282369,-0.16427819649358036,0.20233349164020273,0.17507574118510866,False,-0.4534479173894249,32.51131194146413,20.44259548357872,kobi simmons,120250.0,False,False,TOR,163054678,0.0,163054678.0,120250.0,0.002,63.98836742129126,150.3396766182526,kobi simmons
1627739,Kris Dunn,1610612762,UTA,30.0,66,1249.1766666666667,357,189,254,68,28,79,14,117.6,117.2,0.546,0.132,0.078,116.5,116.5,0.0,27.08696127849543,939.9,-0.004441769383410518,2.951554984935289,-2.8565189399476587,-0.23473234016001412,-0.4713613241389666,0.9445677639918292,-1.0900466493989758,-0.5865479920111293,0.7535300762130042,True,-0.3271735140752593,37.17683260985548,33.05349561485864,kris dunn,2586484.0,False,False,UTA,133738448,0.0,133738448.0,2586484.0,0.014009853994542182,52.346919052289714,122.98827426662093,kris dunn
1631200,Kris Murray,1610612757,POR,23.0,62,1348.2716666666668,376,224,80,53,21,55,-164,106.1,112.1,0.481,0.136,0.059,104.4,111.3,-6.8,19.39549769272513,726.4,-0.013416368455635087,-5.636701495853955,0.846281139650272,-0.9795942152365407,-1.5000964408124795,-1.6646698611867152,0.35532163550078627,-1.2110791665684342,0.7828478508469942,False,-1.0296390037544267,15.158974932856717,13.677663139324846,kris murray,2847504.0,False,False,POR,165263993,0.0,165263993.0,2847504.0,0.01542368531522903,20.944574523091962,49.20895293322981,kris murray
204001,Kristaps Porziņģis,1610612738,BOS,28.0,57,1689.9483333333333,1145,409,115,42,111,89,417,120.8,109.6,0.647,0.247,0.138,119.7,108.3,11.3,37.96305409731462,1782.1000000000001,0.016635507290133345,5.658724960774414,3.055961984070662,1.1943992117521196,1.944672473406869,1.7670455014131037,1.2178587813416595,1.3856557171172017,0.8764464235384462,False,1.4537330314974355,92.69898317183078,87.54500226447767,kristaps porzingis,36016200.0,False,False,BOS,186940921,51175953.75,238116874.75,45875803.64157375,0.24848918876000578,50.675638256254416,119.06162596256311,kristaps porzingis
203937,Kyle Anderson,1610612750,MIN,30.0,79,1781.881666666667,506,273,331,71,47,91,167,110.1,105.1,0.513,0.14,0.097,110.6,105.3,5.3,25.92697420049404,1283.3,-0.009330967527859644,-1.8796194348133506,5.903566393661957,-0.08578222496476855,-1.031797482132492,-0.5232135136173642,2.329405992394676,0.037983182546175484,0.8999701173490219,True,0.10610864801938351,54.225192512126064,51.78432967245446,kyle anderson,9219512.0,False,False,MIN,166434327,1710490.5,168144817.5,9314263.413214391,0.05045129623297099,52.374336854610135,123.05269196784617,kyle anderson
1628398,Kyle Kuzma,1610612764,WAS,28.0,70,2281.141666666667,1553,464,296,37,49,192,-562,109.7,120.8,0.547,0.295,0.114,108.8,118.5,-9.7,34.76364539685903,2202.8,-0.009631681576561383,-2.991370816482592,-5.446146890103109,1.2390013651387255,-1.0662675570056939,-0.8609798042939834,-2.1008941238462326,0.5967742334658692,1.0,True,-0.11543861144744441,45.404873800303555,45.404873800303555,kyle kuzma,25568182.0,False,False,WAS,150856313,0.0,150856313.0,25568182.0,0.13849167314620214,32.24999744710513,75.77086871455326,kyle kuzma
200768,Kyle Lowry,1610612755,PHI,38.0,60,1689.7666666666669,487,194,253,59,21,85,2,111.4,111.6,0.594,0.128,0.077,110.6,110.0,0.7,21.93959718304302,1029.8,0.001836829688814035,-1.4561668017331646,1.6514563645478038,-0.5712823044308586,0.24833827437581293,-0.3945624253335862,0.6696174950764117,-0.6194180538299349,0.8763993139977676,False,-0.2501369906388993,40.124070531191656,37.8923573419059,kyle lowry,29682540.0,False,False,PHI,166271894,1466841.0,167738735.0,29944397.64538257,0.1621957216693869,25.46615215752969,59.83232944305942,kyle lowry
202681,Kyrie Irving,1610612742,DAL,32.0,58,2029.6083333333331,1487,290,299,74,28,106,277,119.6,112.6,0.608,0.274,0.144,118.0,111.7,6.3,38.64982159940547,2179.0,0.007767963552617547,4.680018712521132,0.5777820725554884,1.5237506351359347,0.9282088333036014,1.4697002634533358,0.2505144550531416,1.582876088030034,0.9604942698549754,False,1.2530640179645056,89.49087951887105,87.89994837735001,kyrie irving,38037037.0,False,False,DAL,167755884,3692826.0,171448710.0,38874349.86108905,0.21056537202109457,53.91736756161469,126.6780186772429,kyrie irving
1630163,LaMelo Ball,1610612766,CHA,22.0,22,711.35,526,113,176,40,4,83,-139,111.8,120.2,0.561,0.315,0.133,111.3,119.5,-8.1,42.07042946510157,831.3,-0.005874676937684185,-0.7675456060073272,-4.11059096067123,0.8514287962323099,-0.6356118169091904,-0.18534925879595004,-1.579566981787763,1.221305408023174,0.5686307317503242,False,0.2191696128410941,58.67410372664542,47.284511391249545,lamelo ball,10900635.0,False,False,CHA,140774484,0.0,140774484.0,10900635.0,0.05904397815636839,45.261916099964374,106.34216973829162,lamelo ball
1630205,Lamar Stevens,1610612763,MEM,26.0,38,559.0133333333333,272,127,28,23,22,24,9,105.3,104.0,0.516,0.213,0.11,104.6,104.3,0.4,29.694461670562422,461.1,-0.013557400595957886,-4.1843890327060445,4.53968029980885,-0.36564416247835435,-1.516262590872454,-1.223436145025852,1.7970203215795357,0.46529398619064705,0.5040803206801171,False,-0.09322460691021014,46.28625630124169,35.95683687941833,lamar stevens,2492354.0,False,False,MEM,162649524,0.0,162649524.0,2492354.0,0.01349999290260956,57.68863117582228,135.53854403600522,lamar stevens
1629013,Landry Shamet,1610612764,WAS,27.0,46,726.4966666666667,327,62,54,25,10,30,-149,109.3,119.2,0.556,0.181,0.058,109.7,119.4,-9.7,23.73582810657539,479.0,-0.00428060801816139,-1.9351843947132699,-3.8737983280515538,-0.8151810320085029,-0.45288781300508946,-0.5400949591513573,-1.487136239125695,-1.2439492283872395,0.5746527278067665,False,-0.9489978782106189,17.131084561128507,13.852087521624075,landry shamet,10250000.0,False,False,WAS,150856313,0.0,150856313.0,10250000.0,0.05551977257313688,13.548275922146898,31.831464107532312,landry shamet
1626204,Larry Nance Jr.,1610612740,NOP,31.0,61,1216.138333333333,350,307,113,61,19,49,71,111.7,108.4,0.653,0.112,0.103,112.8,108.5,4.3,24.471887107141047,826.6999999999999,0.008215225977712287,-0.3167975420386201,3.0614455195532666,-0.5162340073125208,0.9794773701330094,-0.04840542035629346,1.2199992502044934,0.23520355345900829,0.7434985887781842,False,0.2641632442067537,60.417293389642566,53.44358893215196,larry nance,10375000.0,False,False,NOP,167403924,3164886.0,170568810.0,10571146.490867205,0.05725928283026939,51.710060017825064,121.49198384460635,larry nance
1628374,Lauri Markkanen,1610612762,UTA,27.0,55,1819.746666666667,1278,449,110,50,26,77,21,117.6,116.9,0.631,0.241,0.136,116.5,116.9,-0.5,35.61924370425187,1800.5,0.012375405898470183,3.242134766427084,-3.2318775554945365,1.0254772299395385,1.4563480516778784,1.0328501412916364,-1.236565885304969,1.3199155934795908,0.9094820370725174,False,0.8402388316784437,79.96127550060393,76.70420620347488,lauri markkanen,17259999.0,False,False,UTA,133738448,0.0,133738448.0,17259999.0,0.09348987503342146,62.51396863665011,146.87559954577614,lauri markkanen
2544,LeBron James,1610612747,LAL,39.0,71,2503.6833333333334,1822,518,589,89,38,245,218,117.4,113.6,0.63,0.285,0.169,116.1,112.3,3.8,42.24495909360209,2938.0,0.014349816104000008,3.178241893307499,-0.033241158449098494,2.3304916521411227,1.6826695950472395,1.0134385542137132,0.012004791974894001,2.4046276335001724,1.0,True,1.7102281442707095,95.63881533832088,95.63881533832088,lebron james,47607350.0,False,False,LAL,169876920,6874380.0,176751300.0,49533868.41517376,0.26830332771494003,53.894017697458615,126.62315853362972,lebron james
1641778,Leaky Black,1610612766,CHA,25.0,26,284.08166666666665,69,48,24,8,11,6,-27,105.1,109.2,0.589,0.099,0.079,105.2,111.3,-6.1,21.21361814971047,167.39999999999998,0.0009256729624421047,-2.770610951284878,0.8406058902079221,-1.2275001382283226,0.1438947316984528,-0.793909736266592,0.353106332115096,-0.5536779301923238,0.35934388864015804,False,-0.5175147144827343,30.239844994420096,21.521841318407795,leaky black,2093582.7012803352,True,True,CHA,140774484,0.0,140774484.0,2093582.7012803352,0.011340022969574417,36.70202624339237,86.23084130804477,leaky black
1631159,Leonard Miller,1610612750,MIN,20.0,17,52.4,29,20,8,2,1,1,8,104.9,101.7,0.694,0.157,0.178,108.3,105.2,3.1,40.67175572519084,59.2,0.017952986415185963,-0.5565408242271834,0.8518434258921852,0.2058725340069587,2.0956917034046243,-0.12124292744163262,0.35749284430298245,2.7004581898694218,0.1543314025666255,False,1.2113968335024623,88.71283238086286,54.953086940623,leonard miller,1800000.0,False,False,MIN,166434327,1710490.5,168144817.5,1818499.0858286102,0.009850015187284076,98.44976230257907,231.30618929947528,leonard miller
1631311,Lester Quinones,1610612744,GSW,23.0,37,394.455,164,72,36,6,2,17,17,109.6,109.0,0.533,0.171,0.069,110.4,109.8,0.6,23.564665170932045,258.2,-0.00797711033759999,-1.2026278404864037,1.4553543651044716,-0.9820518291198492,-0.8766083284585987,-0.3175335896655417,0.5930701243008335,-0.8823785483803788,0.4234356235282139,False,-0.600387290867572,27.412407790111647,20.300149777818426,lester quinones,1108597.0,False,False,GSW,209354737,202409974.75,411764711.75,2180419.371890853,0.011810379282091915,34.12969363934736,80.18718575889511,lester quinones
1629623,Lindell Wigginton,1610612749,MIL,26.0,3,7.63,6,0,0,0,0,1,-10,64.7,131.3,0.51,0.412,0.029,79.3,128.7,-49.4,21.703800786369595,4.6,-0.028695704439129808,-0.5914109732972032,-0.25491771845712685,-1.302747171933115,-3.251527268995211,-0.13183698749941036,-0.0745254722720686,-2.1971810211325993,0.05889127115440639,False,-1.5035245586380621,6.635191442649563,3.825194979741973,lindell wigginton,244502.0,False,False,MIL,187346674,52697527.5,240044201.5,313276.3774346643,0.002,11.973429793610462,28.13138755879237,lindell wigginton
1630322,Lindy Waters III,1610612760,OKC,26.0,38,280.2083333333333,137,40,24,5,7,7,-35,103.7,111.4,0.653,0.167,0.1,105.7,112.7,-7.1,27.46813382899628,213.79999999999998,0.01224948873462457,-2.8397798005618897,0.2155305541359157,-0.710292269348623,1.4419144923403018,-0.8149242418798777,0.10911150468448813,0.1365933680025921,0.35688572995067236,False,-0.026179793664641314,48.95569663391267,34.78784843644889,lindy waters,766095.0,False,False,OKC,162515272,0.0,162515272.0,766095.0,0.0041496019677480294,84.34334257398447,198.16337497706144,lindy waters
1629022,Lonnie Walker IV,1610612751,BKN,25.0,58,1011.14,565,127,74,32,20,51,5,111.3,111.8,0.545,0.235,0.09,111.1,111.1,0.0,28.35809086773345,796.5,-0.008142695493192966,-1.088694728531284,0.9368541178597523,-0.2359347765979539,-0.8955889272561022,-0.2829190479210154,0.39067631502945127,-0.1921072501854633,0.6779447550568489,False,-0.23479061822727745,40.71856248974873,34.817430512382664,lonnie walker,2346614.0,False,False,BKN,155015136,0.0,155015136.0,2346614.0,0.012710582985067222,57.0511359710772,134.04075894178553,lonnie walker
1629652,Luguentz Dort,1610612760,OKC,25.0,79,2245.971666666667,860,284,113,71,47,74,347,119.9,112.1,0.593,0.152,0.06,119.5,110.8,8.7,21.856731644729862,1363.6000000000001,0.0020292352554666664,5.6051354195757295,1.1942545026306464,-0.345498293755739,0.2703932276351306,1.7507642169027446,0.4911511839587087,-1.1782091047496286,1.0,True,-0.0629910105893356,47.48868313084624,47.48868313084624,luguentz dort,15277778.0,False,False,OKC,162515272,0.0,162515272.0,15277778.0,0.08275304975442674,40.391614917380096,94.89947266176668,luguentz dort
1629029,Luka Dončić,1610612742,DAL,25.0,70,2624.04,2370,647,686,99,38,282,319,119.6,113.8,0.617,0.355,0.2,118.1,112.3,5.8,50.5185896556455,3682.3,0.013259332340070182,4.949792567816515,-0.10069297783644356,3.489742855992447,1.5576702571281973,1.5516614968073608,-0.014324666382426146,3.4235995498831433,1.0,True,2.3637666420960244,99.0954898285574,99.0954898285574,luka doncic,40064220.0,False,False,DAL,167755884,3692826.0,171448710.0,40946157.43049705,0.2217874486131761,59.689981515342815,140.24068561218226,luka doncic
1630568,Luka Garza,1610612750,MIN,25.0,25,121.84,99,31,4,4,1,6,7,107.9,108.5,0.576,0.278,0.098,111.1,111.8,-0.6,38.02692055154301,128.7,-0.0010146355196070224,-0.5852655783295069,0.45067327347873365,0.0491591253218131,-0.07851781916869627,-0.12996992684429792,0.20089821248862633,0.07085324436498103,0.23533341917759615,False,0.03240732461129241,51.29263893188014,33.64284385685064,luka garza,687465.0,False,False,MIN,166434327,1710490.5,168144817.5,694530.263355092,0.0037619670504034706,84.41564589237332,198.3332505019899,luka garza
1629677,Luka Samanic,1610612762,UTA,24.0,43,404.37666666666667,177,102,19,5,7,28,-51,106.5,112.0,0.485,0.21,0.073,105.4,112.2,-6.8,23.21795685540709,260.8,-0.01987645129178947,-3.115195787082714,0.2951616212058227,-1.0071243703137478,-2.240599054543673,-0.8985996370212861,0.1401950674913862,-0.7508983011051571,0.42872785745455794,False,-0.92690112652102,17.698893613623063,13.148995419720833,luka samanic,2066585.0,False,False,UTA,133738448,0.0,133738448.0,2066585.0,0.0111937882149323,22.525585457501293,52.92351359773479,luka samanic
1628379,Luke Kennard,1610612763,MEM,28.0,39,999.0466666666666,429,113,136,20,2,54,-187,106.4,115.2,0.641,0.166,0.099,105.5,115.5,-10.0,24.175447259720933,670.9,0.010184138502680708,-4.629890567839779,-1.7327019334021279,-0.6476004519382361,1.2051687285761965,-1.3587860114563568,-0.6513706678784512,0.10372330618378657,0.6738784172327537,False,-0.25153131374321486,40.07016776709447,34.189681826815196,luke kennard,14763636.0,False,False,MEM,162649524,0.0,162649524.0,14763636.0,0.07996816712903183,29.430629597886902,69.14680768907486,luke kennard
1628436,Luke Kornet,1610612738,BOS,28.0,63,983.31,334,261,67,23,61,21,218,121.8,109.7,0.736,0.107,0.113,120.5,111.0,9.5,27.59373951246301,753.7,0.016729474817992983,5.444499738234399,1.524786714304241,-0.32497094037164614,1.9554437284744501,1.701960753168337,0.6201726719194263,0.5639041716470636,0.6685499913313071,False,0.7295650894355395,76.71719660115222,65.27463463583184,luke kornet,2413304.0,False,False,BOS,186940921,51175953.75,238116874.75,3073957.2867605267,0.01665028384980306,97.31333769600984,228.6361773154565,luke kornet
1630201,Malachi Flynn,1610612765,DET,26.0,69,876.9216666666666,380,114,130,38,8,63,-179,104.8,114.6,0.533,0.199,0.088,105.2,114.0,-8.8,26.815622071906844,653.2,-0.009283303843171919,-4.946606694693114,-0.9297551859895127,-0.45521357478261804,-1.0263339170379722,-1.4550089918173947,-0.3379446826171478,-0.2578473738230744,0.6313483646733851,True,-0.614050744563454,26.95908976134602,22.486759123999278,malachi flynn,3873024.0,False,False,DET,139233014,0.0,139233014.0,3873024.0,0.02097847918539521,30.919428695083262,72.64471807251078,malachi flynn
1631103,Malaki Branham,1610612759,SAS,21.0,75,1594.3266666666666,690,148,156,27,8,91,-373,105.9,117.0,0.526,0.192,0.062,105.8,115.8,-10.1,21.67686254176267,960.0000000000001,-0.010300755466778938,-5.303731077103279,-2.664317596839014,-0.6402093787544063,-1.142961769301636,-1.563508589790233,-1.015021879043419,-1.1124689811120176,0.8512895743481999,True,-1.0520168747425,14.639590379324947,13.65991350682011,malaki branham,3071880.0,False,False,SAS,142867770,0.0,142867770.0,3071880.0,0.01663903209482612,20.369418076649747,47.85763178459469,malaki branham
1627763,Malcolm Brogdon,1610612757,POR,31.0,39,1120.8166666666666,613,148,214,27,8,60,-81,110.7,114.5,0.56,0.226,0.122,109.7,113.1,-3.4,32.363544439322524,1007.6000000000001,-0.004440847580687701,-1.8719581755117445,-0.6084486612555379,0.2214711616673202,-0.4712556602732078,-0.5208859112605047,-0.21252439240469978,0.8597347280163131,0.7137661530306135,False,0.13258831423096207,55.27405126439725,48.15446431545107,malcolm brogdon,22500000.0,False,False,POR,165263993,0.0,165263993.0,22500000.0,0.12187267150200778,35.76801454795282,84.03639531873635,malcolm brogdon
1630608,Malcolm Cazalon,1610612765,DET,22.0,1,2.583333333333333,0,0,0,0,0,0,5,183.3,100.0,0.0,0.0,0.0,174.1,120.0,54.1,0.0,0.0,-0.0,0.33396809964548313,0.00400990417938659,-2.9887018149159807,0.03778723036543206,0.1493066765348299,0.026545545821878225,-3.1504128138779595,0.03426722084211709,False,-1.660253379984062,4.843174505377843,2.738428936616526,malcolm cazalon,1119562.9418611417,True,True,DET,139233014,0.0,139233014.0,1119562.9418611417,0.006064183406189527,5.813754035769018,13.659324919497022,malcolm cazalon
1627736,Malik Beasley,1610612749,MIL,27.0,79,2337.3716666666664,889,290,108,59,9,54,291,118.3,112.6,0.603,0.142,0.065,117.7,111.2,6.5,20.259679141029494,1315.4,0.003315732936028071,4.228428733164191,0.8403553631637946,-0.5028525633573759,0.4178611346537878,1.33250063883483,0.3530085402180701,-1.0138587956556009,1.0,True,-0.114365232480021,45.44741367932087,45.44741367932087,malik beasley,2709849.0,False,False,MIL,187346674,52697527.5,240044201.5,3472084.801412453,0.018806766685762394,64.9269076877406,152.54476241489778,malik beasley
1628370,Malik Monk,1610612758,SAC,26.0,72,1872.3066666666664,1110,212,370,45,39,150,10,115.2,115.1,0.564,0.247,0.11,113.5,115.5,-1.9,33.52143167429838,1743.4,-0.0038654927098666736,1.0835837857474995,-2.0203457360942347,0.8231064066087265,-0.4053042171614399,0.37705085918430575,-0.7636508938754973,0.46529398619064705,0.9225228912327784,True,0.22657915973148102,58.962450050727476,56.90674198063454,malik monk,9945830.0,False,False,SAC,153564021,0.0,153564021.0,9945830.0,0.05387221655132507,56.24857439703128,132.15515297353338,malik monk
1642013,Malik Williams,1610612761,TOR,25.0,7,106.50833333333334,19,38,2,3,4,3,-56,93.2,118.1,0.272,0.148,0.027,93.0,117.1,-24.2,19.874501212737655,58.8,-0.045532165672308764,-3.4642469945664844,-0.8288534272524772,-1.4068733729282532,-5.181447343607545,-1.0046464866604294,-0.29855821863474596,-2.2629211447702104,0.22002926802559425,False,-2.0032924939985346,2.257295134193296,1.4650142720487418,malik williams,77212.0,False,False,TOR,163054678,0.0,163054678.0,77212.0,0.002,4.585712787429253,10.77406105686807,malik williams
1629603,Mamadi Diakite,1610612752,NYK,27.0,6,24.435,12,4,2,1,1,1,3,90.2,82.7,0.694,0.175,0.163,95.5,87.0,8.5,30.055248618784532,20.400000000000002,0.020011290590175434,-0.9051643033972204,1.281313111714831,-0.6442454222927108,2.331629795854977,-0.22715982697832585,0.5251340482216452,2.2074072625873393,0.10538889022007102,False,0.8956014257677684,81.47671630220962,48.67622728565475,mamadi diakite,372775.0,False,False,NYK,164990518,0.0,164990518.0,372775.0,0.002019159338629376,151.85625891746466,356.78392461241157,mamadi diakite
1641970,Maozinha Pereira,1610612763,MEM,23.0,7,121.63333333333334,48,37,2,6,4,5,9,99.2,96.5,0.609,0.143,0.126,99.8,97.3,2.4,26.90380926281173,90.9,0.004197083167971931,-2.592013874129712,3.0915673389983,-0.8395415771254168,0.5188880358437319,-0.7396493384195367,1.2317571419549052,0.9912149752915352,0.23513374659516398,False,0.23912847421297134,59.449701853250346,38.98772002811179,maozinha pereira,128685.0,False,False,MEM,162649524,0.0,162649524.0,128685.0,0.002,122.03736830194887,286.72490368542907,maozinha pereira
1630699,MarJon Beauchamp,1610612749,MIL,23.0,48,607.6883333333334,211,99,31,13,7,27,-12,113.5,114.5,0.592,0.141,0.064,114.0,113.5,0.5,19.460633603299936,328.5,0.00174138270408421,0.5447446077850131,-0.614376583145602,-1.2513441766965685,0.23739743298758223,0.21334365502651934,-0.2148383251342767,-1.0467288574744065,0.5255682350532324,False,-0.5914692869844903,27.710301395745564,21.794310156469866,marjon beauchamp,2609400.0,False,False,MIL,187346674,52697527.5,240044201.5,3343381.1554834438,0.018109635256366087,31.550062529771225,74.12638248422026,marjon beauchamp
202694,Marcus Morris Sr.,1610612739,CLE,34.0,49,816.9766666666667,316,134,36,15,13,30,-60,110.7,114.6,0.558,0.162,0.072,109.3,113.8,-4.5,21.027773131015575,477.20000000000005,-0.0035072624250947243,-1.8281773376426682,-0.8311843366705411,-1.0263960661978802,-0.364241204670843,-0.5075846539348341,-0.29946807670847964,-0.7837683629239626,0.6093874221733087,False,-0.6674236157237823,25.225079270474062,20.791124312598935,marcus morris,17612280.0,False,False,CLE,166874287,2370430.5,169244717.5,17862460.45881772,0.09675314558733757,16.742514580043245,39.33627828270802,marcus morris
1631204,Marcus Sasser,1610612765,DET,23.0,71,1351.11,586,125,236,44,12,90,-250,107.0,115.7,0.542,0.195,0.086,106.4,116.0,-9.5,26.610120567533365,998.7,-0.007341704770947356,-4.501275449472693,-2.262576691377045,-0.23079872961584608,-0.803773429151685,-1.3197108619471571,-0.8582044568171844,-0.3235874974606855,0.7836714292934948,True,-0.6020292438295711,27.357733572616127,24.694516841926088,marcus sasser,2624028.0,False,False,DET,139233014,0.0,139233014.0,2624028.0,0.014213213442492023,38.91201579573463,91.4231774781703,marcus sasser
203935,Marcus Smart,1610612763,MEM,30.0,20,604.845,289,53,86,41,5,62,-20,108.5,109.2,0.552,0.225,0.083,106.8,106.6,0.2,27.37296332118146,459.90000000000003,-0.006221197812631563,-2.9162791665108565,2.81394776425598,-0.5464710197194567,-0.6753326099886341,-0.8381658654134593,1.1233898199353272,-0.42219768291710164,0.5243372440086108,False,-0.32179335812500964,37.38046231719056,29.379240140478355,marcus smart,18583713.0,False,False,MEM,162649524,0.0,162649524.0,18583713.0,0.10065985554384851,23.33277249534691,54.8199870214305,marcus smart
1631109,Mark Williams,1610612766,CHA,22.0,19,508.39166666666665,242,184,22,16,20,17,-21,115.2,116.4,0.675,0.162,0.129,114.7,114.0,0.7,32.077630435851624,452.99999999999994,0.015446737574905275,1.0551861750304434,-1.0990101013661837,-0.18650539849330877,1.80840687069288,0.3684232507152458,-0.40401243715154794,1.0898251607479519,0.48071521841119325,False,0.546243851239545,70.75508366117592,54.22116648679475,mark williams,3908160.0,False,False,CHA,140774484,0.0,140774484.0,3908160.0,0.021168795549212745,74.31914384963123,174.61167557747774,mark williams
1628365,Markelle Fultz,1610612753,ORL,26.0,43,909.9383333333334,335,138,120,42,15,50,13,109.6,109.0,0.492,0.182,0.086,109.2,107.9,1.2,25.795154616704796,652.0,-0.01595225778621754,-2.2246350721710204,2.8655407491406257,-0.535167972056712,-1.7907788863873115,-0.6280342981715139,1.1435288667303345,-0.3235874974606855,0.6431238864583816,False,-0.4221608899266573,33.64537930944596,28.242124816481063,markelle fultz,17000000.0,False,False,ORL,132643598,0.0,132643598.0,17000000.0,0.09208157402373922,23.139949371918497,54.36695208415996,markelle fultz
202693,Markieff Morris,1610612742,DAL,34.0,26,216.3883333333333,66,39,16,5,3,12,-57,99.8,115.1,0.467,0.153,0.063,101.5,113.8,-12.3,19.282000724006995,115.89999999999999,-0.017235414512589465,-3.6207410712809085,-0.4651275945276869,-1.413089788420065,-1.9378638284545258,-1.0521916704814103,-0.15657977753126273,-1.079598919293212,0.31362132155408906,False,-1.1491474143630598,12.524760002377333,8.656232304149551,markieff morris,3196448.0,False,False,DAL,167755884,3692826.0,171448710.0,3266811.709460397,0.017694892014487977,12.63303285155987,29.68111471116114,markieff morris
1641806,Markquis Nowell,1610612761,TOR,24.0,1,3.5166666666666666,2,2,2,1,0,0,4,128.6,62.5,0.532,0.222,0.357,133.1,71.4,61.7,85.9905213270142,8.399999999999999,-0.010578248508463145,0.12915870153144682,0.3138712853728142,3.6842204101756053,-1.174770080103684,0.0870825931315586,0.14749828522574235,8.584199255435607,0.03998105612017832,False,3.3552864989126254,99.96035858576808,56.77663154005729,markquis nowell,2015213.2953500552,True,True,TOR,163054678,0.0,163054678.0,2015213.2953500552,0.01091553013114115,98.12494468504299,230.5430353459016,markquis nowell
1629716,Marques Bolden,1610612766,CHA,26.0,11,121.28,37,34,4,3,7,3,-16,105.1,113.5,0.691,0.108,0.103,107.9,110.6,-2.7,24.577836411609496,82.79999999999998,0.01202582504993684,-1.176538762071836,0.19913758846466825,-1.0255153568269644,1.4162765017280006,-0.30960734699244585,0.10271259786604482,0.23520355345900829,0.23479197756156986,False,-0.004410510278798727,49.82404666762272,32.667454568437485,marques bolden,244502.0,False,False,CHA,140774484,0.0,140774484.0,244502.0,0.002,102.25399643223673,240.24417837282286,marques bolden
1628963,Marvin Bagley III,1610612764,WAS,25.0,50,1053.3516666666667,583,312,55,20,33,59,-137,109.5,115.5,0.629,0.204,0.122,108.7,116.2,-7.6,30.957182707263,905.8,0.010067447316547374,-2.568053399285819,-2.1292006766786526,0.04161469223707792,1.1917927192396713,-0.7323697965684434,-0.8061418400225143,0.8597347280163131,0.6919510185852841,False,0.2163162538614704,58.56293798820956,50.444823960045056,marvin bagley,12500000.0,False,False,WAS,150856313,0.0,150856313.0,12500000.0,0.06770703972333766,46.02780506046083,108.14161396990386,marvin bagley
1630222,Mason Jones,1610612758,SAC,25.0,5,27.683333333333334,7,5,5,1,0,2,-7,87.7,96.6,0.394,0.155,0.065,89.3,96.9,-7.5,21.97712221553281,16.9,-0.02877571404870175,-1.2668027394181605,0.8393986282379232,-1.2729992933284169,-3.2606985639328006,-0.33703086030007934,0.35263508383663333,-1.0138587956556009,0.11217545780309227,False,-1.1091716130882214,13.367807802699955,8.027087273526204,mason jones,2093582.7012803352,True,True,SAC,153564021,0.0,153564021.0,2093582.7012803352,0.011340022969574417,13.688901586639668,32.16186192476175,mason jones
203486,Mason Plumlee,1610612746,LAC,34.0,46,673.9266666666666,244,234,55,14,17,36,11,115.8,115.5,0.621,0.147,0.108,115.6,115.1,0.5,26.66640287271612,499.19999999999993,0.006078484095747371,1.6493032552546067,-1.423646848147836,-0.5739134280895651,0.7345481658806018,0.5489246881082342,-0.530732661798995,0.399553862553036,0.5534711401964,False,0.08929883057199563,53.55777882866592,42.795986567376005,mason plumlee,5000000.0,False,False,LAC,201366679,150454243.75,351820922.75,8735827.707373573,0.0473181626879501,44.265847178786245,104.00192125979106,mason plumlee
1629680,Matisse Thybulle,1610612757,POR,27.0,65,1487.3833333333334,354,136,90,113,49,40,-232,107.7,115.1,0.537,0.105,0.061,106.6,113.4,-6.8,20.955458691437983,865.8,-0.004478225645894731,-4.316130804570764,-0.9728466743499674,-0.7616722437469975,-0.4755402113670599,-1.263461217486837,-0.35476521553452084,-1.145339042930823,0.8222428676086727,True,-0.8480847704742589,19.81953812566381,18.23415920752145,matisse thybulle,10500000.0,False,False,POR,165263993,0.0,165263993.0,10500000.0,0.05687391336760363,17.684453629000103,41.54934946613002,matisse thybulle
1630562,Matt Hurt,1610612763,MEM,24.0,8,113.23833333333332,32,16,4,3,3,2,-12,98.7,104.8,0.453,0.134,0.054,97.7,105.6,-7.9,18.62973374740592,58.60000000000001,-0.016971068919522804,-2.7157487701944207,1.3849446237394807,-1.5035227068938075,-1.9075625757370434,-0.7772418051887552,0.5655860568574723,-1.3754294756624617,0.22687434781607568,False,-1.1063922680324394,13.427838534063502,8.756205643232779,matt hurt,2015213.2953500552,False,True,MEM,162649524,0.0,162649524.0,2015213.2953500552,0.01091553013114115,15.133025174043476,35.55480789098184,matt hurt
1630346,Matt Ryan,1610612740,NOP,27.0,28,390.385,152,40,18,6,1,19,13,107.9,106.5,0.638,0.144,0.062,108.1,107.1,1.0,17.871588303853887,193.79999999999998,0.008402433399915794,-2.098856688322947,2.5956481731499697,-1.46825156633977,1.0009364735172162,-0.5898209899983534,1.0381777375089178,-1.1124689811120176,0.42124544777685996,False,-0.4834096027643806,31.440246559826512,23.251962941043633,matt ryan,2059782.0,False,False,NOP,167403924,3164886.0,170568810.0,2098723.591445921,0.011367868925946788,39.61844679413834,93.08292615020449,matt ryan
1631108,Max Christie,1610612747,LAL,21.0,67,944.3183333333334,284,142,60,20,17,35,-17,109.2,110.3,0.544,0.132,0.063,111.0,110.1,0.9,18.92412692753679,496.4,-0.004705769383410518,-1.6522221915328932,1.7000001294506208,-1.176140943903777,-0.5016229624156376,-0.4541269132862663,0.6885662950958231,-1.079598919293212,0.6551607482600023,True,-0.6579924488548201,25.52714916679425,21.565905808814563,max christie,1719864.0,False,False,LAL,169876920,6874380.0,176751300.0,1789461.4396305277,0.009692730942115611,38.85411688701892,91.28714489031631,max christie
1629622,Max Strus,1610612739,CLE,28.0,70,2239.175,853,338,283,64,29,112,254,115.3,109.7,0.553,0.167,0.081,114.6,108.4,6.2,24.562975202920715,1527.8,-0.004450511265375426,1.6945647132072292,3.155506703816044,-0.021449739381118993,-0.47236338349457047,0.5626757794181628,1.2567155323831127,-0.4879378065547127,1.0,True,0.05031041243431228,52.006248682189195,52.006248682189195,max strus,14487684.0,False,False,CLE,166874287,2370430.5,169244717.5,14693479.923658162,0.079588162309215,44.84190505699687,105.35536030838236,max strus
1628467,Maxi Kleber,1610612742,DAL,32.0,43,871.4116666666666,191,143,68,17,30,28,124,116.5,109.9,0.573,0.096,0.057,116.9,110.0,6.9,18.363307047759672,444.50000000000006,-0.0006383777333894755,2.4990475625562016,1.7919388243721737,-1.2557271970669,-0.03538836073954314,0.8070894067973116,0.7244540748673728,-1.2768192902060451,0.6293617498078605,False,-0.47255431818976734,31.82655901305964,26.518295949052863,maxi kleber,11000000.0,False,False,DAL,167755884,3692826.0,171448710.0,11242144.031144686,0.060893783399375734,25.111379484498276,58.99879655128589,maxi kleber
1641721,Maxwell Lewis,1610612747,LAL,21.0,34,102.825,11,4,6,2,1,10,-73,73.1,105.8,0.246,0.127,-0.031,76.8,114.0,-37.2,5.111597374179431,14.600000000000001,-0.042373520543129824,-6.394236119908106,0.3513986300409319,-2.5822292565661797,-4.819380008972765,-1.8948199327267223,0.16214688429504162,-4.16938473026093,0.21619120325220534,False,-2.879180691830491,0.1993549107798182,0.12903965104497625,maxwell lewis,1119563.0,False,False,LAL,169876920,6874380.0,176751300.0,1164868.1626786029,0.006309581997034522,0.270177057405895,0.6347768051753439,maxwell lewis
1630695,Micah Potter,1610612762,UTA,26.0,16,186.06,53,43,6,4,6,5,-28,105.9,114.4,0.609,0.109,0.08,107.1,112.1,-5.1,20.37407287971622,105.3,0.003199175281880703,-1.6779313309635884,-0.06505553470729375,-1.3357923835505972,0.40450043174399625,-0.4619377249525903,-0.0004137803106657709,-0.5208078683735182,0.29081390488201775,False,-0.49886811742759374,30.893614803269102,21.034419882384825,micah potter,2160756.477792003,True,True,UTA,133738448,0.0,133738448.0,2160756.477792003,0.011703873973945787,35.476491204744775,83.35146574620927,micah potter
1629008,Michael Porter Jr.,1610612743,DEN,26.0,81,2564.605,1356,565,122,42,53,92,472,120.2,112.1,0.601,0.202,0.106,118.5,111.4,7.1,27.960797081811815,1991.8999999999999,0.0043127468526596505,5.333187339164598,0.9206322687947482,0.5648449427327337,0.5321462653428481,1.6681424222356862,0.3843442026666543,0.3338137389154249,1.0,True,0.6290502908945892,73.53419338026835,73.53419338026835,michael porter,33386850.0,False,False,DEN,180922992,30794224.0,211717216.0,39069500.536502294,0.21162241798367384,45.02650531593913,105.78907575310224,michael porter
1628969,Mikal Bridges,1610612751,BKN,27.0,82,2854.24,1606,372,299,81,30,164,-185,111.0,114.3,0.56,0.238,0.105,109.8,113.1,-3.3,28.928751611637423,2293.6,-0.004676644797361384,-2.1503507667960897,-0.6806455043718493,0.8497714433268124,-0.498284486324817,-0.6054656423590002,-0.24070604549614383,0.30094367709661934,1.0,True,0.10105753783369475,54.02476073393938,54.02476073393938,mikal bridges,21700000.0,False,False,BKN,155015136,0.0,155015136.0,21700000.0,0.11753942095971417,40.64003788573347,95.48313857217973,mikal bridges
201144,Mike Conley,1610612750,MIN,36.0,76,2193.458333333333,869,218,449,88,17,102,274,113.7,108.0,0.627,0.157,0.115,112.6,107.0,5.6,28.475580798966625,1734.9999999999998,0.007433986415185969,0.18971051456399013,4.381382016888722,0.42604439837467417,0.8899258964640845,0.10547911740755102,1.7352294301545557,0.6296442952846748,0.9985121507280295,True,0.7049995547829997,75.9594743385108,75.90861702664358,mike conley,24360000.0,False,False,MIN,166434327,1710490.5,168144817.5,24610354.294880528,0.13330353886791116,54.64142097968094,128.3791709509013,mike conley
203488,Mike Muscala,1610612760,OKC,33.0,53,600.18,157,125,37,9,13,22,-90,106.4,114.0,0.47,0.132,0.049,108.0,114.6,-6.6,18.672398280515846,311.3,-0.014473769383410526,-2.9715204706456113,-0.8618700067464786,-1.3244234256301315,-1.6213035786524672,-0.8549489796037202,-0.311446064548826,-1.5397797847564891,0.5223112969380338,False,-1.2111945852552317,11.29104187502864,8.863920457753288,mike muscala,4308297.0,False,False,OKC,162515272,0.0,162515272.0,4308297.0,0.023336162889514917,11.741971905587306,27.587580841439447,mike muscala
1628970,Miles Bridges,1610612766,CHA,26.0,69,2581.116666666667,1449,505,231,65,33,138,-633,108.0,120.1,0.556,0.242,0.111,107.3,118.8,-11.4,29.871257272369196,2141.7000000000003,-0.005723243869585946,-4.378806159143894,-5.478595614590679,0.8171768547201146,-0.6182534353564806,-1.2825029046662337,-2.1135603105837237,0.4981640480094526,1.0,True,-0.24840406950810137,40.19108926144443,40.19108926144443,miles bridges,7921300.0,False,False,CHA,140774484,0.0,140774484.0,7921300.0,0.04290622190083797,43.02027418198211,101.0754668261114,miles bridges
1630540,Miles McBride,1610612752,NYK,23.0,68,1327.74,562,100,114,50,7,30,-16,110.6,110.6,0.59,0.164,0.08,109.3,110.9,-1.6,23.686565140765513,873.6,0.0016974380387929817,-2.1699032458720464,1.4529636859174537,-0.544496051231366,0.23236016948291358,-0.6114059707812616,0.5921369354162042,-0.5208078683735182,0.7768643265192332,True,-0.26040270320221853,39.727657900534616,35.73856193488243,miles mcbride,1836096.0,False,False,NYK,164990518,0.0,164990518.0,1836096.0,0.00994532998462891,63.81104361166363,149.9230570783194,miles mcbride
1629011,Mitchell Robinson,1610612752,NYK,26.0,31,768.11,173,263,18,37,35,25,13,117.3,116.2,0.554,0.099,0.082,115.1,116.8,-1.7,23.37321477392561,498.70000000000005,-0.0025393270375578874,1.921898386746536,-2.289520094347979,-0.8295910748215709,-0.25328927068285373,0.6317430663343896,-0.8687216706295193,-0.45506774473590716,0.5908814678858266,False,-0.41745827337286245,33.817161942915064,27.59130949845635,mitchell robinson,15681818.0,False,False,NYK,164990518,0.0,164990518.0,15681818.0,0.08494155794081212,23.254431587314723,54.63592627329489,mitchell robinson
1628964,Mo Bamba,1610612755,PHI,26.0,57,740.3516666666667,253,238,41,22,60,39,-47,107.5,110.5,0.575,0.149,0.098,106.5,110.9,-4.3,28.72796936590944,590.8,-0.0006928154403649149,-3.5258472526249616,1.217724434051427,-0.35035280881059866,-0.041628414516445264,-1.0233615438325596,0.5003125466558955,0.07085324436498103,0.5801064426883095,False,-0.15103384064712178,43.99745105562689,35.68404024924951,mo bamba,2346614.0,False,False,PHI,166271894,1466841.0,167738735.0,2367315.6925324374,0.012822715010557947,58.29167266222313,136.9553806534484,mo bamba
1628420,Monte Morris,1610612750,MIN,29.0,33,476.04333333333335,164,57,69,19,9,7,86,113.5,104.1,0.508,0.151,0.094,113.6,103.6,10.0,26.505990351018465,350.5,-0.010819114976477187,0.36723704434913096,4.379853125818288,-0.6897941719069934,-1.202379981346185,0.1594142673438511,1.734632635670174,-0.06062700291024114,0.4651702197404014,False,-0.08688660559964469,46.53808232181692,35.33760376797072,monte morris,9800926.0,False,False,MIN,166434327,1710490.5,168144817.5,9901652.76181881,0.05363292774969298,34.98336355588202,82.19286998499163,monte morris
1629021,Moritz Wagner,1610612753,ORL,27.0,80,1414.736666666667,868,347,96,39,21,97,93,113.9,110.8,0.676,0.22,0.139,113.1,110.2,2.8,31.48486997580233,1237.3000000000002,0.021197051027649138,0.45289261412360055,1.7290388691597454,0.31313652009868237,2.467550452830797,0.1854376791925286,0.6999014124412849,1.4185257789360073,0.801911542012036,True,1.0067752953751643,84.29786154537578,76.78356651303291,moritz wagner,8000000.0,False,False,ORL,132643598,0.0,132643598.0,8000000.0,0.0433325054229361,81.90472267226107,192.4338753477594,moritz wagner
1629650,Moses Brown,1610612757,POR,24.0,22,199.97833333333327,75,86,7,5,7,11,-59,104.5,118.9,0.477,0.176,0.08,102.6,122.5,-19.9,27.831015026627895,154.6,-0.0180663591778807,-2.6989468080684413,-2.3654968241959957,-0.7233397315711181,-2.033112869700635,-0.7721371239471091,-0.8983787823698443,-0.5208078683735182,0.30149501227092035,False,-0.8926216098074733,18.602992132886413,12.75556487670872,moses brown,2165000.0,False,False,POR,165263993,0.0,165263993.0,2165000.0,0.011726859280082083,21.49866980963947,50.51079121340967,moses brown
1630541,Moses Moody,1610612744,GSW,22.0,66,1155.885,533,196,57,42,24,44,99,113.3,110.2,0.578,0.176,0.087,112.6,110.2,2.3,25.812948519965218,828.8,-0.00029035917788070443,0.05092608357534125,1.8010444309763527,-0.41079700224898175,0.004504107595214403,0.06331438234932421,0.728008399896415,-0.2907174356418799,0.724846378708808,True,-0.07054044777866637,47.18817540207548,41.345376597273216,moses moody,3918480.0,False,False,GSW,209354737,202409974.75,411764711.75,7706975.303349071,0.04174531864085103,44.682732349179425,104.98138650057795,moses moody
1631338,Mouhamadou Gueye,1610612761,TOR,25.0,11,119.94166666666666,26,23,5,3,18,12,-80,80.0,110.9,0.31,0.189,0.002,81.4,109.8,-28.5,22.48092822900021,74.89999999999999,-0.05096380616261052,-6.184744221170327,0.4914434527528553,-1.193589999933999,-5.804062266965242,-1.8311732373142824,0.21681263477061236,-3.0846726902403483,0.23349291080017695,False,-2.336562737481941,0.9730965945379221,0.6374481473526367,mouhamadou gueye,2093582.7012803352,True,True,TOR,163054678,0.0,163054678.0,2093582.7012803352,0.011340022969574417,1.087064916370694,2.5540421576037766,mouhamadou gueye
1631243,Mouhamed Gueye,1610612737,ATL,21.0,6,72.8,24,22,4,5,4,1,-41,89.9,115.1,0.468,0.144,0.079,87.0,119.9,-32.9,30.956043956043956,62.6,-0.016077566600084203,-3.1325154795668726,-0.6608785537198089,-0.5450477773875554,-1.8051427121377346,-0.9038616122996531,-0.23299012161490087,-0.5536779301923238,0.1819090681931747,False,-0.7436644903124293,22.853973859720927,14.440490913046363,mouhamed gueye,1119563.0,False,False,ATL,159153393,0.0,159153393.0,1119563.0,0.006064183721102326,30.657527634090503,72.0293855925243,mouhamed gueye
1631217,Moussa Diabaté,1610612746,LAC,22.0,11,64.23833333333333,29,24,4,5,1,2,-2,117.7,121.1,0.576,0.171,0.141,122.7,115.1,7.6,34.52144358249229,61.60000000000001,-0.000624110337600003,0.8986101307394652,-0.5373566128630194,-0.2693083100851694,-0.03375292600268285,0.3208531639485662,-0.18477399004804246,1.4842659025736176,0.17087785820357893,False,0.39330163043546895,65.29516429210295,40.93321438203504,moussa diabate,1119562.9418611417,True,True,LAC,201366679,150454243.75,351820922.75,1956061.793531846,0.010595132284477105,71.48486630007437,167.95258444234477,moussa diabate
1626167,Myles Turner,1610612754,IND,28.0,77,2076.4366666666665,1313,533,100,39,144,109,220,120.6,115.5,0.626,0.234,0.116,118.6,114.4,4.2,35.49484613865741,2047.2999999999997,0.010845954274863165,5.313483520156087,-1.6601260203275585,1.1875193831153705,1.2810309615443072,1.6621561145338006,-0.6230410468482456,0.6625143571034803,0.9715116306482637,True,0.8436560572943661,80.05691852453467,79.0306075456947,myles turner,20975000.0,False,False,IND,148722330,0.0,148722330.0,20975000.0,0.1136124126557606,60.161934166838236,141.34953104556865,myles turner
1630230,Naji Marshall,1610612740,NOP,26.0,66,1257.1233333333332,466,240,128,49,12,65,205,115.4,106.8,0.576,0.158,0.092,116.5,107.1,9.5,24.455834351972893,854.0,-0.0005766633528701781,2.32730720483372,4.149661290549951,-0.4984873080706471,-0.028314200664755977,0.7549121803563587,1.644778479089338,-0.12636712654785223,0.7559230760928635,True,0.1931745038351237,57.65888471808469,51.325943270026855,naji marshall,1930681.0,False,False,NOP,167403924,3164886.0,170568810.0,1967181.848494842,0.010655364764725526,89.45683330919206,210.17744213492654,naji marshall
1629642,Nassir Little,1610612756,PHX,24.0,45,458.28333333333336,152,75,21,10,10,14,-88,103.2,112.7,0.572,0.132,0.073,105.9,111.1,-5.2,20.13339637051314,256.29999999999995,-0.001009769383410529,-3.8196735977666103,0.4974205676455482,-1.249409161282734,-0.07796002654224438,-1.1126302745379368,0.2191457697266963,-0.7508983011051571,0.45641056742871994,False,-0.6833384603552534,24.71964983347562,18.672846641622737,nassir little,6250000.0,False,False,PHX,193838882,78815748.5,272654630.5,8791277.69951232,0.04761851107358185,19.271454308596603,45.277982944034584,nassir little
1630207,Nate Hinton,1610612745,HOU,25.0,15,74.55166666666666,33,22,10,3,2,3,13,109.3,100.0,0.585,0.156,0.111,116.2,107.5,8.6,33.22259730388321,68.8,0.0008346361832421038,0.08212988046267607,1.0743973277367123,-0.36500269294729554,0.13345942078169673,0.07279455112036456,0.44436557426190126,0.4981640480094526,0.18408454908579702,False,0.15579147309060623,56.19013039771327,35.55925238654313,nate hinton,2093582.7012803352,True,True,HOU,149356730,0.0,149356730.0,2093582.7012803352,0.011340022969574417,60.64056485585457,142.47406642451543,nate hinton
1631466,Nate Williams,1610612745,HOU,25.0,22,129.385,63,23,7,4,1,4,23,111.1,104.2,0.565,0.173,0.09,112.6,104.8,7.7,26.182324071569347,94.1,-0.0025344098737122853,-0.16590719637287782,1.6898405216623062,-0.8932541962227761,-0.25272562888875244,-0.0025627317887217107,0.6846005463196038,-0.1921072501854633,0.2425105433509307,False,-0.21654889626501367,41.427995774119864,27.306424270070767,nate williams,2093582.7012803352,True,True,HOU,149356730,0.0,149356730.0,2093582.7012803352,0.011340022969574417,46.56669870138636,109.4077362195148,nate williams
1641877,Nathan Mensah,1610612766,CHA,26.0,25,306.64166666666665,33,65,9,6,14,14,-133,94.9,114.5,0.496,0.068,0.007,94.2,115.9,-21.8,13.231078620539721,112.70000000000002,-0.005688184227817542,-6.9669542461255425,-0.973128196021777,-1.884460306681265,-0.6142346391545673,-2.068820055672627,-0.35487510601934275,-2.9203223811463204,0.3733397591438337,False,-1.802901261141193,3.5701861460463022,2.563403976464077,nathan mensah,395708.0,False,False,CHA,140774484,0.0,140774484.0,395708.0,0.0021433773819873997,7.831735683458888,18.40054149621995,nathan mensah
1629675,Naz Reid,1610612750,MIN,24.0,81,1963.8283333333331,1090,423,106,63,73,111,248,111.1,105.5,0.595,0.223,0.115,111.2,104.5,6.7,30.498185092553065,1663.6999999999998,0.003423101723480702,-1.3127998174754527,6.280958573128027,0.5332623819225945,0.43016854150263745,-0.3510054437308169,2.476719019142987,0.6296442952846748,0.9448011655497903,True,0.7055912016032722,75.97788013148646,74.09062943922135,naz reid,12950400.0,False,False,MIN,166434327,1710490.5,168144817.5,13083494.756174909,0.07086757593411316,66.53223695000105,156.31645861344387,naz reid
1629674,Neemias Queta,1610612738,BOS,24.0,28,333.21666666666664,154,122,20,13,21,13,135,128.7,108.3,0.662,0.16,0.123,128.7,109.9,18.7,34.550492672435354,319.8,0.013176037111017554,6.355846855963341,1.4077524246896937,-0.08743858242944336,1.5481223401139432,1.978841304476447,0.5744889604528844,0.8926047898351186,0.3891813474617215,False,0.861139682099666,80.54194419758403,58.40350937517236,neemias queta,891035.0,False,False,BOS,186940921,51175953.75,238116874.75,1134960.0096003928,0.006147582596353079,123.4007806232328,289.9282197839574,neemias queta
1629651,Nic Claxton,1610612751,BKN,25.0,71,2115.6633333333334,841,706,147,46,146,93,-278,108.4,114.1,0.629,0.156,0.128,108.4,113.3,-4.9,30.696755469915658,1804.0,0.00769863618324211,-3.564611364788583,-0.6793314994185632,0.6462581270481143,0.9202620159751443,-1.0351386466927512,-0.2401931306628139,1.0569550989291463,0.980645273029525,True,0.4253905972337093,66.47240203259265,65.89345219600703,nic claxton,9625000.0,False,False,BKN,155015136,0.0,155015136.0,9625000.0,0.05213442058697,65.88312058640004,154.79136978676877,nic claxton
1630208,Nick Richards,1610612766,CHA,26.0,67,1758.736666666667,652,539,54,26,74,73,-429,106.3,118.2,0.717,0.131,0.108,105.2,117.1,-11.9,24.724792985874323,1207.8999999999999,0.017992880384645613,-5.580528617786617,-3.706219906758383,-0.23144279842161317,2.1002646461061714,-1.6476037212436756,-1.4217228951254917,0.399553862553036,0.894106122099473,True,-0.08335383637894193,46.678509697447296,44.454173914531275,nick richards,5000000.0,False,False,CHA,140774484,0.0,140774484.0,5000000.0,0.027082815889335064,55.89786256382983,131.3311609619454,nick richards
1641733,Nick Smith Jr.,1610612766,CHA,20.0,51,728.71,302,72,59,10,7,39,-194,102.4,114.9,0.511,0.202,0.056,101.2,115.8,-14.6,20.5711462721796,416.4,-0.013867253147340344,-6.599107086959741,-1.5774925492832326,-1.104095258524357,-1.5517801887097251,-1.957062721671553,-0.590785511644838,-1.3096893520248505,0.5755274260900328,False,-1.2838748835424618,9.95928683415928,8.056936981597824,nick smith,2463912.0,False,False,CHA,140774484,0.0,140774484.0,2463912.0,0.013345935012704667,12.978464339608099,30.49270063372451,nick smith
1629638,Nickeil Alexander-Walker,1610612750,MIN,25.0,82,1920.9183333333333,655,167,204,64,42,76,312,113.1,105.5,0.578,0.143,0.071,114.3,104.8,9.5,22.037584453963422,1175.8999999999999,-0.00023591683202807233,0.803746268120746,6.109789918705308,-0.46205025638064556,0.010744693114630215,0.29203213838089664,2.4099042467671508,-0.8166384247427682,0.9344221192639315,True,0.04639807022140993,51.85035127007674,50.320245001806185,nickeil alexander walker,4687500.0,False,False,MIN,166434327,1710490.5,168144817.5,4735674.702678673,0.025651081216885613,64.48834831262535,151.51437396634375,nickeil alexander walker
201587,Nicolas Batum,1610612755,PHI,35.0,60,1529.5866666666666,320,248,128,48,38,40,177,117.6,111.9,0.603,0.085,0.065,116.7,110.3,6.4,18.790958777534673,798.4,0.0019847697152280707,3.2052159014741304,1.3867964648248745,-0.9763787805451165,0.2652962575802929,1.0216336514569873,0.5663089131597205,-1.0138587956556009,0.8338265207263839,False,-0.2702665105034093,39.347761385201785,36.40541190024862,nicolas batum,11710818.0,False,False,PHI,166271894,1466841.0,167738735.0,11814130.156809485,0.0639919823859025,33.88031933394835,79.60128469685124,nicolas batum
203999,Nikola Jokić,1610612743,DEN,29.0,79,2736.5333333333333,2085,976,708,108,68,237,682,122.4,110.6,0.65,0.288,0.211,120.5,109.3,11.1,50.00604170726954,3801.2,0.020260866799831592,7.147089521423715,2.5028223982398456,3.5327167020268515,2.360238072290876,2.2192323708103254,1.001943690789629,3.7851702298900034,1.0,True,2.8559423645573387,99.78545349051254,99.78545349051254,nikola jokic,47607350.0,False,False,DEN,180922992,30794224.0,211717216.0,55710418.51406924,0.30175900154686813,53.96493357916356,126.78977429759233,nikola jokic
1631107,Nikola Jović,1610612748,MIA,21.0,46,896.2366666666667,352,192,90,25,14,42,149,115.8,107.9,0.583,0.171,0.092,115.2,107.0,8.2,25.570924346619755,636.6,0.0005728896623999982,1.6900794711681104,3.479145583049257,-0.5632662024408817,0.10345609300176893,0.5613130974450895,1.3830462447490321,-0.12636712654785223,0.6382635059521287,False,0.12844562670480753,55.11018373592014,46.139269642985546,nikola jovic,2352000.0,False,False,MIA,177143542,20873855.0,198017397.0,2629149.854889997,0.014240956293091557,72.6536613519764,170.69865028551703,nikola jovic
202696,Nikola Vučević,1610612741,CHI,33.0,76,2609.5016666666666,1370,801,254,50,60,120,-180,112.5,115.7,0.54,0.233,0.126,111.6,114.1,-2.5,32.39653037201867,2348.2999999999997,-0.009238395957080687,-0.7108422000325472,-1.6447359273830786,1.1566899433244076,-1.02118624202031,-0.16812193673400186,-0.6170336060560259,0.9912149752915352,1.0,True,0.31558571069701175,62.384150748597925,62.384150748597925,nikola vucevic,18518519.0,False,False,CHI,165630436,504654.0,166135090.0,18574942.47453234,0.10061234943854984,49.553211848267765,116.42450252896302,nikola vucevic
1641730,Noah Clowney,1610612751,BKN,19.0,23,369.85833333333335,133,81,18,8,16,15,-54,104.8,111.7,0.626,0.137,0.097,105.8,111.8,-6.0,23.70096658630557,243.5,0.006349981776308776,-3.1494292419522045,0.43374882205058596,-0.9817101016674085,0.765669243918876,-0.9090002600913039,0.19429184303639616,0.037983182546175484,0.4100212485255176,False,-0.2263884466234043,41.04496564770279,30.147919733487672,noah clowney,3089460.0,False,False,BKN,155015136,0.0,155015136.0,3089460.0,0.01673425527549302,44.86633630128337,105.41276113783674,noah clowney
1626181,Norman Powell,1610612746,LAC,31.0,76,1990.378333333333,1056,195,82,43,22,66,212,118.0,113.0,0.626,0.193,0.087,116.8,111.8,5.0,24.48077291838151,1353.4999999999998,0.008945594765164917,3.57490781749453,0.399709865770264,-0.14907533475530593,1.063197658218094,1.133951449506275,0.18100491779035124,-0.2907174356418799,0.9511663494060459,True,0.2322390394458176,59.182382128412755,57.88184083183321,norman powell,18000000.0,False,False,LAC,201366679,150454243.75,351820922.75,31448979.74654486,0.17034538567662036,38.23861882364912,89.84104173852084,norman powell
1628384,OG Anunoby,1610612752,NYK,26.0,50,1702.035,733,208,107,68,36,81,390,118.2,107.2,0.595,0.173,0.081,116.5,106.5,9.9,24.040398699204186,1136.6,0.002655590126287719,3.3800201545166395,4.637716888635085,-0.3341057693840088,0.34219066905034917,1.0747417339997005,1.8352883817510652,-0.4879378065547127,0.8795750523561209,False,0.2579253334077513,60.17677335262866,56.91572020146311,og anunoby,18642857.0,False,False,NYK,164990518,0.0,164990518.0,18642857.0,0.10098021275644029,45.151796076087784,106.08344445046232,og anunoby
1630167,Obi Toppin,1610612754,IND,26.0,82,1730.6016666666667,843,320,128,47,43,69,141,120.2,116.6,0.677,0.16,0.101,119.4,116.0,3.4,27.85389666984797,1339.0000000000002,0.015576037111017555,5.363383272122533,-2.6843310969068,0.10236515296148553,1.8232281426291344,1.6773163872398114,-1.0228340421756392,0.16946342982139764,0.8869256570942805,True,0.4480868903407867,67.29547555405489,63.87124929859369,obi toppin,6803012.0,False,False,IND,148722330,0.0,148722330.0,6803012.0,0.03684894429778742,72.10778194727048,169.41611509227275,obi toppin
1630534,Ochai Agbaji,1610612761,TOR,24.0,78,1641.611666666667,455,216,83,47,44,64,-250,110.1,117.2,0.497,0.131,0.046,109.0,116.5,-7.5,18.07443295054555,824.2,-0.010827119615354383,-2.580944169486659,-3.0660315940551763,-1.0139851403951727,-1.2032975324304165,-0.7362862006372785,-1.1718287977792528,-1.6383899702129057,0.8638212322072902,True,-1.211725155789707,11.280880317016539,10.589582945481784,ochai agbaji,4114200.0,False,False,TOR,163054678,0.0,163054678.0,4114200.0,0.022284824226380465,14.256112875338559,33.4945160485305,ochai agbaji
1630846,Olivier Sarr,1610612760,OKC,25.0,15,98.20166666666668,34,36,2,0,7,3,1,106.8,105.8,0.664,0.124,0.093,110.1,109.5,0.6,26.32134553045603,71.8,0.010459428761038603,-0.6610856174887781,0.7814283742923201,-0.8979885353269571,1.2367245400137645,-0.15300516098750327,0.3300067040377277,-0.09349706472904667,0.21127498955655213,False,-0.040487340790854934,48.38522996763581,31.21204151244633,olivier sarr,2093582.7012803352,True,True,OKC,162515272,0.0,162515272.0,2093582.7012803352,0.011340022969574417,53.22709845090549,125.056242109631,olivier sarr
1641765,Olivier-Maxence Prosper,1610612742,DAL,21.0,40,336.21166666666664,121,79,22,7,4,8,-86,99.6,112.8,0.496,0.153,0.082,102.5,114.3,-11.8,23.481636072513847,219.30000000000004,-0.01279841451258947,-4.61050045330146,-0.3698516404003169,-1.0155501825417452,-1.4292619760545666,-1.3528950117495975,-0.11938931640752355,-0.45506774473590716,0.3909264442941726,False,-0.8256398146879617,20.450422129516216,14.845307034566906,olivier maxence prosper,2733720.0,False,False,DAL,167755884,3692826.0,171448710.0,2793897.634620077,0.015133323050412855,22.88430205910984,53.76631268851895,olivier maxence prosper
1630209,Omer Yurtseven,1610612762,UTA,26.0,48,545.1016666666667,222,208,29,8,18,37,-133,104.4,117.2,0.565,0.173,0.11,102.7,117.7,-15.0,27.077517649612766,410.00000000000006,-0.0025344098737122853,-4.916935868991143,-2.4617836940244504,-0.6040907845520097,-0.25272562888875244,-1.4459945620591697,-0.9359638490519839,0.46529398619064705,0.49776850527979855,False,-0.4066371062807943,34.21372699154457,26.48128193043402,omer yurtseven,2800000.0,False,False,UTA,133738448,0.0,133738448.0,2800000.0,0.015166376898027635,40.79020170429558,95.83594613443171,omer yurtseven
1641931,Onuralp Bitim,1610612741,CHI,25.0,23,267.9916666666667,80,32,13,3,2,10,-45,106.6,115.1,0.464,0.149,0.035,108.5,115.1,-6.6,15.743773127273856,117.19999999999999,-0.017231815440364905,-1.7681517382455,-0.8095249336637288,-1.6865138386887104,-1.937451276099256,-0.48934800103894943,-0.2910134441323378,-1.9999606502197662,0.34901918849741476,False,-1.4292885629286889,7.646065593604597,5.406216700387574,onuralp bitim,500000.0,False,False,CHI,165630436,504654.0,166135090.0,501523.4337727639,0.0027165333642109784,15.202453300533632,35.717928197146556,onuralp bitim
1630168,Onyeka Okongwu,1610612737,ATL,23.0,55,1404.736666666667,561,376,74,26,60,45,-34,118.1,119.0,0.674,0.134,0.094,116.8,118.5,-1.8,26.703937392773494,1042.0,0.012642931080477203,3.328288709925048,-4.365890621643108,-0.19340310347070314,1.4870137724649883,1.0590249663489961,-1.679221844373399,-0.06062700291024114,0.7990723788660616,False,0.06348365742533972,52.5309313761214,47.781219591311995,onyeka okongwu,8109063.0,False,False,ATL,159153393,0.0,159153393.0,8109063.0,0.04392325205280381,50.727055435565696,119.1824298277311,onyeka okongwu
1631115,Orlando Robinson,1610612748,MIA,23.0,36,303.69,99,84,34,7,8,18,12,113.1,109.6,0.596,0.143,0.097,112.5,111.1,1.4,25.083473278672333,211.60000000000002,0.0023380831679719297,-0.025334217468617234,0.8615881265098164,-0.8967119161222882,0.3057956663121731,0.04014539022194272,0.36129663627548797,0.037983182546175484,0.3715385701255108,False,-0.10669737034527886,45.75145344296263,32.81259271064245,orlando robinson,1801769.0,False,False,MIA,177143542,20873855.0,198017397.0,2014081.9323534416,0.010909402031992891,56.719933098393675,133.26260293029603,orlando robinson
1631131,Oscar Tshiebwe,1610612754,IND,24.0,8,41.91666666666666,26,16,2,2,1,0,14,114.9,98.9,0.553,0.205,0.165,115.0,102.9,12.1,39.85049701789265,46.4,-0.005463202451508757,0.1665287450846019,0.8879748664351331,0.1332937633053456,-0.5884455591034333,0.0984361576078366,0.3715965596335139,2.2731473862249505,0.13803271461153802,False,0.6975057304145089,75.72568227730169,46.35280492326198,oscar tshiebwe,2015213.2953500552,True,True,IND,148722330,0.0,148722330.0,2015213.2953500552,0.01091553013114115,80.10983208615833,188.21680775947078,oscar tshiebwe
1629052,Oshae Brissett,1610612738,BOS,26.0,55,630.165,201,160,44,19,8,20,114,117.2,106.4,0.53,0.136,0.076,116.7,108.4,8.3,23.102520768370194,404.40000000000003,-0.006752368455635081,2.2821774414464255,2.888366358794657,-0.9161787462747997,-0.7362193291619644,0.7412010997768564,1.1524387218584085,-0.6522881156487405,0.5351996229105888,False,-0.25111804739232696,40.08614215401505,31.70171785885438,oshae brissett,2165000.0,False,False,BOS,186940921,51175953.75,238116874.75,2757678.9023830155,0.014937141999028562,49.09244491985811,115.34193777844487,oshae brissett
203490,Otto Porter Jr.,1610612761,TOR,31.0,15,174.07333333333332,39,29,8,5,5,2,22,112.2,107.5,0.568,0.083,0.054,110.3,109.2,1.2,18.343992953161504,88.7,-0.0009669307486596512,-0.4511585154723283,1.1001375074587925,-1.5047378270602227,-0.07304954446232963,-0.08922624446920219,0.4544131162890567,-1.3754294756624617,0.2812903169756158,False,-0.7449927003601655,22.813806637391,15.435379955768507,otto porter,6300000.0,False,False,TOR,163054678,0.0,163054678.0,6300000.0,0.03412434802056218,17.90071140899281,42.057443765461464,otto porter
1631172,Ousmane Dieng,1610612760,OKC,21.0,33,364.9533333333333,133,51,37,8,5,19,1,110.1,109.0,0.54,0.167,0.074,109.7,108.3,1.4,21.849368869079154,221.5,-0.006621511265375428,-1.2434588181146768,1.772174148415048,-1.1405738580168614,-0.7212195073531041,-0.3299386364103407,0.7167390389011717,-0.7180282392863515,0.4072933571614921,False,-0.5507148020194618,29.091459802947973,21.332244139163464,ousmane dieng,4798440.0,False,False,OKC,162515272,0.0,162515272.0,4798440.0,0.02599105341520419,27.21282821677229,63.93611774843196,ousmane dieng
200782,P.J. Tucker,1610612746,LAC,39.0,31,486.3133333333333,52,85,16,16,7,8,-24,112.4,113.7,0.507,0.052,0.031,113.2,113.3,-0.1,12.725129203394248,171.90000000000003,-0.0037777879389192964,0.035971379668954924,-0.33522259912874913,-1.882505312216479,-0.395250845746486,0.05877092510707358,-0.10587205462874455,-2.1314408974949886,0.4701611587014767,False,-1.1764113935928397,11.971526049523561,9.117185278728968,pj tucker,11014500.0,False,False,LAC,201366679,150454243.75,351820922.75,19244154.856573243,0.10423718058528528,7.152837263445323,16.80548019000633,pj tucker
1629023,P.J. Washington,1610612742,DAL,25.0,73,2220.6783333333333,939,411,141,72,59,96,-133,112.8,115.6,0.537,0.185,0.079,112.1,114.4,-2.3,25.388458631634325,1566.1,-0.007890207090385954,-0.34856354881393903,-1.7139685696267617,0.06919572393220305,-0.8666468336394346,-0.05805639669418477,-0.6440581991282225,-0.5536779301923238,1.0,True,-0.3841186624939226,35.044524995106585,35.044524995106585,pj washington,16847826.0,False,False,DAL,167755884,3692826.0,171448710.0,17218698.773060385,0.0932661697449428,28.58526493165378,67.16063651972422,pj washington
1631094,Paolo Banchero,1610612753,ORL,21.0,80,2798.701666666667,1804,554,431,71,47,247,1,111.9,111.9,0.546,0.292,0.135,109.9,110.1,-0.2,34.72524462235763,2699.6000000000004,-0.009825732272392963,-1.787669996091722,1.663015561312463,1.5816242055464371,-1.0885110871746013,-0.49527793255231506,0.6741295659534244,1.2870455316607852,1.0,True,0.6450707928188211,74.0559344887809,74.0559344887809,paolo banchero,11608080.0,False,False,ORL,132643598,0.0,132643598.0,11608080.0,0.06287589869373451,69.34511744086315,162.92527769110154,paolo banchero
1627783,Pascal Siakam,1610612754,IND,30.0,80,2657.8883333333333,1737,565,342,63,25,141,113,117.6,115.3,0.601,0.25,0.132,116.0,114.6,1.4,35.24978789552859,2602.5,0.005337557985964914,3.2260693352717613,-1.7673979971200067,1.5547456139043758,0.6496177191988677,1.027969228905176,-0.6649140915120946,1.1884353462043684,1.0,True,0.8971179358261969,81.51720055085214,81.51720055085214,pascal siakam,37893408.0,False,False,IND,148722330,0.0,148722330.0,37893408.0,0.2052520384566913,50.45150575541488,118.53503012876092,pascal siakam
1626192,Pat Connaughton,1610612749,MIL,31.0,76,1676.28,428,239,161,40,19,49,-14,115.1,115.9,0.574,0.106,0.066,114.6,115.5,-0.9,18.858185983248617,878.0999999999999,-0.0005988754139508791,1.5350739893921999,-2.2182277058981787,-0.9157229692246701,-0.0308603118685571,0.5142201704856626,-0.8408930665987868,-0.9809887338367954,0.8728948702710163,True,-0.5768573436544584,28.201791415412302,26.58872485501173,pat connaughton,9423869.0,False,False,MIL,187346674,52697527.5,240044201.5,12074647.821853532,0.06540309277756397,24.55633804539181,57.69473530034624,pat connaughton
1630311,Pat Spencer,1610612744,GSW,27.0,6,25.65,4,4,5,0,0,1,-6,96.4,111.1,0.5,0.077,0.08,102.4,115.7,-13.3,17.403508771929825,12.4,-0.006133032140322805,-0.6249418833289068,-0.05269459142653882,-1.6307344057603128,-0.6652264066408039,-0.14202416719728048,0.004411248047707816,-0.5208078683735182,0.10797727033543175,False,-0.6843518608206902,24.68765031031316,14.777774961848719,pat spencer,2351082.1779083977,True,True,GSW,209354737,202409974.75,411764711.75,4624173.730957965,0.025047129159166837,19.097180715870262,44.8685298413936,pat spencer
1631116,Patrick Baldwin Jr.,1610612764,WAS,21.0,38,493.5083333333333,168,123,29,18,15,19,-23,108.4,111.0,0.502,0.153,0.072,108.5,110.4,-1.9,24.634234477634624,337.7,-0.01188041451258947,-2.159320458445645,1.06306833231165,-0.8438208419671427,-1.3240340065925058,-0.6081907655537513,0.4399433612514334,-0.7837683629239626,0.47362640308260867,False,-0.669927931003198,25.145186671570567,19.189093612507335,patrick baldwin,2337720.0,False,False,WAS,150856313,0.0,150856313.0,2337720.0,0.012662408072163274,31.48467741893387,73.97276118061335,patrick baldwin
201976,Patrick Beverley,1610612749,MIL,35.0,73,1462.5116666666668,451,239,212,43,31,65,-61,110.7,112.2,0.539,0.141,0.086,110.9,110.5,0.4,24.140115121588767,980.6999999999998,-0.00573161729591578,-1.4807944111300588,1.1924488291935875,-0.43482670735273554,-0.6192132595940935,-0.4020446523956583,0.4904463489520361,-0.3235874974606855,0.8153392118026892,True,-0.2854046605320469,38.76670686867493,35.5452960778923,patrick beverley,3196448.0,False,False,MIL,187346674,52697527.5,240044201.5,4095556.06947296,0.02218383819879699,47.92860496068657,112.6075138487756,patrick beverley
1630172,Patrick Williams,1610612741,CHI,22.0,43,1174.085,429,166,66,40,33,57,-14,114.3,115.5,0.553,0.163,0.066,114.1,113.9,0.1,21.825336325734508,711.8000000000001,-0.004343912193150865,0.9628937725546658,-1.2342552805296025,-0.8013587507926133,-0.4601442071146902,0.34038347225769905,-0.45680467233741784,-0.9809887338367954,0.7305306290635595,False,-0.5811211189283534,28.057941303697444,24.65560119690193,patrick williams,9835881.0,False,False,CHI,165630436,504654.0,166135090.0,9865849.626600573,0.05343899780581768,24.43940809902861,57.42001020527554,patrick williams
201988,Patty Mills,1610612748,MIA,35.0,32,415.315,127,35,34,20,1,16,6,109.8,109.5,0.467,0.152,0.045,109.7,109.8,0.0,19.303901857626137,222.7,-0.017122764744533326,-1.391640846152729,1.4066485308179215,-1.3370960481489795,-1.9249510764360949,-0.3749584985671141,0.5740580613608848,-1.6712600320317113,0.4344876815912569,False,-1.094529748693107,13.686135374726959,10.20328020910897,patty mills,3190754.384304254,False,True,MIA,177143542,20873855.0,198017397.0,3566739.5520761693,0.01931947012281766,14.439993020427565,33.92653959692314,patty mills
202331,Paul George,1610612746,LAC,34.0,74,2501.766666666667,1671,388,262,113,37,153,461,121.2,112.1,0.613,0.264,0.126,119.5,110.4,9.1,34.791733841418726,2417.7999999999997,0.008804461233178951,6.1448524891679,1.4169337575551917,1.3907444238014008,1.0470198858935928,1.9147381373464414,0.5780728448246109,0.9912149752915352,1.0,True,1.1760252287475077,88.02076026599282,88.02076026599282,paul george,45640084.0,False,False,LAC,201366679,150454243.75,351820922.75,79740782.07481146,0.4,43.13100837974622,101.33563510596187,paul george
1630194,Paul Reed,1610612755,PHI,25.0,82,1589.5016666666668,600,488,109,67,84,67,96,116.3,112.0,0.58,0.156,0.104,114.5,111.3,3.2,29.80103827090461,1315.8,5.4636183242103176e-05,1.8355554620609966,0.9129417752334475,0.23719319367977842,0.04405003496425949,0.6055108260349287,0.3813422594750746,0.2680736152778138,0.8500004456326817,True,0.2943558510744282,61.57570005271853,57.41935264722498,paul reed,7723000.0,False,False,PHI,166271894,1466841.0,167738735.0,7791131.857829201,0.04220115793502426,61.81875533388384,145.24220667562437,paul reed
1630202,Payton Pritchard,1610612738,BOS,26.0,82,1825.7333333333331,787,265,281,39,6,61,449,122.8,109.2,0.597,0.168,0.103,121.4,110.1,11.3,27.177462937267222,1378.3,0.0029148389665684215,7.1851983354361915,2.386537207320106,0.07725855072450019,0.3719076941572472,2.2308103845311202,0.9565523860078825,0.23520355345900829,0.9109768316915572,True,0.6237662734232651,73.3609454015695,70.42207469618181,payton pritchard,4037277.0,False,False,BOS,186940921,51175953.75,238116874.75,5142500.510843507,0.027854678909197243,87.68391940893076,206.01200842910265,payton pritchard
1631250,Pete Nance,1610612739,CLE,24.0,8,27.35,3,3,0,1,0,1,-23,61.5,103.8,0.218,0.138,-0.042,63.7,112.3,-48.6,7.76599634369287,5.9,-0.049907667991747375,-2.592482558556128,0.20123502926047368,-2.382478669442143,-5.682999875689312,-0.7397917315865871,0.10353132270685267,-4.530955410267791,0.11149806357878231,False,-2.90279533312623,0.1849241271996833,0.11098667690111831,pete nance,244503.0,False,False,CLE,166874287,2370430.5,169244717.5,247976.1376472728,0.002,0.34740482274482853,0.8162222418211046,pete nance
1631212,Peyton Watson,1610612743,DEN,21.0,80,1487.8366666666666,532,258,86,42,88,58,-69,109.0,109.7,0.539,0.16,0.076,109.5,109.4,0.1,24.6849676599806,1020.2,-0.006503962888982446,-2.6249188577696287,2.44010322180317,-0.36510453641835605,-0.7077452405106253,-0.7496463525470498,0.9774615943955817,-0.6522881156487405,0.8223681620414265,True,-0.35895206859852513,35.98154732947585,33.105386556348165,peyton watson,2303520.0,False,False,DEN,180922992,30794224.0,211717216.0,2695593.5009096027,0.014600852499524584,51.676344158853325,121.41276895697928,peyton watson
1630173,Precious Achiuwa,1610612752,NYK,24.0,74,1623.753333333333,565,487,97,46,68,83,-47,111.2,112.3,0.545,0.158,0.095,110.4,111.9,-1.5,25.778053316801,1162.7,-0.005474663352870165,-1.595687227351553,0.5505808354213785,-0.18122415591129945,-0.589759292631174,-0.4369507662988026,0.23989659704878796,-0.0277569410914356,0.8591098282348403,True,-0.17165514058743386,43.185432742627874,40.44745137604016,precious achiuwa,4379526.0,False,False,NYK,164990518,0.0,164990518.0,4379526.0,0.023721979268111208,53.273819177838874,125.1660117327922,precious achiuwa
1629656,Quentin Grimes,1610612765,DET,24.0,51,1024.9433333333334,359,100,66,35,7,28,-39,108.1,109.1,0.516,0.155,0.059,106.9,108.7,-1.8,20.13301548378284,573.1999999999999,-0.009865714048701749,-3.647619776991917,2.6347872555611596,-1.0289864185423145,-1.0930940949485226,-1.0603578134481628,1.0534554698199086,-1.2110791665684342,0.6825564689703947,False,-0.7855698203926254,21.605977550235266,18.519572538033387,quentin grimes,2385720.0,False,False,DET,139233014,0.0,139233014.0,2385720.0,0.01292240310470089,30.170763607482886,70.88574106307757,quentin grimes
1631245,Quenton Jackson,1610612754,IND,25.0,3,10.533333333333331,2,4,2,1,0,0,0,79.2,79.2,0.532,0.083,0.2,86.8,80.0,6.9,33.493670886075954,9.8,-0.003954930748659644,-0.5992991759998754,0.6829223063072524,-0.3850291185268933,-0.415556268593742,-0.13423353857271458,0.29155538517763496,3.4235995498831433,0.06919449969382528,False,0.8920874220348962,81.38269619420602,47.29453863291501,quenton jackson,2093582.7012803352,True,True,IND,148722330,0.0,148722330.0,2093582.7012803352,0.011340022969574417,80.65320120122497,189.49344506614918,quenton jackson
1630181,R.J. Hampton,1610612748,MIA,23.0,8,76.02166666666666,10,6,8,0,0,3,21,118.4,107.8,0.336,0.098,0.003,114.9,107.2,7.7,10.039243198211036,21.2,-0.02387767726950175,0.46099007341882886,0.7047735801964519,-2.195584181589155,-2.69924925606166,0.18789780547179405,0.30008491353055017,-3.0518026284215427,0.18589056735160886,False,-1.7961268144826488,3.6237175373973916,2.2961713545955145,rj hampton,680032.0,False,False,MIA,177143542,20873855.0,198017397.0,760164.1301532969,0.004117477036523655,5.582244739003378,13.115397418101129,rj hampton
1629628,RJ Barrett,1610612761,TOR,24.0,58,1838.1333333333332,1170,315,193,31,22,126,-153,113.6,116.9,0.58,0.257,0.109,113.1,116.0,-3.0,31.267590309009144,1596.5,9.000960957192638e-05,0.387538742694976,-2.8143373800409335,0.5461686114394209,0.04810479948016699,0.16558221951173233,-1.0735813022059941,0.4324239243718415,0.914065179030003,False,0.13728518768929343,55.45973109556,53.3150661673265,rj barrett,23883929.0,False,False,TOR,163054678,0.0,163054678.0,23883929.0,0.1293688103641901,38.78243661364579,91.11873319998715,rj barrett
1630564,RaiQuan Gray,1610612759,SAS,24.0,3,39.03333333333333,23,7,6,1,1,1,14,129.3,113.6,0.676,0.2,0.149,129.9,113.9,16.0,36.061485909479075,39.1,0.019270046388771944,1.2203828121116764,-0.07240486195721524,-0.16555682538164107,2.2466628871521275,0.41861239934972005,-0.003282551050116428,1.7472263971240618,0.13320069159889614,False,0.8820776231095678,81.1132583936495,49.474246068650565,raiquan gray,2015213.2953500552,True,True,SAS,142867770,0.0,142867770.0,2015213.2953500552,0.01091553013114115,85.50450294670024,200.8915032599208,raiquan gray
1641712,Rayan Rupert,1610612757,POR,20.0,39,633.225,155,92,62,12,3,31,-124,104.3,114.0,0.451,0.131,0.043,103.3,114.8,-11.5,16.782660191874925,295.2,-0.016853119615354382,-5.08884686553564,-0.9498610299965708,-1.4821399589099942,-1.8940423515789757,-1.4982236310639439,-0.345792891714113,-1.7370001556693224,0.536497479448455,False,-1.4523438675818503,7.320300783898384,5.793460744858826,rayan rupert,1119563.0,False,False,POR,165263993,0.0,165263993.0,1119563.0,0.006064183721102326,12.299663768498489,28.89786922199282,rayan rupert
203493,Reggie Bullock Jr.,1610612745,HOU,33.0,44,417.47333333333336,96,73,15,12,5,10,-53,107.8,113.0,0.582,0.091,0.061,108.2,114.3,-6.0,16.427396560259336,190.5,0.00021387110689122702,-2.169124747980442,-0.45497025182007644,-1.5825193291277955,0.06230272307215009,-0.6111694517631768,-0.15261491291722928,-1.145339042930823,0.4356152041201111,False,-0.8444537914024342,19.920793722069607,14.861446827701576,reggie bullock,14210528.0,False,False,HOU,149356730,0.0,149356730.0,14210528.0,0.07697222270284816,12.964915055606465,30.46086680114986,reggie bullock
202704,Reggie Jackson,1610612743,DEN,34.0,82,1816.82,833,155,308,44,12,106,79,112.0,110.6,0.521,0.209,0.081,111.8,111.0,0.8,26.65294305434771,1345.1,-0.012257801523733323,-0.7269764870400083,1.5214170837141063,0.013495436494087805,-1.3672929051589806,-0.17302376853297816,0.6188573545698227,-0.4879378065547127,0.9087503907714554,True,-0.28122638071121225,38.926838596811635,37.32841213210387,reggie jackson,5000000.0,False,False,DEN,180922992,30794224.0,211717216.0,5851031.249803784,0.03169248042023639,44.42529588977355,104.37654353276146,reggie jackson
1626158,Richaun Holmes,1610612764,WAS,30.0,40,554.11,199,182,25,11,19,24,-90,108.1,115.8,0.593,0.141,0.091,107.8,115.1,-7.3,25.33792929201783,390.0,0.0018823827040842101,-2.5689543160892123,-1.3666688395074904,-0.7528788459545405,0.25355989888534974,-0.7326435082380736,-0.5084915996689429,-0.15923718836665776,0.5018647046945838,False,-0.38412714935188247,35.044210497868555,27.18866933257314,richaun holmes,12046020.0,False,False,WAS,150856313,0.0,150856313.0,12046020.0,0.06524802837184959,25.131294459222442,59.04558647546351,richaun holmes
1641741,Ricky Council IV,1610612755,PHI,22.0,32,288.64,173,46,16,8,1,5,12,112.5,109.8,0.604,0.208,0.111,111.9,111.4,0.5,29.95842572062084,240.2,0.005064848244322809,-0.24413652859453508,0.7393583251134388,-0.49884794745055827,0.6183577057288003,-0.026329944316890435,0.31358488446330146,0.4981640480094526,0.36221540552549664,False,0.16057912442147787,56.37875510982355,40.19787945071029,ricky council,1414135.0,False,False,PHI,166271894,1466841.0,167738735.0,1426610.4169068106,0.007727325453378938,78.40042473643172,184.2005817089644,ricky council
203496,Robert Covington,1610612755,PHI,33.0,29,488.415,127,97,24,39,18,11,104,115.6,103.6,0.58,0.104,0.079,114.7,103.5,11.1,24.68474555449771,334.9,3.642412216140212e-05,1.1132743622326156,4.565909461645214,-0.8418524079161569,0.04196243343131701,0.3860712895186228,1.8072587351700151,-0.5536779301923238,0.47117599491253603,False,-0.0412726123187431,48.353928333178,36.84710521388947,robert covington,11692308.0,False,False,PHI,166271894,1466841.0,167738735.0,11795456.862663632,0.06389083730842259,34.31036711419938,80.61167528531037,robert covington
1629057,Robert Williams III,1610612757,POR,26.0,6,118.75,41,38,5,7,7,7,-30,101.6,114.9,0.684,0.122,0.113,102.2,113.3,-11.1,28.557473684210528,94.2,0.012730728297150887,-2.081756086583165,-0.2226031573764322,-0.7090328285156624,1.4970777406948277,-0.5846255776847551,-0.06191165550571381,0.5639041716470636,0.2323300943211463,False,0.11949412049085724,54.75580510841339,35.84033242408796,robert williams,11571429.0,False,False,POR,165263993,0.0,165263993.0,11571429.0,0.06267737623670251,33.59763748224361,78.937128071455,robert williams
201577,Robin Lopez,1610612749,MIL,36.0,16,64.73,18,5,4,1,3,2,-23,95.8,115.9,0.453,0.139,0.026,101.8,114.0,-12.2,18.07508110613317,32.5,-0.017604317759803506,-1.5367308529337544,-0.22693607055077758,-1.5646829630708836,-1.9801502550692254,-0.4190389595520976,-0.06360298508030515,-2.295791206589016,0.17153054326482872,False,-1.44932693269967,7.362315156686379,4.617561199508493,robin lopez,3196448.0,False,False,MIL,187346674,52697527.5,240044201.5,4095556.06947296,0.02218383819879699,6.226232189149895,14.628435942178646,robin lopez
1631199,Ron Harper Jr.,1610612761,TOR,24.0,1,3.65,0,0,1,0,0,0,-9,100.0,188.9,0.0,0.0,-0.045,100.0,155.1,-55.1,13.80821917808219,1.4,-0.0,-0.09281388619779053,-0.4046769792010924,-1.9171391533165747,0.03778723036543206,0.019644082304952966,-0.13298320188108,-4.629565595724207,0.04073193966767246,False,-1.87948725042801,3.0088996390255933,1.7100460448173687,ron harper,147988.0,False,False,TOR,163054678,0.0,163054678.0,147988.0,0.002,5.3526987172934,12.57608260099264,ron harper
1626220,Royce O'Neale,1610612756,PHX,31.0,79,1954.2416666666663,608,377,219,59,44,73,117,113.6,110.4,0.548,0.134,0.081,113.1,109.9,3.2,23.839221522414917,1294.1,-0.004241068919522798,0.3925259128450125,2.1341023624359243,-0.24013831537749458,-0.4483555482293823,0.16709739456824702,0.8580157891201549,-0.4879378065547127,0.9424922634518899,True,-0.1199022754919345,45.228028095016334,44.057595409090915,royce o neale,9500000.0,False,False,PHX,193838882,78815748.5,272654630.5,13362742.103258727,0.07238013683184442,39.27168122499512,92.26820582480374,royce o neale
203497,Rudy Gobert,1610612750,MIN,32.0,76,2593.113333333333,1061,982,102,52,162,118,411,114.6,106.6,0.675,0.152,0.136,114.0,105.3,8.7,30.048204603475373,2164.4000000000005,0.014493235255466677,1.2013187515412664,5.835020912988186,0.8466873735566797,1.6991093620306918,0.41282045959567754,2.3026496291805336,1.3199155934795908,1.0,True,1.2698334390540826,89.79280166436197,89.79280166436197,rudy gobert,41000000.0,False,False,MIN,166434327,1710490.5,168144817.5,41421368.06609613,0.22436145704369284,53.86853040777191,126.56327654188976,rudy gobert
1629060,Rui Hachimura,1610612747,LAL,26.0,68,1825.493333333333,923,294,81,41,25,46,123,116.1,113.5,0.628,0.182,0.095,115.8,112.1,3.7,25.99187799462429,1318.0,0.008799742213782462,2.4436444307606906,0.09429352857496631,-0.05661091608445697,1.0464789568860278,0.7902571270025786,0.0617872776307808,-0.0277569410914356,0.910916953936909,True,0.2622986928793632,60.345441515549815,57.926351429747534,rui hachimura,15740741.0,False,False,LAL,169876920,6874380.0,176751300.0,16377718.84911323,0.08871094885556523,48.085002123330796,112.97496655625194,rui hachimura
201566,Russell Westbrook,1610612746,LAC,35.0,68,1528.8166666666666,754,343,306,74,23,144,104,116.5,112.8,0.514,0.239,0.113,116.4,111.6,4.7,33.6660380032487,1429.7,-0.015690294565417533,2.737616680645437,0.5275763647224645,0.6160919422128662,-1.7607507188507907,0.8795701856977213,0.23091692446470222,0.5639041716470636,0.8336166185163697,True,0.22565469574408054,58.92650016146004,54.51452450132331,russell westbrook,3835738.0,False,False,LAC,201366679,150454243.75,351820922.75,6701669.259725139,0.03630001494247047,61.86860737313526,145.35933326850142,russell westbrook
1627853,Ryan Arcidiacono,1610612752,NYK,30.0,20,45.155,0,8,4,2,0,2,2,82.1,80.0,0.0,0.074,0.008,88.2,84.3,3.9,10.204849961244603,12.8,-0.04289408283615438,-2.240297367178202,2.50146552124365,-2.1885877202297292,-4.8790507203817945,-0.6327927319142412,1.0014140410827446,-2.8874523193275152,0.14326548781894405,False,-2.0899470375376805,1.8311278780256222,1.1251721758309863,ryan arcidiacono,2528233.0,False,False,NYK,164990518,0.0,164990518.0,2528233.0,0.013694333772868252,1.7962019328327832,4.220148577088226,ryan arcidiacono
1631157,Ryan Rollins,1610612749,MIL,21.0,13,77.85,44,13,14,10,3,8,62,118.9,83.4,0.638,0.214,0.16,118.5,83.0,35.6,41.38728323699423,89.5,0.012486949635985973,0.7885308586994951,3.990527597821891,0.2824275964294727,1.4691340222715557,0.2874094749994259,1.5826614898963656,2.1087970771309226,0.18811263550427343,False,1.2041267703217469,88.5729707811796,56.212896665289605,ryan rollins,1719864.0,False,False,MIL,187346674,52697527.5,240044201.5,2203633.359237517,0.011936119311165326,94.15846190924475,221.22384559537576,ryan rollins
1630240,Saben Lee,1610612756,PHX,25.0,24,184.97166666666664,71,31,30,7,3,8,15,105.6,101.5,0.492,0.186,0.101,110.0,103.2,6.7,28.20107584044404,144.9,-0.016302856858442103,-1.233297584209039,2.7706716367835744,-0.7013957404143008,-1.8309671526895699,-0.3268515052930835,1.1064972141242442,0.16946342982139764,0.2899621187380005,False,-0.28220812273591733,38.88919651575036,26.463435301639148,saben lee,2093582.7012803352,True,True,PHX,193838882,78815748.5,272654630.5,2944842.7062160918,0.01595092656710033,40.04945804782345,94.09558040455082,saben lee
1630180,Saddiq Bey,1610612737,ATL,25.0,63,2061.6583333333333,863,411,92,51,11,54,-19,118.6,119.1,0.549,0.163,0.079,116.8,118.3,-1.6,23.365462269451374,1338.1000000000001,-0.004995912193150866,3.793051980206375,-4.700016511139115,-0.24626144786739929,-0.5348812834646506,1.2002268289542477,-1.8096461053272581,-0.5536779301923238,0.9680482551207994,False,-0.3993138250001961,34.48309908154429,33.98729124852033,saddiq bey,4556983.0,False,False,ATL,159153393,0.0,159153393.0,4556983.0,0.024683186319965952,44.147042948714,103.72279256422135,saddiq bey
1630573,Sam Hauser,1610612738,BOS,26.0,79,1740.585,712,276,82,40,25,32,492,121.3,107.1,0.629,0.146,0.086,120.0,107.5,12.5,23.02398331595412,1113.2,0.007205133863803513,5.9917628660050255,4.226124851286523,-0.4291894837776455,0.8636931194617014,1.8682272761868468,1.6746256226734841,-0.3235874974606855,0.8894801852767716,True,0.4566082825656879,67.60236875609492,64.24023818469618,sam hauser,1927896.0,False,False,BOS,186940921,51175953.75,238116874.75,2455666.570525915,0.01330127312302964,103.60244671772958,243.41234140036295,sam hauser
1630241,Sam Merrill,1610612739,CLE,28.0,61,1068.9183333333333,485,120,108,19,4,19,28,110.8,111.1,0.598,0.17,0.09,110.0,110.4,-0.5,25.036898671710187,743.4,0.003119539430456141,-1.6944462966822071,1.4308311273642216,-0.5303749780199596,0.3953719797376901,-0.4669552124982806,0.5834976090931902,-0.1921072501854633,0.6970451704853636,False,-0.11343876311073893,45.484135475879754,39.283298146957655,sam merrill,1997238.0,False,False,CLE,166874287,2370430.5,169244717.5,2025608.5414181575,0.0109718366382185,67.7697166930895,159.22389807306746,sam merrill
1630572,Sandro Mamukelashvili,1610612759,SAS,25.0,46,450.9583333333333,190,147,49,7,12,19,45,105.4,101.3,0.559,0.169,0.121,106.0,102.1,3.9,29.880365887461885,374.29999999999995,-0.0034898108014877064,-3.3418116221260394,5.216417779718459,-0.4116131395520344,-0.36224077012184225,-0.9674488341288648,2.061181191634003,0.8268646661975075,0.45274834136202047,False,0.25487985307873795,60.059205130487214,45.268830299625215,sandro mamukelashvili,2019706.0,False,False,SAS,142867770,0.0,142867770.0,2019706.0,0.010939865149717074,78.17548373850278,183.6720863237927,sandro mamukelashvili
1630583,Santi Aldama,1610612763,MEM,23.0,61,1618.0566666666666,654,352,138,43,54,69,-275,106.2,114.6,0.539,0.177,0.1,104.6,113.7,-9.1,26.689794547780565,1199.6,-0.007195008945936831,-5.780727019779145,-0.9777442536140879,-0.08486480432173604,-0.7869580655412064,-1.7084269167488384,-0.35667695950907297,0.1365933680025921,0.8576014826423185,False,-0.4080474819495241,34.161940785978196,31.972866412885303,santi aldama,2194200.0,False,False,MEM,162649524,0.0,162649524.0,2194200.0,0.0118850229248758,53.63608350119832,126.01714614079503,santi aldama
1628426,Sasha Vezenkov,1610612758,SAC,28.0,42,511.0733333333333,225,96,19,20,7,12,2,113.9,112.6,0.569,0.171,0.084,113.4,113.7,-0.3,25.358396055360615,360.0,-0.001821110337600004,0.4008198089986566,-0.24256763929380967,-0.7721615768719738,-0.1709619450071346,0.1696172012311965,-0.06970468466405971,-0.3893276210982961,0.4819813903109337,False,-0.320496094813482,37.42961451307428,28.704457921007084,sasha vezenkov,6341464.0,False,False,SAC,153564021,0.0,153564021.0,6341464.0,0.03434894039616926,33.21277570365724,78.03290129294606,sasha vezenkov
1630703,Scoot Henderson,1610612757,POR,20.0,62,1765.3933333333334,868,194,336,48,13,212,-495,106.5,119.6,0.489,0.26,0.067,104.1,118.1,-14.0,26.693201515054238,1308.9999999999998,-0.02356893969459649,-6.037177371880913,-4.613289817246846,-0.008496270541088279,-2.663859465098782,-1.786340275437065,-1.7757928023912524,-0.9481186720179898,0.8957965813461867,False,-1.2204585506797339,11.114554661391345,10.5933760947521,scoot henderson,9770904.0,False,False,POR,165263993,0.0,165263993.0,9770904.0,0.05292471882087351,10.536087989262075,24.754375286656614,scoot henderson
1630567,Scottie Barnes,1610612761,TOR,22.0,60,2094.248333333333,1191,494,363,75,88,165,-144,112.6,115.8,0.566,0.24,0.132,111.9,114.6,-2.7,37.044317412213935,2155.0,-0.0032759443334736903,-0.5061919715432195,-1.8566144871906927,1.3825758737970086,-0.33772580915764,-0.10594621138506957,-0.69973927312229,1.1884353462043684,0.9756695447773598,False,0.5306628782608127,70.21737927221913,69.44858991121389,scottie barnes,8008680.0,False,False,TOR,163054678,0.0,163054678.0,8008680.0,0.04337952119131999,74.05242103115926,173.98501445309276,scottie barnes
1630590,Scotty Pippen Jr.,1610612763,MEM,23.0,21,526.8283333333334,271,67,98,36,10,56,-72,104.6,112.2,0.596,0.227,0.106,105.3,111.9,-6.7,32.519891046102934,475.9,0.003711502651256141,-3.9952499735702256,0.38999017213159143,-0.13628528980309268,0.46322719512004895,-1.1659729392410736,0.1772108871588609,0.3338137389154249,0.48935408881751896,False,-0.01275742932047029,49.491066010524946,38.11848128627337,scotty pippen,1802496.3363964383,False,True,MEM,162649524,0.0,162649524.0,1802496.3363964383,0.00976333528396514,68.50175706886401,160.94381557996144,scotty pippen
203552,Seth Curry,1610612766,CHA,33.0,44,615.4133333333333,226,68,44,22,6,21,60,110.6,107.5,0.519,0.159,0.067,110.3,107.4,2.9,21.42170032065171,366.20000000000005,-0.00964331312092631,-1.3170178244369968,2.9463349519996695,-1.0730712472683597,-1.0676008509002788,-0.3522869357882495,1.175066453396072,-0.9481186720179898,0.5288982258746321,False,-0.5894266134163553,27.778756400943106,21.889776760376783,seth curry,4000000.0,False,False,CHA,140774484,0.0,140774484.0,4000000.0,0.02166625271146805,29.760655619642836,69.92219870756624,seth curry
1641754,Seth Lundy,1610612737,ATL,24.0,9,51.98333333333333,14,7,0,0,0,1,-13,102.7,114.4,0.373,0.168,-0.002,110.0,116.8,-6.8,12.11926899647323,17.5,-0.03471716103343158,-0.5393475937190388,-0.28816584142009766,-2.03688804448615,-3.941751289280952,-0.11601937315671264,-0.08750369994574404,-3.21615293751557,0.15371658296614546,False,-2.09585904673372,1.8047348273702313,1.117442106924134,seth lundy,2015213.2953500552,True,True,ATL,159153393,0.0,159153393.0,2015213.2953500552,0.01091553013114115,1.9312337128226527,4.537403649454852,seth lundy
1631101,Shaedon Sharpe,1610612757,POR,21.0,32,1059.0183333333334,510,160,94,28,12,72,-246,105.8,116.0,0.524,0.22,0.08,103.6,114.0,-10.3,25.100981884166313,738.4000000000001,-0.012242948972350867,-5.656439692592078,-1.3720746522589589,-0.5288846948995242,-1.3655903955475353,-1.6706666133444423,-0.5106017298777354,-0.5208078683735182,0.6938097503617038,False,-0.8204923450523935,20.596774567529486,17.758835371570484,shaedon sharpe,6313800.0,False,False,POR,165263993,0.0,165263993.0,6313800.0,0.034199096592416746,20.579501605637116,48.351219776968954,shaedon sharpe
1628983,Shai Gilgeous-Alexander,1610612760,OKC,25.0,75,2552.6866666666665,2254,415,465,150,67,162,613,121.0,109.7,0.636,0.317,0.187,120.0,108.5,11.6,48.4106418596877,3432.7,0.01786302352620352,6.349303885978793,3.177698110491351,3.1526730749563967,2.085379489750416,1.9768534547304266,1.265377829757073,2.9962887462386716,1.0,True,2.4861965087463878,99.35441676544254,99.35441676544254,shai gilgeous alexander,33386850.0,False,False,OKC,162515272,0.0,162515272.0,33386850.0,0.1808419823349693,64.27734518875278,151.01862540005217,shai gilgeous alexander
1629003,Shake Milton,1610612752,NYK,27.0,48,581.16,216,75,60,19,6,31,-46,104.6,109.4,0.499,0.173,0.065,106.3,110.1,-3.8,22.47986785050589,362.90000000000003,-0.013952409873712275,-3.863279253695767,1.5911646436698679,-0.9933242969827711,-1.5615414843547737,-1.1258783090342808,0.6460829430277739,-1.0138587956556009,0.5139685168992711,False,-0.8586892404965653,19.525599408252752,15.255074190782045,shake milton,5552938.0,False,False,NYK,164990518,0.0,164990518.0,5552938.0,0.030077839499778495,18.490706040619415,43.443627000005684,shake milton
1627885,Shaquille Harrison,1610612763,MEM,30.0,3,5.966666666666667,2,2,0,0,1,0,-11,46.2,121.4,0.5,0.154,0.159,50.0,128.8,-78.8,32.581005586592184,5.4,-0.01226606428064561,-0.7585836374018824,-0.1540100434876016,-0.4588514097493269,-1.3682400436470399,-0.1826264819746823,-0.03513669891983233,2.075927015312117,0.05207803003303036,False,0.27016476847507,60.648325206807755,34.77787924945217,shaquille harrison,145301.0,False,False,MEM,162649524,0.0,162649524.0,145301.0,0.002,108.85993989045402,255.76474005129435,shaquille harrison
1631321,Sidy Cissoko,1610612759,SAS,20.0,12,140.91833333333332,45,22,10,7,3,3,25,105.8,97.1,0.568,0.124,0.071,106.8,95.8,11.0,23.400787690269784,91.60000000000001,-0.0014445712389614064,-1.408713151153126,3.6190768952315917,-1.1106534001817723,-0.12780024046158536,-0.38014531391842576,1.43766768699409,-0.8166384247427682,0.2530884981163464,False,-0.38319655757616167,35.078701512197846,23.288392978426007,sidy cissoko,1119563.0,False,False,SAS,142867770,0.0,142867770.0,1119563.0,0.006064183721102326,49.44184762061089,116.16285400365302,sidy cissoko
1631323,Simone Fontecchio,1610612765,DET,28.0,66,1643.8933333333334,692,246,101,44,23,68,-27,113.0,114.5,0.6,0.159,0.077,111.4,112.9,-1.5,23.064270187846738,1053.2,0.003235686879073685,-0.5881542389102028,-0.5826600627702936,-0.46780508251549147,0.4086856618468657,-0.13084754407549978,-0.20245795037128772,-0.6194180538299349,0.8644213338553385,True,-0.2914696616678416,38.534607178283494,36.18359538954542,simone fontecchio,3044872.0,False,False,DET,139233014,0.0,139233014.0,3044872.0,0.016492741556518288,54.1233554053665,127.16198392069172,simone fontecchio
1630219,Skylar Mays,1610612747,LAL,26.0,38,433.27166666666665,155,43,85,21,4,20,-103,103.7,114.2,0.466,0.179,0.088,102.2,116.6,-14.4,27.444213214957514,330.29999999999995,-0.020343308482049113,-4.645773749534908,-1.327700013967453,-0.6311033845173442,-2.294113688704659,-1.3636115537977131,-0.49328032622058593,-0.2578473738230744,0.4437811021964169,False,-0.8577808935847021,19.550673096435915,14.657168867977928,skylar mays,850000.0,False,False,LAL,169876920,6874380.0,176751300.0,884396.8032855787,0.004790391159299962,33.7944780217009,79.39960186536405,skylar mays
203915,Spencer Dinwiddie,1610612747,LAL,31.0,76,2152.4083333333333,795,205,356,51,22,91,67,116.8,115.2,0.543,0.161,0.076,116.1,114.3,1.7,24.51449345500583,1465.7,-0.005900612657038586,2.8994247586477684,-1.5255073987947272,-0.06840868061404559,-0.6385847614453577,0.928729840643507,-0.5704933850955737,-0.6522881156487405,0.9891245746833025,True,-0.25484085073274715,39.94230111673214,39.74682583598471,spencer dinwiddie,20411797.0,False,False,LAL,169876920,6874380.0,176751300.0,21237797.666016668,0.11503587281673587,30.12564076530883,70.77972564537079,spencer dinwiddie
1630649,Stanley Umude,1610612765,DET,25.0,24,307.12166666666667,127,51,11,8,7,14,-75,104.1,113.8,0.647,0.15,0.072,104.0,113.9,-9.8,22.28302572813163,190.1,0.010102534791578953,-3.3359895342797645,-0.4109100760916508,-1.1287947517124302,1.195814705896669,-0.9656799988944286,-0.135416258046321,-0.7837683629239626,0.373631847646527,False,-0.5031214294619084,30.74394505504675,22.078282427962904,stanley umude,1098242.0,False,False,DET,139233014,0.0,139233014.0,1098242.0,0.005948697177587024,47.18925559912426,110.87042399315592,stanley umude
201939,Stephen Curry,1610612744,GSW,36.0,74,2421.5383333333334,1956,330,379,54,28,210,189,117.3,114.7,0.616,0.302,0.14,115.9,113.9,2.1,38.62932860172218,2598.4,0.010977770047045619,3.0277784723879266,-1.1934547050017261,1.8139184114460694,1.2961406631236463,0.9677255716130414,-0.44087838503971055,1.4513958407548129,1.0,True,1.1623465325425077,87.74526338614605,87.74526338614605,stephen curry,51915615.0,False,False,GSW,209354737,202409974.75,411764711.75,102109073.58546646,0.4,42.99601229248957,101.01846389311825,stephen curry
1629004,Svi Mykhailiuk,1610612738,BOS,27.0,41,413.16333333333336,162,51,35,11,1,12,149,121.9,103.4,0.575,0.156,0.077,121.9,105.7,16.2,22.31466167536648,256.09999999999997,-0.0007253638167578976,4.114133269828026,3.619677101517456,-1.0804288664651391,-0.04535935085317776,1.2977760094538815,1.4379019743202588,-0.6194180538299349,0.43336072174519363,False,-0.052384837827120806,47.91110275949613,35.6943620498814,svi mykhailiuk,2346614.0,False,False,BOS,186940921,51175953.75,238116874.75,2989010.5865296153,0.016190164681250997,53.738702284270424,126.25824737971936,svi mykhailiuk
204456,T.J. McConnell,1610612754,IND,32.0,71,1290.9766666666667,727,191,390,72,8,108,95,118.8,115.2,0.586,0.229,0.152,118.6,115.2,3.3,39.873997206249534,1429.9,0.0014542031151438578,4.233359471112415,-1.7443041945406523,1.0975510159829274,0.20447877828699126,1.3339986689650642,-0.6558995487043826,1.8458365825804783,0.7660336648983358,True,0.9605254135520263,83.16045765347732,74.40492127732477,tj mcconnell,8700000.0,False,False,IND,148722330,0.0,148722330.0,8700000.0,0.04712409964744301,77.07119306741492,181.07757252270045,tj mcconnell
203933,T.J. Warren,1610612750,MIN,30.0,11,124.67333333333332,41,22,9,4,1,4,51,114.6,97.4,0.479,0.148,0.067,114.7,97.2,17.4,21.425592214320094,74.2,-0.01489616567230877,0.3698158380919458,3.093539571861239,-1.275900025113274,-1.6697217745011297,0.16019774250861576,1.232526992546147,-0.9481186720179898,0.23805397910914441,False,-0.6449601638006706,25.94765007330495,17.05083114713459,tj warren,649659.0,False,False,MIN,166434327,1710490.5,168144817.5,656335.7208890717,0.003555083898086547,43.6388802238398,102.52887212515074,tj warren
201959,Taj Gibson,1610612765,DET,39.0,20,204.50333333333333,34,37,11,3,7,5,-29,101.9,107.1,0.449,0.092,0.03,102.4,110.0,-7.7,15.649622663037277,88.89999999999999,-0.01201977866116491,-3.079014577428669,1.1437387382994104,-1.713500545429162,-1.3400089590657112,-0.8876072576291498,0.4714326244679767,-2.164310959313794,0.3048869636538444,False,-1.3410959629854613,8.994464893029996,6.180988482083655,taj gibson,4776302.0,False,False,DET,139233014,0.0,139233014.0,4776302.0,0.02587114153957257,7.89765158786887,18.55540989109166,taj gibson
1629659,Talen Horton-Tucker,1610612762,UTA,23.0,51,1008.6983333333334,516,121,177,45,19,65,-107,112.5,117.9,0.503,0.234,0.089,111.5,116.4,-4.9,31.924311695435865,894.5,-0.017936045725136837,-0.6064397571260524,-2.821362915907151,0.10873795712954301,-2.0181753751191245,-0.13640295130296276,-1.0763236827037712,-0.22497731200426885,0.6771257212839005,False,-0.5249440056877737,29.981105844058643,25.62504827802848,talen horton tucker,11020000.0,False,False,UTA,133738448,0.0,133738448.0,11020000.0,0.059690526220094485,24.43561607666572,57.41110090755877,talen horton tucker
1631106,Tari Eason,1610612745,HOU,23.0,22,480.105,215,153,27,31,19,20,88,112.6,103.1,0.528,0.188,0.131,111.8,101.6,10.2,32.850313993813856,438.1,-0.009710156394554376,-0.3365493272311621,5.182678080498415,-0.13696236505166165,-1.0752629227478587,-0.054406300884734415,2.048011079787185,1.155565284385563,0.46715045269650063,False,0.4501802724759422,67.37097701637616,51.21660944431944,tari eason,3527160.0,False,False,HOU,149356730,0.0,149356730.0,3527160.0,0.019105084978445413,72.76695087729179,170.964822267809,tari eason
1627752,Taurean Prince,1610612747,LAL,30.0,78,2107.6216666666664,697,230,119,58,35,73,-118,113.9,116.5,0.579,0.134,0.056,113.1,115.6,-2.5,19.130568183884993,1119.9999999999998,-8.706891952280893e-05,0.49542367459483555,-2.570151662727605,-0.7263260999695804,0.027806744957326657,0.1983592359099512,-0.9782647083194271,-1.3096893520248505,0.978779775273707,True,-0.6873031397176727,24.594586035513576,24.35972984628789,taurean prince,4516000.0,False,False,LAL,169876920,6874380.0,176751300.0,4698748.19251491,0.025451066441645447,31.304074347041844,73.54843706486045,taurean prince
1641707,Taylor Hendricks,1610612762,UTA,20.0,40,856.4316666666666,292,185,32,28,30,27,-150,110.2,118.2,0.578,0.135,0.074,108.5,117.9,-9.4,23.12338598720661,550.1,-0.00022271868757894943,-2.2900645578435777,-3.308385477400576,-0.8132044414496127,0.012257562331458288,-0.6479127305628609,-1.2664303450352887,-0.7180282392863515,0.6239287789580804,False,-0.7040224091383124,24.07094091388751,19.997366250386406,taylor hendricks,5569872.0,False,False,UTA,133738448,0.0,133738448.0,5569872.0,0.030169563580632493,24.213029680344366,56.88813762233765,taylor hendricks
1631386,Taze Moore,1610612757,POR,26.0,4,40.333333333333336,18,8,5,2,0,3,-22,95.7,122.2,0.453,0.209,0.073,99.0,120.9,-22.0,27.49090909090909,30.8,-0.026469801523733325,-1.1291625105094234,-0.6449262385860675,-0.8358308469939456,-2.996377765719772,-0.29521375052812476,-0.22676322038626634,-0.7508983011051571,0.13540064007726602,False,-0.9619804125751581,16.802972161415163,10.265444622413584,taze moore,70687.0,False,False,POR,165263993,0.0,165263993.0,70687.0,0.002,32.13237001972541,75.49450489865413,taze moore
1629611,Terance Mann,1610612746,LAC,27.0,75,1872.8916666666669,658,254,119,43,15,48,52,116.7,114.8,0.615,0.135,0.071,116.7,114.3,2.4,20.37106613213969,1059.8,0.004772281312421055,3.0726574331194216,-1.357477980781315,-0.6720252036287332,0.5848215138162006,0.9813604546863943,-0.5049039969282487,-0.8166384247427682,0.9226670005692162,True,-0.25380613259386176,39.98226677139714,38.59088989533389,terance mann,10576923.0,False,False,LAC,201366679,150454243.75,351820922.75,18479635.40043136,0.10009611265038425,30.708900183570503,72.15008460059603,terance mann
1631173,Terquavion Smith,1610612755,PHI,21.0,16,84.49666666666667,52,4,12,8,0,7,-7,112.5,118.4,0.539,0.242,0.072,113.8,119.5,-5.7,33.82855339461122,79.39999999999999,-0.009837243869585949,0.06837187286321057,-0.9078390422580364,-0.3106473545360689,-1.0898306318346047,0.06861466767646458,-0.3293898326668852,-0.7837683629239626,0.1959785084073653,False,-0.5153832170349597,30.314262894598155,19.346269403527423,terquavion smith,1119562.9418611417,True,True,PHI,166271894,1466841.0,167738735.0,1129439.6611652626,0.006117681280290357,40.946551167615326,96.20328677308514,terquavion smith
1626179,Terry Rozier,1610612748,MIA,30.0,61,2040.381666666667,1205,247,342,63,21,106,-292,110.2,117.2,0.555,0.253,0.117,109.7,116.6,-6.9,33.32729415820079,1888.9,-0.00623639131820349,-2.3348779198166643,-3.260810780036035,0.9092718347605276,-0.6770742022983773,-0.6615276837762956,-1.247859815366866,0.6953844189222859,0.9630400885327736,False,0.047964029150586784,51.9127544912716,51.049343626763836,terry rozier,23205221.0,False,False,MIA,177143542,20873855.0,198017397.0,25939627.306479722,0.14050363011587175,36.07655131521153,84.76129766714477,terry rozier
1630678,Terry Taylor,1610612741,CHI,24.0,31,187.63,46,37,10,5,2,7,16,107.1,104.4,0.558,0.108,0.061,109.9,106.6,3.4,17.479081170388532,91.10000000000001,-0.0023381749500631494,-1.0988386623187285,1.926458108098568,-1.5701272214630033,-0.23023172632541794,-0.28600092300994934,0.7769629606365109,-1.145339042930823,0.29203829138721454,False,-0.6970239715498263,24.289389605482587,16.551208610666,terry taylor,2019706.0,False,False,CHI,165630436,504654.0,166135090.0,2025859.7766629076,0.010973197469794195,28.552134962215455,67.08279817046713,terry taylor
201152,Thaddeus Young,1610612756,PHX,36.0,33,439.50166666666667,137,103,57,23,5,15,-40,114.7,118.7,0.598,0.125,0.091,114.5,118.2,-3.7,26.90774779011077,328.5,0.0022937789929824565,0.8293936681980579,-2.6289963525016335,-0.6739491808975583,0.30071719313915124,0.2998241927308594,-1.001234419485519,-0.15923718836665776,0.44696027211429523,False,-0.27636240677671314,39.11348638821006,29.379396047251454,thaddeus young,9010371.0,False,False,PHX,193838882,78815748.5,272654630.5,12674027.781861205,0.06864967219849294,26.677485554466813,62.67833846800325,thaddeus young
203648,Thanasis Antetokounmpo,1610612749,MIL,31.0,34,155.43166666666667,32,13,17,7,4,14,-40,99.4,112.2,0.518,0.125,0.021,103.8,113.9,-10.1,15.911815481615719,68.70000000000002,-0.0077062210070175385,-2.5533397525197707,-0.10431479635867505,-1.7072242041470127,-0.8455569840074785,-0.7278995760025536,-0.015738423947826315,-2.4601415156830435,0.2658021022786644,False,-1.403227753335345,8.02744670441416,5.375266181911238,thanasis antetokounmpo,2346614.0,False,False,MIL,187346674,52697527.5,240044201.5,3006677.790600761,0.016285860208278626,8.075914692504547,18.974236290075172,thanasis antetokounmpo
1630177,Theo Maledon,1610612756,PHX,23.0,17,213.19666666666663,59,24,28,7,0,18,-65,107.8,121.6,0.385,0.173,0.029,108.7,121.7,-13.0,17.763879985615787,105.2,-0.03367440987371227,-1.3353386535776264,-2.6544722117004906,-1.5382372954530052,-3.8222234165233577,-0.3578530709898621,-1.0111787854045664,-2.1971810211325993,0.3112998165074559,False,-1.8224019211406994,3.4197011652287217,2.3598841962365125,theo maledon,1802496.3363964383,True,True,PHX,193838882,78815748.5,272654630.5,2535399.3352983464,0.013733150680765523,3.763540730262867,8.842380562737661,theo maledon
1628418,Thomas Bryant,1610612748,MIA,26.0,38,441.365,217,141,23,10,16,21,11,112.8,110.7,0.639,0.187,0.124,113.0,110.8,2.3,30.383016324357392,372.5,0.011098493373501762,0.05295973398521862,0.9471463631624826,-0.37389346002106344,1.3099788662932381,0.06393223501566937,0.3946938381528143,0.9254748516539242,0.44790674759982635,False,0.4494598314101696,67.34500107097794,50.613676767601724,thomas bryant,2528233.0,False,False,MIA,177143542,20873855.0,198017397.0,2826149.4154243628,0.015308016858737988,77.70907769737371,182.57627256541866,thomas bryant
203501,Tim Hardaway Jr.,1610612742,DAL,32.0,79,2120.3283333333334,1139,254,139,42,6,69,13,115.7,115.8,0.542,0.22,0.083,114.8,114.8,0.0,25.793741063687467,1519.2,-0.008282948972350863,1.9039741551003089,-1.9581283894775603,0.0679922702342454,-0.9116658213974692,0.6262974232381027,-0.7393646840782561,-0.42219768291710164,0.9817258303928883,True,-0.26337119965221256,39.6132243280152,39.28746987699058,tim hardaway,17897728.0,False,False,DAL,167755884,3692826.0,171448710.0,18291712.364204645,0.09907821565208565,31.375249830667403,73.71566275950842,tim hardaway
1641851,Timmy Allen,1610612763,MEM,24.0,5,125.45166666666668,13,17,5,4,0,2,-65,92.6,114.4,0.272,0.084,-0.002,89.9,115.9,-26.0,10.875901741706635,37.900000000000006,-0.02584258051671579,-4.378018803944621,-0.5054316962561749,-2.1190983750386305,-2.924481041348961,-1.2822636946688475,-0.17231226892627635,-3.21615293751557,0.2387959062640833,False,-2.1514790257559415,1.5719204788828336,1.0334719422840126,timmy allen,64343.0,False,False,MEM,162649524,0.0,162649524.0,64343.0,0.002,3.23492104589099,7.600396814671801,timmy allen
202699,Tobias Harris,1610612755,PHI,31.0,70,2367.78,1204,453,217,70,46,93,224,117.0,112.4,0.576,0.203,0.116,115.3,111.3,4.0,29.50662646022856,1940.6999999999996,-0.0007409029153964947,2.619747572167526,0.8587744730234371,0.6490798868076044,-0.047140557603733584,0.8437598307817077,0.3601983416264417,0.6625143571034803,1.0,True,0.5345469210536076,70.3518402166676,70.3518402166676,tobias harris,39270150.0,False,False,PHI,166271894,1466841.0,167738735.0,39616588.98442722,0.2145857571257404,42.86873249152143,100.71942197520835,tobias harris
1628470,Torrey Craig,1610612741,CHI,33.0,53,1048.6016666666667,303,217,58,30,21,32,-181,111.2,118.4,0.568,0.121,0.064,110.9,118.2,-7.3,20.574829018327577,599.3,-0.0014096219347929854,-1.210058255604802,-3.724122896876762,-0.9765748848798701,-0.12379409197383497,-0.31979105819142795,-1.42871123194242,-1.0467288574744065,0.6903891085555458,False,-0.8390068357784419,20.073273682976676,17.276566811338967,torrey craig,2528233.0,False,False,CHI,165630436,504654.0,166135090.0,2535936.1910752323,0.01373605859399843,27.55060817276082,64.72972651511768,torrey craig
1641787,Tosan Evbuomwan,1610612765,DET,23.0,17,366.5783333333333,101,60,16,6,5,9,-128,103.6,119.2,0.616,0.108,0.064,103.3,118.7,-15.5,17.284163912215217,176.0,0.003925825049936844,-3.9708900301473076,-2.5888199383167847,-1.5261787896966674,0.4877944182392305,-1.1585720330072558,-0.9855517702429266,-1.0467288574744065,0.4081991121395478,False,-0.9440127624181316,17.25815632739844,12.662129820573444,tosan evbuomwan,64343.0,False,False,DET,139233014,0.0,139233014.0,64343.0,0.002,39.634351515970124,93.12029404742165,tosan evbuomwan
1641739,Toumani Camara,1610612757,POR,24.0,70,1739.32,527,343,87,66,33,84,-189,106.9,111.5,0.547,0.134,0.065,105.1,110.7,-5.6,20.335533426856472,982.4999999999999,-0.004375068919522798,-5.426963045526679,1.367117070193544,-0.7285540882459094,-0.4637156222031472,-1.6009482598040936,0.5586271663047188,-1.0138587956556009,0.8891569040388766,True,-0.7122016681135359,23.816995207432782,22.629017939055394,toumani camara,1119563.0,False,False,POR,165263993,0.0,165263993.0,1119563.0,0.006064183721102326,48.041977726127534,112.87388140245129,toumani camara
1629027,Trae Young,1610612737,ATL,25.0,54,1941.7133333333331,1389,149,583,72,11,235,-116,116.6,119.1,0.585,0.289,0.131,116.3,118.5,-2.2,40.06379245820702,2160.9,0.001546217031775436,2.873114975710131,-4.739449772756742,1.6207883273441626,0.21502609594428135,0.9207365447161299,-1.8250386689242812,1.155565284385563,0.9394663217470702,False,0.6484752629121291,74.16611973418765,72.14582312102173,trae young,40064220.0,False,False,ATL,159153393,0.0,159153393.0,40064220.0,0.21701037880196314,43.78935107649084,102.88240105923171,trae young
1631218,Trayce Jackson-Davis,1610612744,GSW,24.0,68,1130.4516666666666,540,341,82,29,76,49,32,114.1,113.0,0.692,0.157,0.127,114.6,112.0,2.6,33.14179730520692,1040.7,0.01763898641518596,1.1044539473115427,0.26355134455907525,0.30483731817943416,2.0596986942422197,0.3833915187719957,0.12785616440184172,1.0240850371103407,0.7168275013325498,True,0.7690767972903694,77.90761392680905,67.98003176141594,trayce jackson davis,1119563.0,False,False,GSW,209354737,202409974.75,411764711.75,2201987.6052814857,0.011927204980887257,113.89858204909122,267.6029516396176,trayce jackson davis
1630200,Tre Jones,1610612759,SAS,24.0,77,2138.18,771,289,478,78,9,116,-22,110.9,111.8,0.591,0.149,0.109,110.3,111.4,-1.1,28.112319823401208,1669.6999999999998,0.001691184559635087,-1.8373841075412185,0.9888775658164077,0.3524536804390511,0.23164334931531164,-0.5103818049607023,0.4109833907913833,0.4324239243718415,0.9858498871532115,True,0.2376773376932141,59.393431902770985,59.015241209068975,tre jones,9895833.0,False,False,SAS,142867770,0.0,142867770.0,9895833.0,0.05360140464212126,58.435668970107045,137.29369774503726,tre jones
1630544,Tre Mann,1610612766,CHA,23.0,41,987.0983333333334,382,149,165,51,3,65,-127,107.2,114.1,0.559,0.183,0.104,107.7,113.4,-5.7,27.152310053540766,744.5,-0.0037789075542736697,-3.5226824150411704,-0.5973173682031689,-0.36559616853499494,-0.39537918436339153,-1.0224000199982775,-0.20817935146217983,0.2680736152778138,0.6698365924657003,False,-0.254870740923982,39.94114677412611,34.00694947022822,tre mann,3191400.0,False,False,CHA,140774484,0.0,140774484.0,3191400.0,0.017286419725844784,50.03759189419445,117.56254593278209,tre mann
1630570,Trendon Watford,1610612751,BKN,23.0,63,856.52,432,194,81,23,19,63,-73,109.0,112.8,0.611,0.203,0.11,108.7,113.0,-4.3,28.648017559426513,681.5999999999999,0.006364097084603512,-2.5174591409885125,-0.08832135399288284,-0.2933864435396135,0.767287245258948,-0.7169985227059746,-0.009495468923260586,0.46529398619064705,0.6239609544893596,False,0.0723605730167476,52.88425196589374,43.93530733158424,trendon watford,2019706.0,False,False,BKN,155015136,0.0,155015136.0,2019706.0,0.010939865149717074,75.87260110572863,178.26149930222326,trendon watford
1630235,Trent Forrest,1610612737,ATL,26.0,38,413.76166666666666,83,51,92,11,3,20,-94,103.3,114.3,0.426,0.122,0.073,105.2,115.8,-10.6,21.7255505383534,249.7,-0.01874527170284912,-3.7886930013422253,-1.0957489867208143,-1.130556429393263,-2.110934859291907,-1.1032179173241303,-0.4027394784228793,-0.7508983011051571,0.4336743995770154,False,-1.0504424359357003,14.675737188018756,10.935676634424166,trent forrest,1112933.0,False,False,ATL,159153393,0.0,159153393.0,1112933.0,0.006028271907233068,23.265032394258032,54.66083270476011,trent forrest
1630243,Trevelin Queen,1610612753,ORL,27.0,14,164.72666666666666,40,20,18,7,5,7,-9,107.8,107.6,0.462,0.137,0.059,111.0,106.2,4.8,20.717957019709424,94.80000000000001,-0.016118018223691223,-0.7650040793419162,1.4918528390533232,-1.316434463025686,-1.8097795772941727,-0.18457710591304316,0.6073171091660382,-1.2110791665684342,0.27363435013857007,False,-0.9004883018331284,18.393022398270237,12.38099554801431,trevelin queen,2351082.1779083977,True,True,ORL,132643598,0.0,132643598.0,2351082.1779083977,0.012734785152998009,20.27374561998667,47.63285083181147,trevelin queen
1641998,Trey Jemison III,1610612763,MEM,24.0,25,573.985,171,134,27,12,28,34,-110,106.5,113.8,0.582,0.132,0.066,103.6,114.3,-10.7,21.161528611374862,337.4,0.0003102306165894722,-4.3006960534529854,-0.7054019354570226,-1.1132778584408887,0.07334816484111095,-1.2587719148976724,-0.2503695864836717,-0.9809887338367954,0.5107859363052909,False,-0.7879850852422958,21.53527150110794,16.794360543386297,trey jemison,64343.0,False,False,MEM,162649524,0.0,162649524.0,64343.0,0.002,52.568848897836226,123.50969499598149,trey jemison
1626168,Trey Lyles,1610612758,SAC,28.0,58,1158.2183333333332,419,257,72,17,19,38,179,117.9,110.2,0.596,0.139,0.085,116.7,110.6,6.1,22.438256459993866,721.8999999999999,0.0022726822401964914,3.0543847562490494,1.6345075217267202,-0.7468112974107008,0.29829892684513143,0.975808948847048,0.6630016045738909,-0.3564575592794906,0.7255776173421274,False,-0.0030736700966118025,49.87737849732234,43.718017425738665,trey lyles,8000000.0,False,False,SAC,153564021,0.0,153564021.0,8000000.0,0.0433325054229361,46.63383397837385,109.56546951134149,trey lyles
1630530,Trey Murphy III,1610612740,NOP,24.0,57,1690.265,842,280,124,51,28,34,265,115.2,108.2,0.612,0.182,0.11,115.4,107.8,7.6,28.373775709725987,1332.2,0.005887742213782458,1.9392904963996622,3.719769430579967,0.13794235044217681,0.7126839165009288,0.6370270430052863,1.476972481741338,0.46529398619064705,0.8765285350331002,False,0.5980762996548714,72.51054882780821,68.48170616761269,trey murphy,3359280.0,False,False,NOP,167403924,3164886.0,170568810.0,3422789.49241835,0.01853975553022336,98.3249341475308,231.01290748562226,trey murphy
202684,Tristan Thompson,1610612739,CLE,33.0,49,548.9166666666666,161,174,51,12,14,29,-13,113.3,113.8,0.567,0.132,0.091,113.0,113.7,-0.6,24.134810991346594,368.0,-0.0016697693834105297,0.163774960422794,-0.502321997910197,-0.8614642312994567,-0.15361412223392204,0.0975995176486899,-0.17109841474342516,-0.15923718836665776,0.49950733303683914,False,-0.29720416723416015,38.31553202750565,29.68604276275423,tristan thompson,3196448.0,False,False,CLE,166874287,2370430.5,169244717.5,3241853.18474763,0.017559702588554917,43.44069827207741,102.06324670383992,tristan thompson
1641774,Tristan Vukcevic,1610612764,WAS,21.0,10,153.41166666666666,85,36,13,5,7,10,32,109.2,98.8,0.554,0.233,0.094,109.1,99.1,9.9,32.71198409508187,139.4,-0.0059763959570806845,-0.8609694229290636,3.2400698936236827,-0.3554788565402068,-0.6472716054350789,-0.21373277746999703,1.2897243230254611,-0.06062700291024114,0.264069263182173,False,-0.04274982399006626,48.29504810229041,32.30123345173347,tristan vukcevic,2424892.0,False,False,WAS,150856313,0.0,150856313.0,2424892.0,0.013134580717504297,52.32375761389831,122.93385682641885,tristan vukcevic
1628972,Troy Brown Jr.,1610612765,DET,24.0,59,826.5116666666667,247,144,60,24,3,30,-127,106.4,114.2,0.51,0.139,0.07,106.6,113.3,-6.7,19.539470102257077,448.6,-0.009681317759803505,-3.9172787290931543,-0.5482279430916288,-1.161683904754038,-1.07195722451595,-1.1422841375353199,-0.189017555887225,-0.8495084865615732,0.6129332110533098,False,-0.9057623598477558,18.253082386210817,15.073759491786312,troy brown,4000000.0,False,False,DET,139233014,0.0,139233014.0,4000000.0,0.02166625271146805,20.49381179347638,48.14989289258532,troy brown
1629660,Ty Jerome,1610612739,CLE,26.0,2,14.816666666666666,4,1,3,0,0,1,-14,106.7,143.8,0.5,0.147,0.034,107.5,152.5,-45.0,18.222722159730033,7.499999999999998,-0.011708515904252627,-0.16194900745840524,-1.0430008408441385,-1.5706272633004605,-1.3043297130101092,-0.0013601762448451997,-0.38214952068859837,-2.032830712038572,0.0820661226380806,False,-1.2556819409282198,10.46156546513844,6.140204057327904,ty jerome,2439025.0,False,False,CLE,166874287,2370430.5,169244717.5,2473671.076122336,0.013398795665078914,9.877232580157306,23.206404723650202,ty jerome
1631102,TyTy Washington Jr.,1610612749,MIL,22.0,11,55.92166666666667,14,5,5,3,0,2,-13,82.4,96.7,0.35,0.165,0.05,87.0,101.0,-14.0,18.218341131940512,28.3,-0.03789221172926316,-2.781091150722101,1.3580136873685993,-1.5564973645060385,-4.30569915165727,-0.7970937737661875,0.5550737093160538,-1.5069097229376835,0.15943318159636466,False,-1.5233551404239252,6.38349393769798,3.9689050024186217,tyty washington,2270440.0,False,False,MIL,187346674,52697527.5,240044201.5,2909077.3015466505,0.01575720099312632,6.032238737334069,14.172651336516935,tyty washington
1629639,Tyler Herro,1610612748,MIA,24.0,42,1407.105,875,222,188,30,3,93,31,112.1,111.1,0.558,0.268,0.119,111.6,109.7,2.0,31.607022930058527,1235.4,-0.005802137839045593,-0.743020376377835,1.859401554760632,0.32128563078669986,-0.6272968473488995,-0.17789813620097905,0.7507877922758506,0.7611245425598965,0.7997456982179909,False,0.3004976917735397,61.81012215898072,56.2401378737774,tyler herro,27000000.0,False,False,MIA,177143542,20873855.0,198017397.0,30181567.21174741,0.1634803656094694,37.69284425389591,88.55875285337167,tyler herro
1630169,Tyrese Haliburton,1610612754,IND,24.0,69,2223.5383333333334,1389,271,752,83,48,159,294,122.4,116.2,0.605,0.239,0.157,119.9,115.0,4.9,43.51173017780219,2687.5,0.006058705434582458,6.607212293059096,-2.204222989486467,2.254446907340318,0.7322809890254145,2.0552097917947743,-0.8354264001557253,2.0101868916745063,1.0,True,1.459477451437101,92.77831288238282,92.77831288238282,tyrese haliburton,5808435.0,False,False,IND,148722330,0.0,148722330.0,5808435.0,0.03146175514203398,110.7000795370837,260.0881196053519,tyrese haliburton
1630178,Tyrese Maxey,1610612755,PHI,23.0,70,2625.806666666667,1816,258,433,69,33,116,303,118.3,113.2,0.573,0.273,0.129,116.1,111.9,4.3,36.44411495134193,2658.2,-0.0018153866793263213,3.505454611488222,0.30251599764425263,1.6860928790469702,-0.17030585683934119,1.1128505521697436,0.14306580915467224,1.0898251607479519,1.0,True,0.9113123436588895,81.89345877894674,81.89345877894674,tyrese maxey,4343920.0,False,False,PHI,166271894,1466841.0,167738735.0,4382241.8101594485,0.023736689625418955,107.83944758415306,253.36710920832257,tyrese maxey
1626145,Tyus Jones,1610612764,WAS,28.0,66,1932.6666666666667,790,179,485,71,18,66,-497,110.6,122.5,0.578,0.161,0.111,109.5,120.4,-10.9,31.556191790272507,1694.1,-0.00026561265703859896,-2.277764616195569,-6.7210717971786575,0.6364403513520603,0.007340737376767041,-0.6441758288288159,-2.598554269331556,0.4981640480094526,0.9372752255793645,True,-0.17674910187669,42.98527351416003,41.77196480109678,tyus jones,14000000.0,False,False,WAS,150856313,0.0,150856313.0,14000000.0,0.07583188449013818,36.63213657759412,86.06663662243545,tyus jones
1628962,Udoka Azubuike,1610612756,PHX,24.0,16,112.82833333333332,35,32,3,1,6,4,-48,105.4,126.5,0.609,0.121,0.062,109.1,119.0,-9.8,22.398629185931433,70.2,0.003551378065207019,-0.9549911386633174,-1.697479690950675,-1.2032404350401873,0.4448725273086088,-0.24229794652688477,-0.6376218531793039,-1.1124689811120176,0.2264632554314409,False,-0.699807893953289,24.20236421248707,15.777726101781639,udoka azubuike,2015213.2953500552,True,True,PHX,193838882,78815748.5,272654630.5,2834607.952507468,0.015353833059240957,24.19881062887549,56.85473018148868,udoka azubuike
1630586,Usman Garuba,1610612744,GSW,22.0,6,17.783333333333335,3,7,1,1,3,2,-11,81.4,121.1,0.218,0.18,0.032,91.0,121.6,-30.6,29.75820056232427,14.7,-0.06509695825010527,-0.8808509633576996,-0.296050843123681,-0.6712415843433659,-7.4241089949233645,-0.21977307953234743,-0.09058156835444774,-2.098570835676183,0.08990735972840785,False,-1.9575511932102205,2.514134957724568,1.484491882970971,usman garuba,3159790.0,False,False,GSW,209354737,202409974.75,411764711.75,6214762.738043671,0.03366265500606732,1.7298219056042905,4.064189732854269,usman garuba
203995,Vasilije Micic,1610612766,CHA,30.0,60,1175.73,422,88,262,31,7,99,-74,111.7,114.8,0.524,0.189,0.078,111.5,114.2,-2.7,24.311704217805108,794.0,-0.010517806162610518,-0.8609223846249568,-1.1646090081713665,-0.5514012583267357,-1.1678417300779809,-0.21371848654690054,-0.4296186209535645,-0.5865479920111293,0.7310422198975428,False,-0.5854915378217896,27.91086274565462,24.53278308748758,vasilije micic,7723000.0,False,False,CHA,140774484,0.0,140774484.0,7723000.0,0.04183211742266694,26.49377633347423,62.246716503123636,vasilije micic
1641705,Victor Wembanyama,1610612759,SAS,20.0,71,2106.235,1522,755,274,88,254,260,-143,107.9,111.2,0.565,0.312,0.162,107.9,111.4,-3.5,47.37420088451668,2771.7,-0.004570727633515798,-3.9656399581736737,1.1799997585446482,2.612488694707057,-0.48614347534153657,-1.1569769845408828,0.4855869205449785,2.1745372007685337,0.978457738205665,True,1.1318533030067082,87.1151943127226,86.27069806775553,victor wembanyama,12160632.0,False,False,SAS,142867770,0.0,142867770.0,12160632.0,0.06586883151079129,79.4787118811077,186.73400062813917,victor wembanyama
1631246,Vince Williams Jr.,1610612763,MEM,23.0,52,1436.53,521,290,175,47,34,92,-91,108.4,111.4,0.597,0.155,0.096,106.3,110.5,-4.2,25.35108908272017,1011.6000000000001,0.002689285951298246,-4.203849137506997,1.4243572496075945,-0.3194409441529017,0.34605313445907104,-1.229348408795587,0.5809705653996071,0.0051131207273699434,0.808064466375166,False,-0.12367500616055081,45.078630094893015,41.18514417984011,vince williams,2232308.0,False,False,MEM,162649524,0.0,162649524.0,2232308.0,0.012091437314457956,68.67502228905947,161.35089952698382,vince williams
1630249,Vít Krejčí,1610612737,ATL,24.0,22,541.32,135,52,50,13,6,20,1,117.4,117.7,0.633,0.098,0.05,115.7,117.9,-2.2,16.892041675903346,254.0,0.005228322730498249,1.8573657183023446,-2.6199320383819553,-1.5023201978447145,0.6370963639413224,0.612137100101965,-0.9976962127578215,-1.5069097229376835,0.4960388547831162,False,-0.7899223786496639,21.478655058623993,16.60767163814584,vit krejci,2015213.2953500552,True,True,ATL,159153393,0.0,159153393.0,2015213.2953500552,0.01091553013114115,28.702422398741223,67.43589617120706,vit krejci
1631117,Walker Kessler,1610612762,UTA,22.0,64,1493.1066666666666,518,481,60,30,154,66,-149,111.4,116.0,0.663,0.127,0.109,110.5,116.0,-5.4,29.422412330443013,1220.3,0.010585479456870184,-1.4586001479979622,-2.4121256484634634,0.1414024830880451,1.251173405778075,-0.3953017114323887,-0.9165800955138368,0.4324239243718415,0.823823311447818,False,0.15597153790834115,56.19722719598859,51.74193856904683,walker kessler,2831160.0,False,False,UTA,133738448,0.0,133738448.0,2831160.0,0.015335157006649973,79.39210373236557,186.5305161262035,walker kessler
1628976,Wendell Carter Jr.,1610612753,ORL,25.0,55,1406.3033333333333,603,381,95,35,28,68,51,110.8,109.6,0.623,0.172,0.113,110.6,108.1,2.5,26.635789813008575,1040.5,0.007456239894343864,-1.569147072039692,3.0099548194911554,-0.19973024921274474,0.892476755315121,-0.42888747988290526,1.1999001297450538,0.5639041716470636,0.7995178471296235,False,0.36876209996752335,64.3847471710654,58.57615044487387,wendell carter,13050000.0,False,False,ORL,132643598,0.0,132643598.0,13050000.0,0.07068614947116451,52.647688318469484,123.69492699174,wendell carter
1631111,Wendell Moore Jr.,1610612750,MIN,22.0,25,75.13166666666666,18,12,6,5,1,4,-6,101.7,106.2,0.5,0.106,0.069,105.3,111.4,-6.1,20.2205017857539,42.199999999999996,-0.008442875413950874,-1.1687869612284305,0.4520088648799337,-1.391594839786944,-0.9299977764223734,-0.307252236794148,0.2014195534769005,-0.8823785483803788,0.18479923586356511,False,-0.7679868434217929,22.124750064519443,14.008499143003695,wendell moore,2421720.0,False,False,MIN,166434327,1710490.5,168144817.5,2446608.6700738124,0.013252210432971995,22.62122857549284,53.14822561976438,wendell moore
1629117,Wenyen Gabriel,1610612738,BOS,27.0,5,81.01666666666667,17,25,3,2,2,8,-16,89.0,96.4,0.351,0.166,0.03,84.6,95.5,-10.8,15.952273194815884,35.900000000000006,-0.0379558614973193,-3.687762402792437,2.359332928438087,-1.7269048093796528,-4.312995160207683,-1.0725537288643445,0.945933340673437,-2.164310959313794,0.1919003845117502,False,-1.74696182239884,4.032198034980864,2.5659100782426334,wenyen gabriel,124425.0,False,False,BOS,186940921,51175953.75,238116874.75,158486.92721894075,0.002,8.031680565634353,18.870308895188348,wenyen gabriel
202083,Wesley Matthews,1610612737,ATL,37.0,36,412.87,110,53,23,16,11,8,-69,109.3,114.9,0.511,0.118,0.048,108.4,114.6,-6.2,19.64492455252259,225.3,-0.008100672630624558,-1.8303848482081395,-0.8773627070329802,-1.308846935624128,-0.8907719550349074,-0.5082553278531423,-0.317493557570377,-1.5726498465752947,0.4332068579999419,False,-1.0564848139473844,14.537338763405872,10.82949000209235,wesley matthews,3196448.0,False,False,ATL,159153393,0.0,159153393.0,3196448.0,0.01731376253676666,15.92562511119271,37.41700914787802,wesley matthews
1629875,Xavier Moon,1610612746,LAC,29.0,14,119.25,33,18,21,3,3,5,-37,93.4,107.4,0.352,0.174,0.057,95.0,108.9,-13.9,24.33207547169811,80.6,-0.03961105964176842,-3.5523780395792186,0.8627442173089835,-1.0461003056775218,-4.502726249311987,-1.0314219840047285,0.361747910160024,-1.2768192902060451,0.23281869653132553,False,-1.4204309119546976,7.7741134391420035,5.090243922442568,xavier moon,2664559.801629517,True,True,LAC,201366679,150454243.75,351820922.75,4655427.068605794,0.02521641483705551,6.562584648890142,15.418690828573464,xavier moon
1630214,Xavier Tillman,1610612738,BOS,25.0,54,974.555,284,211,77,51,44,34,-60,106.6,109.4,0.472,0.146,0.078,107.0,108.7,-1.7,25.566130182493552,692.1,-0.01571686613619649,-3.9437073662382574,2.5115552333929125,-0.5250291938433357,-1.763796549393805,-1.1503135431050586,1.0053525064686197,-0.5865479920111293,0.6655670856153761,False,-0.5935353339687093,27.641147170733447,23.481297938374237,xavier tillman,1930681.0,False,False,BOS,186940921,51175953.75,238116874.75,2459213.977335678,0.013320487876132317,37.84997059075652,88.92791874435788,xavier tillman
1629139,Yuta Watanabe,1610612763,MEM,29.0,34,464.3733333333333,117,54,15,12,7,19,-66,107.4,114.7,0.474,0.129,0.03,106.8,115.2,-8.5,14.69851843344436,189.60000000000002,-0.013628820079242106,-2.7769969971360933,-1.0689355026993501,-1.7171900346900693,-1.5244492218158396,-0.7958499101713162,-0.39227297778034415,-2.164310959313794,0.45943311578377527,False,-1.4854766129317807,6.870880706871245,5.199503947880602,yuta watanabe,2346614.0,False,False,MEM,162649524,0.0,162649524.0,2346614.0,0.012710582985067222,8.519801787417688,20.01714213364655,yuta watanabe
1628380,Zach Collins,1610612759,SAS,26.0,69,1525.7283333333332,776,370,194,34,52,132,-393,105.0,116.3,0.565,0.224,0.095,103.9,115.5,-11.6,30.688032054636203,1300.6,-0.0032815480445754445,-6.377168176276464,-2.2895619189399485,0.2953903137453321,-0.3383681480908531,-1.8896344424228726,-0.8687379966361796,-0.0277569410914356,0.8327742063656143,True,-0.3989905919635835,34.49500682222523,31.899202120703652,zach collins,7700000.0,False,False,SAS,142867770,0.0,142867770.0,7700000.0,0.041707536469576,34.48499961072958,81.02197162687092,zach collins
203897,Zach LaVine,1610612741,CHI,29.0,25,871.8616666666667,487,129,98,21,8,52,-92,109.9,115.3,0.578,0.238,0.11,109.0,113.8,-4.8,29.064702542643428,703.9000000000001,-0.0003926447973614071,-2.190706512450612,-1.0294849476761978,-0.24556667419291656,-0.007220628835203175,-0.6177263066963372,-0.37687366379460263,0.46529398619064705,0.6295242311267752,False,-0.07207656258995657,47.127048902380906,39.270305547804874,zach lavine,40064220.0,False,False,CHI,165630436,504654.0,166135090.0,40186290.37165488,0.2176715806821775,23.80998752801518,55.94119633774828,zach lavine
1630285,Zavier Simpson,1610612765,DET,27.0,7,161.38333333333333,42,20,25,7,3,10,-29,98.2,106.8,0.377,0.161,0.057,95.8,107.3,-11.5,21.950222038624396,98.4,-0.03262661265703859,-3.91561967334825,1.3859991870909552,-1.218389259234127,-3.7021171272874422,-1.1417800921936891,0.5659977000436754,-1.2768192902060451,0.270843239912058,False,-1.3293280297859638,9.186988530598834,6.172548874227396,zavier simpson,207100.0,False,False,DET,139233014,0.0,139233014.0,207100.0,0.002,19.32099696475508,45.39438264613413,zavier simpson
1630192,Zeke Nnaji,1610612743,DEN,23.0,58,576.12,186,125,32,15,38,27,-168,102.9,114.8,0.528,0.15,0.063,102.6,115.7,-13.1,24.33867944178296,389.5,-0.0077474652084210446,-5.400279050449618,-1.3704771220849614,-0.8307012279272472,-0.8502847003100659,-1.5928412727688452,-0.5099781424849434,-1.079598919293212,0.5117350166567921,False,-0.9745206001043536,16.48990579186321,12.86675618230539,zeke nnaji,4306281.0,False,False,DEN,180922992,30794224.0,211717216.0,5039236.940287258,0.02729534525530719,16.134798928451247,37.908459786657566,zeke nnaji
1630533,Ziaire Williams,1610612763,MEM,22.0,51,1037.6816666666666,420,180,75,36,9,66,-247,102.5,112.4,0.511,0.192,0.074,101.1,112.6,-11.6,22.751486085167418,655.8000000000001,-0.01318075546677894,-7.522417904912468,0.17553838756879414,-0.7685083831206695,-1.4730887323198658,-2.237578019663124,0.0935007755179211,-0.7180282392863515,0.6867848897933653,False,-0.9501104640358332,17.102806339231996,14.692220521658621,ziaire williams,4810200.0,False,False,MEM,162649524,0.0,162649524.0,4810200.0,0.026054752198175907,18.72632257544932,43.99720439351884,ziaire williams
1629627,Zion Williamson,1610612740,NOP,23.0,70,2206.923333333333,1601,406,352,76,47,193,143,114.5,111.6,0.61,0.285,0.145,114.4,111.4,3.0,38.64384354085703,2369.0,0.008649816104000002,1.3313294578602353,1.0599731402184702,1.655461113020557,1.0292933140736595,0.452319609086881,0.4387351695070818,1.6157461498488397,1.0,True,1.1866413371099347,88.23154383167744,88.23154383167744,zion williamson,34005250.0,False,False,NOP,167403924,3164886.0,170568810.0,34648142.57431923,0.18767385324954391,56.34534624106441,132.38251691988796,zion williamson
